2022-01-27 09:19:28,676 - root - INFO - TotalSeg: 1
2022-01-27 09:19:28,677 - root - INFO - segment is 1 start time is None endtime is None
2022-01-27 09:19:29,186 - root - INFO - Entering Fire function with parameters RunID:60, Seg:1,
              TargetTmp:120, Rate:170, HoldMin:60, Window:30
           
2022-01-27 09:19:29,958 - root - INFO - First pass of firing loop - TargetTmp:120.00,
                          StartTmp:5.65,RampTmp:7.07, TmpDif:114.35,
                          RampMin:40.36, Steps:80, StepTmp:1.42,
                          Window:30, StartSec:1643296769, EndSec:1643302790
                       
2022-01-27 09:19:29,958 - root - DEBUG - Entering PID update with parameters SetPoint:7.07, ProcValue:5.65, IMax:100.00, IMin:0.00,
2022-01-27 09:19:29,959 - root - DEBUG -   Window:30, Kp: 30.000, Ki: 1.000, Kd: 0.600
2022-01-27 09:19:29,959 - root - DEBUG - Exiting PID update with parameters Error:1.42, ITerm:1.42, DInput:5.65, Output:40.53
2022-01-27 09:19:29,959 - root - DEBUG - RunID 60, Segment 1 (loop 1) - RunState:Ramp,
                       ReadTmp:5.65, RampTmp:7.07, TargetTmp:120.00,
                       Output:40.53, CycleOnSec:12.16, RemainTime:1:40:21
                    
2022-01-27 09:19:29,960 - root - DEBUG - ==>Relay On
2022-01-27 09:19:42,131 - root - DEBUG - ==>Relay Off
2022-01-27 09:19:42,132 - root - DEBUG - Writing stats to Firing DB table...
2022-01-27 09:19:42,154 - root - INFO - database writing complete1
2022-01-27 09:19:42,155 - root - INFO - RunState end: Ramp
2022-01-27 09:19:59,507 - root - DEBUG - Entering PID update with parameters SetPoint:8.48, ProcValue:5.54, IMax:100.00, IMin:0.00,
2022-01-27 09:19:59,507 - root - DEBUG -   Window:30, Kp: 30.000, Ki: 1.000, Kd: 0.600
2022-01-27 09:19:59,507 - root - DEBUG - Exiting PID update with parameters Error:2.94, ITerm:4.36, DInput:-0.11, Output:92.71
2022-01-27 09:19:59,507 - root - DEBUG - RunID 60, Segment 1 (loop 2) - RunState:Ramp,
                       ReadTmp:5.54, RampTmp:8.48, TargetTmp:120.00,
                       Output:92.71, CycleOnSec:27.81, RemainTime:1:39:51
                    
2022-01-27 09:19:59,507 - root - DEBUG - ==>Relay On
2022-01-27 09:20:27,343 - root - DEBUG - ==>Relay Off
2022-01-27 09:20:27,344 - root - DEBUG - Writing stats to Firing DB table...
2022-01-27 09:20:27,367 - root - INFO - database writing complete1
2022-01-27 09:20:27,367 - root - INFO - RunState end: Ramp
2022-01-27 09:20:29,508 - root - DEBUG - Entering PID update with parameters SetPoint:9.90, ProcValue:5.77, IMax:100.00, IMin:0.00,
2022-01-27 09:20:29,864 - root - DEBUG -   Window:30, Kp: 30.000, Ki: 1.000, Kd: 0.600
2022-01-27 09:20:29,865 - root - DEBUG - Exiting PID update with parameters Error:4.12, ITerm:8.48, DInput:0.23, Output:100.00
2022-01-27 09:20:29,865 - root - DEBUG - RunID 60, Segment 1 (loop 3) - RunState:Ramp,
                       ReadTmp:5.77, RampTmp:9.90, TargetTmp:120.00,
                       Output:100.00, CycleOnSec:30.00, RemainTime:1:39:21
                    
2022-01-27 09:20:29,866 - root - DEBUG - ==>Relay On
2022-01-27 09:20:59,896 - root - DEBUG - Writing stats to Firing DB table...
2022-01-27 09:20:59,927 - root - INFO - database writing complete1
2022-01-27 09:20:59,928 - root - INFO - RunState end: Ramp
2022-01-27 09:21:00,442 - root - DEBUG - Entering PID update with parameters SetPoint:11.32, ProcValue:7.56, IMax:100.00, IMin:0.00,
2022-01-27 09:21:00,442 - root - DEBUG -   Window:30, Kp: 30.000, Ki: 1.000, Kd: 0.600
2022-01-27 09:21:00,443 - root - DEBUG - Exiting PID update with parameters Error:3.75, ITerm:12.24, DInput:1.79, Output:100.00
2022-01-27 09:21:00,443 - root - DEBUG - RunID 60, Segment 1 (loop 4) - RunState:Ramp,
                       ReadTmp:7.56, RampTmp:11.32, TargetTmp:120.00,
                       Output:100.00, CycleOnSec:30.00, RemainTime:1:38:50
                    
2022-01-27 09:21:00,443 - root - DEBUG - ==>Relay On
2022-01-27 09:21:30,475 - root - DEBUG - Writing stats to Firing DB table...
2022-01-27 09:21:30,488 - root - INFO - database writing complete1
2022-01-27 09:21:30,488 - root - INFO - RunState end: Ramp
2022-01-27 09:21:31,003 - root - DEBUG - Entering PID update with parameters SetPoint:12.73, ProcValue:11.83, IMax:100.00, IMin:0.00,
2022-01-27 09:21:31,004 - root - DEBUG -   Window:30, Kp: 30.000, Ki: 1.000, Kd: 0.600
2022-01-27 09:21:31,004 - root - DEBUG - Exiting PID update with parameters Error:0.90, ITerm:13.14, DInput:4.27, Output:37.69
2022-01-27 09:21:31,004 - root - DEBUG - RunID 60, Segment 1 (loop 5) - RunState:Ramp,
                       ReadTmp:11.83, RampTmp:12.73, TargetTmp:120.00,
                       Output:37.69, CycleOnSec:11.31, RemainTime:1:38:19
                    
2022-01-27 09:21:31,005 - root - DEBUG - ==>Relay On
2022-01-27 09:21:42,324 - root - DEBUG - ==>Relay Off
2022-01-27 09:21:42,325 - root - DEBUG - Writing stats to Firing DB table...
2022-01-27 09:21:42,355 - root - INFO - database writing complete1
2022-01-27 09:21:42,355 - root - INFO - RunState end: Ramp
2022-01-27 09:22:00,996 - root - DEBUG - Entering PID update with parameters SetPoint:14.15, ProcValue:17.62, IMax:100.00, IMin:0.00,
2022-01-27 09:22:00,996 - root - DEBUG -   Window:30, Kp: 30.000, Ki: 1.000, Kd: 0.600
2022-01-27 09:22:00,996 - root - DEBUG - Exiting PID update with parameters Error:-3.48, ITerm:9.66, DInput:5.80, Output:0.00
2022-01-27 09:22:00,997 - root - DEBUG - RunID 60, Segment 1 (loop 6) - RunState:Ramp,
                       ReadTmp:17.62, RampTmp:14.15, TargetTmp:120.00,
                       Output:0.00, CycleOnSec:0.00, RemainTime:1:37:50
                    
2022-01-27 09:22:00,997 - root - DEBUG - ==>Relay Off
2022-01-27 09:22:00,997 - root - DEBUG - Writing stats to Firing DB table...
2022-01-27 09:22:01,015 - root - INFO - database writing complete1
2022-01-27 09:22:01,016 - root - INFO - RunState end: Ramp
2022-01-27 09:22:30,995 - root - DEBUG - Entering PID update with parameters SetPoint:15.57, ProcValue:22.53, IMax:100.00, IMin:0.00,
2022-01-27 09:22:30,996 - root - DEBUG -   Window:30, Kp: 30.000, Ki: 1.000, Kd: 0.600
2022-01-27 09:22:30,996 - root - DEBUG - Exiting PID update with parameters Error:-6.97, ITerm:2.70, DInput:4.91, Output:0.00
2022-01-27 09:22:30,996 - root - DEBUG - RunID 60, Segment 1 (loop 7) - RunState:Ramp,
                       ReadTmp:22.53, RampTmp:15.57, TargetTmp:120.00,
                       Output:0.00, CycleOnSec:0.00, RemainTime:1:37:20
                    
2022-01-27 09:22:30,996 - root - DEBUG - ==>Relay Off
2022-01-27 09:22:30,997 - root - DEBUG - Writing stats to Firing DB table...
2022-01-27 09:22:31,012 - root - INFO - database writing complete1
2022-01-27 09:22:31,012 - root - INFO - RunState end: Ramp
2022-01-27 09:23:00,995 - root - DEBUG - Entering PID update with parameters SetPoint:16.98, ProcValue:26.48, IMax:100.00, IMin:0.00,
2022-01-27 09:23:00,996 - root - DEBUG -   Window:30, Kp: 30.000, Ki: 1.000, Kd: 0.600
2022-01-27 09:23:00,996 - root - DEBUG - Exiting PID update with parameters Error:-9.50, ITerm:0.00, DInput:3.95, Output:0.00
2022-01-27 09:23:00,996 - root - DEBUG - RunID 60, Segment 1 (loop 8) - RunState:Ramp,
                       ReadTmp:26.48, RampTmp:16.98, TargetTmp:120.00,
                       Output:0.00, CycleOnSec:0.00, RemainTime:1:36:50
                    
2022-01-27 09:23:00,996 - root - DEBUG - ==>Relay Off
2022-01-27 09:23:00,997 - root - DEBUG - Writing stats to Firing DB table...
2022-01-27 09:23:01,012 - root - INFO - database writing complete1
2022-01-27 09:23:01,012 - root - INFO - RunState end: Ramp
2022-01-27 09:23:30,997 - root - DEBUG - Entering PID update with parameters SetPoint:18.40, ProcValue:29.88, IMax:100.00, IMin:0.00,
2022-01-27 09:23:30,997 - root - DEBUG -   Window:30, Kp: 30.000, Ki: 1.000, Kd: 0.600
2022-01-27 09:23:30,997 - root - DEBUG - Exiting PID update with parameters Error:-11.48, ITerm:0.00, DInput:3.39, Output:0.00
2022-01-27 09:23:30,998 - root - DEBUG - RunID 60, Segment 1 (loop 9) - RunState:Ramp,
                       ReadTmp:29.88, RampTmp:18.40, TargetTmp:120.00,
                       Output:0.00, CycleOnSec:0.00, RemainTime:1:36:20
                    
2022-01-27 09:23:30,998 - root - DEBUG - ==>Relay Off
2022-01-27 09:23:30,999 - root - DEBUG - Writing stats to Firing DB table...
2022-01-27 09:23:31,015 - root - INFO - database writing complete1
2022-01-27 09:23:31,015 - root - INFO - RunState end: Ramp
2022-01-27 09:24:00,996 - root - DEBUG - Entering PID update with parameters SetPoint:19.82, ProcValue:32.54, IMax:100.00, IMin:0.00,
2022-01-27 09:24:00,996 - root - DEBUG -   Window:30, Kp: 30.000, Ki: 1.000, Kd: 0.600
2022-01-27 09:24:00,996 - root - DEBUG - Exiting PID update with parameters Error:-12.72, ITerm:0.00, DInput:2.66, Output:0.00
2022-01-27 09:24:00,996 - root - DEBUG - RunID 60, Segment 1 (loop 10) - RunState:Ramp,
                       ReadTmp:32.54, RampTmp:19.82, TargetTmp:120.00,
                       Output:0.00, CycleOnSec:0.00, RemainTime:1:35:50
                    
2022-01-27 09:24:00,996 - root - DEBUG - ==>Relay Off
2022-01-27 09:24:00,997 - root - DEBUG - Writing stats to Firing DB table...
2022-01-27 09:24:01,015 - root - INFO - database writing complete1
2022-01-27 09:24:01,015 - root - INFO - RunState end: Ramp
2022-01-27 09:24:30,995 - root - DEBUG - Entering PID update with parameters SetPoint:21.23, ProcValue:34.77, IMax:100.00, IMin:0.00,
2022-01-27 09:24:30,996 - root - DEBUG -   Window:30, Kp: 30.000, Ki: 1.000, Kd: 0.600
2022-01-27 09:24:30,996 - root - DEBUG - Exiting PID update with parameters Error:-13.53, ITerm:0.00, DInput:2.23, Output:0.00
2022-01-27 09:24:30,996 - root - DEBUG - RunID 60, Segment 1 (loop 11) - RunState:Ramp,
                       ReadTmp:34.77, RampTmp:21.23, TargetTmp:120.00,
                       Output:0.00, CycleOnSec:0.00, RemainTime:1:35:20
                    
2022-01-27 09:24:30,996 - root - DEBUG - ==>Relay Off
2022-01-27 09:24:30,997 - root - DEBUG - Writing stats to Firing DB table...
2022-01-27 09:24:31,012 - root - INFO - database writing complete1
2022-01-27 09:24:31,012 - root - INFO - RunState end: Ramp
2022-01-27 09:25:00,996 - root - DEBUG - Entering PID update with parameters SetPoint:22.65, ProcValue:36.57, IMax:100.00, IMin:0.00,
2022-01-27 09:25:00,996 - root - DEBUG -   Window:30, Kp: 30.000, Ki: 1.000, Kd: 0.600
2022-01-27 09:25:00,996 - root - DEBUG - Exiting PID update with parameters Error:-13.92, ITerm:0.00, DInput:1.80, Output:0.00
2022-01-27 09:25:00,996 - root - DEBUG - RunID 60, Segment 1 (loop 12) - RunState:Ramp,
                       ReadTmp:36.57, RampTmp:22.65, TargetTmp:120.00,
                       Output:0.00, CycleOnSec:0.00, RemainTime:1:34:50
                    
2022-01-27 09:25:00,996 - root - DEBUG - ==>Relay Off
2022-01-27 09:25:00,997 - root - DEBUG - Writing stats to Firing DB table...
2022-01-27 09:25:01,012 - root - INFO - database writing complete1
2022-01-27 09:25:01,013 - root - INFO - RunState end: Ramp
2022-01-27 09:25:30,996 - root - DEBUG - Entering PID update with parameters SetPoint:24.07, ProcValue:38.09, IMax:100.00, IMin:0.00,
2022-01-27 09:25:30,996 - root - DEBUG -   Window:30, Kp: 30.000, Ki: 1.000, Kd: 0.600
2022-01-27 09:25:30,996 - root - DEBUG - Exiting PID update with parameters Error:-14.02, ITerm:0.00, DInput:1.52, Output:0.00
2022-01-27 09:25:30,996 - root - DEBUG - RunID 60, Segment 1 (loop 13) - RunState:Ramp,
                       ReadTmp:38.09, RampTmp:24.07, TargetTmp:120.00,
                       Output:0.00, CycleOnSec:0.00, RemainTime:1:34:20
                    
2022-01-27 09:25:30,997 - root - DEBUG - ==>Relay Off
2022-01-27 09:25:30,997 - root - DEBUG - Writing stats to Firing DB table...
2022-01-27 09:25:31,012 - root - INFO - database writing complete1
2022-01-27 09:25:31,012 - root - INFO - RunState end: Ramp
2022-01-27 09:26:00,996 - root - DEBUG - Entering PID update with parameters SetPoint:25.48, ProcValue:39.19, IMax:100.00, IMin:0.00,
2022-01-27 09:26:00,997 - root - DEBUG -   Window:30, Kp: 30.000, Ki: 1.000, Kd: 0.600
2022-01-27 09:26:00,997 - root - DEBUG - Exiting PID update with parameters Error:-13.71, ITerm:0.00, DInput:1.10, Output:0.00
2022-01-27 09:26:00,997 - root - DEBUG - RunID 60, Segment 1 (loop 14) - RunState:Ramp,
                       ReadTmp:39.19, RampTmp:25.48, TargetTmp:120.00,
                       Output:0.00, CycleOnSec:0.00, RemainTime:1:33:50
                    
2022-01-27 09:26:00,997 - root - DEBUG - ==>Relay Off
2022-01-27 09:26:00,998 - root - DEBUG - Writing stats to Firing DB table...
2022-01-27 09:26:01,013 - root - INFO - database writing complete1
2022-01-27 09:26:01,014 - root - INFO - RunState end: Ramp
2022-01-27 09:26:30,996 - root - DEBUG - Entering PID update with parameters SetPoint:26.90, ProcValue:40.16, IMax:100.00, IMin:0.00,
2022-01-27 09:26:30,996 - root - DEBUG -   Window:30, Kp: 30.000, Ki: 1.000, Kd: 0.600
2022-01-27 09:26:30,996 - root - DEBUG - Exiting PID update with parameters Error:-13.27, ITerm:0.00, DInput:0.98, Output:0.00
2022-01-27 09:26:30,997 - root - DEBUG - RunID 60, Segment 1 (loop 15) - RunState:Ramp,
                       ReadTmp:40.16, RampTmp:26.90, TargetTmp:120.00,
                       Output:0.00, CycleOnSec:0.00, RemainTime:1:33:20
                    
2022-01-27 09:26:30,997 - root - DEBUG - ==>Relay Off
2022-01-27 09:26:30,998 - root - DEBUG - Writing stats to Firing DB table...
2022-01-27 09:26:31,013 - root - INFO - database writing complete1
2022-01-27 09:26:31,013 - root - INFO - RunState end: Ramp
2022-01-27 09:27:00,996 - root - DEBUG - Entering PID update with parameters SetPoint:28.32, ProcValue:40.88, IMax:100.00, IMin:0.00,
2022-01-27 09:27:00,996 - root - DEBUG -   Window:30, Kp: 30.000, Ki: 1.000, Kd: 0.600
2022-01-27 09:27:00,996 - root - DEBUG - Exiting PID update with parameters Error:-12.56, ITerm:0.00, DInput:0.71, Output:0.00
2022-01-27 09:27:00,996 - root - DEBUG - RunID 60, Segment 1 (loop 16) - RunState:Ramp,
                       ReadTmp:40.88, RampTmp:28.32, TargetTmp:120.00,
                       Output:0.00, CycleOnSec:0.00, RemainTime:1:32:50
                    
2022-01-27 09:27:00,996 - root - DEBUG - ==>Relay Off
2022-01-27 09:27:00,997 - root - DEBUG - Writing stats to Firing DB table...
2022-01-27 09:27:01,017 - root - INFO - database writing complete1
2022-01-27 09:27:01,017 - root - INFO - RunState end: Ramp
2022-01-27 09:27:30,996 - root - DEBUG - Entering PID update with parameters SetPoint:29.73, ProcValue:41.41, IMax:100.00, IMin:0.00,
2022-01-27 09:27:30,996 - root - DEBUG -   Window:30, Kp: 30.000, Ki: 1.000, Kd: 0.600
2022-01-27 09:27:30,996 - root - DEBUG - Exiting PID update with parameters Error:-11.67, ITerm:0.00, DInput:0.53, Output:0.00
2022-01-27 09:27:30,996 - root - DEBUG - RunID 60, Segment 1 (loop 17) - RunState:Ramp,
                       ReadTmp:41.41, RampTmp:29.73, TargetTmp:120.00,
                       Output:0.00, CycleOnSec:0.00, RemainTime:1:32:20
                    
2022-01-27 09:27:30,996 - root - DEBUG - ==>Relay Off
2022-01-27 09:27:30,997 - root - DEBUG - Writing stats to Firing DB table...
2022-01-27 09:27:31,011 - root - INFO - database writing complete1
2022-01-27 09:27:31,012 - root - INFO - RunState end: Ramp
2022-01-27 09:28:00,996 - root - DEBUG - Entering PID update with parameters SetPoint:31.15, ProcValue:41.75, IMax:100.00, IMin:0.00,
2022-01-27 09:28:00,996 - root - DEBUG -   Window:30, Kp: 30.000, Ki: 1.000, Kd: 0.600
2022-01-27 09:28:00,996 - root - DEBUG - Exiting PID update with parameters Error:-10.60, ITerm:0.00, DInput:0.34, Output:0.00
2022-01-27 09:28:00,996 - root - DEBUG - RunID 60, Segment 1 (loop 18) - RunState:Ramp,
                       ReadTmp:41.75, RampTmp:31.15, TargetTmp:120.00,
                       Output:0.00, CycleOnSec:0.00, RemainTime:1:31:50
                    
2022-01-27 09:28:00,996 - root - DEBUG - ==>Relay Off
2022-01-27 09:28:00,997 - root - DEBUG - Writing stats to Firing DB table...
2022-01-27 09:28:01,011 - root - INFO - database writing complete1
2022-01-27 09:28:01,012 - root - INFO - RunState end: Ramp
2022-01-27 09:28:30,996 - root - DEBUG - Entering PID update with parameters SetPoint:32.57, ProcValue:42.06, IMax:100.00, IMin:0.00,
2022-01-27 09:28:30,996 - root - DEBUG -   Window:30, Kp: 30.000, Ki: 1.000, Kd: 0.600
2022-01-27 09:28:30,997 - root - DEBUG - Exiting PID update with parameters Error:-9.50, ITerm:0.00, DInput:0.31, Output:0.00
2022-01-27 09:28:30,997 - root - DEBUG - RunID 60, Segment 1 (loop 19) - RunState:Ramp,
                       ReadTmp:42.06, RampTmp:32.57, TargetTmp:120.00,
                       Output:0.00, CycleOnSec:0.00, RemainTime:1:31:20
                    
2022-01-27 09:28:30,997 - root - DEBUG - ==>Relay Off
2022-01-27 09:28:30,998 - root - DEBUG - Writing stats to Firing DB table...
2022-01-27 09:28:31,013 - root - INFO - database writing complete1
2022-01-27 09:28:31,013 - root - INFO - RunState end: Ramp
2022-01-27 09:29:00,996 - root - DEBUG - Entering PID update with parameters SetPoint:33.98, ProcValue:42.27, IMax:100.00, IMin:0.00,
2022-01-27 09:29:00,996 - root - DEBUG -   Window:30, Kp: 30.000, Ki: 1.000, Kd: 0.600
2022-01-27 09:29:00,997 - root - DEBUG - Exiting PID update with parameters Error:-8.28, ITerm:0.00, DInput:0.20, Output:0.00
2022-01-27 09:29:00,997 - root - DEBUG - RunID 60, Segment 1 (loop 20) - RunState:Ramp,
                       ReadTmp:42.27, RampTmp:33.98, TargetTmp:120.00,
                       Output:0.00, CycleOnSec:0.00, RemainTime:1:30:50
                    
2022-01-27 09:29:00,997 - root - DEBUG - ==>Relay Off
2022-01-27 09:29:00,998 - root - DEBUG - Writing stats to Firing DB table...
2022-01-27 09:29:01,033 - root - INFO - database writing complete1
2022-01-27 09:29:01,034 - root - INFO - RunState end: Ramp
2022-01-27 09:29:30,996 - root - DEBUG - Entering PID update with parameters SetPoint:35.40, ProcValue:42.39, IMax:100.00, IMin:0.00,
2022-01-27 09:29:30,996 - root - DEBUG -   Window:30, Kp: 30.000, Ki: 1.000, Kd: 0.600
2022-01-27 09:29:30,996 - root - DEBUG - Exiting PID update with parameters Error:-6.99, ITerm:0.00, DInput:0.12, Output:0.00
2022-01-27 09:29:30,996 - root - DEBUG - RunID 60, Segment 1 (loop 21) - RunState:Ramp,
                       ReadTmp:42.39, RampTmp:35.40, TargetTmp:120.00,
                       Output:0.00, CycleOnSec:0.00, RemainTime:1:30:20
                    
2022-01-27 09:29:30,996 - root - DEBUG - ==>Relay Off
2022-01-27 09:29:30,997 - root - DEBUG - Writing stats to Firing DB table...
2022-01-27 09:29:31,014 - root - INFO - database writing complete1
2022-01-27 09:29:31,014 - root - INFO - RunState end: Ramp
2022-01-27 09:30:00,996 - root - DEBUG - Entering PID update with parameters SetPoint:36.82, ProcValue:42.44, IMax:100.00, IMin:0.00,
2022-01-27 09:30:00,997 - root - DEBUG -   Window:30, Kp: 30.000, Ki: 1.000, Kd: 0.600
2022-01-27 09:30:00,997 - root - DEBUG - Exiting PID update with parameters Error:-5.62, ITerm:0.00, DInput:0.05, Output:0.00
2022-01-27 09:30:00,997 - root - DEBUG - RunID 60, Segment 1 (loop 22) - RunState:Ramp,
                       ReadTmp:42.44, RampTmp:36.82, TargetTmp:120.00,
                       Output:0.00, CycleOnSec:0.00, RemainTime:1:29:50
                    
2022-01-27 09:30:00,997 - root - DEBUG - ==>Relay Off
2022-01-27 09:30:00,998 - root - DEBUG - Writing stats to Firing DB table...
2022-01-27 09:30:01,012 - root - INFO - database writing complete1
2022-01-27 09:30:01,012 - root - INFO - RunState end: Ramp
2022-01-27 09:30:30,996 - root - DEBUG - Entering PID update with parameters SetPoint:38.23, ProcValue:42.30, IMax:100.00, IMin:0.00,
2022-01-27 09:30:30,996 - root - DEBUG -   Window:30, Kp: 30.000, Ki: 1.000, Kd: 0.600
2022-01-27 09:30:30,996 - root - DEBUG - Exiting PID update with parameters Error:-4.07, ITerm:0.00, DInput:-0.14, Output:0.00
2022-01-27 09:30:30,996 - root - DEBUG - RunID 60, Segment 1 (loop 23) - RunState:Ramp,
                       ReadTmp:42.30, RampTmp:38.23, TargetTmp:120.00,
                       Output:0.00, CycleOnSec:0.00, RemainTime:1:29:20
                    
2022-01-27 09:30:30,997 - root - DEBUG - ==>Relay Off
2022-01-27 09:30:30,998 - root - DEBUG - Writing stats to Firing DB table...
2022-01-27 09:30:31,012 - root - INFO - database writing complete1
2022-01-27 09:30:31,012 - root - INFO - RunState end: Ramp
2022-01-27 09:31:00,996 - root - DEBUG - Entering PID update with parameters SetPoint:39.65, ProcValue:42.23, IMax:100.00, IMin:0.00,
2022-01-27 09:31:00,996 - root - DEBUG -   Window:30, Kp: 30.000, Ki: 1.000, Kd: 0.600
2022-01-27 09:31:00,996 - root - DEBUG - Exiting PID update with parameters Error:-2.58, ITerm:0.00, DInput:-0.07, Output:0.00
2022-01-27 09:31:00,996 - root - DEBUG - RunID 60, Segment 1 (loop 24) - RunState:Ramp,
                       ReadTmp:42.23, RampTmp:39.65, TargetTmp:120.00,
                       Output:0.00, CycleOnSec:0.00, RemainTime:1:28:50
                    
2022-01-27 09:31:00,997 - root - DEBUG - ==>Relay Off
2022-01-27 09:31:00,997 - root - DEBUG - Writing stats to Firing DB table...
2022-01-27 09:31:01,016 - root - INFO - database writing complete1
2022-01-27 09:31:01,016 - root - INFO - RunState end: Ramp
2022-01-27 09:31:30,996 - root - DEBUG - Entering PID update with parameters SetPoint:41.07, ProcValue:42.12, IMax:100.00, IMin:0.00,
2022-01-27 09:31:30,996 - root - DEBUG -   Window:30, Kp: 30.000, Ki: 1.000, Kd: 0.600
2022-01-27 09:31:30,997 - root - DEBUG - Exiting PID update with parameters Error:-1.05, ITerm:0.00, DInput:-0.11, Output:0.00
2022-01-27 09:31:30,997 - root - DEBUG - RunID 60, Segment 1 (loop 25) - RunState:Ramp,
                       ReadTmp:42.12, RampTmp:41.07, TargetTmp:120.00,
                       Output:0.00, CycleOnSec:0.00, RemainTime:1:28:20
                    
2022-01-27 09:31:30,997 - root - DEBUG - ==>Relay Off
2022-01-27 09:31:30,998 - root - DEBUG - Writing stats to Firing DB table...
2022-01-27 09:31:31,013 - root - INFO - database writing complete1
2022-01-27 09:31:31,013 - root - INFO - RunState end: Ramp
2022-01-27 09:32:00,996 - root - DEBUG - Entering PID update with parameters SetPoint:42.48, ProcValue:41.85, IMax:100.00, IMin:0.00,
2022-01-27 09:32:00,996 - root - DEBUG -   Window:30, Kp: 30.000, Ki: 1.000, Kd: 0.600
2022-01-27 09:32:00,996 - root - DEBUG - Exiting PID update with parameters Error:0.63, ITerm:0.63, DInput:-0.27, Output:19.70
2022-01-27 09:32:00,996 - root - DEBUG - RunID 60, Segment 1 (loop 26) - RunState:Ramp,
                       ReadTmp:41.85, RampTmp:42.48, TargetTmp:120.00,
                       Output:19.70, CycleOnSec:5.91, RemainTime:1:27:50
                    
2022-01-27 09:32:00,996 - root - DEBUG - ==>Relay On
2022-01-27 09:32:06,912 - root - DEBUG - ==>Relay Off
2022-01-27 09:32:06,913 - root - DEBUG - Writing stats to Firing DB table...
2022-01-27 09:32:06,929 - root - INFO - database writing complete1
2022-01-27 09:32:06,930 - root - INFO - RunState end: Ramp
2022-01-27 09:32:30,996 - root - DEBUG - Entering PID update with parameters SetPoint:43.90, ProcValue:41.70, IMax:100.00, IMin:0.00,
2022-01-27 09:32:30,996 - root - DEBUG -   Window:30, Kp: 30.000, Ki: 1.000, Kd: 0.600
2022-01-27 09:32:30,996 - root - DEBUG - Exiting PID update with parameters Error:2.20, ITerm:2.83, DInput:-0.15, Output:68.77
2022-01-27 09:32:30,996 - root - DEBUG - RunID 60, Segment 1 (loop 27) - RunState:Ramp,
                       ReadTmp:41.70, RampTmp:43.90, TargetTmp:120.00,
                       Output:68.77, CycleOnSec:20.63, RemainTime:1:27:20
                    
2022-01-27 09:32:30,996 - root - DEBUG - ==>Relay On
2022-01-27 09:32:51,649 - root - DEBUG - ==>Relay Off
2022-01-27 09:32:51,651 - root - DEBUG - Writing stats to Firing DB table...
2022-01-27 09:32:51,666 - root - INFO - database writing complete1
2022-01-27 09:32:51,667 - root - INFO - RunState end: Ramp
2022-01-27 09:33:00,996 - root - DEBUG - Entering PID update with parameters SetPoint:45.32, ProcValue:41.85, IMax:100.00, IMin:0.00,
2022-01-27 09:33:00,996 - root - DEBUG -   Window:30, Kp: 30.000, Ki: 1.000, Kd: 0.600
2022-01-27 09:33:00,996 - root - DEBUG - Exiting PID update with parameters Error:3.46, ITerm:6.29, DInput:0.15, Output:100.00
2022-01-27 09:33:00,996 - root - DEBUG - RunID 60, Segment 1 (loop 28) - RunState:Ramp,
                       ReadTmp:41.85, RampTmp:45.32, TargetTmp:120.00,
                       Output:100.00, CycleOnSec:30.00, RemainTime:1:26:50
                    
2022-01-27 09:33:00,997 - root - DEBUG - ==>Relay On
2022-01-27 09:33:31,028 - root - DEBUG - Writing stats to Firing DB table...
2022-01-27 09:33:31,098 - root - INFO - database writing complete1
2022-01-27 09:33:31,098 - root - INFO - RunState end: Ramp
2022-01-27 09:33:31,614 - root - DEBUG - Entering PID update with parameters SetPoint:46.73, ProcValue:43.38, IMax:100.00, IMin:0.00,
2022-01-27 09:33:31,614 - root - DEBUG -   Window:30, Kp: 30.000, Ki: 1.000, Kd: 0.600
2022-01-27 09:33:31,614 - root - DEBUG - Exiting PID update with parameters Error:3.36, ITerm:9.65, DInput:1.52, Output:100.00
2022-01-27 09:33:31,615 - root - DEBUG - RunID 60, Segment 1 (loop 29) - RunState:Ramp,
                       ReadTmp:43.38, RampTmp:46.73, TargetTmp:120.00,
                       Output:100.00, CycleOnSec:30.00, RemainTime:1:26:19
                    
2022-01-27 09:33:31,615 - root - DEBUG - ==>Relay On
2022-01-27 09:34:01,646 - root - DEBUG - Writing stats to Firing DB table...
2022-01-27 09:34:01,659 - root - INFO - database writing complete1
2022-01-27 09:34:01,660 - root - INFO - RunState end: Ramp
2022-01-27 09:34:02,176 - root - DEBUG - Entering PID update with parameters SetPoint:48.15, ProcValue:47.34, IMax:100.00, IMin:0.00,
2022-01-27 09:34:02,176 - root - DEBUG -   Window:30, Kp: 30.000, Ki: 1.000, Kd: 0.600
2022-01-27 09:34:02,176 - root - DEBUG - Exiting PID update with parameters Error:0.80, ITerm:10.45, DInput:3.97, Output:32.21
2022-01-27 09:34:02,177 - root - DEBUG - RunID 60, Segment 1 (loop 30) - RunState:Ramp,
                       ReadTmp:47.34, RampTmp:48.15, TargetTmp:120.00,
                       Output:32.21, CycleOnSec:9.66, RemainTime:1:25:48
                    
2022-01-27 09:34:02,177 - root - DEBUG - ==>Relay On
2022-01-27 09:34:11,850 - root - DEBUG - ==>Relay Off
2022-01-27 09:34:11,852 - root - DEBUG - Writing stats to Firing DB table...
2022-01-27 09:34:11,866 - root - INFO - database writing complete1
2022-01-27 09:34:11,866 - root - INFO - RunState end: Ramp
2022-01-27 09:34:32,167 - root - DEBUG - Entering PID update with parameters SetPoint:49.57, ProcValue:52.73, IMax:100.00, IMin:0.00,
2022-01-27 09:34:32,167 - root - DEBUG -   Window:30, Kp: 30.000, Ki: 1.000, Kd: 0.600
2022-01-27 09:34:32,167 - root - DEBUG - Exiting PID update with parameters Error:-3.16, ITerm:7.29, DInput:5.38, Output:0.00
2022-01-27 09:34:32,167 - root - DEBUG - RunID 60, Segment 1 (loop 31) - RunState:Ramp,
                       ReadTmp:52.73, RampTmp:49.57, TargetTmp:120.00,
                       Output:0.00, CycleOnSec:0.00, RemainTime:1:25:18
                    
2022-01-27 09:34:32,168 - root - DEBUG - ==>Relay Off
2022-01-27 09:34:32,168 - root - DEBUG - Writing stats to Firing DB table...
2022-01-27 09:34:32,183 - root - INFO - database writing complete1
2022-01-27 09:34:32,183 - root - INFO - RunState end: Ramp
2022-01-27 09:35:02,167 - root - DEBUG - Entering PID update with parameters SetPoint:50.98, ProcValue:57.01, IMax:100.00, IMin:0.00,
2022-01-27 09:35:02,167 - root - DEBUG -   Window:30, Kp: 30.000, Ki: 1.000, Kd: 0.600
2022-01-27 09:35:02,167 - root - DEBUG - Exiting PID update with parameters Error:-6.03, ITerm:1.26, DInput:4.28, Output:0.00
2022-01-27 09:35:02,168 - root - DEBUG - RunID 60, Segment 1 (loop 32) - RunState:Ramp,
                       ReadTmp:57.01, RampTmp:50.98, TargetTmp:120.00,
                       Output:0.00, CycleOnSec:0.00, RemainTime:1:24:48
                    
2022-01-27 09:35:02,168 - root - DEBUG - ==>Relay Off
2022-01-27 09:35:02,168 - root - DEBUG - Writing stats to Firing DB table...
2022-01-27 09:35:02,183 - root - INFO - database writing complete1
2022-01-27 09:35:02,183 - root - INFO - RunState end: Ramp
2022-01-27 09:35:32,167 - root - DEBUG - Entering PID update with parameters SetPoint:52.40, ProcValue:60.38, IMax:100.00, IMin:0.00,
2022-01-27 09:35:32,167 - root - DEBUG -   Window:30, Kp: 30.000, Ki: 1.000, Kd: 0.600
2022-01-27 09:35:32,167 - root - DEBUG - Exiting PID update with parameters Error:-7.98, ITerm:0.00, DInput:3.38, Output:0.00
2022-01-27 09:35:32,168 - root - DEBUG - RunID 60, Segment 1 (loop 33) - RunState:Ramp,
                       ReadTmp:60.38, RampTmp:52.40, TargetTmp:120.00,
                       Output:0.00, CycleOnSec:0.00, RemainTime:1:24:18
                    
2022-01-27 09:35:32,168 - root - DEBUG - ==>Relay Off
2022-01-27 09:35:32,168 - root - DEBUG - Writing stats to Firing DB table...
2022-01-27 09:35:32,182 - root - INFO - database writing complete1
2022-01-27 09:35:32,182 - root - INFO - RunState end: Ramp
2022-01-27 09:36:02,167 - root - DEBUG - Entering PID update with parameters SetPoint:53.82, ProcValue:63.11, IMax:100.00, IMin:0.00,
2022-01-27 09:36:02,167 - root - DEBUG -   Window:30, Kp: 30.000, Ki: 1.000, Kd: 0.600
2022-01-27 09:36:02,167 - root - DEBUG - Exiting PID update with parameters Error:-9.29, ITerm:0.00, DInput:2.73, Output:0.00
2022-01-27 09:36:02,167 - root - DEBUG - RunID 60, Segment 1 (loop 34) - RunState:Ramp,
                       ReadTmp:63.11, RampTmp:53.82, TargetTmp:120.00,
                       Output:0.00, CycleOnSec:0.00, RemainTime:1:23:48
                    
2022-01-27 09:36:02,168 - root - DEBUG - ==>Relay Off
2022-01-27 09:36:02,168 - root - DEBUG - Writing stats to Firing DB table...
2022-01-27 09:36:02,183 - root - INFO - database writing complete1
2022-01-27 09:36:02,183 - root - INFO - RunState end: Ramp
2022-01-27 09:36:32,167 - root - DEBUG - Entering PID update with parameters SetPoint:55.23, ProcValue:65.24, IMax:100.00, IMin:0.00,
2022-01-27 09:36:32,167 - root - DEBUG -   Window:30, Kp: 30.000, Ki: 1.000, Kd: 0.600
2022-01-27 09:36:32,167 - root - DEBUG - Exiting PID update with parameters Error:-10.01, ITerm:0.00, DInput:2.13, Output:0.00
2022-01-27 09:36:32,168 - root - DEBUG - RunID 60, Segment 1 (loop 35) - RunState:Ramp,
                       ReadTmp:65.24, RampTmp:55.23, TargetTmp:120.00,
                       Output:0.00, CycleOnSec:0.00, RemainTime:1:23:18
                    
2022-01-27 09:36:32,168 - root - DEBUG - ==>Relay Off
2022-01-27 09:36:32,168 - root - DEBUG - Writing stats to Firing DB table...
2022-01-27 09:36:32,189 - root - INFO - database writing complete1
2022-01-27 09:36:32,189 - root - INFO - RunState end: Ramp
2022-01-27 09:37:02,167 - root - DEBUG - Entering PID update with parameters SetPoint:56.65, ProcValue:67.01, IMax:100.00, IMin:0.00,
2022-01-27 09:37:02,167 - root - DEBUG -   Window:30, Kp: 30.000, Ki: 1.000, Kd: 0.600
2022-01-27 09:37:02,167 - root - DEBUG - Exiting PID update with parameters Error:-10.36, ITerm:0.00, DInput:1.77, Output:0.00
2022-01-27 09:37:02,167 - root - DEBUG - RunID 60, Segment 1 (loop 36) - RunState:Ramp,
                       ReadTmp:67.01, RampTmp:56.65, TargetTmp:120.00,
                       Output:0.00, CycleOnSec:0.00, RemainTime:1:22:48
                    
2022-01-27 09:37:02,168 - root - DEBUG - ==>Relay Off
2022-01-27 09:37:02,168 - root - DEBUG - Writing stats to Firing DB table...
2022-01-27 09:37:02,189 - root - INFO - database writing complete1
2022-01-27 09:37:02,189 - root - INFO - RunState end: Ramp
2022-01-27 09:37:32,167 - root - DEBUG - Entering PID update with parameters SetPoint:58.07, ProcValue:68.44, IMax:100.00, IMin:0.00,
2022-01-27 09:37:32,168 - root - DEBUG -   Window:30, Kp: 30.000, Ki: 1.000, Kd: 0.600
2022-01-27 09:37:32,168 - root - DEBUG - Exiting PID update with parameters Error:-10.37, ITerm:0.00, DInput:1.43, Output:0.00
2022-01-27 09:37:32,168 - root - DEBUG - RunID 60, Segment 1 (loop 37) - RunState:Ramp,
                       ReadTmp:68.44, RampTmp:58.07, TargetTmp:120.00,
                       Output:0.00, CycleOnSec:0.00, RemainTime:1:22:18
                    
2022-01-27 09:37:32,168 - root - DEBUG - ==>Relay Off
2022-01-27 09:37:32,169 - root - DEBUG - Writing stats to Firing DB table...
2022-01-27 09:37:32,183 - root - INFO - database writing complete1
2022-01-27 09:37:32,184 - root - INFO - RunState end: Ramp
2022-01-27 09:38:02,168 - root - DEBUG - Entering PID update with parameters SetPoint:59.48, ProcValue:69.36, IMax:100.00, IMin:0.00,
2022-01-27 09:38:02,168 - root - DEBUG -   Window:30, Kp: 30.000, Ki: 1.000, Kd: 0.600
2022-01-27 09:38:02,168 - root - DEBUG - Exiting PID update with parameters Error:-9.88, ITerm:0.00, DInput:0.92, Output:0.00
2022-01-27 09:38:02,168 - root - DEBUG - RunID 60, Segment 1 (loop 38) - RunState:Ramp,
                       ReadTmp:69.36, RampTmp:59.48, TargetTmp:120.00,
                       Output:0.00, CycleOnSec:0.00, RemainTime:1:21:48
                    
2022-01-27 09:38:02,169 - root - DEBUG - ==>Relay Off
2022-01-27 09:38:02,169 - root - DEBUG - Writing stats to Firing DB table...
2022-01-27 09:38:02,184 - root - INFO - database writing complete1
2022-01-27 09:38:02,184 - root - INFO - RunState end: Ramp
2022-01-27 09:38:32,168 - root - DEBUG - Entering PID update with parameters SetPoint:60.90, ProcValue:70.23, IMax:100.00, IMin:0.00,
2022-01-27 09:38:32,168 - root - DEBUG -   Window:30, Kp: 30.000, Ki: 1.000, Kd: 0.600
2022-01-27 09:38:32,168 - root - DEBUG - Exiting PID update with parameters Error:-9.33, ITerm:0.00, DInput:0.87, Output:0.00
2022-01-27 09:38:32,169 - root - DEBUG - RunID 60, Segment 1 (loop 39) - RunState:Ramp,
                       ReadTmp:70.23, RampTmp:60.90, TargetTmp:120.00,
                       Output:0.00, CycleOnSec:0.00, RemainTime:1:21:18
                    
2022-01-27 09:38:32,169 - root - DEBUG - ==>Relay Off
2022-01-27 09:38:32,170 - root - DEBUG - Writing stats to Firing DB table...
2022-01-27 09:38:32,199 - root - INFO - database writing complete1
2022-01-27 09:38:32,199 - root - INFO - RunState end: Ramp
2022-01-27 09:39:02,168 - root - DEBUG - Entering PID update with parameters SetPoint:62.32, ProcValue:70.73, IMax:100.00, IMin:0.00,
2022-01-27 09:39:02,168 - root - DEBUG -   Window:30, Kp: 30.000, Ki: 1.000, Kd: 0.600
2022-01-27 09:39:02,168 - root - DEBUG - Exiting PID update with parameters Error:-8.42, ITerm:0.00, DInput:0.51, Output:0.00
2022-01-27 09:39:02,168 - root - DEBUG - RunID 60, Segment 1 (loop 40) - RunState:Ramp,
                       ReadTmp:70.73, RampTmp:62.32, TargetTmp:120.00,
                       Output:0.00, CycleOnSec:0.00, RemainTime:1:20:48
                    
2022-01-27 09:39:02,169 - root - DEBUG - ==>Relay Off
2022-01-27 09:39:02,170 - root - DEBUG - Writing stats to Firing DB table...
2022-01-27 09:39:02,184 - root - INFO - database writing complete1
2022-01-27 09:39:02,185 - root - INFO - RunState end: Ramp
2022-01-27 09:39:32,167 - root - DEBUG - Entering PID update with parameters SetPoint:63.73, ProcValue:71.03, IMax:100.00, IMin:0.00,
2022-01-27 09:39:32,167 - root - DEBUG -   Window:30, Kp: 30.000, Ki: 1.000, Kd: 0.600
2022-01-27 09:39:32,167 - root - DEBUG - Exiting PID update with parameters Error:-7.30, ITerm:0.00, DInput:0.30, Output:0.00
2022-01-27 09:39:32,168 - root - DEBUG - RunID 60, Segment 1 (loop 41) - RunState:Ramp,
                       ReadTmp:71.03, RampTmp:63.73, TargetTmp:120.00,
                       Output:0.00, CycleOnSec:0.00, RemainTime:1:20:18
                    
2022-01-27 09:39:32,168 - root - DEBUG - ==>Relay Off
2022-01-27 09:39:32,169 - root - DEBUG - Writing stats to Firing DB table...
2022-01-27 09:39:32,185 - root - INFO - database writing complete1
2022-01-27 09:39:32,186 - root - INFO - RunState end: Ramp
2022-01-27 09:40:02,168 - root - DEBUG - Entering PID update with parameters SetPoint:65.15, ProcValue:71.17, IMax:100.00, IMin:0.00,
2022-01-27 09:40:02,168 - root - DEBUG -   Window:30, Kp: 30.000, Ki: 1.000, Kd: 0.600
2022-01-27 09:40:02,168 - root - DEBUG - Exiting PID update with parameters Error:-6.02, ITerm:0.00, DInput:0.14, Output:0.00
2022-01-27 09:40:02,168 - root - DEBUG - RunID 60, Segment 1 (loop 42) - RunState:Ramp,
                       ReadTmp:71.17, RampTmp:65.15, TargetTmp:120.00,
                       Output:0.00, CycleOnSec:0.00, RemainTime:1:19:48
                    
2022-01-27 09:40:02,169 - root - DEBUG - ==>Relay Off
2022-01-27 09:40:02,169 - root - DEBUG - Writing stats to Firing DB table...
2022-01-27 09:40:02,338 - root - INFO - database writing complete1
2022-01-27 09:40:02,339 - root - INFO - RunState end: Ramp
2022-01-27 09:40:32,168 - root - DEBUG - Entering PID update with parameters SetPoint:66.57, ProcValue:71.30, IMax:100.00, IMin:0.00,
2022-01-27 09:40:32,168 - root - DEBUG -   Window:30, Kp: 30.000, Ki: 1.000, Kd: 0.600
2022-01-27 09:40:32,168 - root - DEBUG - Exiting PID update with parameters Error:-4.73, ITerm:0.00, DInput:0.12, Output:0.00
2022-01-27 09:40:32,168 - root - DEBUG - RunID 60, Segment 1 (loop 43) - RunState:Ramp,
                       ReadTmp:71.30, RampTmp:66.57, TargetTmp:120.00,
                       Output:0.00, CycleOnSec:0.00, RemainTime:1:19:18
                    
2022-01-27 09:40:32,169 - root - DEBUG - ==>Relay Off
2022-01-27 09:40:32,169 - root - DEBUG - Writing stats to Firing DB table...
2022-01-27 09:40:32,188 - root - INFO - database writing complete1
2022-01-27 09:40:32,188 - root - INFO - RunState end: Ramp
2022-01-27 09:41:02,167 - root - DEBUG - Entering PID update with parameters SetPoint:67.98, ProcValue:71.15, IMax:100.00, IMin:0.00,
2022-01-27 09:41:02,167 - root - DEBUG -   Window:30, Kp: 30.000, Ki: 1.000, Kd: 0.600
2022-01-27 09:41:02,167 - root - DEBUG - Exiting PID update with parameters Error:-3.17, ITerm:0.00, DInput:-0.15, Output:0.00
2022-01-27 09:41:02,167 - root - DEBUG - RunID 60, Segment 1 (loop 44) - RunState:Ramp,
                       ReadTmp:71.15, RampTmp:67.98, TargetTmp:120.00,
                       Output:0.00, CycleOnSec:0.00, RemainTime:1:18:48
                    
2022-01-27 09:41:02,168 - root - DEBUG - ==>Relay Off
2022-01-27 09:41:02,168 - root - DEBUG - Writing stats to Firing DB table...
2022-01-27 09:41:02,183 - root - INFO - database writing complete1
2022-01-27 09:41:02,183 - root - INFO - RunState end: Ramp
2022-01-27 09:41:32,167 - root - DEBUG - Entering PID update with parameters SetPoint:69.40, ProcValue:71.05, IMax:100.00, IMin:0.00,
2022-01-27 09:41:32,167 - root - DEBUG -   Window:30, Kp: 30.000, Ki: 1.000, Kd: 0.600
2022-01-27 09:41:32,167 - root - DEBUG - Exiting PID update with parameters Error:-1.66, ITerm:0.00, DInput:-0.09, Output:0.00
2022-01-27 09:41:32,168 - root - DEBUG - RunID 60, Segment 1 (loop 45) - RunState:Ramp,
                       ReadTmp:71.05, RampTmp:69.40, TargetTmp:120.00,
                       Output:0.00, CycleOnSec:0.00, RemainTime:1:18:18
                    
2022-01-27 09:41:32,168 - root - DEBUG - ==>Relay Off
2022-01-27 09:41:32,169 - root - DEBUG - Writing stats to Firing DB table...
2022-01-27 09:41:32,187 - root - INFO - database writing complete1
2022-01-27 09:41:32,188 - root - INFO - RunState end: Ramp
2022-01-27 09:42:02,167 - root - DEBUG - Entering PID update with parameters SetPoint:70.82, ProcValue:70.76, IMax:100.00, IMin:0.00,
2022-01-27 09:42:02,168 - root - DEBUG -   Window:30, Kp: 30.000, Ki: 1.000, Kd: 0.600
2022-01-27 09:42:02,168 - root - DEBUG - Exiting PID update with parameters Error:0.06, ITerm:0.06, DInput:-0.30, Output:1.95
2022-01-27 09:42:02,168 - root - DEBUG - RunID 60, Segment 1 (loop 46) - RunState:Ramp,
                       ReadTmp:70.76, RampTmp:70.82, TargetTmp:120.00,
                       Output:1.95, CycleOnSec:0.59, RemainTime:1:17:48
                    
2022-01-27 09:42:02,168 - root - DEBUG - ==>Relay On
2022-01-27 09:42:02,755 - root - DEBUG - ==>Relay Off
2022-01-27 09:42:02,756 - root - DEBUG - Writing stats to Firing DB table...
2022-01-27 09:42:02,772 - root - INFO - database writing complete1
2022-01-27 09:42:02,773 - root - INFO - RunState end: Ramp
2022-01-27 09:42:32,167 - root - DEBUG - Entering PID update with parameters SetPoint:72.23, ProcValue:70.44, IMax:100.00, IMin:0.00,
2022-01-27 09:42:32,167 - root - DEBUG -   Window:30, Kp: 30.000, Ki: 1.000, Kd: 0.600
2022-01-27 09:42:32,167 - root - DEBUG - Exiting PID update with parameters Error:1.79, ITerm:1.85, DInput:-0.32, Output:55.87
2022-01-27 09:42:32,168 - root - DEBUG - RunID 60, Segment 1 (loop 47) - RunState:Ramp,
                       ReadTmp:70.44, RampTmp:72.23, TargetTmp:120.00,
                       Output:55.87, CycleOnSec:16.76, RemainTime:1:17:18
                    
2022-01-27 09:42:32,168 - root - DEBUG - ==>Relay On
2022-01-27 09:42:48,946 - root - DEBUG - ==>Relay Off
2022-01-27 09:42:48,948 - root - DEBUG - Writing stats to Firing DB table...
2022-01-27 09:42:48,962 - root - INFO - database writing complete1
2022-01-27 09:42:48,962 - root - INFO - RunState end: Ramp
2022-01-27 09:43:02,167 - root - DEBUG - Entering PID update with parameters SetPoint:73.65, ProcValue:70.29, IMax:100.00, IMin:0.00,
2022-01-27 09:43:02,167 - root - DEBUG -   Window:30, Kp: 30.000, Ki: 1.000, Kd: 0.600
2022-01-27 09:43:02,167 - root - DEBUG - Exiting PID update with parameters Error:3.36, ITerm:5.21, DInput:-0.15, Output:100.00
2022-01-27 09:43:02,167 - root - DEBUG - RunID 60, Segment 1 (loop 48) - RunState:Ramp,
                       ReadTmp:70.29, RampTmp:73.65, TargetTmp:120.00,
                       Output:100.00, CycleOnSec:30.00, RemainTime:1:16:48
                    
2022-01-27 09:43:02,168 - root - DEBUG - ==>Relay On
2022-01-27 09:43:32,199 - root - DEBUG - Writing stats to Firing DB table...
2022-01-27 09:43:32,214 - root - INFO - database writing complete1
2022-01-27 09:43:32,215 - root - INFO - RunState end: Ramp
2022-01-27 09:43:32,730 - root - DEBUG - Entering PID update with parameters SetPoint:75.07, ProcValue:71.06, IMax:100.00, IMin:0.00,
2022-01-27 09:43:32,730 - root - DEBUG -   Window:30, Kp: 30.000, Ki: 1.000, Kd: 0.600
2022-01-27 09:43:32,731 - root - DEBUG - Exiting PID update with parameters Error:4.00, ITerm:9.21, DInput:0.77, Output:100.00
2022-01-27 09:43:32,731 - root - DEBUG - RunID 60, Segment 1 (loop 49) - RunState:Ramp,
                       ReadTmp:71.06, RampTmp:75.07, TargetTmp:120.00,
                       Output:100.00, CycleOnSec:30.00, RemainTime:1:16:18
                    
2022-01-27 09:43:32,731 - root - DEBUG - ==>Relay On
2022-01-27 09:44:02,763 - root - DEBUG - Writing stats to Firing DB table...
2022-01-27 09:44:02,777 - root - INFO - database writing complete1
2022-01-27 09:44:02,778 - root - INFO - RunState end: Ramp
2022-01-27 09:44:03,292 - root - DEBUG - Entering PID update with parameters SetPoint:76.48, ProcValue:74.21, IMax:100.00, IMin:0.00,
2022-01-27 09:44:03,293 - root - DEBUG -   Window:30, Kp: 30.000, Ki: 1.000, Kd: 0.600
2022-01-27 09:44:03,293 - root - DEBUG - Exiting PID update with parameters Error:2.27, ITerm:11.48, DInput:3.15, Output:77.72
2022-01-27 09:44:03,294 - root - DEBUG - RunID 60, Segment 1 (loop 50) - RunState:Ramp,
                       ReadTmp:74.21, RampTmp:76.48, TargetTmp:120.00,
                       Output:77.72, CycleOnSec:23.32, RemainTime:1:15:47
                    
2022-01-27 09:44:03,294 - root - DEBUG - ==>Relay On
2022-01-27 09:44:26,634 - root - DEBUG - ==>Relay Off
2022-01-27 09:44:26,635 - root - DEBUG - Writing stats to Firing DB table...
2022-01-27 09:44:26,650 - root - INFO - database writing complete1
2022-01-27 09:44:26,651 - root - INFO - RunState end: Ramp
2022-01-27 09:44:33,285 - root - DEBUG - Entering PID update with parameters SetPoint:77.90, ProcValue:79.93, IMax:100.00, IMin:0.00,
2022-01-27 09:44:33,286 - root - DEBUG -   Window:30, Kp: 30.000, Ki: 1.000, Kd: 0.600
2022-01-27 09:44:33,286 - root - DEBUG - Exiting PID update with parameters Error:-2.03, ITerm:9.45, DInput:5.72, Output:0.00
2022-01-27 09:44:33,286 - root - DEBUG - RunID 60, Segment 1 (loop 51) - RunState:Ramp,
                       ReadTmp:79.93, RampTmp:77.90, TargetTmp:120.00,
                       Output:0.00, CycleOnSec:0.00, RemainTime:1:15:17
                    
2022-01-27 09:44:33,286 - root - DEBUG - ==>Relay Off
2022-01-27 09:44:33,287 - root - DEBUG - Writing stats to Firing DB table...
2022-01-27 09:44:33,306 - root - INFO - database writing complete1
2022-01-27 09:44:33,307 - root - INFO - RunState end: Ramp
2022-01-27 09:45:03,285 - root - DEBUG - Entering PID update with parameters SetPoint:79.32, ProcValue:84.70, IMax:100.00, IMin:0.00,
2022-01-27 09:45:03,285 - root - DEBUG -   Window:30, Kp: 30.000, Ki: 1.000, Kd: 0.600
2022-01-27 09:45:03,285 - root - DEBUG - Exiting PID update with parameters Error:-5.38, ITerm:4.07, DInput:4.77, Output:0.00
2022-01-27 09:45:03,286 - root - DEBUG - RunID 60, Segment 1 (loop 52) - RunState:Ramp,
                       ReadTmp:84.70, RampTmp:79.32, TargetTmp:120.00,
                       Output:0.00, CycleOnSec:0.00, RemainTime:1:14:47
                    
2022-01-27 09:45:03,286 - root - DEBUG - ==>Relay Off
2022-01-27 09:45:03,287 - root - DEBUG - Writing stats to Firing DB table...
2022-01-27 09:45:03,306 - root - INFO - database writing complete1
2022-01-27 09:45:03,306 - root - INFO - RunState end: Ramp
2022-01-27 09:45:33,285 - root - DEBUG - Entering PID update with parameters SetPoint:80.73, ProcValue:88.32, IMax:100.00, IMin:0.00,
2022-01-27 09:45:33,285 - root - DEBUG -   Window:30, Kp: 30.000, Ki: 1.000, Kd: 0.600
2022-01-27 09:45:33,285 - root - DEBUG - Exiting PID update with parameters Error:-7.59, ITerm:0.00, DInput:3.62, Output:0.00
2022-01-27 09:45:33,285 - root - DEBUG - RunID 60, Segment 1 (loop 53) - RunState:Ramp,
                       ReadTmp:88.32, RampTmp:80.73, TargetTmp:120.00,
                       Output:0.00, CycleOnSec:0.00, RemainTime:1:14:17
                    
2022-01-27 09:45:33,286 - root - DEBUG - ==>Relay Off
2022-01-27 09:45:33,287 - root - DEBUG - Writing stats to Firing DB table...
2022-01-27 09:45:33,306 - root - INFO - database writing complete1
2022-01-27 09:45:33,306 - root - INFO - RunState end: Ramp
2022-01-27 09:46:03,285 - root - DEBUG - Entering PID update with parameters SetPoint:82.15, ProcValue:91.15, IMax:100.00, IMin:0.00,
2022-01-27 09:46:03,286 - root - DEBUG -   Window:30, Kp: 30.000, Ki: 1.000, Kd: 0.600
2022-01-27 09:46:03,286 - root - DEBUG - Exiting PID update with parameters Error:-9.00, ITerm:0.00, DInput:2.83, Output:0.00
2022-01-27 09:46:03,286 - root - DEBUG - RunID 60, Segment 1 (loop 54) - RunState:Ramp,
                       ReadTmp:91.15, RampTmp:82.15, TargetTmp:120.00,
                       Output:0.00, CycleOnSec:0.00, RemainTime:1:13:47
                    
2022-01-27 09:46:03,286 - root - DEBUG - ==>Relay Off
2022-01-27 09:46:03,287 - root - DEBUG - Writing stats to Firing DB table...
2022-01-27 09:46:03,302 - root - INFO - database writing complete1
2022-01-27 09:46:03,302 - root - INFO - RunState end: Ramp
2022-01-27 09:46:33,285 - root - DEBUG - Entering PID update with parameters SetPoint:83.57, ProcValue:93.32, IMax:100.00, IMin:0.00,
2022-01-27 09:46:33,286 - root - DEBUG -   Window:30, Kp: 30.000, Ki: 1.000, Kd: 0.600
2022-01-27 09:46:33,286 - root - DEBUG - Exiting PID update with parameters Error:-9.76, ITerm:0.00, DInput:2.17, Output:0.00
2022-01-27 09:46:33,286 - root - DEBUG - RunID 60, Segment 1 (loop 55) - RunState:Ramp,
                       ReadTmp:93.32, RampTmp:83.57, TargetTmp:120.00,
                       Output:0.00, CycleOnSec:0.00, RemainTime:1:13:17
                    
2022-01-27 09:46:33,286 - root - DEBUG - ==>Relay Off
2022-01-27 09:46:33,287 - root - DEBUG - Writing stats to Firing DB table...
2022-01-27 09:46:33,301 - root - INFO - database writing complete1
2022-01-27 09:46:33,301 - root - INFO - RunState end: Ramp
2022-01-27 09:47:03,285 - root - DEBUG - Entering PID update with parameters SetPoint:84.98, ProcValue:94.98, IMax:100.00, IMin:0.00,
2022-01-27 09:47:03,285 - root - DEBUG -   Window:30, Kp: 30.000, Ki: 1.000, Kd: 0.600
2022-01-27 09:47:03,285 - root - DEBUG - Exiting PID update with parameters Error:-10.00, ITerm:0.00, DInput:1.66, Output:0.00
2022-01-27 09:47:03,285 - root - DEBUG - RunID 60, Segment 1 (loop 56) - RunState:Ramp,
                       ReadTmp:94.98, RampTmp:84.98, TargetTmp:120.00,
                       Output:0.00, CycleOnSec:0.00, RemainTime:1:12:47
                    
2022-01-27 09:47:03,286 - root - DEBUG - ==>Relay Off
2022-01-27 09:47:03,286 - root - DEBUG - Writing stats to Firing DB table...
2022-01-27 09:47:03,301 - root - INFO - database writing complete1
2022-01-27 09:47:03,302 - root - INFO - RunState end: Ramp
2022-01-27 09:47:33,285 - root - DEBUG - Entering PID update with parameters SetPoint:86.40, ProcValue:96.27, IMax:100.00, IMin:0.00,
2022-01-27 09:47:33,285 - root - DEBUG -   Window:30, Kp: 30.000, Ki: 1.000, Kd: 0.600
2022-01-27 09:47:33,285 - root - DEBUG - Exiting PID update with parameters Error:-9.87, ITerm:0.00, DInput:1.29, Output:0.00
2022-01-27 09:47:33,285 - root - DEBUG - RunID 60, Segment 1 (loop 57) - RunState:Ramp,
                       ReadTmp:96.27, RampTmp:86.40, TargetTmp:120.00,
                       Output:0.00, CycleOnSec:0.00, RemainTime:1:12:17
                    
2022-01-27 09:47:33,286 - root - DEBUG - ==>Relay Off
2022-01-27 09:47:33,287 - root - DEBUG - Writing stats to Firing DB table...
2022-01-27 09:47:33,301 - root - INFO - database writing complete1
2022-01-27 09:47:33,302 - root - INFO - RunState end: Ramp
2022-01-27 09:48:03,285 - root - DEBUG - Entering PID update with parameters SetPoint:87.82, ProcValue:97.12, IMax:100.00, IMin:0.00,
2022-01-27 09:48:03,285 - root - DEBUG -   Window:30, Kp: 30.000, Ki: 1.000, Kd: 0.600
2022-01-27 09:48:03,285 - root - DEBUG - Exiting PID update with parameters Error:-9.30, ITerm:0.00, DInput:0.84, Output:0.00
2022-01-27 09:48:03,285 - root - DEBUG - RunID 60, Segment 1 (loop 58) - RunState:Ramp,
                       ReadTmp:97.12, RampTmp:87.82, TargetTmp:120.00,
                       Output:0.00, CycleOnSec:0.00, RemainTime:1:11:47
                    
2022-01-27 09:48:03,286 - root - DEBUG - ==>Relay Off
2022-01-27 09:48:03,286 - root - DEBUG - Writing stats to Firing DB table...
2022-01-27 09:48:03,301 - root - INFO - database writing complete1
2022-01-27 09:48:03,301 - root - INFO - RunState end: Ramp
2022-01-27 09:48:33,285 - root - DEBUG - Entering PID update with parameters SetPoint:89.23, ProcValue:97.74, IMax:100.00, IMin:0.00,
2022-01-27 09:48:33,285 - root - DEBUG -   Window:30, Kp: 30.000, Ki: 1.000, Kd: 0.600
2022-01-27 09:48:33,286 - root - DEBUG - Exiting PID update with parameters Error:-8.51, ITerm:0.00, DInput:0.62, Output:0.00
2022-01-27 09:48:33,286 - root - DEBUG - RunID 60, Segment 1 (loop 59) - RunState:Ramp,
                       ReadTmp:97.74, RampTmp:89.23, TargetTmp:120.00,
                       Output:0.00, CycleOnSec:0.00, RemainTime:1:11:17
                    
2022-01-27 09:48:33,286 - root - DEBUG - ==>Relay Off
2022-01-27 09:48:33,287 - root - DEBUG - Writing stats to Firing DB table...
2022-01-27 09:48:33,301 - root - INFO - database writing complete1
2022-01-27 09:48:33,301 - root - INFO - RunState end: Ramp
2022-01-27 09:49:03,285 - root - DEBUG - Entering PID update with parameters SetPoint:90.65, ProcValue:98.11, IMax:100.00, IMin:0.00,
2022-01-27 09:49:03,285 - root - DEBUG -   Window:30, Kp: 30.000, Ki: 1.000, Kd: 0.600
2022-01-27 09:49:03,285 - root - DEBUG - Exiting PID update with parameters Error:-7.46, ITerm:0.00, DInput:0.37, Output:0.00
2022-01-27 09:49:03,285 - root - DEBUG - RunID 60, Segment 1 (loop 60) - RunState:Ramp,
                       ReadTmp:98.11, RampTmp:90.65, TargetTmp:120.00,
                       Output:0.00, CycleOnSec:0.00, RemainTime:1:10:47
                    
2022-01-27 09:49:03,285 - root - DEBUG - ==>Relay Off
2022-01-27 09:49:03,286 - root - DEBUG - Writing stats to Firing DB table...
2022-01-27 09:49:03,304 - root - INFO - database writing complete1
2022-01-27 09:49:03,305 - root - INFO - RunState end: Ramp
2022-01-27 09:49:33,285 - root - DEBUG - Entering PID update with parameters SetPoint:92.07, ProcValue:98.11, IMax:100.00, IMin:0.00,
2022-01-27 09:49:33,285 - root - DEBUG -   Window:30, Kp: 30.000, Ki: 1.000, Kd: 0.600
2022-01-27 09:49:33,286 - root - DEBUG - Exiting PID update with parameters Error:-6.04, ITerm:0.00, DInput:0.00, Output:0.00
2022-01-27 09:49:33,286 - root - DEBUG - RunID 60, Segment 1 (loop 61) - RunState:Ramp,
                       ReadTmp:98.11, RampTmp:92.07, TargetTmp:120.00,
                       Output:0.00, CycleOnSec:0.00, RemainTime:1:10:17
                    
2022-01-27 09:49:33,286 - root - DEBUG - ==>Relay Off
2022-01-27 09:49:33,287 - root - DEBUG - Writing stats to Firing DB table...
2022-01-27 09:49:33,299 - root - INFO - database writing complete1
2022-01-27 09:49:33,300 - root - INFO - RunState end: Ramp
2022-01-27 09:50:03,285 - root - DEBUG - Entering PID update with parameters SetPoint:93.48, ProcValue:98.08, IMax:100.00, IMin:0.00,
2022-01-27 09:50:03,286 - root - DEBUG -   Window:30, Kp: 30.000, Ki: 1.000, Kd: 0.600
2022-01-27 09:50:03,286 - root - DEBUG - Exiting PID update with parameters Error:-4.60, ITerm:0.00, DInput:-0.03, Output:0.00
2022-01-27 09:50:03,286 - root - DEBUG - RunID 60, Segment 1 (loop 62) - RunState:Ramp,
                       ReadTmp:98.08, RampTmp:93.48, TargetTmp:120.00,
                       Output:0.00, CycleOnSec:0.00, RemainTime:1:09:47
                    
2022-01-27 09:50:03,286 - root - DEBUG - ==>Relay Off
2022-01-27 09:50:03,287 - root - DEBUG - Writing stats to Firing DB table...
2022-01-27 09:50:03,300 - root - INFO - database writing complete1
2022-01-27 09:50:03,300 - root - INFO - RunState end: Ramp
2022-01-27 09:50:33,285 - root - DEBUG - Entering PID update with parameters SetPoint:94.90, ProcValue:97.92, IMax:100.00, IMin:0.00,
2022-01-27 09:50:33,285 - root - DEBUG -   Window:30, Kp: 30.000, Ki: 1.000, Kd: 0.600
2022-01-27 09:50:33,286 - root - DEBUG - Exiting PID update with parameters Error:-3.02, ITerm:0.00, DInput:-0.16, Output:0.00
2022-01-27 09:50:33,286 - root - DEBUG - RunID 60, Segment 1 (loop 63) - RunState:Ramp,
                       ReadTmp:97.92, RampTmp:94.90, TargetTmp:120.00,
                       Output:0.00, CycleOnSec:0.00, RemainTime:1:09:17
                    
2022-01-27 09:50:33,286 - root - DEBUG - ==>Relay Off
2022-01-27 09:50:33,287 - root - DEBUG - Writing stats to Firing DB table...
2022-01-27 09:50:33,299 - root - INFO - database writing complete1
2022-01-27 09:50:33,299 - root - INFO - RunState end: Ramp
2022-01-27 09:51:03,285 - root - DEBUG - Entering PID update with parameters SetPoint:96.32, ProcValue:97.58, IMax:100.00, IMin:0.00,
2022-01-27 09:51:03,286 - root - DEBUG -   Window:30, Kp: 30.000, Ki: 1.000, Kd: 0.600
2022-01-27 09:51:03,286 - root - DEBUG - Exiting PID update with parameters Error:-1.26, ITerm:0.00, DInput:-0.34, Output:0.00
2022-01-27 09:51:03,286 - root - DEBUG - RunID 60, Segment 1 (loop 64) - RunState:Ramp,
                       ReadTmp:97.58, RampTmp:96.32, TargetTmp:120.00,
                       Output:0.00, CycleOnSec:0.00, RemainTime:1:08:47
                    
2022-01-27 09:51:03,286 - root - DEBUG - ==>Relay Off
2022-01-27 09:51:03,287 - root - DEBUG - Writing stats to Firing DB table...
2022-01-27 09:51:03,302 - root - INFO - database writing complete1
2022-01-27 09:51:03,303 - root - INFO - RunState end: Ramp
2022-01-27 09:51:33,285 - root - DEBUG - Entering PID update with parameters SetPoint:97.73, ProcValue:97.16, IMax:100.00, IMin:0.00,
2022-01-27 09:51:33,286 - root - DEBUG -   Window:30, Kp: 30.000, Ki: 1.000, Kd: 0.600
2022-01-27 09:51:33,286 - root - DEBUG - Exiting PID update with parameters Error:0.58, ITerm:0.58, DInput:-0.42, Output:18.09
2022-01-27 09:51:33,286 - root - DEBUG - RunID 60, Segment 1 (loop 65) - RunState:Ramp,
                       ReadTmp:97.16, RampTmp:97.73, TargetTmp:120.00,
                       Output:18.09, CycleOnSec:5.43, RemainTime:1:08:17
                    
2022-01-27 09:51:33,286 - root - DEBUG - ==>Relay On
2022-01-27 09:51:38,720 - root - DEBUG - ==>Relay Off
2022-01-27 09:51:38,721 - root - DEBUG - Writing stats to Firing DB table...
2022-01-27 09:51:38,751 - root - INFO - database writing complete1
2022-01-27 09:51:38,751 - root - INFO - RunState end: Ramp
2022-01-27 09:52:03,285 - root - DEBUG - Entering PID update with parameters SetPoint:99.15, ProcValue:96.57, IMax:100.00, IMin:0.00,
2022-01-27 09:52:03,285 - root - DEBUG -   Window:30, Kp: 30.000, Ki: 1.000, Kd: 0.600
2022-01-27 09:52:03,285 - root - DEBUG - Exiting PID update with parameters Error:2.58, ITerm:3.15, DInput:-0.59, Output:80.85
2022-01-27 09:52:03,285 - root - DEBUG - RunID 60, Segment 1 (loop 66) - RunState:Ramp,
                       ReadTmp:96.57, RampTmp:99.15, TargetTmp:120.00,
                       Output:80.85, CycleOnSec:24.25, RemainTime:1:07:47
                    
2022-01-27 09:52:03,286 - root - DEBUG - ==>Relay On
2022-01-27 09:52:27,565 - root - DEBUG - ==>Relay Off
2022-01-27 09:52:27,566 - root - DEBUG - Writing stats to Firing DB table...
2022-01-27 09:52:27,582 - root - INFO - database writing complete1
2022-01-27 09:52:27,583 - root - INFO - RunState end: Ramp
2022-01-27 09:52:33,285 - root - DEBUG - Entering PID update with parameters SetPoint:100.57, ProcValue:96.57, IMax:100.00, IMin:0.00,
2022-01-27 09:52:33,285 - root - DEBUG -   Window:30, Kp: 30.000, Ki: 1.000, Kd: 0.600
2022-01-27 09:52:33,285 - root - DEBUG - Exiting PID update with parameters Error:3.99, ITerm:7.15, DInput:0.00, Output:100.00
2022-01-27 09:52:33,286 - root - DEBUG - RunID 60, Segment 1 (loop 67) - RunState:Ramp,
                       ReadTmp:96.57, RampTmp:100.57, TargetTmp:120.00,
                       Output:100.00, CycleOnSec:30.00, RemainTime:1:07:17
                    
2022-01-27 09:52:33,286 - root - DEBUG - ==>Relay On
2022-01-27 09:53:03,317 - root - DEBUG - Writing stats to Firing DB table...
2022-01-27 09:53:03,333 - root - INFO - database writing complete1
2022-01-27 09:53:03,333 - root - INFO - RunState end: Ramp
2022-01-27 09:53:03,848 - root - DEBUG - Entering PID update with parameters SetPoint:101.98, ProcValue:98.17, IMax:100.00, IMin:0.00,
2022-01-27 09:53:03,849 - root - DEBUG -   Window:30, Kp: 30.000, Ki: 1.000, Kd: 0.600
2022-01-27 09:53:03,849 - root - DEBUG - Exiting PID update with parameters Error:3.81, ITerm:10.96, DInput:1.60, Output:100.00
2022-01-27 09:53:03,850 - root - DEBUG - RunID 60, Segment 1 (loop 68) - RunState:Ramp,
                       ReadTmp:98.17, RampTmp:101.98, TargetTmp:120.00,
                       Output:100.00, CycleOnSec:30.00, RemainTime:1:06:47
                    
2022-01-27 09:53:03,850 - root - DEBUG - ==>Relay On
2022-01-27 09:53:33,881 - root - DEBUG - Writing stats to Firing DB table...
2022-01-27 09:53:33,900 - root - INFO - database writing complete1
2022-01-27 09:53:33,901 - root - INFO - RunState end: Ramp
2022-01-27 09:53:34,417 - root - DEBUG - Entering PID update with parameters SetPoint:103.40, ProcValue:102.49, IMax:100.00, IMin:0.00,
2022-01-27 09:53:34,417 - root - DEBUG -   Window:30, Kp: 30.000, Ki: 1.000, Kd: 0.600
2022-01-27 09:53:34,417 - root - DEBUG - Exiting PID update with parameters Error:0.91, ITerm:11.86, DInput:4.32, Output:36.46
2022-01-27 09:53:34,418 - root - DEBUG - RunID 60, Segment 1 (loop 69) - RunState:Ramp,
                       ReadTmp:102.49, RampTmp:103.40, TargetTmp:120.00,
                       Output:36.46, CycleOnSec:10.94, RemainTime:1:06:16
                    
2022-01-27 09:53:34,418 - root - DEBUG - ==>Relay On
2022-01-27 09:53:45,367 - root - DEBUG - ==>Relay Off
2022-01-27 09:53:45,369 - root - DEBUG - Writing stats to Firing DB table...
2022-01-27 09:53:45,389 - root - INFO - database writing complete1
2022-01-27 09:53:45,390 - root - INFO - RunState end: Ramp
2022-01-27 09:54:04,408 - root - DEBUG - Entering PID update with parameters SetPoint:104.82, ProcValue:108.13, IMax:100.00, IMin:0.00,
2022-01-27 09:54:04,409 - root - DEBUG -   Window:30, Kp: 30.000, Ki: 1.000, Kd: 0.600
2022-01-27 09:54:04,409 - root - DEBUG - Exiting PID update with parameters Error:-3.32, ITerm:8.55, DInput:5.64, Output:0.00
2022-01-27 09:54:04,409 - root - DEBUG - RunID 60, Segment 1 (loop 70) - RunState:Ramp,
                       ReadTmp:108.13, RampTmp:104.82, TargetTmp:120.00,
                       Output:0.00, CycleOnSec:0.00, RemainTime:1:05:46
                    
2022-01-27 09:54:04,409 - root - DEBUG - ==>Relay Off
2022-01-27 09:54:04,409 - root - DEBUG - Writing stats to Firing DB table...
2022-01-27 09:54:04,423 - root - INFO - database writing complete1
2022-01-27 09:54:04,423 - root - INFO - RunState end: Ramp
2022-01-27 09:54:34,408 - root - DEBUG - Entering PID update with parameters SetPoint:106.23, ProcValue:112.23, IMax:100.00, IMin:0.00,
2022-01-27 09:54:34,408 - root - DEBUG -   Window:30, Kp: 30.000, Ki: 1.000, Kd: 0.600
2022-01-27 09:54:34,408 - root - DEBUG - Exiting PID update with parameters Error:-6.00, ITerm:2.54, DInput:4.10, Output:0.00
2022-01-27 09:54:34,409 - root - DEBUG - RunID 60, Segment 1 (loop 71) - RunState:Ramp,
                       ReadTmp:112.23, RampTmp:106.23, TargetTmp:120.00,
                       Output:0.00, CycleOnSec:0.00, RemainTime:1:05:16
                    
2022-01-27 09:54:34,409 - root - DEBUG - ==>Relay Off
2022-01-27 09:54:34,409 - root - DEBUG - Writing stats to Firing DB table...
2022-01-27 09:54:34,423 - root - INFO - database writing complete1
2022-01-27 09:54:34,423 - root - INFO - RunState end: Ramp
2022-01-27 09:55:04,408 - root - DEBUG - Entering PID update with parameters SetPoint:107.65, ProcValue:115.32, IMax:100.00, IMin:0.00,
2022-01-27 09:55:04,408 - root - DEBUG -   Window:30, Kp: 30.000, Ki: 1.000, Kd: 0.600
2022-01-27 09:55:04,409 - root - DEBUG - Exiting PID update with parameters Error:-7.67, ITerm:0.00, DInput:3.09, Output:0.00
2022-01-27 09:55:04,409 - root - DEBUG - RunID 60, Segment 1 (loop 72) - RunState:Ramp,
                       ReadTmp:115.32, RampTmp:107.65, TargetTmp:120.00,
                       Output:0.00, CycleOnSec:0.00, RemainTime:1:04:46
                    
2022-01-27 09:55:04,409 - root - DEBUG - ==>Relay Off
2022-01-27 09:55:04,409 - root - DEBUG - Writing stats to Firing DB table...
2022-01-27 09:55:04,427 - root - INFO - database writing complete1
2022-01-27 09:55:04,427 - root - INFO - RunState end: Ramp
2022-01-27 09:55:34,409 - root - DEBUG - Entering PID update with parameters SetPoint:109.07, ProcValue:117.51, IMax:100.00, IMin:0.00,
2022-01-27 09:55:34,409 - root - DEBUG -   Window:30, Kp: 30.000, Ki: 1.000, Kd: 0.600
2022-01-27 09:55:34,409 - root - DEBUG - Exiting PID update with parameters Error:-8.44, ITerm:0.00, DInput:2.19, Output:0.00
2022-01-27 09:55:34,409 - root - DEBUG - RunID 60, Segment 1 (loop 73) - RunState:Ramp,
                       ReadTmp:117.51, RampTmp:109.07, TargetTmp:120.00,
                       Output:0.00, CycleOnSec:0.00, RemainTime:1:04:16
                    
2022-01-27 09:55:34,410 - root - DEBUG - ==>Relay Off
2022-01-27 09:55:34,410 - root - DEBUG - Writing stats to Firing DB table...
2022-01-27 09:55:34,425 - root - INFO - database writing complete1
2022-01-27 09:55:34,426 - root - INFO - RunState end: Ramp
2022-01-27 09:56:04,409 - root - DEBUG - Entering PID update with parameters SetPoint:110.48, ProcValue:119.18, IMax:100.00, IMin:0.00,
2022-01-27 09:56:04,409 - root - DEBUG -   Window:30, Kp: 30.000, Ki: 1.000, Kd: 0.600
2022-01-27 09:56:04,409 - root - DEBUG - Exiting PID update with parameters Error:-8.70, ITerm:0.00, DInput:1.67, Output:0.00
2022-01-27 09:56:04,409 - root - DEBUG - RunID 60, Segment 1 (loop 74) - RunState:Ramp,
                       ReadTmp:119.18, RampTmp:110.48, TargetTmp:120.00,
                       Output:0.00, CycleOnSec:0.00, RemainTime:1:03:46
                    
2022-01-27 09:56:04,409 - root - DEBUG - ==>Relay Off
2022-01-27 09:56:04,410 - root - DEBUG - Writing stats to Firing DB table...
2022-01-27 09:56:04,428 - root - INFO - database writing complete1
2022-01-27 09:56:04,429 - root - INFO - RunState end: Ramp
2022-01-27 09:56:34,410 - root - INFO - Set temp reached - End seconds set to 1643302594
2022-01-27 09:56:34,410 - root - DEBUG - Entering PID update with parameters SetPoint:111.90, ProcValue:120.42, IMax:100.00, IMin:0.00,
2022-01-27 09:56:34,411 - root - DEBUG -   Window:30, Kp: 30.000, Ki: 1.000, Kd: 0.600
2022-01-27 09:56:34,411 - root - DEBUG - Exiting PID update with parameters Error:-8.52, ITerm:0.00, DInput:1.24, Output:0.00
2022-01-27 09:56:34,411 - root - DEBUG - RunID 60, Segment 1 (loop 75) - RunState:Target Reached,
                       ReadTmp:120.42, RampTmp:111.90, TargetTmp:120.00,
                       Output:0.00, CycleOnSec:0.00, RemainTime:1:00:00
                    
2022-01-27 09:56:34,412 - root - DEBUG - ==>Relay Off
2022-01-27 09:56:34,413 - root - DEBUG - Writing stats to Firing DB table...
2022-01-27 09:56:34,428 - root - INFO - database writing complete1
2022-01-27 09:56:34,429 - root - INFO - RunState end: Target Reached
2022-01-27 09:57:04,408 - root - DEBUG - Entering PID update with parameters SetPoint:113.32, ProcValue:121.23, IMax:100.00, IMin:0.00,
2022-01-27 09:57:04,409 - root - DEBUG -   Window:30, Kp: 30.000, Ki: 1.000, Kd: 0.600
2022-01-27 09:57:04,409 - root - DEBUG - Exiting PID update with parameters Error:-7.91, ITerm:0.00, DInput:0.80, Output:0.00
2022-01-27 09:57:04,409 - root - DEBUG - RunID 60, Segment 1 (loop 76) - RunState:Target Reached,
                       ReadTmp:121.23, RampTmp:113.32, TargetTmp:120.00,
                       Output:0.00, CycleOnSec:0.00, RemainTime:0:59:30
                    
2022-01-27 09:57:04,409 - root - DEBUG - ==>Relay Off
2022-01-27 09:57:04,410 - root - DEBUG - Writing stats to Firing DB table...
2022-01-27 09:57:04,424 - root - INFO - database writing complete1
2022-01-27 09:57:04,425 - root - INFO - RunState end: Target Reached
2022-01-27 09:57:34,409 - root - DEBUG - Entering PID update with parameters SetPoint:114.73, ProcValue:121.59, IMax:100.00, IMin:0.00,
2022-01-27 09:57:34,409 - root - DEBUG -   Window:30, Kp: 30.000, Ki: 1.000, Kd: 0.600
2022-01-27 09:57:34,409 - root - DEBUG - Exiting PID update with parameters Error:-6.86, ITerm:0.00, DInput:0.37, Output:0.00
2022-01-27 09:57:34,409 - root - DEBUG - RunID 60, Segment 1 (loop 77) - RunState:Target Reached,
                       ReadTmp:121.59, RampTmp:114.73, TargetTmp:120.00,
                       Output:0.00, CycleOnSec:0.00, RemainTime:0:59:00
                    
2022-01-27 09:57:34,410 - root - DEBUG - ==>Relay Off
2022-01-27 09:57:34,410 - root - DEBUG - Writing stats to Firing DB table...
2022-01-27 09:57:34,432 - root - INFO - database writing complete1
2022-01-27 09:57:34,433 - root - INFO - RunState end: Target Reached
2022-01-27 09:58:04,409 - root - DEBUG - Entering PID update with parameters SetPoint:116.15, ProcValue:121.77, IMax:100.00, IMin:0.00,
2022-01-27 09:58:04,409 - root - DEBUG -   Window:30, Kp: 30.000, Ki: 1.000, Kd: 0.600
2022-01-27 09:58:04,409 - root - DEBUG - Exiting PID update with parameters Error:-5.62, ITerm:0.00, DInput:0.18, Output:0.00
2022-01-27 09:58:04,409 - root - DEBUG - RunID 60, Segment 1 (loop 78) - RunState:Target Reached,
                       ReadTmp:121.77, RampTmp:116.15, TargetTmp:120.00,
                       Output:0.00, CycleOnSec:0.00, RemainTime:0:58:30
                    
2022-01-27 09:58:04,410 - root - DEBUG - ==>Relay Off
2022-01-27 09:58:04,411 - root - DEBUG - Writing stats to Firing DB table...
2022-01-27 09:58:04,432 - root - INFO - database writing complete1
2022-01-27 09:58:04,433 - root - INFO - RunState end: Target Reached
2022-01-27 09:58:34,409 - root - DEBUG - Entering PID update with parameters SetPoint:117.57, ProcValue:121.77, IMax:100.00, IMin:0.00,
2022-01-27 09:58:34,410 - root - DEBUG -   Window:30, Kp: 30.000, Ki: 1.000, Kd: 0.600
2022-01-27 09:58:34,410 - root - DEBUG - Exiting PID update with parameters Error:-4.21, ITerm:0.00, DInput:0.00, Output:0.00
2022-01-27 09:58:34,410 - root - DEBUG - RunID 60, Segment 1 (loop 79) - RunState:Target Reached,
                       ReadTmp:121.77, RampTmp:117.57, TargetTmp:120.00,
                       Output:0.00, CycleOnSec:0.00, RemainTime:0:58:00
                    
2022-01-27 09:58:34,410 - root - DEBUG - ==>Relay Off
2022-01-27 09:58:34,411 - root - DEBUG - Writing stats to Firing DB table...
2022-01-27 09:58:34,428 - root - INFO - database writing complete1
2022-01-27 09:58:34,429 - root - INFO - RunState end: Target Reached
2022-01-27 09:59:04,409 - root - DEBUG - Entering PID update with parameters SetPoint:118.98, ProcValue:121.55, IMax:100.00, IMin:0.00,
2022-01-27 09:59:04,409 - root - DEBUG -   Window:30, Kp: 30.000, Ki: 1.000, Kd: 0.600
2022-01-27 09:59:04,409 - root - DEBUG - Exiting PID update with parameters Error:-2.57, ITerm:0.00, DInput:-0.23, Output:0.00
2022-01-27 09:59:04,410 - root - DEBUG - RunID 60, Segment 1 (loop 80) - RunState:Target Reached,
                       ReadTmp:121.55, RampTmp:118.98, TargetTmp:120.00,
                       Output:0.00, CycleOnSec:0.00, RemainTime:0:57:30
                    
2022-01-27 09:59:04,410 - root - DEBUG - ==>Relay Off
2022-01-27 09:59:04,411 - root - DEBUG - Writing stats to Firing DB table...
2022-01-27 09:59:04,425 - root - INFO - database writing complete1
2022-01-27 09:59:04,426 - root - INFO - RunState end: Target Reached
2022-01-27 09:59:34,409 - root - DEBUG - Entering PID update with parameters SetPoint:120.00, ProcValue:121.20, IMax:100.00, IMin:0.00,
2022-01-27 09:59:34,409 - root - DEBUG -   Window:30, Kp: 30.000, Ki: 1.000, Kd: 0.600
2022-01-27 09:59:34,409 - root - DEBUG - Exiting PID update with parameters Error:-1.20, ITerm:0.00, DInput:-0.35, Output:0.00
2022-01-27 09:59:34,409 - root - DEBUG - RunID 60, Segment 1 (loop 81) - RunState:Ramp/Hold,
                       ReadTmp:121.20, RampTmp:120.00, TargetTmp:120.00,
                       Output:0.00, CycleOnSec:0.00, RemainTime:0:57:00
                    
2022-01-27 09:59:34,410 - root - DEBUG - ==>Relay Off
2022-01-27 09:59:34,411 - root - DEBUG - Writing stats to Firing DB table...
2022-01-27 09:59:34,429 - root - INFO - database writing complete1
2022-01-27 09:59:34,430 - root - INFO - RunState end: Ramp/Hold
2022-01-27 10:00:04,408 - root - DEBUG - Entering PID update with parameters SetPoint:120.00, ProcValue:120.60, IMax:100.00, IMin:0.00,
2022-01-27 10:00:04,409 - root - DEBUG -   Window:30, Kp: 30.000, Ki: 1.000, Kd: 0.600
2022-01-27 10:00:04,409 - root - DEBUG - Exiting PID update with parameters Error:-0.60, ITerm:0.00, DInput:-0.59, Output:0.00
2022-01-27 10:00:04,409 - root - DEBUG - RunID 60, Segment 1 (loop 82) - RunState:Ramp/Hold,
                       ReadTmp:120.60, RampTmp:120.00, TargetTmp:120.00,
                       Output:0.00, CycleOnSec:0.00, RemainTime:0:56:30
                    
2022-01-27 10:00:04,409 - root - DEBUG - ==>Relay Off
2022-01-27 10:00:04,410 - root - DEBUG - Writing stats to Firing DB table...
2022-01-27 10:00:04,424 - root - INFO - database writing complete1
2022-01-27 10:00:04,424 - root - INFO - RunState end: Ramp/Hold
2022-01-27 10:00:34,408 - root - DEBUG - Entering PID update with parameters SetPoint:120.00, ProcValue:119.94, IMax:100.00, IMin:0.00,
2022-01-27 10:00:34,409 - root - DEBUG -   Window:30, Kp: 30.000, Ki: 1.000, Kd: 0.600
2022-01-27 10:00:34,409 - root - DEBUG - Exiting PID update with parameters Error:0.06, ITerm:0.06, DInput:-0.66, Output:2.34
2022-01-27 10:00:34,409 - root - DEBUG - RunID 60, Segment 1 (loop 83) - RunState:Ramp/Hold,
                       ReadTmp:119.94, RampTmp:120.00, TargetTmp:120.00,
                       Output:2.34, CycleOnSec:0.70, RemainTime:0:56:00
                    
2022-01-27 10:00:34,409 - root - DEBUG - ==>Relay On
2022-01-27 10:00:35,111 - root - DEBUG - ==>Relay Off
2022-01-27 10:00:35,112 - root - DEBUG - Writing stats to Firing DB table...
2022-01-27 10:00:35,131 - root - INFO - database writing complete1
2022-01-27 10:00:35,132 - root - INFO - RunState end: Ramp/Hold
2022-01-27 10:01:04,408 - root - DEBUG - Entering PID update with parameters SetPoint:120.00, ProcValue:119.21, IMax:100.00, IMin:0.00,
2022-01-27 10:01:04,409 - root - DEBUG -   Window:30, Kp: 30.000, Ki: 1.000, Kd: 0.600
2022-01-27 10:01:04,409 - root - DEBUG - Exiting PID update with parameters Error:0.79, ITerm:0.85, DInput:-0.73, Output:24.96
2022-01-27 10:01:04,409 - root - DEBUG - RunID 60, Segment 1 (loop 84) - RunState:Ramp/Hold,
                       ReadTmp:119.21, RampTmp:120.00, TargetTmp:120.00,
                       Output:24.96, CycleOnSec:7.49, RemainTime:0:55:30
                    
2022-01-27 10:01:04,409 - root - DEBUG - ==>Relay On
2022-01-27 10:01:11,905 - root - DEBUG - ==>Relay Off
2022-01-27 10:01:11,906 - root - DEBUG - Writing stats to Firing DB table...
2022-01-27 10:01:11,921 - root - INFO - database writing complete1
2022-01-27 10:01:11,922 - root - INFO - RunState end: Ramp/Hold
2022-01-27 10:01:34,408 - root - DEBUG - Entering PID update with parameters SetPoint:120.00, ProcValue:118.67, IMax:100.00, IMin:0.00,
2022-01-27 10:01:34,408 - root - DEBUG -   Window:30, Kp: 30.000, Ki: 1.000, Kd: 0.600
2022-01-27 10:01:34,409 - root - DEBUG - Exiting PID update with parameters Error:1.33, ITerm:2.18, DInput:-0.54, Output:42.35
2022-01-27 10:01:34,409 - root - DEBUG - RunID 60, Segment 1 (loop 85) - RunState:Ramp/Hold,
                       ReadTmp:118.67, RampTmp:120.00, TargetTmp:120.00,
                       Output:42.35, CycleOnSec:12.70, RemainTime:0:55:00
                    
2022-01-27 10:01:34,409 - root - DEBUG - ==>Relay On
2022-01-27 10:01:47,126 - root - DEBUG - ==>Relay Off
2022-01-27 10:01:47,127 - root - DEBUG - Writing stats to Firing DB table...
2022-01-27 10:01:47,145 - root - INFO - database writing complete1
2022-01-27 10:01:47,146 - root - INFO - RunState end: Ramp/Hold
2022-01-27 10:02:04,410 - root - DEBUG - Entering PID update with parameters SetPoint:120.00, ProcValue:118.23, IMax:100.00, IMin:0.00,
2022-01-27 10:02:04,410 - root - DEBUG -   Window:30, Kp: 30.000, Ki: 1.000, Kd: 0.600
2022-01-27 10:02:04,410 - root - DEBUG - Exiting PID update with parameters Error:1.77, ITerm:3.95, DInput:-0.45, Output:57.42
2022-01-27 10:02:04,410 - root - DEBUG - RunID 60, Segment 1 (loop 86) - RunState:Ramp/Hold,
                       ReadTmp:118.23, RampTmp:120.00, TargetTmp:120.00,
                       Output:57.42, CycleOnSec:17.23, RemainTime:0:54:30
                    
2022-01-27 10:02:04,410 - root - DEBUG - ==>Relay On
2022-01-27 10:02:21,655 - root - DEBUG - ==>Relay Off
2022-01-27 10:02:21,656 - root - DEBUG - Writing stats to Firing DB table...
2022-01-27 10:02:21,676 - root - INFO - database writing complete1
2022-01-27 10:02:21,677 - root - INFO - RunState end: Ramp/Hold
2022-01-27 10:02:34,408 - root - DEBUG - Entering PID update with parameters SetPoint:120.00, ProcValue:118.59, IMax:100.00, IMin:0.00,
2022-01-27 10:02:34,408 - root - DEBUG -   Window:30, Kp: 30.000, Ki: 1.000, Kd: 0.600
2022-01-27 10:02:34,409 - root - DEBUG - Exiting PID update with parameters Error:1.41, ITerm:5.36, DInput:0.37, Output:47.33
2022-01-27 10:02:34,409 - root - DEBUG - RunID 60, Segment 1 (loop 87) - RunState:Ramp/Hold,
                       ReadTmp:118.59, RampTmp:120.00, TargetTmp:120.00,
                       Output:47.33, CycleOnSec:14.20, RemainTime:0:54:00
                    
2022-01-27 10:02:34,409 - root - DEBUG - ==>Relay On
2022-01-27 10:02:48,621 - root - DEBUG - ==>Relay Off
2022-01-27 10:02:48,623 - root - DEBUG - Writing stats to Firing DB table...
2022-01-27 10:02:48,639 - root - INFO - database writing complete1
2022-01-27 10:02:48,640 - root - INFO - RunState end: Ramp/Hold
2022-01-27 10:03:04,409 - root - DEBUG - Entering PID update with parameters SetPoint:120.00, ProcValue:120.02, IMax:100.00, IMin:0.00,
2022-01-27 10:03:04,409 - root - DEBUG -   Window:30, Kp: 30.000, Ki: 1.000, Kd: 0.600
2022-01-27 10:03:04,409 - root - DEBUG - Exiting PID update with parameters Error:-0.02, ITerm:5.34, DInput:1.42, Output:4.02
2022-01-27 10:03:04,409 - root - DEBUG - RunID 60, Segment 1 (loop 88) - RunState:Ramp/Hold,
                       ReadTmp:120.02, RampTmp:120.00, TargetTmp:120.00,
                       Output:4.02, CycleOnSec:1.21, RemainTime:0:53:30
                    
2022-01-27 10:03:04,409 - root - DEBUG - ==>Relay On
2022-01-27 10:03:05,618 - root - DEBUG - ==>Relay Off
2022-01-27 10:03:05,619 - root - DEBUG - Writing stats to Firing DB table...
2022-01-27 10:03:05,681 - root - INFO - database writing complete1
2022-01-27 10:03:05,681 - root - INFO - RunState end: Ramp/Hold
2022-01-27 10:03:34,409 - root - DEBUG - Entering PID update with parameters SetPoint:120.00, ProcValue:121.31, IMax:100.00, IMin:0.00,
2022-01-27 10:03:34,409 - root - DEBUG -   Window:30, Kp: 30.000, Ki: 1.000, Kd: 0.600
2022-01-27 10:03:34,409 - root - DEBUG - Exiting PID update with parameters Error:-1.31, ITerm:4.03, DInput:1.30, Output:0.00
2022-01-27 10:03:34,409 - root - DEBUG - RunID 60, Segment 1 (loop 89) - RunState:Ramp/Hold,
                       ReadTmp:121.31, RampTmp:120.00, TargetTmp:120.00,
                       Output:0.00, CycleOnSec:0.00, RemainTime:0:53:00
                    
2022-01-27 10:03:34,410 - root - DEBUG - ==>Relay Off
2022-01-27 10:03:34,411 - root - DEBUG - Writing stats to Firing DB table...
2022-01-27 10:03:34,426 - root - INFO - database writing complete1
2022-01-27 10:03:34,427 - root - INFO - RunState end: Ramp/Hold
2022-01-27 10:04:04,408 - root - DEBUG - Entering PID update with parameters SetPoint:120.00, ProcValue:122.47, IMax:100.00, IMin:0.00,
2022-01-27 10:04:04,408 - root - DEBUG -   Window:30, Kp: 30.000, Ki: 1.000, Kd: 0.600
2022-01-27 10:04:04,409 - root - DEBUG - Exiting PID update with parameters Error:-2.47, ITerm:1.56, DInput:1.16, Output:0.00
2022-01-27 10:04:04,409 - root - DEBUG - RunID 60, Segment 1 (loop 90) - RunState:Ramp/Hold,
                       ReadTmp:122.47, RampTmp:120.00, TargetTmp:120.00,
                       Output:0.00, CycleOnSec:0.00, RemainTime:0:52:30
                    
2022-01-27 10:04:04,409 - root - DEBUG - ==>Relay Off
2022-01-27 10:04:04,410 - root - DEBUG - Writing stats to Firing DB table...
2022-01-27 10:04:04,423 - root - INFO - database writing complete1
2022-01-27 10:04:04,424 - root - INFO - RunState end: Ramp/Hold
2022-01-27 10:04:34,409 - root - DEBUG - Entering PID update with parameters SetPoint:120.00, ProcValue:123.24, IMax:100.00, IMin:0.00,
2022-01-27 10:04:34,410 - root - DEBUG -   Window:30, Kp: 30.000, Ki: 1.000, Kd: 0.600
2022-01-27 10:04:34,410 - root - DEBUG - Exiting PID update with parameters Error:-3.24, ITerm:0.00, DInput:0.77, Output:0.00
2022-01-27 10:04:34,410 - root - DEBUG - RunID 60, Segment 1 (loop 91) - RunState:Ramp/Hold,
                       ReadTmp:123.24, RampTmp:120.00, TargetTmp:120.00,
                       Output:0.00, CycleOnSec:0.00, RemainTime:0:52:00
                    
2022-01-27 10:04:34,410 - root - DEBUG - ==>Relay Off
2022-01-27 10:04:34,411 - root - DEBUG - Writing stats to Firing DB table...
2022-01-27 10:04:34,429 - root - INFO - database writing complete1
2022-01-27 10:04:34,430 - root - INFO - RunState end: Ramp/Hold
2022-01-27 10:05:04,408 - root - DEBUG - Entering PID update with parameters SetPoint:120.00, ProcValue:123.87, IMax:100.00, IMin:0.00,
2022-01-27 10:05:04,409 - root - DEBUG -   Window:30, Kp: 30.000, Ki: 1.000, Kd: 0.600
2022-01-27 10:05:04,409 - root - DEBUG - Exiting PID update with parameters Error:-3.87, ITerm:0.00, DInput:0.62, Output:0.00
2022-01-27 10:05:04,409 - root - DEBUG - RunID 60, Segment 1 (loop 92) - RunState:Ramp/Hold,
                       ReadTmp:123.87, RampTmp:120.00, TargetTmp:120.00,
                       Output:0.00, CycleOnSec:0.00, RemainTime:0:51:30
                    
2022-01-27 10:05:04,409 - root - DEBUG - ==>Relay Off
2022-01-27 10:05:04,410 - root - DEBUG - Writing stats to Firing DB table...
2022-01-27 10:05:04,426 - root - INFO - database writing complete1
2022-01-27 10:05:04,427 - root - INFO - RunState end: Ramp/Hold
2022-01-27 10:05:34,409 - root - DEBUG - Entering PID update with parameters SetPoint:120.00, ProcValue:124.24, IMax:100.00, IMin:0.00,
2022-01-27 10:05:34,409 - root - DEBUG -   Window:30, Kp: 30.000, Ki: 1.000, Kd: 0.600
2022-01-27 10:05:34,409 - root - DEBUG - Exiting PID update with parameters Error:-4.24, ITerm:0.00, DInput:0.38, Output:0.00
2022-01-27 10:05:34,410 - root - DEBUG - RunID 60, Segment 1 (loop 93) - RunState:Ramp/Hold,
                       ReadTmp:124.24, RampTmp:120.00, TargetTmp:120.00,
                       Output:0.00, CycleOnSec:0.00, RemainTime:0:51:00
                    
2022-01-27 10:05:34,410 - root - DEBUG - ==>Relay Off
2022-01-27 10:05:34,411 - root - DEBUG - Writing stats to Firing DB table...
2022-01-27 10:05:34,429 - root - INFO - database writing complete1
2022-01-27 10:05:34,430 - root - INFO - RunState end: Ramp/Hold
2022-01-27 10:06:04,408 - root - DEBUG - Entering PID update with parameters SetPoint:120.00, ProcValue:124.32, IMax:100.00, IMin:0.00,
2022-01-27 10:06:04,408 - root - DEBUG -   Window:30, Kp: 30.000, Ki: 1.000, Kd: 0.600
2022-01-27 10:06:04,409 - root - DEBUG - Exiting PID update with parameters Error:-4.32, ITerm:0.00, DInput:0.08, Output:0.00
2022-01-27 10:06:04,409 - root - DEBUG - RunID 60, Segment 1 (loop 94) - RunState:Ramp/Hold,
                       ReadTmp:124.32, RampTmp:120.00, TargetTmp:120.00,
                       Output:0.00, CycleOnSec:0.00, RemainTime:0:50:30
                    
2022-01-27 10:06:04,409 - root - DEBUG - ==>Relay Off
2022-01-27 10:06:04,410 - root - DEBUG - Writing stats to Firing DB table...
2022-01-27 10:06:04,425 - root - INFO - database writing complete1
2022-01-27 10:06:04,426 - root - INFO - RunState end: Ramp/Hold
2022-01-27 10:06:34,409 - root - DEBUG - Entering PID update with parameters SetPoint:120.00, ProcValue:124.39, IMax:100.00, IMin:0.00,
2022-01-27 10:06:34,409 - root - DEBUG -   Window:30, Kp: 30.000, Ki: 1.000, Kd: 0.600
2022-01-27 10:06:34,409 - root - DEBUG - Exiting PID update with parameters Error:-4.39, ITerm:0.00, DInput:0.07, Output:0.00
2022-01-27 10:06:34,409 - root - DEBUG - RunID 60, Segment 1 (loop 95) - RunState:Ramp/Hold,
                       ReadTmp:124.39, RampTmp:120.00, TargetTmp:120.00,
                       Output:0.00, CycleOnSec:0.00, RemainTime:0:50:00
                    
2022-01-27 10:06:34,409 - root - DEBUG - ==>Relay Off
2022-01-27 10:06:34,410 - root - DEBUG - Writing stats to Firing DB table...
2022-01-27 10:06:34,427 - root - INFO - database writing complete1
2022-01-27 10:06:34,428 - root - INFO - RunState end: Ramp/Hold
2022-01-27 10:07:04,408 - root - DEBUG - Entering PID update with parameters SetPoint:120.00, ProcValue:124.12, IMax:100.00, IMin:0.00,
2022-01-27 10:07:04,408 - root - DEBUG -   Window:30, Kp: 30.000, Ki: 1.000, Kd: 0.600
2022-01-27 10:07:04,408 - root - DEBUG - Exiting PID update with parameters Error:-4.12, ITerm:0.00, DInput:-0.27, Output:0.00
2022-01-27 10:07:04,409 - root - DEBUG - RunID 60, Segment 1 (loop 96) - RunState:Ramp/Hold,
                       ReadTmp:124.12, RampTmp:120.00, TargetTmp:120.00,
                       Output:0.00, CycleOnSec:0.00, RemainTime:0:49:30
                    
2022-01-27 10:07:04,409 - root - DEBUG - ==>Relay Off
2022-01-27 10:07:04,410 - root - DEBUG - Writing stats to Firing DB table...
2022-01-27 10:07:04,425 - root - INFO - database writing complete1
2022-01-27 10:07:04,425 - root - INFO - RunState end: Ramp/Hold
2022-01-27 10:07:34,409 - root - DEBUG - Entering PID update with parameters SetPoint:120.00, ProcValue:123.86, IMax:100.00, IMin:0.00,
2022-01-27 10:07:34,409 - root - DEBUG -   Window:30, Kp: 30.000, Ki: 1.000, Kd: 0.600
2022-01-27 10:07:34,409 - root - DEBUG - Exiting PID update with parameters Error:-3.86, ITerm:0.00, DInput:-0.26, Output:0.00
2022-01-27 10:07:34,409 - root - DEBUG - RunID 60, Segment 1 (loop 97) - RunState:Ramp/Hold,
                       ReadTmp:123.86, RampTmp:120.00, TargetTmp:120.00,
                       Output:0.00, CycleOnSec:0.00, RemainTime:0:49:00
                    
2022-01-27 10:07:34,409 - root - DEBUG - ==>Relay Off
2022-01-27 10:07:34,410 - root - DEBUG - Writing stats to Firing DB table...
2022-01-27 10:07:34,428 - root - INFO - database writing complete1
2022-01-27 10:07:34,428 - root - INFO - RunState end: Ramp/Hold
2022-01-27 10:08:04,408 - root - DEBUG - Entering PID update with parameters SetPoint:120.00, ProcValue:123.33, IMax:100.00, IMin:0.00,
2022-01-27 10:08:04,408 - root - DEBUG -   Window:30, Kp: 30.000, Ki: 1.000, Kd: 0.600
2022-01-27 10:08:04,409 - root - DEBUG - Exiting PID update with parameters Error:-3.33, ITerm:0.00, DInput:-0.53, Output:0.00
2022-01-27 10:08:04,409 - root - DEBUG - RunID 60, Segment 1 (loop 98) - RunState:Ramp/Hold,
                       ReadTmp:123.33, RampTmp:120.00, TargetTmp:120.00,
                       Output:0.00, CycleOnSec:0.00, RemainTime:0:48:30
                    
2022-01-27 10:08:04,409 - root - DEBUG - ==>Relay Off
2022-01-27 10:08:04,410 - root - DEBUG - Writing stats to Firing DB table...
2022-01-27 10:08:04,424 - root - INFO - database writing complete1
2022-01-27 10:08:04,425 - root - INFO - RunState end: Ramp/Hold
2022-01-27 10:08:34,409 - root - DEBUG - Entering PID update with parameters SetPoint:120.00, ProcValue:122.80, IMax:100.00, IMin:0.00,
2022-01-27 10:08:34,409 - root - DEBUG -   Window:30, Kp: 30.000, Ki: 1.000, Kd: 0.600
2022-01-27 10:08:34,409 - root - DEBUG - Exiting PID update with parameters Error:-2.80, ITerm:0.00, DInput:-0.52, Output:0.00
2022-01-27 10:08:34,409 - root - DEBUG - RunID 60, Segment 1 (loop 99) - RunState:Ramp/Hold,
                       ReadTmp:122.80, RampTmp:120.00, TargetTmp:120.00,
                       Output:0.00, CycleOnSec:0.00, RemainTime:0:48:00
                    
2022-01-27 10:08:34,410 - root - DEBUG - ==>Relay Off
2022-01-27 10:08:34,410 - root - DEBUG - Writing stats to Firing DB table...
2022-01-27 10:08:34,425 - root - INFO - database writing complete1
2022-01-27 10:08:34,426 - root - INFO - RunState end: Ramp/Hold
2022-01-27 10:09:04,409 - root - DEBUG - Entering PID update with parameters SetPoint:120.00, ProcValue:122.22, IMax:100.00, IMin:0.00,
2022-01-27 10:09:04,409 - root - DEBUG -   Window:30, Kp: 30.000, Ki: 1.000, Kd: 0.600
2022-01-27 10:09:04,409 - root - DEBUG - Exiting PID update with parameters Error:-2.22, ITerm:0.00, DInput:-0.59, Output:0.00
2022-01-27 10:09:04,409 - root - DEBUG - RunID 60, Segment 1 (loop 100) - RunState:Ramp/Hold,
                       ReadTmp:122.22, RampTmp:120.00, TargetTmp:120.00,
                       Output:0.00, CycleOnSec:0.00, RemainTime:0:47:30
                    
2022-01-27 10:09:04,409 - root - DEBUG - ==>Relay Off
2022-01-27 10:09:04,410 - root - DEBUG - Writing stats to Firing DB table...
2022-01-27 10:09:04,422 - root - INFO - database writing complete1
2022-01-27 10:09:04,422 - root - INFO - RunState end: Ramp/Hold
2022-01-27 10:09:34,409 - root - DEBUG - Entering PID update with parameters SetPoint:120.00, ProcValue:121.53, IMax:100.00, IMin:0.00,
2022-01-27 10:09:34,409 - root - DEBUG -   Window:30, Kp: 30.000, Ki: 1.000, Kd: 0.600
2022-01-27 10:09:34,410 - root - DEBUG - Exiting PID update with parameters Error:-1.53, ITerm:0.00, DInput:-0.69, Output:0.00
2022-01-27 10:09:34,410 - root - DEBUG - RunID 60, Segment 1 (loop 101) - RunState:Ramp/Hold,
                       ReadTmp:121.53, RampTmp:120.00, TargetTmp:120.00,
                       Output:0.00, CycleOnSec:0.00, RemainTime:0:47:00
                    
2022-01-27 10:09:34,410 - root - DEBUG - ==>Relay Off
2022-01-27 10:09:34,411 - root - DEBUG - Writing stats to Firing DB table...
2022-01-27 10:09:34,426 - root - INFO - database writing complete1
2022-01-27 10:09:34,427 - root - INFO - RunState end: Ramp/Hold
2022-01-27 10:10:04,408 - root - DEBUG - Entering PID update with parameters SetPoint:120.00, ProcValue:120.80, IMax:100.00, IMin:0.00,
2022-01-27 10:10:04,409 - root - DEBUG -   Window:30, Kp: 30.000, Ki: 1.000, Kd: 0.600
2022-01-27 10:10:04,409 - root - DEBUG - Exiting PID update with parameters Error:-0.80, ITerm:0.00, DInput:-0.73, Output:0.00
2022-01-27 10:10:04,409 - root - DEBUG - RunID 60, Segment 1 (loop 102) - RunState:Ramp/Hold,
                       ReadTmp:120.80, RampTmp:120.00, TargetTmp:120.00,
                       Output:0.00, CycleOnSec:0.00, RemainTime:0:46:30
                    
2022-01-27 10:10:04,409 - root - DEBUG - ==>Relay Off
2022-01-27 10:10:04,410 - root - DEBUG - Writing stats to Firing DB table...
2022-01-27 10:10:04,424 - root - INFO - database writing complete1
2022-01-27 10:10:04,425 - root - INFO - RunState end: Ramp/Hold
2022-01-27 10:10:34,408 - root - DEBUG - Entering PID update with parameters SetPoint:120.00, ProcValue:119.99, IMax:100.00, IMin:0.00,
2022-01-27 10:10:34,408 - root - DEBUG -   Window:30, Kp: 30.000, Ki: 1.000, Kd: 0.600
2022-01-27 10:10:34,409 - root - DEBUG - Exiting PID update with parameters Error:0.01, ITerm:0.01, DInput:-0.81, Output:0.73
2022-01-27 10:10:34,409 - root - DEBUG - RunID 60, Segment 1 (loop 103) - RunState:Ramp/Hold,
                       ReadTmp:119.99, RampTmp:120.00, TargetTmp:120.00,
                       Output:0.73, CycleOnSec:0.22, RemainTime:0:46:00
                    
2022-01-27 10:10:34,409 - root - DEBUG - ==>Relay On
2022-01-27 10:10:34,628 - root - DEBUG - ==>Relay Off
2022-01-27 10:10:34,629 - root - DEBUG - Writing stats to Firing DB table...
2022-01-27 10:10:34,642 - root - INFO - database writing complete1
2022-01-27 10:10:34,642 - root - INFO - RunState end: Ramp/Hold
2022-01-27 10:11:04,408 - root - DEBUG - Entering PID update with parameters SetPoint:120.00, ProcValue:119.20, IMax:100.00, IMin:0.00,
2022-01-27 10:11:04,408 - root - DEBUG -   Window:30, Kp: 30.000, Ki: 1.000, Kd: 0.600
2022-01-27 10:11:04,408 - root - DEBUG - Exiting PID update with parameters Error:0.80, ITerm:0.80, DInput:-0.79, Output:25.18
2022-01-27 10:11:04,409 - root - DEBUG - RunID 60, Segment 1 (loop 104) - RunState:Ramp/Hold,
                       ReadTmp:119.20, RampTmp:120.00, TargetTmp:120.00,
                       Output:25.18, CycleOnSec:7.56, RemainTime:0:45:30
                    
2022-01-27 10:11:04,409 - root - DEBUG - ==>Relay On
2022-01-27 10:11:11,972 - root - DEBUG - ==>Relay Off
2022-01-27 10:11:11,972 - root - DEBUG - Writing stats to Firing DB table...
2022-01-27 10:11:11,984 - root - INFO - database writing complete1
2022-01-27 10:11:11,984 - root - INFO - RunState end: Ramp/Hold
2022-01-27 10:11:34,409 - root - DEBUG - Entering PID update with parameters SetPoint:120.00, ProcValue:118.45, IMax:100.00, IMin:0.00,
2022-01-27 10:11:34,409 - root - DEBUG -   Window:30, Kp: 30.000, Ki: 1.000, Kd: 0.600
2022-01-27 10:11:34,409 - root - DEBUG - Exiting PID update with parameters Error:1.55, ITerm:2.35, DInput:-0.75, Output:49.21
2022-01-27 10:11:34,410 - root - DEBUG - RunID 60, Segment 1 (loop 105) - RunState:Ramp/Hold,
                       ReadTmp:118.45, RampTmp:120.00, TargetTmp:120.00,
                       Output:49.21, CycleOnSec:14.76, RemainTime:0:45:00
                    
2022-01-27 10:11:34,410 - root - DEBUG - ==>Relay On
2022-01-27 10:11:49,187 - root - DEBUG - ==>Relay Off
2022-01-27 10:11:49,189 - root - DEBUG - Writing stats to Firing DB table...
2022-01-27 10:11:49,203 - root - INFO - database writing complete1
2022-01-27 10:11:49,203 - root - INFO - RunState end: Ramp/Hold
2022-01-27 10:12:04,408 - root - DEBUG - Entering PID update with parameters SetPoint:120.00, ProcValue:118.06, IMax:100.00, IMin:0.00,
2022-01-27 10:12:04,408 - root - DEBUG -   Window:30, Kp: 30.000, Ki: 1.000, Kd: 0.600
2022-01-27 10:12:04,409 - root - DEBUG - Exiting PID update with parameters Error:1.94, ITerm:4.29, DInput:-0.39, Output:62.65
2022-01-27 10:12:04,409 - root - DEBUG - RunID 60, Segment 1 (loop 106) - RunState:Ramp/Hold,
                       ReadTmp:118.06, RampTmp:120.00, TargetTmp:120.00,
                       Output:62.65, CycleOnSec:18.79, RemainTime:0:44:30
                    
2022-01-27 10:12:04,409 - root - DEBUG - ==>Relay On
2022-01-27 10:12:23,222 - root - DEBUG - ==>Relay Off
2022-01-27 10:12:23,224 - root - DEBUG - Writing stats to Firing DB table...
2022-01-27 10:12:23,236 - root - INFO - database writing complete1
2022-01-27 10:12:23,237 - root - INFO - RunState end: Ramp/Hold
2022-01-27 10:12:34,408 - root - DEBUG - Entering PID update with parameters SetPoint:120.00, ProcValue:118.59, IMax:100.00, IMin:0.00,
2022-01-27 10:12:34,408 - root - DEBUG -   Window:30, Kp: 30.000, Ki: 1.000, Kd: 0.600
2022-01-27 10:12:34,409 - root - DEBUG - Exiting PID update with parameters Error:1.41, ITerm:5.70, DInput:0.53, Output:47.56
2022-01-27 10:12:34,409 - root - DEBUG - RunID 60, Segment 1 (loop 107) - RunState:Ramp/Hold,
                       ReadTmp:118.59, RampTmp:120.00, TargetTmp:120.00,
                       Output:47.56, CycleOnSec:14.27, RemainTime:0:44:00
                    
2022-01-27 10:12:34,409 - root - DEBUG - ==>Relay On
2022-01-27 10:12:48,693 - root - DEBUG - ==>Relay Off
2022-01-27 10:12:48,694 - root - DEBUG - Writing stats to Firing DB table...
2022-01-27 10:12:48,708 - root - INFO - database writing complete1
2022-01-27 10:12:48,708 - root - INFO - RunState end: Ramp/Hold
2022-01-27 10:13:04,408 - root - DEBUG - Entering PID update with parameters SetPoint:120.00, ProcValue:120.20, IMax:100.00, IMin:0.00,
2022-01-27 10:13:04,408 - root - DEBUG -   Window:30, Kp: 30.000, Ki: 1.000, Kd: 0.600
2022-01-27 10:13:04,408 - root - DEBUG - Exiting PID update with parameters Error:-0.20, ITerm:5.50, DInput:1.60, Output:0.00
2022-01-27 10:13:04,409 - root - DEBUG - RunID 60, Segment 1 (loop 108) - RunState:Ramp/Hold,
                       ReadTmp:120.20, RampTmp:120.00, TargetTmp:120.00,
                       Output:0.00, CycleOnSec:0.00, RemainTime:0:43:30
                    
2022-01-27 10:13:04,409 - root - DEBUG - ==>Relay Off
2022-01-27 10:13:04,409 - root - DEBUG - Writing stats to Firing DB table...
2022-01-27 10:13:04,421 - root - INFO - database writing complete1
2022-01-27 10:13:04,421 - root - INFO - RunState end: Ramp/Hold
2022-01-27 10:13:34,409 - root - DEBUG - Entering PID update with parameters SetPoint:120.00, ProcValue:121.73, IMax:100.00, IMin:0.00,
2022-01-27 10:13:34,409 - root - DEBUG -   Window:30, Kp: 30.000, Ki: 1.000, Kd: 0.600
2022-01-27 10:13:34,409 - root - DEBUG - Exiting PID update with parameters Error:-1.73, ITerm:3.77, DInput:1.53, Output:0.00
2022-01-27 10:13:34,410 - root - DEBUG - RunID 60, Segment 1 (loop 109) - RunState:Ramp/Hold,
                       ReadTmp:121.73, RampTmp:120.00, TargetTmp:120.00,
                       Output:0.00, CycleOnSec:0.00, RemainTime:0:43:00
                    
2022-01-27 10:13:34,410 - root - DEBUG - ==>Relay Off
2022-01-27 10:13:34,411 - root - DEBUG - Writing stats to Firing DB table...
2022-01-27 10:13:34,441 - root - INFO - database writing complete1
2022-01-27 10:13:34,441 - root - INFO - RunState end: Ramp/Hold
2022-01-27 10:14:04,408 - root - DEBUG - Entering PID update with parameters SetPoint:120.00, ProcValue:122.98, IMax:100.00, IMin:0.00,
2022-01-27 10:14:04,409 - root - DEBUG -   Window:30, Kp: 30.000, Ki: 1.000, Kd: 0.600
2022-01-27 10:14:04,409 - root - DEBUG - Exiting PID update with parameters Error:-2.98, ITerm:0.79, DInput:1.26, Output:0.00
2022-01-27 10:14:04,409 - root - DEBUG - RunID 60, Segment 1 (loop 110) - RunState:Ramp/Hold,
                       ReadTmp:122.98, RampTmp:120.00, TargetTmp:120.00,
                       Output:0.00, CycleOnSec:0.00, RemainTime:0:42:30
                    
2022-01-27 10:14:04,409 - root - DEBUG - ==>Relay Off
2022-01-27 10:14:04,410 - root - DEBUG - Writing stats to Firing DB table...
2022-01-27 10:14:04,437 - root - INFO - database writing complete1
2022-01-27 10:14:04,437 - root - INFO - RunState end: Ramp/Hold
2022-01-27 10:14:34,409 - root - DEBUG - Entering PID update with parameters SetPoint:120.00, ProcValue:123.92, IMax:100.00, IMin:0.00,
2022-01-27 10:14:34,409 - root - DEBUG -   Window:30, Kp: 30.000, Ki: 1.000, Kd: 0.600
2022-01-27 10:14:34,409 - root - DEBUG - Exiting PID update with parameters Error:-3.92, ITerm:0.00, DInput:0.94, Output:0.00
2022-01-27 10:14:34,409 - root - DEBUG - RunID 60, Segment 1 (loop 111) - RunState:Ramp/Hold,
                       ReadTmp:123.92, RampTmp:120.00, TargetTmp:120.00,
                       Output:0.00, CycleOnSec:0.00, RemainTime:0:42:00
                    
2022-01-27 10:14:34,410 - root - DEBUG - ==>Relay Off
2022-01-27 10:14:34,410 - root - DEBUG - Writing stats to Firing DB table...
2022-01-27 10:14:34,425 - root - INFO - database writing complete1
2022-01-27 10:14:34,425 - root - INFO - RunState end: Ramp/Hold
2022-01-27 10:15:04,409 - root - DEBUG - Entering PID update with parameters SetPoint:120.00, ProcValue:124.66, IMax:100.00, IMin:0.00,
2022-01-27 10:15:04,409 - root - DEBUG -   Window:30, Kp: 30.000, Ki: 1.000, Kd: 0.600
2022-01-27 10:15:04,409 - root - DEBUG - Exiting PID update with parameters Error:-4.66, ITerm:0.00, DInput:0.73, Output:0.00
2022-01-27 10:15:04,409 - root - DEBUG - RunID 60, Segment 1 (loop 112) - RunState:Ramp/Hold,
                       ReadTmp:124.66, RampTmp:120.00, TargetTmp:120.00,
                       Output:0.00, CycleOnSec:0.00, RemainTime:0:41:30
                    
2022-01-27 10:15:04,410 - root - DEBUG - ==>Relay Off
2022-01-27 10:15:04,410 - root - DEBUG - Writing stats to Firing DB table...
2022-01-27 10:15:04,430 - root - INFO - database writing complete1
2022-01-27 10:15:04,430 - root - INFO - RunState end: Ramp/Hold
2022-01-27 10:15:34,408 - root - DEBUG - Entering PID update with parameters SetPoint:120.00, ProcValue:125.12, IMax:100.00, IMin:0.00,
2022-01-27 10:15:34,408 - root - DEBUG -   Window:30, Kp: 30.000, Ki: 1.000, Kd: 0.600
2022-01-27 10:15:34,409 - root - DEBUG - Exiting PID update with parameters Error:-5.12, ITerm:0.00, DInput:0.47, Output:0.00
2022-01-27 10:15:34,409 - root - DEBUG - RunID 60, Segment 1 (loop 113) - RunState:Ramp/Hold,
                       ReadTmp:125.12, RampTmp:120.00, TargetTmp:120.00,
                       Output:0.00, CycleOnSec:0.00, RemainTime:0:41:00
                    
2022-01-27 10:15:34,409 - root - DEBUG - ==>Relay Off
2022-01-27 10:15:34,410 - root - DEBUG - Writing stats to Firing DB table...
2022-01-27 10:15:34,424 - root - INFO - database writing complete1
2022-01-27 10:15:34,425 - root - INFO - RunState end: Ramp/Hold
2022-01-27 10:16:04,409 - root - DEBUG - Entering PID update with parameters SetPoint:120.00, ProcValue:125.42, IMax:100.00, IMin:0.00,
2022-01-27 10:16:04,410 - root - DEBUG -   Window:30, Kp: 30.000, Ki: 1.000, Kd: 0.600
2022-01-27 10:16:04,410 - root - DEBUG - Exiting PID update with parameters Error:-5.42, ITerm:0.00, DInput:0.30, Output:0.00
2022-01-27 10:16:04,410 - root - DEBUG - RunID 60, Segment 1 (loop 114) - RunState:Ramp/Hold,
                       ReadTmp:125.42, RampTmp:120.00, TargetTmp:120.00,
                       Output:0.00, CycleOnSec:0.00, RemainTime:0:40:30
                    
2022-01-27 10:16:04,410 - root - DEBUG - ==>Relay Off
2022-01-27 10:16:04,411 - root - DEBUG - Writing stats to Firing DB table...
2022-01-27 10:16:04,431 - root - INFO - database writing complete1
2022-01-27 10:16:04,431 - root - INFO - RunState end: Ramp/Hold
2022-01-27 10:16:34,409 - root - DEBUG - Entering PID update with parameters SetPoint:120.00, ProcValue:125.55, IMax:100.00, IMin:0.00,
2022-01-27 10:16:34,409 - root - DEBUG -   Window:30, Kp: 30.000, Ki: 1.000, Kd: 0.600
2022-01-27 10:16:34,409 - root - DEBUG - Exiting PID update with parameters Error:-5.55, ITerm:0.00, DInput:0.12, Output:0.00
2022-01-27 10:16:34,410 - root - DEBUG - RunID 60, Segment 1 (loop 115) - RunState:Ramp/Hold,
                       ReadTmp:125.55, RampTmp:120.00, TargetTmp:120.00,
                       Output:0.00, CycleOnSec:0.00, RemainTime:0:40:00
                    
2022-01-27 10:16:34,410 - root - DEBUG - ==>Relay Off
2022-01-27 10:16:34,411 - root - DEBUG - Writing stats to Firing DB table...
2022-01-27 10:16:34,422 - root - INFO - database writing complete1
2022-01-27 10:16:34,423 - root - INFO - RunState end: Ramp/Hold
2022-01-27 10:17:04,409 - root - DEBUG - Entering PID update with parameters SetPoint:120.00, ProcValue:125.49, IMax:100.00, IMin:0.00,
2022-01-27 10:17:04,409 - root - DEBUG -   Window:30, Kp: 30.000, Ki: 1.000, Kd: 0.600
2022-01-27 10:17:04,409 - root - DEBUG - Exiting PID update with parameters Error:-5.49, ITerm:0.00, DInput:-0.05, Output:0.00
2022-01-27 10:17:04,410 - root - DEBUG - RunID 60, Segment 1 (loop 116) - RunState:Ramp/Hold,
                       ReadTmp:125.49, RampTmp:120.00, TargetTmp:120.00,
                       Output:0.00, CycleOnSec:0.00, RemainTime:0:39:30
                    
2022-01-27 10:17:04,410 - root - DEBUG - ==>Relay Off
2022-01-27 10:17:04,411 - root - DEBUG - Writing stats to Firing DB table...
2022-01-27 10:17:04,430 - root - INFO - database writing complete1
2022-01-27 10:17:04,430 - root - INFO - RunState end: Ramp/Hold
2022-01-27 10:17:34,409 - root - DEBUG - Entering PID update with parameters SetPoint:120.00, ProcValue:125.23, IMax:100.00, IMin:0.00,
2022-01-27 10:17:34,409 - root - DEBUG -   Window:30, Kp: 30.000, Ki: 1.000, Kd: 0.600
2022-01-27 10:17:34,409 - root - DEBUG - Exiting PID update with parameters Error:-5.23, ITerm:0.00, DInput:-0.26, Output:0.00
2022-01-27 10:17:34,410 - root - DEBUG - RunID 60, Segment 1 (loop 117) - RunState:Ramp/Hold,
                       ReadTmp:125.23, RampTmp:120.00, TargetTmp:120.00,
                       Output:0.00, CycleOnSec:0.00, RemainTime:0:39:00
                    
2022-01-27 10:17:34,410 - root - DEBUG - ==>Relay Off
2022-01-27 10:17:34,411 - root - DEBUG - Writing stats to Firing DB table...
2022-01-27 10:17:34,427 - root - INFO - database writing complete1
2022-01-27 10:17:34,427 - root - INFO - RunState end: Ramp/Hold
2022-01-27 10:18:04,409 - root - DEBUG - Entering PID update with parameters SetPoint:120.00, ProcValue:124.98, IMax:100.00, IMin:0.00,
2022-01-27 10:18:04,409 - root - DEBUG -   Window:30, Kp: 30.000, Ki: 1.000, Kd: 0.600
2022-01-27 10:18:04,409 - root - DEBUG - Exiting PID update with parameters Error:-4.98, ITerm:0.00, DInput:-0.26, Output:0.00
2022-01-27 10:18:04,410 - root - DEBUG - RunID 60, Segment 1 (loop 118) - RunState:Ramp/Hold,
                       ReadTmp:124.98, RampTmp:120.00, TargetTmp:120.00,
                       Output:0.00, CycleOnSec:0.00, RemainTime:0:38:30
                    
2022-01-27 10:18:04,410 - root - DEBUG - ==>Relay Off
2022-01-27 10:18:04,411 - root - DEBUG - Writing stats to Firing DB table...
2022-01-27 10:18:04,430 - root - INFO - database writing complete1
2022-01-27 10:18:04,430 - root - INFO - RunState end: Ramp/Hold
2022-01-27 10:18:34,408 - root - DEBUG - Entering PID update with parameters SetPoint:120.00, ProcValue:124.57, IMax:100.00, IMin:0.00,
2022-01-27 10:18:34,408 - root - DEBUG -   Window:30, Kp: 30.000, Ki: 1.000, Kd: 0.600
2022-01-27 10:18:34,409 - root - DEBUG - Exiting PID update with parameters Error:-4.57, ITerm:0.00, DInput:-0.41, Output:0.00
2022-01-27 10:18:34,409 - root - DEBUG - RunID 60, Segment 1 (loop 119) - RunState:Ramp/Hold,
                       ReadTmp:124.57, RampTmp:120.00, TargetTmp:120.00,
                       Output:0.00, CycleOnSec:0.00, RemainTime:0:38:00
                    
2022-01-27 10:18:34,409 - root - DEBUG - ==>Relay Off
2022-01-27 10:18:34,410 - root - DEBUG - Writing stats to Firing DB table...
2022-01-27 10:18:34,431 - root - INFO - database writing complete1
2022-01-27 10:18:34,431 - root - INFO - RunState end: Ramp/Hold
2022-01-27 10:19:04,409 - root - DEBUG - Entering PID update with parameters SetPoint:120.00, ProcValue:124.02, IMax:100.00, IMin:0.00,
2022-01-27 10:19:04,409 - root - DEBUG -   Window:30, Kp: 30.000, Ki: 1.000, Kd: 0.600
2022-01-27 10:19:04,409 - root - DEBUG - Exiting PID update with parameters Error:-4.02, ITerm:0.00, DInput:-0.55, Output:0.00
2022-01-27 10:19:04,410 - root - DEBUG - RunID 60, Segment 1 (loop 120) - RunState:Ramp/Hold,
                       ReadTmp:124.02, RampTmp:120.00, TargetTmp:120.00,
                       Output:0.00, CycleOnSec:0.00, RemainTime:0:37:30
                    
2022-01-27 10:19:04,410 - root - DEBUG - ==>Relay Off
2022-01-27 10:19:04,410 - root - DEBUG - Writing stats to Firing DB table...
2022-01-27 10:19:04,425 - root - INFO - database writing complete1
2022-01-27 10:19:04,425 - root - INFO - RunState end: Ramp/Hold
2022-01-27 10:19:34,408 - root - DEBUG - Entering PID update with parameters SetPoint:120.00, ProcValue:123.35, IMax:100.00, IMin:0.00,
2022-01-27 10:19:34,409 - root - DEBUG -   Window:30, Kp: 30.000, Ki: 1.000, Kd: 0.600
2022-01-27 10:19:34,409 - root - DEBUG - Exiting PID update with parameters Error:-3.35, ITerm:0.00, DInput:-0.67, Output:0.00
2022-01-27 10:19:34,409 - root - DEBUG - RunID 60, Segment 1 (loop 121) - RunState:Ramp/Hold,
                       ReadTmp:123.35, RampTmp:120.00, TargetTmp:120.00,
                       Output:0.00, CycleOnSec:0.00, RemainTime:0:37:00
                    
2022-01-27 10:19:34,409 - root - DEBUG - ==>Relay Off
2022-01-27 10:19:34,410 - root - DEBUG - Writing stats to Firing DB table...
2022-01-27 10:19:34,427 - root - INFO - database writing complete1
2022-01-27 10:19:34,427 - root - INFO - RunState end: Ramp/Hold
2022-01-27 10:20:04,408 - root - DEBUG - Entering PID update with parameters SetPoint:120.00, ProcValue:122.74, IMax:100.00, IMin:0.00,
2022-01-27 10:20:04,409 - root - DEBUG -   Window:30, Kp: 30.000, Ki: 1.000, Kd: 0.600
2022-01-27 10:20:04,409 - root - DEBUG - Exiting PID update with parameters Error:-2.74, ITerm:0.00, DInput:-0.61, Output:0.00
2022-01-27 10:20:04,409 - root - DEBUG - RunID 60, Segment 1 (loop 122) - RunState:Ramp/Hold,
                       ReadTmp:122.74, RampTmp:120.00, TargetTmp:120.00,
                       Output:0.00, CycleOnSec:0.00, RemainTime:0:36:30
                    
2022-01-27 10:20:04,409 - root - DEBUG - ==>Relay Off
2022-01-27 10:20:04,410 - root - DEBUG - Writing stats to Firing DB table...
2022-01-27 10:20:04,425 - root - INFO - database writing complete1
2022-01-27 10:20:04,425 - root - INFO - RunState end: Ramp/Hold
2022-01-27 10:20:34,409 - root - DEBUG - Entering PID update with parameters SetPoint:120.00, ProcValue:122.05, IMax:100.00, IMin:0.00,
2022-01-27 10:20:34,409 - root - DEBUG -   Window:30, Kp: 30.000, Ki: 1.000, Kd: 0.600
2022-01-27 10:20:34,409 - root - DEBUG - Exiting PID update with parameters Error:-2.05, ITerm:0.00, DInput:-0.70, Output:0.00
2022-01-27 10:20:34,409 - root - DEBUG - RunID 60, Segment 1 (loop 123) - RunState:Ramp/Hold,
                       ReadTmp:122.05, RampTmp:120.00, TargetTmp:120.00,
                       Output:0.00, CycleOnSec:0.00, RemainTime:0:36:00
                    
2022-01-27 10:20:34,410 - root - DEBUG - ==>Relay Off
2022-01-27 10:20:34,410 - root - DEBUG - Writing stats to Firing DB table...
2022-01-27 10:20:34,425 - root - INFO - database writing complete1
2022-01-27 10:20:34,426 - root - INFO - RunState end: Ramp/Hold
2022-01-27 10:21:04,408 - root - DEBUG - Entering PID update with parameters SetPoint:120.00, ProcValue:121.27, IMax:100.00, IMin:0.00,
2022-01-27 10:21:04,408 - root - DEBUG -   Window:30, Kp: 30.000, Ki: 1.000, Kd: 0.600
2022-01-27 10:21:04,408 - root - DEBUG - Exiting PID update with parameters Error:-1.27, ITerm:0.00, DInput:-0.77, Output:0.00
2022-01-27 10:21:04,409 - root - DEBUG - RunID 60, Segment 1 (loop 124) - RunState:Ramp/Hold,
                       ReadTmp:121.27, RampTmp:120.00, TargetTmp:120.00,
                       Output:0.00, CycleOnSec:0.00, RemainTime:0:35:30
                    
2022-01-27 10:21:04,409 - root - DEBUG - ==>Relay Off
2022-01-27 10:21:04,410 - root - DEBUG - Writing stats to Firing DB table...
2022-01-27 10:21:04,425 - root - INFO - database writing complete1
2022-01-27 10:21:04,425 - root - INFO - RunState end: Ramp/Hold
2022-01-27 10:21:34,408 - root - DEBUG - Entering PID update with parameters SetPoint:120.00, ProcValue:120.52, IMax:100.00, IMin:0.00,
2022-01-27 10:21:34,409 - root - DEBUG -   Window:30, Kp: 30.000, Ki: 1.000, Kd: 0.600
2022-01-27 10:21:34,409 - root - DEBUG - Exiting PID update with parameters Error:-0.52, ITerm:0.00, DInput:-0.76, Output:0.00
2022-01-27 10:21:34,409 - root - DEBUG - RunID 60, Segment 1 (loop 125) - RunState:Ramp/Hold,
                       ReadTmp:120.52, RampTmp:120.00, TargetTmp:120.00,
                       Output:0.00, CycleOnSec:0.00, RemainTime:0:35:00
                    
2022-01-27 10:21:34,409 - root - DEBUG - ==>Relay Off
2022-01-27 10:21:34,410 - root - DEBUG - Writing stats to Firing DB table...
2022-01-27 10:21:34,426 - root - INFO - database writing complete1
2022-01-27 10:21:34,427 - root - INFO - RunState end: Ramp/Hold
2022-01-27 10:22:04,408 - root - DEBUG - Entering PID update with parameters SetPoint:120.00, ProcValue:119.70, IMax:100.00, IMin:0.00,
2022-01-27 10:22:04,408 - root - DEBUG -   Window:30, Kp: 30.000, Ki: 1.000, Kd: 0.600
2022-01-27 10:22:04,409 - root - DEBUG - Exiting PID update with parameters Error:0.30, ITerm:0.30, DInput:-0.82, Output:9.94
2022-01-27 10:22:04,409 - root - DEBUG - RunID 60, Segment 1 (loop 126) - RunState:Ramp/Hold,
                       ReadTmp:119.70, RampTmp:120.00, TargetTmp:120.00,
                       Output:9.94, CycleOnSec:2.98, RemainTime:0:34:30
                    
2022-01-27 10:22:04,409 - root - DEBUG - ==>Relay On
2022-01-27 10:22:07,393 - root - DEBUG - ==>Relay Off
2022-01-27 10:22:07,394 - root - DEBUG - Writing stats to Firing DB table...
2022-01-27 10:22:07,407 - root - INFO - database writing complete1
2022-01-27 10:22:07,408 - root - INFO - RunState end: Ramp/Hold
2022-01-27 10:22:34,409 - root - DEBUG - Entering PID update with parameters SetPoint:120.00, ProcValue:118.86, IMax:100.00, IMin:0.00,
2022-01-27 10:22:34,409 - root - DEBUG -   Window:30, Kp: 30.000, Ki: 1.000, Kd: 0.600
2022-01-27 10:22:34,409 - root - DEBUG - Exiting PID update with parameters Error:1.14, ITerm:1.45, DInput:-0.84, Output:36.17
2022-01-27 10:22:34,409 - root - DEBUG - RunID 60, Segment 1 (loop 127) - RunState:Ramp/Hold,
                       ReadTmp:118.86, RampTmp:120.00, TargetTmp:120.00,
                       Output:36.17, CycleOnSec:10.85, RemainTime:0:34:00
                    
2022-01-27 10:22:34,410 - root - DEBUG - ==>Relay On
2022-01-27 10:22:45,271 - root - DEBUG - ==>Relay Off
2022-01-27 10:22:45,272 - root - DEBUG - Writing stats to Firing DB table...
2022-01-27 10:22:45,290 - root - INFO - database writing complete1
2022-01-27 10:22:45,290 - root - INFO - RunState end: Ramp/Hold
2022-01-27 10:23:04,408 - root - DEBUG - Entering PID update with parameters SetPoint:120.00, ProcValue:118.38, IMax:100.00, IMin:0.00,
2022-01-27 10:23:04,408 - root - DEBUG -   Window:30, Kp: 30.000, Ki: 1.000, Kd: 0.600
2022-01-27 10:23:04,409 - root - DEBUG - Exiting PID update with parameters Error:1.62, ITerm:3.06, DInput:-0.48, Output:51.86
2022-01-27 10:23:04,409 - root - DEBUG - RunID 60, Segment 1 (loop 128) - RunState:Ramp/Hold,
                       ReadTmp:118.38, RampTmp:120.00, TargetTmp:120.00,
                       Output:51.86, CycleOnSec:15.56, RemainTime:0:33:30
                    
2022-01-27 10:23:04,409 - root - DEBUG - ==>Relay On
2022-01-27 10:23:19,984 - root - DEBUG - ==>Relay Off
2022-01-27 10:23:19,985 - root - DEBUG - Writing stats to Firing DB table...
2022-01-27 10:23:20,003 - root - INFO - database writing complete1
2022-01-27 10:23:20,003 - root - INFO - RunState end: Ramp/Hold
2022-01-27 10:23:34,409 - root - DEBUG - Entering PID update with parameters SetPoint:120.00, ProcValue:118.36, IMax:100.00, IMin:0.00,
2022-01-27 10:23:34,409 - root - DEBUG -   Window:30, Kp: 30.000, Ki: 1.000, Kd: 0.600
2022-01-27 10:23:34,409 - root - DEBUG - Exiting PID update with parameters Error:1.64, ITerm:4.70, DInput:-0.02, Output:53.94
2022-01-27 10:23:34,410 - root - DEBUG - RunID 60, Segment 1 (loop 129) - RunState:Ramp/Hold,
                       ReadTmp:118.36, RampTmp:120.00, TargetTmp:120.00,
                       Output:53.94, CycleOnSec:16.18, RemainTime:0:33:00
                    
2022-01-27 10:23:34,410 - root - DEBUG - ==>Relay On
2022-01-27 10:23:50,607 - root - DEBUG - ==>Relay Off
2022-01-27 10:23:50,608 - root - DEBUG - Writing stats to Firing DB table...
2022-01-27 10:23:50,624 - root - INFO - database writing complete1
2022-01-27 10:23:50,625 - root - INFO - RunState end: Ramp/Hold
2022-01-27 10:24:04,408 - root - DEBUG - Entering PID update with parameters SetPoint:120.00, ProcValue:119.31, IMax:100.00, IMin:0.00,
2022-01-27 10:24:04,409 - root - DEBUG -   Window:30, Kp: 30.000, Ki: 1.000, Kd: 0.600
2022-01-27 10:24:04,409 - root - DEBUG - Exiting PID update with parameters Error:0.69, ITerm:5.39, DInput:0.95, Output:25.44
2022-01-27 10:24:04,409 - root - DEBUG - RunID 60, Segment 1 (loop 130) - RunState:Ramp/Hold,
                       ReadTmp:119.31, RampTmp:120.00, TargetTmp:120.00,
                       Output:25.44, CycleOnSec:7.63, RemainTime:0:32:30
                    
2022-01-27 10:24:04,409 - root - DEBUG - ==>Relay On
2022-01-27 10:24:12,050 - root - DEBUG - ==>Relay Off
2022-01-27 10:24:12,051 - root - DEBUG - Writing stats to Firing DB table...
2022-01-27 10:24:12,069 - root - INFO - database writing complete1
2022-01-27 10:24:12,070 - root - INFO - RunState end: Ramp/Hold
2022-01-27 10:24:34,408 - root - DEBUG - Entering PID update with parameters SetPoint:120.00, ProcValue:120.86, IMax:100.00, IMin:0.00,
2022-01-27 10:24:34,408 - root - DEBUG -   Window:30, Kp: 30.000, Ki: 1.000, Kd: 0.600
2022-01-27 10:24:34,409 - root - DEBUG - Exiting PID update with parameters Error:-0.86, ITerm:4.53, DInput:1.55, Output:0.00
2022-01-27 10:24:34,409 - root - DEBUG - RunID 60, Segment 1 (loop 131) - RunState:Ramp/Hold,
                       ReadTmp:120.86, RampTmp:120.00, TargetTmp:120.00,
                       Output:0.00, CycleOnSec:0.00, RemainTime:0:32:00
                    
2022-01-27 10:24:34,409 - root - DEBUG - ==>Relay Off
2022-01-27 10:24:34,409 - root - DEBUG - Writing stats to Firing DB table...
2022-01-27 10:24:34,424 - root - INFO - database writing complete1
2022-01-27 10:24:34,424 - root - INFO - RunState end: Ramp/Hold
2022-01-27 10:25:04,408 - root - DEBUG - Entering PID update with parameters SetPoint:120.00, ProcValue:122.25, IMax:100.00, IMin:0.00,
2022-01-27 10:25:04,408 - root - DEBUG -   Window:30, Kp: 30.000, Ki: 1.000, Kd: 0.600
2022-01-27 10:25:04,409 - root - DEBUG - Exiting PID update with parameters Error:-2.25, ITerm:2.28, DInput:1.39, Output:0.00
2022-01-27 10:25:04,409 - root - DEBUG - RunID 60, Segment 1 (loop 132) - RunState:Ramp/Hold,
                       ReadTmp:122.25, RampTmp:120.00, TargetTmp:120.00,
                       Output:0.00, CycleOnSec:0.00, RemainTime:0:31:30
                    
2022-01-27 10:25:04,409 - root - DEBUG - ==>Relay Off
2022-01-27 10:25:04,409 - root - DEBUG - Writing stats to Firing DB table...
2022-01-27 10:25:04,428 - root - INFO - database writing complete1
2022-01-27 10:25:04,428 - root - INFO - RunState end: Ramp/Hold
2022-01-27 10:25:34,408 - root - DEBUG - Entering PID update with parameters SetPoint:120.00, ProcValue:123.35, IMax:100.00, IMin:0.00,
2022-01-27 10:25:34,409 - root - DEBUG -   Window:30, Kp: 30.000, Ki: 1.000, Kd: 0.600
2022-01-27 10:25:34,409 - root - DEBUG - Exiting PID update with parameters Error:-3.35, ITerm:0.00, DInput:1.10, Output:0.00
2022-01-27 10:25:34,409 - root - DEBUG - RunID 60, Segment 1 (loop 133) - RunState:Ramp/Hold,
                       ReadTmp:123.35, RampTmp:120.00, TargetTmp:120.00,
                       Output:0.00, CycleOnSec:0.00, RemainTime:0:31:00
                    
2022-01-27 10:25:34,409 - root - DEBUG - ==>Relay Off
2022-01-27 10:25:34,409 - root - DEBUG - Writing stats to Firing DB table...
2022-01-27 10:25:34,426 - root - INFO - database writing complete1
2022-01-27 10:25:34,426 - root - INFO - RunState end: Ramp/Hold
2022-01-27 10:26:04,408 - root - DEBUG - Entering PID update with parameters SetPoint:120.00, ProcValue:124.20, IMax:100.00, IMin:0.00,
2022-01-27 10:26:04,408 - root - DEBUG -   Window:30, Kp: 30.000, Ki: 1.000, Kd: 0.600
2022-01-27 10:26:04,409 - root - DEBUG - Exiting PID update with parameters Error:-4.20, ITerm:0.00, DInput:0.85, Output:0.00
2022-01-27 10:26:04,409 - root - DEBUG - RunID 60, Segment 1 (loop 134) - RunState:Ramp/Hold,
                       ReadTmp:124.20, RampTmp:120.00, TargetTmp:120.00,
                       Output:0.00, CycleOnSec:0.00, RemainTime:0:30:30
                    
2022-01-27 10:26:04,409 - root - DEBUG - ==>Relay Off
2022-01-27 10:26:04,409 - root - DEBUG - Writing stats to Firing DB table...
2022-01-27 10:26:04,423 - root - INFO - database writing complete1
2022-01-27 10:26:04,424 - root - INFO - RunState end: Ramp/Hold
2022-01-27 10:26:34,408 - root - DEBUG - Entering PID update with parameters SetPoint:120.00, ProcValue:124.84, IMax:100.00, IMin:0.00,
2022-01-27 10:26:34,408 - root - DEBUG -   Window:30, Kp: 30.000, Ki: 1.000, Kd: 0.600
2022-01-27 10:26:34,409 - root - DEBUG - Exiting PID update with parameters Error:-4.84, ITerm:0.00, DInput:0.63, Output:0.00
2022-01-27 10:26:34,409 - root - DEBUG - RunID 60, Segment 1 (loop 135) - RunState:Ramp/Hold,
                       ReadTmp:124.84, RampTmp:120.00, TargetTmp:120.00,
                       Output:0.00, CycleOnSec:0.00, RemainTime:0:30:00
                    
2022-01-27 10:26:34,409 - root - DEBUG - ==>Relay Off
2022-01-27 10:26:34,409 - root - DEBUG - Writing stats to Firing DB table...
2022-01-27 10:26:34,423 - root - INFO - database writing complete1
2022-01-27 10:26:34,424 - root - INFO - RunState end: Ramp/Hold
2022-01-27 10:27:04,408 - root - DEBUG - Entering PID update with parameters SetPoint:120.00, ProcValue:125.33, IMax:100.00, IMin:0.00,
2022-01-27 10:27:04,408 - root - DEBUG -   Window:30, Kp: 30.000, Ki: 1.000, Kd: 0.600
2022-01-27 10:27:04,409 - root - DEBUG - Exiting PID update with parameters Error:-5.33, ITerm:0.00, DInput:0.49, Output:0.00
2022-01-27 10:27:04,409 - root - DEBUG - RunID 60, Segment 1 (loop 136) - RunState:Ramp/Hold,
                       ReadTmp:125.33, RampTmp:120.00, TargetTmp:120.00,
                       Output:0.00, CycleOnSec:0.00, RemainTime:0:29:30
                    
2022-01-27 10:27:04,409 - root - DEBUG - ==>Relay Off
2022-01-27 10:27:04,410 - root - DEBUG - Writing stats to Firing DB table...
2022-01-27 10:27:04,424 - root - INFO - database writing complete1
2022-01-27 10:27:04,425 - root - INFO - RunState end: Ramp/Hold
2022-01-27 10:27:34,408 - root - DEBUG - Entering PID update with parameters SetPoint:120.00, ProcValue:125.62, IMax:100.00, IMin:0.00,
2022-01-27 10:27:34,408 - root - DEBUG -   Window:30, Kp: 30.000, Ki: 1.000, Kd: 0.600
2022-01-27 10:27:34,409 - root - DEBUG - Exiting PID update with parameters Error:-5.62, ITerm:0.00, DInput:0.29, Output:0.00
2022-01-27 10:27:34,409 - root - DEBUG - RunID 60, Segment 1 (loop 137) - RunState:Ramp/Hold,
                       ReadTmp:125.62, RampTmp:120.00, TargetTmp:120.00,
                       Output:0.00, CycleOnSec:0.00, RemainTime:0:29:00
                    
2022-01-27 10:27:34,409 - root - DEBUG - ==>Relay Off
2022-01-27 10:27:34,410 - root - DEBUG - Writing stats to Firing DB table...
2022-01-27 10:27:34,424 - root - INFO - database writing complete1
2022-01-27 10:27:34,425 - root - INFO - RunState end: Ramp/Hold
2022-01-27 10:28:04,409 - root - DEBUG - Entering PID update with parameters SetPoint:120.00, ProcValue:125.74, IMax:100.00, IMin:0.00,
2022-01-27 10:28:04,409 - root - DEBUG -   Window:30, Kp: 30.000, Ki: 1.000, Kd: 0.600
2022-01-27 10:28:04,409 - root - DEBUG - Exiting PID update with parameters Error:-5.74, ITerm:0.00, DInput:0.12, Output:0.00
2022-01-27 10:28:04,410 - root - DEBUG - RunID 60, Segment 1 (loop 138) - RunState:Ramp/Hold,
                       ReadTmp:125.74, RampTmp:120.00, TargetTmp:120.00,
                       Output:0.00, CycleOnSec:0.00, RemainTime:0:28:30
                    
2022-01-27 10:28:04,410 - root - DEBUG - ==>Relay Off
2022-01-27 10:28:04,410 - root - DEBUG - Writing stats to Firing DB table...
2022-01-27 10:28:04,425 - root - INFO - database writing complete1
2022-01-27 10:28:04,425 - root - INFO - RunState end: Ramp/Hold
2022-01-27 10:28:34,409 - root - DEBUG - Entering PID update with parameters SetPoint:120.00, ProcValue:125.71, IMax:100.00, IMin:0.00,
2022-01-27 10:28:34,409 - root - DEBUG -   Window:30, Kp: 30.000, Ki: 1.000, Kd: 0.600
2022-01-27 10:28:34,409 - root - DEBUG - Exiting PID update with parameters Error:-5.71, ITerm:0.00, DInput:-0.03, Output:0.00
2022-01-27 10:28:34,409 - root - DEBUG - RunID 60, Segment 1 (loop 139) - RunState:Ramp/Hold,
                       ReadTmp:125.71, RampTmp:120.00, TargetTmp:120.00,
                       Output:0.00, CycleOnSec:0.00, RemainTime:0:28:00
                    
2022-01-27 10:28:34,410 - root - DEBUG - ==>Relay Off
2022-01-27 10:28:34,411 - root - DEBUG - Writing stats to Firing DB table...
2022-01-27 10:28:34,426 - root - INFO - database writing complete1
2022-01-27 10:28:34,427 - root - INFO - RunState end: Ramp/Hold
2022-01-27 10:29:04,409 - root - DEBUG - Entering PID update with parameters SetPoint:120.00, ProcValue:125.46, IMax:100.00, IMin:0.00,
2022-01-27 10:29:04,409 - root - DEBUG -   Window:30, Kp: 30.000, Ki: 1.000, Kd: 0.600
2022-01-27 10:29:04,409 - root - DEBUG - Exiting PID update with parameters Error:-5.46, ITerm:0.00, DInput:-0.25, Output:0.00
2022-01-27 10:29:04,410 - root - DEBUG - RunID 60, Segment 1 (loop 140) - RunState:Ramp/Hold,
                       ReadTmp:125.46, RampTmp:120.00, TargetTmp:120.00,
                       Output:0.00, CycleOnSec:0.00, RemainTime:0:27:30
                    
2022-01-27 10:29:04,410 - root - DEBUG - ==>Relay Off
2022-01-27 10:29:04,411 - root - DEBUG - Writing stats to Firing DB table...
2022-01-27 10:29:04,425 - root - INFO - database writing complete1
2022-01-27 10:29:04,426 - root - INFO - RunState end: Ramp/Hold
2022-01-27 10:29:34,409 - root - DEBUG - Entering PID update with parameters SetPoint:120.00, ProcValue:125.20, IMax:100.00, IMin:0.00,
2022-01-27 10:29:34,409 - root - DEBUG -   Window:30, Kp: 30.000, Ki: 1.000, Kd: 0.600
2022-01-27 10:29:34,409 - root - DEBUG - Exiting PID update with parameters Error:-5.20, ITerm:0.00, DInput:-0.27, Output:0.00
2022-01-27 10:29:34,409 - root - DEBUG - RunID 60, Segment 1 (loop 141) - RunState:Ramp/Hold,
                       ReadTmp:125.20, RampTmp:120.00, TargetTmp:120.00,
                       Output:0.00, CycleOnSec:0.00, RemainTime:0:27:00
                    
2022-01-27 10:29:34,410 - root - DEBUG - ==>Relay Off
2022-01-27 10:29:34,410 - root - DEBUG - Writing stats to Firing DB table...
2022-01-27 10:29:34,425 - root - INFO - database writing complete1
2022-01-27 10:29:34,426 - root - INFO - RunState end: Ramp/Hold
2022-01-27 10:30:04,409 - root - DEBUG - Entering PID update with parameters SetPoint:120.00, ProcValue:124.86, IMax:100.00, IMin:0.00,
2022-01-27 10:30:04,409 - root - DEBUG -   Window:30, Kp: 30.000, Ki: 1.000, Kd: 0.600
2022-01-27 10:30:04,409 - root - DEBUG - Exiting PID update with parameters Error:-4.86, ITerm:0.00, DInput:-0.34, Output:0.00
2022-01-27 10:30:04,410 - root - DEBUG - RunID 60, Segment 1 (loop 142) - RunState:Ramp/Hold,
                       ReadTmp:124.86, RampTmp:120.00, TargetTmp:120.00,
                       Output:0.00, CycleOnSec:0.00, RemainTime:0:26:30
                    
2022-01-27 10:30:04,410 - root - DEBUG - ==>Relay Off
2022-01-27 10:30:04,411 - root - DEBUG - Writing stats to Firing DB table...
2022-01-27 10:30:04,425 - root - INFO - database writing complete1
2022-01-27 10:30:04,425 - root - INFO - RunState end: Ramp/Hold
2022-01-27 10:30:34,409 - root - DEBUG - Entering PID update with parameters SetPoint:120.00, ProcValue:124.34, IMax:100.00, IMin:0.00,
2022-01-27 10:30:34,409 - root - DEBUG -   Window:30, Kp: 30.000, Ki: 1.000, Kd: 0.600
2022-01-27 10:30:34,409 - root - DEBUG - Exiting PID update with parameters Error:-4.34, ITerm:0.00, DInput:-0.52, Output:0.00
2022-01-27 10:30:34,409 - root - DEBUG - RunID 60, Segment 1 (loop 143) - RunState:Ramp/Hold,
                       ReadTmp:124.34, RampTmp:120.00, TargetTmp:120.00,
                       Output:0.00, CycleOnSec:0.00, RemainTime:0:26:00
                    
2022-01-27 10:30:34,410 - root - DEBUG - ==>Relay Off
2022-01-27 10:30:34,410 - root - DEBUG - Writing stats to Firing DB table...
2022-01-27 10:30:34,426 - root - INFO - database writing complete1
2022-01-27 10:30:34,427 - root - INFO - RunState end: Ramp/Hold
2022-01-27 10:31:04,409 - root - DEBUG - Entering PID update with parameters SetPoint:120.00, ProcValue:123.77, IMax:100.00, IMin:0.00,
2022-01-27 10:31:04,409 - root - DEBUG -   Window:30, Kp: 30.000, Ki: 1.000, Kd: 0.600
2022-01-27 10:31:04,409 - root - DEBUG - Exiting PID update with parameters Error:-3.77, ITerm:0.00, DInput:-0.58, Output:0.00
2022-01-27 10:31:04,410 - root - DEBUG - RunID 60, Segment 1 (loop 144) - RunState:Ramp/Hold,
                       ReadTmp:123.77, RampTmp:120.00, TargetTmp:120.00,
                       Output:0.00, CycleOnSec:0.00, RemainTime:0:25:30
                    
2022-01-27 10:31:04,410 - root - DEBUG - ==>Relay Off
2022-01-27 10:31:04,411 - root - DEBUG - Writing stats to Firing DB table...
2022-01-27 10:31:04,425 - root - INFO - database writing complete1
2022-01-27 10:31:04,425 - root - INFO - RunState end: Ramp/Hold
2022-01-27 10:31:34,409 - root - DEBUG - Entering PID update with parameters SetPoint:120.00, ProcValue:123.16, IMax:100.00, IMin:0.00,
2022-01-27 10:31:34,409 - root - DEBUG -   Window:30, Kp: 30.000, Ki: 1.000, Kd: 0.600
2022-01-27 10:31:34,409 - root - DEBUG - Exiting PID update with parameters Error:-3.16, ITerm:0.00, DInput:-0.61, Output:0.00
2022-01-27 10:31:34,410 - root - DEBUG - RunID 60, Segment 1 (loop 145) - RunState:Ramp/Hold,
                       ReadTmp:123.16, RampTmp:120.00, TargetTmp:120.00,
                       Output:0.00, CycleOnSec:0.00, RemainTime:0:25:00
                    
2022-01-27 10:31:34,410 - root - DEBUG - ==>Relay Off
2022-01-27 10:31:34,411 - root - DEBUG - Writing stats to Firing DB table...
2022-01-27 10:31:34,427 - root - INFO - database writing complete1
2022-01-27 10:31:34,428 - root - INFO - RunState end: Ramp/Hold
2022-01-27 10:32:04,409 - root - DEBUG - Entering PID update with parameters SetPoint:120.00, ProcValue:122.51, IMax:100.00, IMin:0.00,
2022-01-27 10:32:04,409 - root - DEBUG -   Window:30, Kp: 30.000, Ki: 1.000, Kd: 0.600
2022-01-27 10:32:04,409 - root - DEBUG - Exiting PID update with parameters Error:-2.51, ITerm:0.00, DInput:-0.65, Output:0.00
2022-01-27 10:32:04,410 - root - DEBUG - RunID 60, Segment 1 (loop 146) - RunState:Ramp/Hold,
                       ReadTmp:122.51, RampTmp:120.00, TargetTmp:120.00,
                       Output:0.00, CycleOnSec:0.00, RemainTime:0:24:30
                    
2022-01-27 10:32:04,410 - root - DEBUG - ==>Relay Off
2022-01-27 10:32:04,411 - root - DEBUG - Writing stats to Firing DB table...
2022-01-27 10:32:04,425 - root - INFO - database writing complete1
2022-01-27 10:32:04,426 - root - INFO - RunState end: Ramp/Hold
2022-01-27 10:32:34,409 - root - DEBUG - Entering PID update with parameters SetPoint:120.00, ProcValue:121.84, IMax:100.00, IMin:0.00,
2022-01-27 10:32:34,410 - root - DEBUG -   Window:30, Kp: 30.000, Ki: 1.000, Kd: 0.600
2022-01-27 10:32:34,410 - root - DEBUG - Exiting PID update with parameters Error:-1.84, ITerm:0.00, DInput:-0.66, Output:0.00
2022-01-27 10:32:34,410 - root - DEBUG - RunID 60, Segment 1 (loop 147) - RunState:Ramp/Hold,
                       ReadTmp:121.84, RampTmp:120.00, TargetTmp:120.00,
                       Output:0.00, CycleOnSec:0.00, RemainTime:0:24:00
                    
2022-01-27 10:32:34,410 - root - DEBUG - ==>Relay Off
2022-01-27 10:32:34,411 - root - DEBUG - Writing stats to Firing DB table...
2022-01-27 10:32:34,427 - root - INFO - database writing complete1
2022-01-27 10:32:34,427 - root - INFO - RunState end: Ramp/Hold
2022-01-27 10:33:04,409 - root - DEBUG - Entering PID update with parameters SetPoint:120.00, ProcValue:121.20, IMax:100.00, IMin:0.00,
2022-01-27 10:33:04,409 - root - DEBUG -   Window:30, Kp: 30.000, Ki: 1.000, Kd: 0.600
2022-01-27 10:33:04,410 - root - DEBUG - Exiting PID update with parameters Error:-1.20, ITerm:0.00, DInput:-0.65, Output:0.00
2022-01-27 10:33:04,410 - root - DEBUG - RunID 60, Segment 1 (loop 148) - RunState:Ramp/Hold,
                       ReadTmp:121.20, RampTmp:120.00, TargetTmp:120.00,
                       Output:0.00, CycleOnSec:0.00, RemainTime:0:23:30
                    
2022-01-27 10:33:04,410 - root - DEBUG - ==>Relay Off
2022-01-27 10:33:04,411 - root - DEBUG - Writing stats to Firing DB table...
2022-01-27 10:33:04,427 - root - INFO - database writing complete1
2022-01-27 10:33:04,427 - root - INFO - RunState end: Ramp/Hold
2022-01-27 10:33:34,409 - root - DEBUG - Entering PID update with parameters SetPoint:120.00, ProcValue:120.45, IMax:100.00, IMin:0.00,
2022-01-27 10:33:34,409 - root - DEBUG -   Window:30, Kp: 30.000, Ki: 1.000, Kd: 0.600
2022-01-27 10:33:34,410 - root - DEBUG - Exiting PID update with parameters Error:-0.45, ITerm:0.00, DInput:-0.75, Output:0.00
2022-01-27 10:33:34,410 - root - DEBUG - RunID 60, Segment 1 (loop 149) - RunState:Ramp/Hold,
                       ReadTmp:120.45, RampTmp:120.00, TargetTmp:120.00,
                       Output:0.00, CycleOnSec:0.00, RemainTime:0:23:00
                    
2022-01-27 10:33:34,410 - root - DEBUG - ==>Relay Off
2022-01-27 10:33:34,411 - root - DEBUG - Writing stats to Firing DB table...
2022-01-27 10:33:34,426 - root - INFO - database writing complete1
2022-01-27 10:33:34,426 - root - INFO - RunState end: Ramp/Hold
2022-01-27 10:34:04,409 - root - DEBUG - Entering PID update with parameters SetPoint:120.00, ProcValue:119.74, IMax:100.00, IMin:0.00,
2022-01-27 10:34:04,409 - root - DEBUG -   Window:30, Kp: 30.000, Ki: 1.000, Kd: 0.600
2022-01-27 10:34:04,409 - root - DEBUG - Exiting PID update with parameters Error:0.26, ITerm:0.26, DInput:-0.70, Output:8.41
2022-01-27 10:34:04,410 - root - DEBUG - RunID 60, Segment 1 (loop 150) - RunState:Ramp/Hold,
                       ReadTmp:119.74, RampTmp:120.00, TargetTmp:120.00,
                       Output:8.41, CycleOnSec:2.52, RemainTime:0:22:30
                    
2022-01-27 10:34:04,410 - root - DEBUG - ==>Relay On
2022-01-27 10:34:06,937 - root - DEBUG - ==>Relay Off
2022-01-27 10:34:06,939 - root - DEBUG - Writing stats to Firing DB table...
2022-01-27 10:34:06,959 - root - INFO - database writing complete1
2022-01-27 10:34:06,959 - root - INFO - RunState end: Ramp/Hold
2022-01-27 10:34:34,410 - root - DEBUG - Entering PID update with parameters SetPoint:120.00, ProcValue:119.09, IMax:100.00, IMin:0.00,
2022-01-27 10:34:34,410 - root - DEBUG -   Window:30, Kp: 30.000, Ki: 1.000, Kd: 0.600
2022-01-27 10:34:34,411 - root - DEBUG - Exiting PID update with parameters Error:0.91, ITerm:1.16, DInput:-0.65, Output:28.74
2022-01-27 10:34:34,411 - root - DEBUG - RunID 60, Segment 1 (loop 151) - RunState:Ramp/Hold,
                       ReadTmp:119.09, RampTmp:120.00, TargetTmp:120.00,
                       Output:28.74, CycleOnSec:8.62, RemainTime:0:22:00
                    
2022-01-27 10:34:34,411 - root - DEBUG - ==>Relay On
2022-01-27 10:34:43,042 - root - DEBUG - ==>Relay Off
2022-01-27 10:34:43,043 - root - DEBUG - Writing stats to Firing DB table...
2022-01-27 10:34:43,059 - root - INFO - database writing complete1
2022-01-27 10:34:43,060 - root - INFO - RunState end: Ramp/Hold
2022-01-27 10:35:04,409 - root - DEBUG - Entering PID update with parameters SetPoint:120.00, ProcValue:118.49, IMax:100.00, IMin:0.00,
2022-01-27 10:35:04,409 - root - DEBUG -   Window:30, Kp: 30.000, Ki: 1.000, Kd: 0.600
2022-01-27 10:35:04,409 - root - DEBUG - Exiting PID update with parameters Error:1.51, ITerm:2.67, DInput:-0.60, Output:48.27
2022-01-27 10:35:04,409 - root - DEBUG - RunID 60, Segment 1 (loop 152) - RunState:Ramp/Hold,
                       ReadTmp:118.49, RampTmp:120.00, TargetTmp:120.00,
                       Output:48.27, CycleOnSec:14.48, RemainTime:0:21:30
                    
2022-01-27 10:35:04,409 - root - DEBUG - ==>Relay On
2022-01-27 10:35:18,904 - root - DEBUG - ==>Relay Off
2022-01-27 10:35:18,905 - root - DEBUG - Writing stats to Firing DB table...
2022-01-27 10:35:18,920 - root - INFO - database writing complete1
2022-01-27 10:35:18,920 - root - INFO - RunState end: Ramp/Hold
2022-01-27 10:35:34,409 - root - DEBUG - Entering PID update with parameters SetPoint:120.00, ProcValue:118.45, IMax:100.00, IMin:0.00,
2022-01-27 10:35:34,409 - root - DEBUG -   Window:30, Kp: 30.000, Ki: 1.000, Kd: 0.600
2022-01-27 10:35:34,409 - root - DEBUG - Exiting PID update with parameters Error:1.55, ITerm:4.23, DInput:-0.05, Output:50.90
2022-01-27 10:35:34,409 - root - DEBUG - RunID 60, Segment 1 (loop 153) - RunState:Ramp/Hold,
                       ReadTmp:118.45, RampTmp:120.00, TargetTmp:120.00,
                       Output:50.90, CycleOnSec:15.27, RemainTime:0:21:00
                    
2022-01-27 10:35:34,409 - root - DEBUG - ==>Relay On
2022-01-27 10:35:49,693 - root - DEBUG - ==>Relay Off
2022-01-27 10:35:49,695 - root - DEBUG - Writing stats to Firing DB table...
2022-01-27 10:35:49,711 - root - INFO - database writing complete1
2022-01-27 10:35:49,712 - root - INFO - RunState end: Ramp/Hold
2022-01-27 10:36:04,409 - root - DEBUG - Entering PID update with parameters SetPoint:120.00, ProcValue:119.13, IMax:100.00, IMin:0.00,
2022-01-27 10:36:04,409 - root - DEBUG -   Window:30, Kp: 30.000, Ki: 1.000, Kd: 0.600
2022-01-27 10:36:04,409 - root - DEBUG - Exiting PID update with parameters Error:0.87, ITerm:5.09, DInput:0.69, Output:30.70
2022-01-27 10:36:04,409 - root - DEBUG - RunID 60, Segment 1 (loop 154) - RunState:Ramp/Hold,
                       ReadTmp:119.13, RampTmp:120.00, TargetTmp:120.00,
                       Output:30.70, CycleOnSec:9.21, RemainTime:0:20:30
                    
2022-01-27 10:36:04,409 - root - DEBUG - ==>Relay On
2022-01-27 10:36:13,628 - root - DEBUG - ==>Relay Off
2022-01-27 10:36:13,628 - root - DEBUG - Writing stats to Firing DB table...
2022-01-27 10:36:13,644 - root - INFO - database writing complete1
2022-01-27 10:36:13,645 - root - INFO - RunState end: Ramp/Hold
2022-01-27 10:36:34,408 - root - DEBUG - Entering PID update with parameters SetPoint:120.00, ProcValue:120.54, IMax:100.00, IMin:0.00,
2022-01-27 10:36:34,409 - root - DEBUG -   Window:30, Kp: 30.000, Ki: 1.000, Kd: 0.600
2022-01-27 10:36:34,409 - root - DEBUG - Exiting PID update with parameters Error:-0.54, ITerm:4.55, DInput:1.41, Output:0.00
2022-01-27 10:36:34,409 - root - DEBUG - RunID 60, Segment 1 (loop 155) - RunState:Ramp/Hold,
                       ReadTmp:120.54, RampTmp:120.00, TargetTmp:120.00,
                       Output:0.00, CycleOnSec:0.00, RemainTime:0:20:00
                    
2022-01-27 10:36:34,409 - root - DEBUG - ==>Relay Off
2022-01-27 10:36:34,410 - root - DEBUG - Writing stats to Firing DB table...
2022-01-27 10:36:34,439 - root - INFO - database writing complete1
2022-01-27 10:36:34,440 - root - INFO - RunState end: Ramp/Hold
2022-01-27 10:37:04,408 - root - DEBUG - Entering PID update with parameters SetPoint:120.00, ProcValue:121.85, IMax:100.00, IMin:0.00,
2022-01-27 10:37:04,409 - root - DEBUG -   Window:30, Kp: 30.000, Ki: 1.000, Kd: 0.600
2022-01-27 10:37:04,409 - root - DEBUG - Exiting PID update with parameters Error:-1.85, ITerm:2.70, DInput:1.31, Output:0.00
2022-01-27 10:37:04,409 - root - DEBUG - RunID 60, Segment 1 (loop 156) - RunState:Ramp/Hold,
                       ReadTmp:121.85, RampTmp:120.00, TargetTmp:120.00,
                       Output:0.00, CycleOnSec:0.00, RemainTime:0:19:30
                    
2022-01-27 10:37:04,409 - root - DEBUG - ==>Relay Off
2022-01-27 10:37:04,410 - root - DEBUG - Writing stats to Firing DB table...
2022-01-27 10:37:04,424 - root - INFO - database writing complete1
2022-01-27 10:37:04,425 - root - INFO - RunState end: Ramp/Hold
2022-01-27 10:37:34,409 - root - DEBUG - Entering PID update with parameters SetPoint:120.00, ProcValue:122.87, IMax:100.00, IMin:0.00,
2022-01-27 10:37:34,409 - root - DEBUG -   Window:30, Kp: 30.000, Ki: 1.000, Kd: 0.600
2022-01-27 10:37:34,409 - root - DEBUG - Exiting PID update with parameters Error:-2.87, ITerm:0.00, DInput:1.02, Output:0.00
2022-01-27 10:37:34,410 - root - DEBUG - RunID 60, Segment 1 (loop 157) - RunState:Ramp/Hold,
                       ReadTmp:122.87, RampTmp:120.00, TargetTmp:120.00,
                       Output:0.00, CycleOnSec:0.00, RemainTime:0:19:00
                    
2022-01-27 10:37:34,410 - root - DEBUG - ==>Relay Off
2022-01-27 10:37:34,411 - root - DEBUG - Writing stats to Firing DB table...
2022-01-27 10:37:34,426 - root - INFO - database writing complete1
2022-01-27 10:37:34,426 - root - INFO - RunState end: Ramp/Hold
2022-01-27 10:38:04,409 - root - DEBUG - Entering PID update with parameters SetPoint:120.00, ProcValue:123.70, IMax:100.00, IMin:0.00,
2022-01-27 10:38:04,409 - root - DEBUG -   Window:30, Kp: 30.000, Ki: 1.000, Kd: 0.600
2022-01-27 10:38:04,409 - root - DEBUG - Exiting PID update with parameters Error:-3.70, ITerm:0.00, DInput:0.84, Output:0.00
2022-01-27 10:38:04,410 - root - DEBUG - RunID 60, Segment 1 (loop 158) - RunState:Ramp/Hold,
                       ReadTmp:123.70, RampTmp:120.00, TargetTmp:120.00,
                       Output:0.00, CycleOnSec:0.00, RemainTime:0:18:30
                    
2022-01-27 10:38:04,410 - root - DEBUG - ==>Relay Off
2022-01-27 10:38:04,411 - root - DEBUG - Writing stats to Firing DB table...
2022-01-27 10:38:04,426 - root - INFO - database writing complete1
2022-01-27 10:38:04,426 - root - INFO - RunState end: Ramp/Hold
2022-01-27 10:38:34,409 - root - DEBUG - Entering PID update with parameters SetPoint:120.00, ProcValue:124.41, IMax:100.00, IMin:0.00,
2022-01-27 10:38:34,409 - root - DEBUG -   Window:30, Kp: 30.000, Ki: 1.000, Kd: 0.600
2022-01-27 10:38:34,409 - root - DEBUG - Exiting PID update with parameters Error:-4.41, ITerm:0.00, DInput:0.71, Output:0.00
2022-01-27 10:38:34,410 - root - DEBUG - RunID 60, Segment 1 (loop 159) - RunState:Ramp/Hold,
                       ReadTmp:124.41, RampTmp:120.00, TargetTmp:120.00,
                       Output:0.00, CycleOnSec:0.00, RemainTime:0:18:00
                    
2022-01-27 10:38:34,410 - root - DEBUG - ==>Relay Off
2022-01-27 10:38:34,411 - root - DEBUG - Writing stats to Firing DB table...
2022-01-27 10:38:34,431 - root - INFO - database writing complete1
2022-01-27 10:38:34,432 - root - INFO - RunState end: Ramp/Hold
2022-01-27 10:39:04,409 - root - DEBUG - Entering PID update with parameters SetPoint:120.00, ProcValue:124.86, IMax:100.00, IMin:0.00,
2022-01-27 10:39:04,410 - root - DEBUG -   Window:30, Kp: 30.000, Ki: 1.000, Kd: 0.600
2022-01-27 10:39:04,410 - root - DEBUG - Exiting PID update with parameters Error:-4.86, ITerm:0.00, DInput:0.45, Output:0.00
2022-01-27 10:39:04,410 - root - DEBUG - RunID 60, Segment 1 (loop 160) - RunState:Ramp/Hold,
                       ReadTmp:124.86, RampTmp:120.00, TargetTmp:120.00,
                       Output:0.00, CycleOnSec:0.00, RemainTime:0:17:30
                    
2022-01-27 10:39:04,410 - root - DEBUG - ==>Relay Off
2022-01-27 10:39:04,411 - root - DEBUG - Writing stats to Firing DB table...
2022-01-27 10:39:04,440 - root - INFO - database writing complete1
2022-01-27 10:39:04,440 - root - INFO - RunState end: Ramp/Hold
2022-01-27 10:39:34,411 - root - DEBUG - Entering PID update with parameters SetPoint:120.00, ProcValue:125.16, IMax:100.00, IMin:0.00,
2022-01-27 10:39:34,411 - root - DEBUG -   Window:30, Kp: 30.000, Ki: 1.000, Kd: 0.600
2022-01-27 10:39:34,411 - root - DEBUG - Exiting PID update with parameters Error:-5.16, ITerm:0.00, DInput:0.30, Output:0.00
2022-01-27 10:39:34,411 - root - DEBUG - RunID 60, Segment 1 (loop 161) - RunState:Ramp/Hold,
                       ReadTmp:125.16, RampTmp:120.00, TargetTmp:120.00,
                       Output:0.00, CycleOnSec:0.00, RemainTime:0:17:00
                    
2022-01-27 10:39:34,412 - root - DEBUG - ==>Relay Off
2022-01-27 10:39:34,412 - root - DEBUG - Writing stats to Firing DB table...
2022-01-27 10:39:34,432 - root - INFO - database writing complete1
2022-01-27 10:39:34,433 - root - INFO - RunState end: Ramp/Hold
2022-01-27 10:40:04,410 - root - DEBUG - Entering PID update with parameters SetPoint:120.00, ProcValue:125.34, IMax:100.00, IMin:0.00,
2022-01-27 10:40:04,410 - root - DEBUG -   Window:30, Kp: 30.000, Ki: 1.000, Kd: 0.600
2022-01-27 10:40:04,410 - root - DEBUG - Exiting PID update with parameters Error:-5.34, ITerm:0.00, DInput:0.18, Output:0.00
2022-01-27 10:40:04,410 - root - DEBUG - RunID 60, Segment 1 (loop 162) - RunState:Ramp/Hold,
                       ReadTmp:125.34, RampTmp:120.00, TargetTmp:120.00,
                       Output:0.00, CycleOnSec:0.00, RemainTime:0:16:30
                    
2022-01-27 10:40:04,411 - root - DEBUG - ==>Relay Off
2022-01-27 10:40:04,411 - root - DEBUG - Writing stats to Firing DB table...
2022-01-27 10:40:04,430 - root - INFO - database writing complete1
2022-01-27 10:40:04,430 - root - INFO - RunState end: Ramp/Hold
2022-01-27 10:40:34,409 - root - DEBUG - Entering PID update with parameters SetPoint:120.00, ProcValue:125.35, IMax:100.00, IMin:0.00,
2022-01-27 10:40:34,409 - root - DEBUG -   Window:30, Kp: 30.000, Ki: 1.000, Kd: 0.600
2022-01-27 10:40:34,410 - root - DEBUG - Exiting PID update with parameters Error:-5.35, ITerm:0.00, DInput:0.01, Output:0.00
2022-01-27 10:40:34,410 - root - DEBUG - RunID 60, Segment 1 (loop 163) - RunState:Ramp/Hold,
                       ReadTmp:125.35, RampTmp:120.00, TargetTmp:120.00,
                       Output:0.00, CycleOnSec:0.00, RemainTime:0:16:00
                    
2022-01-27 10:40:34,410 - root - DEBUG - ==>Relay Off
2022-01-27 10:40:34,411 - root - DEBUG - Writing stats to Firing DB table...
2022-01-27 10:40:34,430 - root - INFO - database writing complete1
2022-01-27 10:40:34,431 - root - INFO - RunState end: Ramp/Hold
2022-01-27 10:41:04,409 - root - DEBUG - Entering PID update with parameters SetPoint:120.00, ProcValue:125.23, IMax:100.00, IMin:0.00,
2022-01-27 10:41:04,409 - root - DEBUG -   Window:30, Kp: 30.000, Ki: 1.000, Kd: 0.600
2022-01-27 10:41:04,410 - root - DEBUG - Exiting PID update with parameters Error:-5.23, ITerm:0.00, DInput:-0.12, Output:0.00
2022-01-27 10:41:04,410 - root - DEBUG - RunID 60, Segment 1 (loop 164) - RunState:Ramp/Hold,
                       ReadTmp:125.23, RampTmp:120.00, TargetTmp:120.00,
                       Output:0.00, CycleOnSec:0.00, RemainTime:0:15:30
                    
2022-01-27 10:41:04,410 - root - DEBUG - ==>Relay Off
2022-01-27 10:41:04,411 - root - DEBUG - Writing stats to Firing DB table...
2022-01-27 10:41:04,426 - root - INFO - database writing complete1
2022-01-27 10:41:04,427 - root - INFO - RunState end: Ramp/Hold
2022-01-27 10:41:34,409 - root - DEBUG - Entering PID update with parameters SetPoint:120.00, ProcValue:125.07, IMax:100.00, IMin:0.00,
2022-01-27 10:41:34,409 - root - DEBUG -   Window:30, Kp: 30.000, Ki: 1.000, Kd: 0.600
2022-01-27 10:41:34,409 - root - DEBUG - Exiting PID update with parameters Error:-5.07, ITerm:0.00, DInput:-0.16, Output:0.00
2022-01-27 10:41:34,410 - root - DEBUG - RunID 60, Segment 1 (loop 165) - RunState:Ramp/Hold,
                       ReadTmp:125.07, RampTmp:120.00, TargetTmp:120.00,
                       Output:0.00, CycleOnSec:0.00, RemainTime:0:15:00
                    
2022-01-27 10:41:34,410 - root - DEBUG - ==>Relay Off
2022-01-27 10:41:34,411 - root - DEBUG - Writing stats to Firing DB table...
2022-01-27 10:41:34,426 - root - INFO - database writing complete1
2022-01-27 10:41:34,426 - root - INFO - RunState end: Ramp/Hold
2022-01-27 10:42:04,409 - root - DEBUG - Entering PID update with parameters SetPoint:120.00, ProcValue:124.61, IMax:100.00, IMin:0.00,
2022-01-27 10:42:04,409 - root - DEBUG -   Window:30, Kp: 30.000, Ki: 1.000, Kd: 0.600
2022-01-27 10:42:04,410 - root - DEBUG - Exiting PID update with parameters Error:-4.61, ITerm:0.00, DInput:-0.46, Output:0.00
2022-01-27 10:42:04,410 - root - DEBUG - RunID 60, Segment 1 (loop 166) - RunState:Ramp/Hold,
                       ReadTmp:124.61, RampTmp:120.00, TargetTmp:120.00,
                       Output:0.00, CycleOnSec:0.00, RemainTime:0:14:30
                    
2022-01-27 10:42:04,410 - root - DEBUG - ==>Relay Off
2022-01-27 10:42:04,411 - root - DEBUG - Writing stats to Firing DB table...
2022-01-27 10:42:04,428 - root - INFO - database writing complete1
2022-01-27 10:42:04,429 - root - INFO - RunState end: Ramp/Hold
2022-01-27 10:42:34,409 - root - DEBUG - Entering PID update with parameters SetPoint:120.00, ProcValue:124.27, IMax:100.00, IMin:0.00,
2022-01-27 10:42:34,409 - root - DEBUG -   Window:30, Kp: 30.000, Ki: 1.000, Kd: 0.600
2022-01-27 10:42:34,410 - root - DEBUG - Exiting PID update with parameters Error:-4.27, ITerm:0.00, DInput:-0.34, Output:0.00
2022-01-27 10:42:34,410 - root - DEBUG - RunID 60, Segment 1 (loop 167) - RunState:Ramp/Hold,
                       ReadTmp:124.27, RampTmp:120.00, TargetTmp:120.00,
                       Output:0.00, CycleOnSec:0.00, RemainTime:0:14:00
                    
2022-01-27 10:42:34,410 - root - DEBUG - ==>Relay Off
2022-01-27 10:42:34,411 - root - DEBUG - Writing stats to Firing DB table...
2022-01-27 10:42:34,426 - root - INFO - database writing complete1
2022-01-27 10:42:34,427 - root - INFO - RunState end: Ramp/Hold
2022-01-27 10:43:04,409 - root - DEBUG - Entering PID update with parameters SetPoint:120.00, ProcValue:123.75, IMax:100.00, IMin:0.00,
2022-01-27 10:43:04,409 - root - DEBUG -   Window:30, Kp: 30.000, Ki: 1.000, Kd: 0.600
2022-01-27 10:43:04,409 - root - DEBUG - Exiting PID update with parameters Error:-3.75, ITerm:0.00, DInput:-0.52, Output:0.00
2022-01-27 10:43:04,409 - root - DEBUG - RunID 60, Segment 1 (loop 168) - RunState:Ramp/Hold,
                       ReadTmp:123.75, RampTmp:120.00, TargetTmp:120.00,
                       Output:0.00, CycleOnSec:0.00, RemainTime:0:13:30
                    
2022-01-27 10:43:04,409 - root - DEBUG - ==>Relay Off
2022-01-27 10:43:04,410 - root - DEBUG - Writing stats to Firing DB table...
2022-01-27 10:43:04,426 - root - INFO - database writing complete1
2022-01-27 10:43:04,426 - root - INFO - RunState end: Ramp/Hold
2022-01-27 10:43:34,409 - root - DEBUG - Entering PID update with parameters SetPoint:120.00, ProcValue:123.24, IMax:100.00, IMin:0.00,
2022-01-27 10:43:34,409 - root - DEBUG -   Window:30, Kp: 30.000, Ki: 1.000, Kd: 0.600
2022-01-27 10:43:34,409 - root - DEBUG - Exiting PID update with parameters Error:-3.24, ITerm:0.00, DInput:-0.51, Output:0.00
2022-01-27 10:43:34,409 - root - DEBUG - RunID 60, Segment 1 (loop 169) - RunState:Ramp/Hold,
                       ReadTmp:123.24, RampTmp:120.00, TargetTmp:120.00,
                       Output:0.00, CycleOnSec:0.00, RemainTime:0:13:00
                    
2022-01-27 10:43:34,410 - root - DEBUG - ==>Relay Off
2022-01-27 10:43:34,410 - root - DEBUG - Writing stats to Firing DB table...
2022-01-27 10:43:34,429 - root - INFO - database writing complete1
2022-01-27 10:43:34,430 - root - INFO - RunState end: Ramp/Hold
2022-01-27 10:44:04,409 - root - DEBUG - Entering PID update with parameters SetPoint:120.00, ProcValue:122.62, IMax:100.00, IMin:0.00,
2022-01-27 10:44:04,409 - root - DEBUG -   Window:30, Kp: 30.000, Ki: 1.000, Kd: 0.600
2022-01-27 10:44:04,410 - root - DEBUG - Exiting PID update with parameters Error:-2.62, ITerm:0.00, DInput:-0.62, Output:0.00
2022-01-27 10:44:04,410 - root - DEBUG - RunID 60, Segment 1 (loop 170) - RunState:Ramp/Hold,
                       ReadTmp:122.62, RampTmp:120.00, TargetTmp:120.00,
                       Output:0.00, CycleOnSec:0.00, RemainTime:0:12:30
                    
2022-01-27 10:44:04,410 - root - DEBUG - ==>Relay Off
2022-01-27 10:44:04,411 - root - DEBUG - Writing stats to Firing DB table...
2022-01-27 10:44:04,426 - root - INFO - database writing complete1
2022-01-27 10:44:04,426 - root - INFO - RunState end: Ramp/Hold
2022-01-27 10:44:34,409 - root - DEBUG - Entering PID update with parameters SetPoint:120.00, ProcValue:122.08, IMax:100.00, IMin:0.00,
2022-01-27 10:44:34,409 - root - DEBUG -   Window:30, Kp: 30.000, Ki: 1.000, Kd: 0.600
2022-01-27 10:44:34,409 - root - DEBUG - Exiting PID update with parameters Error:-2.08, ITerm:0.00, DInput:-0.55, Output:0.00
2022-01-27 10:44:34,410 - root - DEBUG - RunID 60, Segment 1 (loop 171) - RunState:Ramp/Hold,
                       ReadTmp:122.08, RampTmp:120.00, TargetTmp:120.00,
                       Output:0.00, CycleOnSec:0.00, RemainTime:0:12:00
                    
2022-01-27 10:44:34,410 - root - DEBUG - ==>Relay Off
2022-01-27 10:44:34,411 - root - DEBUG - Writing stats to Firing DB table...
2022-01-27 10:44:34,426 - root - INFO - database writing complete1
2022-01-27 10:44:34,427 - root - INFO - RunState end: Ramp/Hold
2022-01-27 10:45:04,409 - root - DEBUG - Entering PID update with parameters SetPoint:120.00, ProcValue:121.43, IMax:100.00, IMin:0.00,
2022-01-27 10:45:04,409 - root - DEBUG -   Window:30, Kp: 30.000, Ki: 1.000, Kd: 0.600
2022-01-27 10:45:04,409 - root - DEBUG - Exiting PID update with parameters Error:-1.43, ITerm:0.00, DInput:-0.65, Output:0.00
2022-01-27 10:45:04,410 - root - DEBUG - RunID 60, Segment 1 (loop 172) - RunState:Ramp/Hold,
                       ReadTmp:121.43, RampTmp:120.00, TargetTmp:120.00,
                       Output:0.00, CycleOnSec:0.00, RemainTime:0:11:30
                    
2022-01-27 10:45:04,410 - root - DEBUG - ==>Relay Off
2022-01-27 10:45:04,411 - root - DEBUG - Writing stats to Firing DB table...
2022-01-27 10:45:04,427 - root - INFO - database writing complete1
2022-01-27 10:45:04,427 - root - INFO - RunState end: Ramp/Hold
2022-01-27 10:45:34,409 - root - DEBUG - Entering PID update with parameters SetPoint:120.00, ProcValue:120.79, IMax:100.00, IMin:0.00,
2022-01-27 10:45:34,409 - root - DEBUG -   Window:30, Kp: 30.000, Ki: 1.000, Kd: 0.600
2022-01-27 10:45:34,409 - root - DEBUG - Exiting PID update with parameters Error:-0.79, ITerm:0.00, DInput:-0.64, Output:0.00
2022-01-27 10:45:34,410 - root - DEBUG - RunID 60, Segment 1 (loop 173) - RunState:Ramp/Hold,
                       ReadTmp:120.79, RampTmp:120.00, TargetTmp:120.00,
                       Output:0.00, CycleOnSec:0.00, RemainTime:0:11:00
                    
2022-01-27 10:45:34,410 - root - DEBUG - ==>Relay Off
2022-01-27 10:45:34,411 - root - DEBUG - Writing stats to Firing DB table...
2022-01-27 10:45:34,427 - root - INFO - database writing complete1
2022-01-27 10:45:34,427 - root - INFO - RunState end: Ramp/Hold
2022-01-27 10:46:04,409 - root - DEBUG - Entering PID update with parameters SetPoint:120.00, ProcValue:120.09, IMax:100.00, IMin:0.00,
2022-01-27 10:46:04,409 - root - DEBUG -   Window:30, Kp: 30.000, Ki: 1.000, Kd: 0.600
2022-01-27 10:46:04,409 - root - DEBUG - Exiting PID update with parameters Error:-0.09, ITerm:0.00, DInput:-0.70, Output:0.00
2022-01-27 10:46:04,410 - root - DEBUG - RunID 60, Segment 1 (loop 174) - RunState:Ramp/Hold,
                       ReadTmp:120.09, RampTmp:120.00, TargetTmp:120.00,
                       Output:0.00, CycleOnSec:0.00, RemainTime:0:10:30
                    
2022-01-27 10:46:04,410 - root - DEBUG - ==>Relay Off
2022-01-27 10:46:04,411 - root - DEBUG - Writing stats to Firing DB table...
2022-01-27 10:46:04,425 - root - INFO - database writing complete1
2022-01-27 10:46:04,425 - root - INFO - RunState end: Ramp/Hold
2022-01-27 10:46:34,409 - root - DEBUG - Entering PID update with parameters SetPoint:120.00, ProcValue:119.46, IMax:100.00, IMin:0.00,
2022-01-27 10:46:34,409 - root - DEBUG -   Window:30, Kp: 30.000, Ki: 1.000, Kd: 0.600
2022-01-27 10:46:34,410 - root - DEBUG - Exiting PID update with parameters Error:0.54, ITerm:0.54, DInput:-0.62, Output:17.09
2022-01-27 10:46:34,410 - root - DEBUG - RunID 60, Segment 1 (loop 175) - RunState:Ramp/Hold,
                       ReadTmp:119.46, RampTmp:120.00, TargetTmp:120.00,
                       Output:17.09, CycleOnSec:5.13, RemainTime:0:10:00
                    
2022-01-27 10:46:34,410 - root - DEBUG - ==>Relay On
2022-01-27 10:46:39,541 - root - DEBUG - ==>Relay Off
2022-01-27 10:46:39,543 - root - DEBUG - Writing stats to Firing DB table...
2022-01-27 10:46:39,566 - root - INFO - database writing complete1
2022-01-27 10:46:39,567 - root - INFO - RunState end: Ramp/Hold
2022-01-27 10:47:04,409 - root - DEBUG - Entering PID update with parameters SetPoint:120.00, ProcValue:118.84, IMax:100.00, IMin:0.00,
2022-01-27 10:47:04,409 - root - DEBUG -   Window:30, Kp: 30.000, Ki: 1.000, Kd: 0.600
2022-01-27 10:47:04,409 - root - DEBUG - Exiting PID update with parameters Error:1.16, ITerm:1.70, DInput:-0.62, Output:36.75
2022-01-27 10:47:04,409 - root - DEBUG - RunID 60, Segment 1 (loop 176) - RunState:Ramp/Hold,
                       ReadTmp:118.84, RampTmp:120.00, TargetTmp:120.00,
                       Output:36.75, CycleOnSec:11.03, RemainTime:0:09:30
                    
2022-01-27 10:47:04,409 - root - DEBUG - ==>Relay On
2022-01-27 10:47:15,446 - root - DEBUG - ==>Relay Off
2022-01-27 10:47:15,448 - root - DEBUG - Writing stats to Firing DB table...
2022-01-27 10:47:15,465 - root - INFO - database writing complete1
2022-01-27 10:47:15,465 - root - INFO - RunState end: Ramp/Hold
2022-01-27 10:47:34,408 - root - DEBUG - Entering PID update with parameters SetPoint:120.00, ProcValue:118.48, IMax:100.00, IMin:0.00,
2022-01-27 10:47:34,409 - root - DEBUG -   Window:30, Kp: 30.000, Ki: 1.000, Kd: 0.600
2022-01-27 10:47:34,409 - root - DEBUG - Exiting PID update with parameters Error:1.52, ITerm:3.22, DInput:-0.37, Output:49.14
2022-01-27 10:47:34,409 - root - DEBUG - RunID 60, Segment 1 (loop 177) - RunState:Ramp/Hold,
                       ReadTmp:118.48, RampTmp:120.00, TargetTmp:120.00,
                       Output:49.14, CycleOnSec:14.74, RemainTime:0:09:00
                    
2022-01-27 10:47:34,409 - root - DEBUG - ==>Relay On
2022-01-27 10:47:49,167 - root - DEBUG - ==>Relay Off
2022-01-27 10:47:49,167 - root - DEBUG - Writing stats to Firing DB table...
2022-01-27 10:47:49,188 - root - INFO - database writing complete1
2022-01-27 10:47:49,188 - root - INFO - RunState end: Ramp/Hold
2022-01-27 10:48:04,409 - root - DEBUG - Entering PID update with parameters SetPoint:120.00, ProcValue:118.65, IMax:100.00, IMin:0.00,
2022-01-27 10:48:04,409 - root - DEBUG -   Window:30, Kp: 30.000, Ki: 1.000, Kd: 0.600
2022-01-27 10:48:04,409 - root - DEBUG - Exiting PID update with parameters Error:1.35, ITerm:4.57, DInput:0.17, Output:45.01
2022-01-27 10:48:04,410 - root - DEBUG - RunID 60, Segment 1 (loop 178) - RunState:Ramp/Hold,
                       ReadTmp:118.65, RampTmp:120.00, TargetTmp:120.00,
                       Output:45.01, CycleOnSec:13.50, RemainTime:0:08:30
                    
2022-01-27 10:48:04,410 - root - DEBUG - ==>Relay On
2022-01-27 10:48:17,928 - root - DEBUG - ==>Relay Off
2022-01-27 10:48:17,929 - root - DEBUG - Writing stats to Firing DB table...
2022-01-27 10:48:17,951 - root - INFO - database writing complete1
2022-01-27 10:48:17,952 - root - INFO - RunState end: Ramp/Hold
2022-01-27 10:48:34,408 - root - DEBUG - Entering PID update with parameters SetPoint:120.00, ProcValue:119.72, IMax:100.00, IMin:0.00,
2022-01-27 10:48:34,409 - root - DEBUG -   Window:30, Kp: 30.000, Ki: 1.000, Kd: 0.600
2022-01-27 10:48:34,409 - root - DEBUG - Exiting PID update with parameters Error:0.28, ITerm:4.85, DInput:1.07, Output:12.65
2022-01-27 10:48:34,409 - root - DEBUG - RunID 60, Segment 1 (loop 179) - RunState:Ramp/Hold,
                       ReadTmp:119.72, RampTmp:120.00, TargetTmp:120.00,
                       Output:12.65, CycleOnSec:3.79, RemainTime:0:08:00
                    
2022-01-27 10:48:34,409 - root - DEBUG - ==>Relay On
2022-01-27 10:48:38,207 - root - DEBUG - ==>Relay Off
2022-01-27 10:48:38,209 - root - DEBUG - Writing stats to Firing DB table...
2022-01-27 10:48:38,224 - root - INFO - database writing complete1
2022-01-27 10:48:38,224 - root - INFO - RunState end: Ramp/Hold
2022-01-27 10:49:04,409 - root - DEBUG - Entering PID update with parameters SetPoint:120.00, ProcValue:121.16, IMax:100.00, IMin:0.00,
2022-01-27 10:49:04,409 - root - DEBUG -   Window:30, Kp: 30.000, Ki: 1.000, Kd: 0.600
2022-01-27 10:49:04,409 - root - DEBUG - Exiting PID update with parameters Error:-1.16, ITerm:3.70, DInput:1.44, Output:0.00
2022-01-27 10:49:04,409 - root - DEBUG - RunID 60, Segment 1 (loop 180) - RunState:Ramp/Hold,
                       ReadTmp:121.16, RampTmp:120.00, TargetTmp:120.00,
                       Output:0.00, CycleOnSec:0.00, RemainTime:0:07:30
                    
2022-01-27 10:49:04,409 - root - DEBUG - ==>Relay Off
2022-01-27 10:49:04,410 - root - DEBUG - Writing stats to Firing DB table...
2022-01-27 10:49:04,428 - root - INFO - database writing complete1
2022-01-27 10:49:04,428 - root - INFO - RunState end: Ramp/Hold
2022-01-27 10:49:34,409 - root - DEBUG - Entering PID update with parameters SetPoint:120.00, ProcValue:122.28, IMax:100.00, IMin:0.00,
2022-01-27 10:49:34,409 - root - DEBUG -   Window:30, Kp: 30.000, Ki: 1.000, Kd: 0.600
2022-01-27 10:49:34,409 - root - DEBUG - Exiting PID update with parameters Error:-2.28, ITerm:1.41, DInput:1.12, Output:0.00
2022-01-27 10:49:34,409 - root - DEBUG - RunID 60, Segment 1 (loop 181) - RunState:Ramp/Hold,
                       ReadTmp:122.28, RampTmp:120.00, TargetTmp:120.00,
                       Output:0.00, CycleOnSec:0.00, RemainTime:0:07:00
                    
2022-01-27 10:49:34,409 - root - DEBUG - ==>Relay Off
2022-01-27 10:49:34,410 - root - DEBUG - Writing stats to Firing DB table...
2022-01-27 10:49:34,624 - root - INFO - database writing complete1
2022-01-27 10:49:34,624 - root - INFO - RunState end: Ramp/Hold
2022-01-27 10:50:04,409 - root - DEBUG - Entering PID update with parameters SetPoint:120.00, ProcValue:123.29, IMax:100.00, IMin:0.00,
2022-01-27 10:50:04,409 - root - DEBUG -   Window:30, Kp: 30.000, Ki: 1.000, Kd: 0.600
2022-01-27 10:50:04,409 - root - DEBUG - Exiting PID update with parameters Error:-3.29, ITerm:0.00, DInput:1.01, Output:0.00
2022-01-27 10:50:04,409 - root - DEBUG - RunID 60, Segment 1 (loop 182) - RunState:Ramp/Hold,
                       ReadTmp:123.29, RampTmp:120.00, TargetTmp:120.00,
                       Output:0.00, CycleOnSec:0.00, RemainTime:0:06:30
                    
2022-01-27 10:50:04,409 - root - DEBUG - ==>Relay Off
2022-01-27 10:50:04,410 - root - DEBUG - Writing stats to Firing DB table...
2022-01-27 10:50:04,453 - root - INFO - database writing complete1
2022-01-27 10:50:04,453 - root - INFO - RunState end: Ramp/Hold
2022-01-27 10:50:34,409 - root - DEBUG - Entering PID update with parameters SetPoint:120.00, ProcValue:124.02, IMax:100.00, IMin:0.00,
2022-01-27 10:50:34,410 - root - DEBUG -   Window:30, Kp: 30.000, Ki: 1.000, Kd: 0.600
2022-01-27 10:50:34,410 - root - DEBUG - Exiting PID update with parameters Error:-4.02, ITerm:0.00, DInput:0.73, Output:0.00
2022-01-27 10:50:34,410 - root - DEBUG - RunID 60, Segment 1 (loop 183) - RunState:Ramp/Hold,
                       ReadTmp:124.02, RampTmp:120.00, TargetTmp:120.00,
                       Output:0.00, CycleOnSec:0.00, RemainTime:0:06:00
                    
2022-01-27 10:50:34,410 - root - DEBUG - ==>Relay Off
2022-01-27 10:50:34,411 - root - DEBUG - Writing stats to Firing DB table...
2022-01-27 10:50:34,425 - root - INFO - database writing complete1
2022-01-27 10:50:34,426 - root - INFO - RunState end: Ramp/Hold
2022-01-27 10:51:04,411 - root - DEBUG - Entering PID update with parameters SetPoint:120.00, ProcValue:124.59, IMax:100.00, IMin:0.00,
2022-01-27 10:51:04,411 - root - DEBUG -   Window:30, Kp: 30.000, Ki: 1.000, Kd: 0.600
2022-01-27 10:51:04,411 - root - DEBUG - Exiting PID update with parameters Error:-4.59, ITerm:0.00, DInput:0.58, Output:0.00
2022-01-27 10:51:04,411 - root - DEBUG - RunID 60, Segment 1 (loop 184) - RunState:Ramp/Hold,
                       ReadTmp:124.59, RampTmp:120.00, TargetTmp:120.00,
                       Output:0.00, CycleOnSec:0.00, RemainTime:0:05:30
                    
2022-01-27 10:51:04,412 - root - DEBUG - ==>Relay Off
2022-01-27 10:51:04,412 - root - DEBUG - Writing stats to Firing DB table...
2022-01-27 10:51:04,427 - root - INFO - database writing complete1
2022-01-27 10:51:04,428 - root - INFO - RunState end: Ramp/Hold
2022-01-27 10:51:34,410 - root - DEBUG - Entering PID update with parameters SetPoint:120.00, ProcValue:125.00, IMax:100.00, IMin:0.00,
2022-01-27 10:51:34,410 - root - DEBUG -   Window:30, Kp: 30.000, Ki: 1.000, Kd: 0.600
2022-01-27 10:51:34,410 - root - DEBUG - Exiting PID update with parameters Error:-5.00, ITerm:0.00, DInput:0.41, Output:0.00
2022-01-27 10:51:34,411 - root - DEBUG - RunID 60, Segment 1 (loop 185) - RunState:Ramp/Hold,
                       ReadTmp:125.00, RampTmp:120.00, TargetTmp:120.00,
                       Output:0.00, CycleOnSec:0.00, RemainTime:0:05:00
                    
2022-01-27 10:51:34,411 - root - DEBUG - ==>Relay Off
2022-01-27 10:51:34,411 - root - DEBUG - Writing stats to Firing DB table...
2022-01-27 10:51:34,426 - root - INFO - database writing complete1
2022-01-27 10:51:34,427 - root - INFO - RunState end: Ramp/Hold
2022-01-27 10:52:04,411 - root - DEBUG - Entering PID update with parameters SetPoint:120.00, ProcValue:125.33, IMax:100.00, IMin:0.00,
2022-01-27 10:52:04,411 - root - DEBUG -   Window:30, Kp: 30.000, Ki: 1.000, Kd: 0.600
2022-01-27 10:52:04,411 - root - DEBUG - Exiting PID update with parameters Error:-5.33, ITerm:0.00, DInput:0.33, Output:0.00
2022-01-27 10:52:04,412 - root - DEBUG - RunID 60, Segment 1 (loop 186) - RunState:Ramp/Hold,
                       ReadTmp:125.33, RampTmp:120.00, TargetTmp:120.00,
                       Output:0.00, CycleOnSec:0.00, RemainTime:0:04:30
                    
2022-01-27 10:52:04,412 - root - DEBUG - ==>Relay Off
2022-01-27 10:52:04,413 - root - DEBUG - Writing stats to Firing DB table...
2022-01-27 10:52:04,431 - root - INFO - database writing complete1
2022-01-27 10:52:04,431 - root - INFO - RunState end: Ramp/Hold
2022-01-27 10:52:34,409 - root - DEBUG - Entering PID update with parameters SetPoint:120.00, ProcValue:125.44, IMax:100.00, IMin:0.00,
2022-01-27 10:52:34,410 - root - DEBUG -   Window:30, Kp: 30.000, Ki: 1.000, Kd: 0.600
2022-01-27 10:52:34,410 - root - DEBUG - Exiting PID update with parameters Error:-5.44, ITerm:0.00, DInput:0.11, Output:0.00
2022-01-27 10:52:34,410 - root - DEBUG - RunID 60, Segment 1 (loop 187) - RunState:Ramp/Hold,
                       ReadTmp:125.44, RampTmp:120.00, TargetTmp:120.00,
                       Output:0.00, CycleOnSec:0.00, RemainTime:0:04:00
                    
2022-01-27 10:52:34,410 - root - DEBUG - ==>Relay Off
2022-01-27 10:52:34,411 - root - DEBUG - Writing stats to Firing DB table...
2022-01-27 10:52:34,426 - root - INFO - database writing complete1
2022-01-27 10:52:34,426 - root - INFO - RunState end: Ramp/Hold
2022-01-27 10:53:04,410 - root - DEBUG - Entering PID update with parameters SetPoint:120.00, ProcValue:125.44, IMax:100.00, IMin:0.00,
2022-01-27 10:53:04,410 - root - DEBUG -   Window:30, Kp: 30.000, Ki: 1.000, Kd: 0.600
2022-01-27 10:53:04,410 - root - DEBUG - Exiting PID update with parameters Error:-5.44, ITerm:0.00, DInput:0.00, Output:0.00
2022-01-27 10:53:04,410 - root - DEBUG - RunID 60, Segment 1 (loop 188) - RunState:Ramp/Hold,
                       ReadTmp:125.44, RampTmp:120.00, TargetTmp:120.00,
                       Output:0.00, CycleOnSec:0.00, RemainTime:0:03:30
                    
2022-01-27 10:53:04,411 - root - DEBUG - ==>Relay Off
2022-01-27 10:53:04,411 - root - DEBUG - Writing stats to Firing DB table...
2022-01-27 10:53:04,426 - root - INFO - database writing complete1
2022-01-27 10:53:04,427 - root - INFO - RunState end: Ramp/Hold
2022-01-27 10:53:34,410 - root - DEBUG - Entering PID update with parameters SetPoint:120.00, ProcValue:125.34, IMax:100.00, IMin:0.00,
2022-01-27 10:53:34,411 - root - DEBUG -   Window:30, Kp: 30.000, Ki: 1.000, Kd: 0.600
2022-01-27 10:53:34,411 - root - DEBUG - Exiting PID update with parameters Error:-5.34, ITerm:0.00, DInput:-0.09, Output:0.00
2022-01-27 10:53:34,411 - root - DEBUG - RunID 60, Segment 1 (loop 189) - RunState:Ramp/Hold,
                       ReadTmp:125.34, RampTmp:120.00, TargetTmp:120.00,
                       Output:0.00, CycleOnSec:0.00, RemainTime:0:03:00
                    
2022-01-27 10:53:34,411 - root - DEBUG - ==>Relay Off
2022-01-27 10:53:34,412 - root - DEBUG - Writing stats to Firing DB table...
2022-01-27 10:53:34,431 - root - INFO - database writing complete1
2022-01-27 10:53:34,431 - root - INFO - RunState end: Ramp/Hold
2022-01-27 10:54:04,410 - root - DEBUG - Entering PID update with parameters SetPoint:120.00, ProcValue:125.08, IMax:100.00, IMin:0.00,
2022-01-27 10:54:04,410 - root - DEBUG -   Window:30, Kp: 30.000, Ki: 1.000, Kd: 0.600
2022-01-27 10:54:04,410 - root - DEBUG - Exiting PID update with parameters Error:-5.08, ITerm:0.00, DInput:-0.27, Output:0.00
2022-01-27 10:54:04,410 - root - DEBUG - RunID 60, Segment 1 (loop 190) - RunState:Ramp/Hold,
                       ReadTmp:125.08, RampTmp:120.00, TargetTmp:120.00,
                       Output:0.00, CycleOnSec:0.00, RemainTime:0:02:30
                    
2022-01-27 10:54:04,410 - root - DEBUG - ==>Relay Off
2022-01-27 10:54:04,411 - root - DEBUG - Writing stats to Firing DB table...
2022-01-27 10:54:04,431 - root - INFO - database writing complete1
2022-01-27 10:54:04,431 - root - INFO - RunState end: Ramp/Hold
2022-01-27 10:54:34,410 - root - DEBUG - Entering PID update with parameters SetPoint:120.00, ProcValue:124.73, IMax:100.00, IMin:0.00,
2022-01-27 10:54:34,410 - root - DEBUG -   Window:30, Kp: 30.000, Ki: 1.000, Kd: 0.600
2022-01-27 10:54:34,410 - root - DEBUG - Exiting PID update with parameters Error:-4.73, ITerm:0.00, DInput:-0.35, Output:0.00
2022-01-27 10:54:34,410 - root - DEBUG - RunID 60, Segment 1 (loop 191) - RunState:Ramp/Hold,
                       ReadTmp:124.73, RampTmp:120.00, TargetTmp:120.00,
                       Output:0.00, CycleOnSec:0.00, RemainTime:0:02:00
                    
2022-01-27 10:54:34,411 - root - DEBUG - ==>Relay Off
2022-01-27 10:54:34,411 - root - DEBUG - Writing stats to Firing DB table...
2022-01-27 10:54:34,427 - root - INFO - database writing complete1
2022-01-27 10:54:34,428 - root - INFO - RunState end: Ramp/Hold
2022-01-27 10:55:04,409 - root - DEBUG - Entering PID update with parameters SetPoint:120.00, ProcValue:124.25, IMax:100.00, IMin:0.00,
2022-01-27 10:55:04,409 - root - DEBUG -   Window:30, Kp: 30.000, Ki: 1.000, Kd: 0.600
2022-01-27 10:55:04,410 - root - DEBUG - Exiting PID update with parameters Error:-4.25, ITerm:0.00, DInput:-0.48, Output:0.00
2022-01-27 10:55:04,410 - root - DEBUG - RunID 60, Segment 1 (loop 192) - RunState:Ramp/Hold,
                       ReadTmp:124.25, RampTmp:120.00, TargetTmp:120.00,
                       Output:0.00, CycleOnSec:0.00, RemainTime:0:01:30
                    
2022-01-27 10:55:04,410 - root - DEBUG - ==>Relay Off
2022-01-27 10:55:04,411 - root - DEBUG - Writing stats to Firing DB table...
2022-01-27 10:55:04,436 - root - INFO - database writing complete1
2022-01-27 10:55:04,436 - root - INFO - RunState end: Ramp/Hold
2022-01-27 10:55:34,410 - root - DEBUG - Entering PID update with parameters SetPoint:120.00, ProcValue:123.81, IMax:100.00, IMin:0.00,
2022-01-27 10:55:34,410 - root - DEBUG -   Window:30, Kp: 30.000, Ki: 1.000, Kd: 0.600
2022-01-27 10:55:34,410 - root - DEBUG - Exiting PID update with parameters Error:-3.81, ITerm:0.00, DInput:-0.44, Output:0.00
2022-01-27 10:55:34,410 - root - DEBUG - RunID 60, Segment 1 (loop 193) - RunState:Ramp/Hold,
                       ReadTmp:123.81, RampTmp:120.00, TargetTmp:120.00,
                       Output:0.00, CycleOnSec:0.00, RemainTime:0:01:00
                    
2022-01-27 10:55:34,411 - root - DEBUG - ==>Relay Off
2022-01-27 10:55:34,411 - root - DEBUG - Writing stats to Firing DB table...
2022-01-27 10:55:34,432 - root - INFO - database writing complete1
2022-01-27 10:55:34,433 - root - INFO - RunState end: Ramp/Hold
2022-01-27 10:56:04,409 - root - DEBUG - Entering PID update with parameters SetPoint:120.00, ProcValue:123.29, IMax:100.00, IMin:0.00,
2022-01-27 10:56:04,410 - root - DEBUG -   Window:30, Kp: 30.000, Ki: 1.000, Kd: 0.600
2022-01-27 10:56:04,410 - root - DEBUG - Exiting PID update with parameters Error:-3.29, ITerm:0.00, DInput:-0.52, Output:0.00
2022-01-27 10:56:04,410 - root - DEBUG - RunID 60, Segment 1 (loop 194) - RunState:Ramp/Hold,
                       ReadTmp:123.29, RampTmp:120.00, TargetTmp:120.00,
                       Output:0.00, CycleOnSec:0.00, RemainTime:0:00:30
                    
2022-01-27 10:56:04,410 - root - DEBUG - ==>Relay Off
2022-01-27 10:56:04,411 - root - DEBUG - Writing stats to Firing DB table...
2022-01-27 10:56:04,426 - root - INFO - database writing complete1
2022-01-27 10:56:04,427 - root - INFO - RunState end: Ramp/Hold
2022-01-27 10:56:34,410 - root - DEBUG - Entering PID update with parameters SetPoint:120.00, ProcValue:122.79, IMax:100.00, IMin:0.00,
2022-01-27 10:56:34,410 - root - DEBUG -   Window:30, Kp: 30.000, Ki: 1.000, Kd: 0.600
2022-01-27 10:56:34,410 - root - DEBUG - Exiting PID update with parameters Error:-2.79, ITerm:0.00, DInput:-0.50, Output:0.00
2022-01-27 10:56:34,411 - root - DEBUG - RunID 60, Segment 1 (loop 195) - RunState:Ramp/Hold,
                       ReadTmp:122.79, RampTmp:120.00, TargetTmp:120.00,
                       Output:0.00, CycleOnSec:0.00, RemainTime:0:00:00
                    
2022-01-27 10:56:34,411 - root - DEBUG - ==>Relay Off
2022-01-27 10:56:34,412 - root - DEBUG - Writing stats to Firing DB table...
2022-01-27 10:56:34,427 - root - INFO - database writing complete1
2022-01-27 10:56:34,428 - root - INFO - RunState end: Complete
2022-01-27 10:56:34,428 - root - DEBUG - Update run id 60,
                                   segment 1 end time to 2022-01-27 10:56:34
                                
2022-01-27 10:56:34,428 - root - DEBUG - Update run id 60,
                                   segment 1 end time to 2022-01-27 10:56:34
                                
2022-01-27 10:56:34,429 - root - INFO - Segment 1 Complete
2022-01-27 10:56:34,463 - root - INFO - state updated to Completed
2022-01-27 10:56:34,464 - root - INFO - SegCompStat 0
2022-01-27 10:56:34,464 - root - INFO - Polling for 'Running' firing profiles...
