2022-01-12 14:41:14,119 - root - INFO - TotalSeg: 2
2022-01-12 14:41:14,119 - root - INFO - segment is 1 start time is None endtime is None
2022-01-12 14:41:14,630 - root - INFO - Entering Fire function with parameters RunID:54, Seg:1,
              TargetTmp:945, Rate:170, HoldMin:0, Window:30
           
2022-01-12 14:41:14,884 - root - INFO - First pass of firing loop - TargetTmp:945.00,
                          StartTmp:438.02,RampTmp:439.44, TmpDif:506.98,
                          RampMin:178.93, Steps:357, StepTmp:1.42,
                          Window:30, StartSec:1642020074, EndSec:1642030810
                       
2022-01-12 14:41:14,885 - root - DEBUG - Entering PID update with parameters SetPoint:439.44, ProcValue:438.02, IMax:100.00, IMin:0.00,
2022-01-12 14:41:14,885 - root - DEBUG -   Window:30, Kp: 30.000, Ki: 1.000, Kd: 0.600
2022-01-12 14:41:14,885 - root - DEBUG - Exiting PID update with parameters Error:1.42, ITerm:1.42, DInput:-2.00, Output:45.12
2022-01-12 14:41:14,885 - root - DEBUG - RunID 54, Segment 1 (loop 1) - RunState:Ramp,
                       ReadTmp:438.02, RampTmp:439.44, TargetTmp:945.00,
                       Output:45.12, CycleOnSec:13.54, RemainTime:2:58:56
                    
2022-01-12 14:41:14,885 - root - DEBUG - ==>Relay On
2022-01-12 14:41:28,434 - root - DEBUG - ==>Relay Off
2022-01-12 14:41:28,435 - root - DEBUG - Writing stats to Firing DB table...
2022-01-12 14:41:28,451 - root - INFO - database writing complete1
2022-01-12 14:41:28,452 - root - INFO - RunState end: Ramp
2022-01-12 14:41:44,253 - root - DEBUG - Entering PID update with parameters SetPoint:440.85, ProcValue:503.69, IMax:100.00, IMin:0.00,
2022-01-12 14:41:44,253 - root - DEBUG -   Window:30, Kp: 30.000, Ki: 1.000, Kd: 0.600
2022-01-12 14:41:44,254 - root - DEBUG - Exiting PID update with parameters Error:-62.84, ITerm:0.00, DInput:65.68, Output:0.00
2022-01-12 14:41:44,254 - root - DEBUG - RunID 54, Segment 1 (loop 2) - RunState:Ramp,
                       ReadTmp:503.69, RampTmp:440.85, TargetTmp:945.00,
                       Output:0.00, CycleOnSec:0.00, RemainTime:2:58:26
                    
2022-01-12 14:41:44,254 - root - DEBUG - ==>Relay Off
2022-01-12 14:41:44,254 - root - DEBUG - Writing stats to Firing DB table...
2022-01-12 14:41:44,267 - root - INFO - database writing complete1
2022-01-12 14:41:44,268 - root - INFO - RunState end: Ramp
2022-01-12 14:42:14,253 - root - DEBUG - Entering PID update with parameters SetPoint:442.27, ProcValue:501.69, IMax:100.00, IMin:0.00,
2022-01-12 14:42:14,253 - root - DEBUG -   Window:30, Kp: 30.000, Ki: 1.000, Kd: 0.600
2022-01-12 14:42:14,254 - root - DEBUG - Exiting PID update with parameters Error:-59.43, ITerm:0.00, DInput:-2.00, Output:0.00
2022-01-12 14:42:14,254 - root - DEBUG - RunID 54, Segment 1 (loop 3) - RunState:Ramp,
                       ReadTmp:501.69, RampTmp:442.27, TargetTmp:945.00,
                       Output:0.00, CycleOnSec:0.00, RemainTime:2:57:56
                    
2022-01-12 14:42:14,254 - root - DEBUG - ==>Relay Off
2022-01-12 14:42:14,254 - root - DEBUG - Writing stats to Firing DB table...
2022-01-12 14:42:14,266 - root - INFO - database writing complete1
2022-01-12 14:42:14,266 - root - INFO - RunState end: Ramp
2022-01-12 14:42:44,253 - root - DEBUG - Entering PID update with parameters SetPoint:443.69, ProcValue:499.69, IMax:100.00, IMin:0.00,
2022-01-12 14:42:44,253 - root - DEBUG -   Window:30, Kp: 30.000, Ki: 1.000, Kd: 0.600
2022-01-12 14:42:44,253 - root - DEBUG - Exiting PID update with parameters Error:-56.01, ITerm:0.00, DInput:-2.00, Output:0.00
2022-01-12 14:42:44,254 - root - DEBUG - RunID 54, Segment 1 (loop 4) - RunState:Ramp,
                       ReadTmp:499.69, RampTmp:443.69, TargetTmp:945.00,
                       Output:0.00, CycleOnSec:0.00, RemainTime:2:57:26
                    
2022-01-12 14:42:44,254 - root - DEBUG - ==>Relay Off
2022-01-12 14:42:44,254 - root - DEBUG - Writing stats to Firing DB table...
2022-01-12 14:42:44,268 - root - INFO - database writing complete1
2022-01-12 14:42:44,269 - root - INFO - RunState end: Ramp
2022-01-12 14:43:14,253 - root - DEBUG - Entering PID update with parameters SetPoint:445.10, ProcValue:497.69, IMax:100.00, IMin:0.00,
2022-01-12 14:43:14,253 - root - DEBUG -   Window:30, Kp: 30.000, Ki: 1.000, Kd: 0.600
2022-01-12 14:43:14,254 - root - DEBUG - Exiting PID update with parameters Error:-52.59, ITerm:0.00, DInput:-2.00, Output:0.00
2022-01-12 14:43:14,254 - root - DEBUG - RunID 54, Segment 1 (loop 5) - RunState:Ramp,
                       ReadTmp:497.69, RampTmp:445.10, TargetTmp:945.00,
                       Output:0.00, CycleOnSec:0.00, RemainTime:2:56:56
                    
2022-01-12 14:43:14,254 - root - DEBUG - ==>Relay Off
2022-01-12 14:43:14,254 - root - DEBUG - Writing stats to Firing DB table...
2022-01-12 14:43:14,266 - root - INFO - database writing complete1
2022-01-12 14:43:14,266 - root - INFO - RunState end: Ramp
2022-01-12 14:43:44,253 - root - DEBUG - Entering PID update with parameters SetPoint:446.52, ProcValue:495.69, IMax:100.00, IMin:0.00,
2022-01-12 14:43:44,253 - root - DEBUG -   Window:30, Kp: 30.000, Ki: 1.000, Kd: 0.600
2022-01-12 14:43:44,254 - root - DEBUG - Exiting PID update with parameters Error:-49.18, ITerm:0.00, DInput:-2.00, Output:0.00
2022-01-12 14:43:44,254 - root - DEBUG - RunID 54, Segment 1 (loop 6) - RunState:Ramp,
                       ReadTmp:495.69, RampTmp:446.52, TargetTmp:945.00,
                       Output:0.00, CycleOnSec:0.00, RemainTime:2:56:26
                    
2022-01-12 14:43:44,254 - root - DEBUG - ==>Relay Off
2022-01-12 14:43:44,254 - root - DEBUG - Writing stats to Firing DB table...
2022-01-12 14:43:44,267 - root - INFO - database writing complete1
2022-01-12 14:43:44,268 - root - INFO - RunState end: Ramp
2022-01-12 14:44:14,253 - root - DEBUG - Entering PID update with parameters SetPoint:447.94, ProcValue:493.69, IMax:100.00, IMin:0.00,
2022-01-12 14:44:14,253 - root - DEBUG -   Window:30, Kp: 30.000, Ki: 1.000, Kd: 0.600
2022-01-12 14:44:14,254 - root - DEBUG - Exiting PID update with parameters Error:-45.76, ITerm:0.00, DInput:-2.00, Output:0.00
2022-01-12 14:44:14,254 - root - DEBUG - RunID 54, Segment 1 (loop 7) - RunState:Ramp,
                       ReadTmp:493.69, RampTmp:447.94, TargetTmp:945.00,
                       Output:0.00, CycleOnSec:0.00, RemainTime:2:55:56
                    
2022-01-12 14:44:14,254 - root - DEBUG - ==>Relay Off
2022-01-12 14:44:14,254 - root - DEBUG - Writing stats to Firing DB table...
2022-01-12 14:44:14,266 - root - INFO - database writing complete1
2022-01-12 14:44:14,266 - root - INFO - RunState end: Ramp
2022-01-12 14:44:44,253 - root - DEBUG - Entering PID update with parameters SetPoint:449.35, ProcValue:491.69, IMax:100.00, IMin:0.00,
2022-01-12 14:44:44,253 - root - DEBUG -   Window:30, Kp: 30.000, Ki: 1.000, Kd: 0.600
2022-01-12 14:44:44,254 - root - DEBUG - Exiting PID update with parameters Error:-42.34, ITerm:0.00, DInput:-2.00, Output:0.00
2022-01-12 14:44:44,254 - root - DEBUG - RunID 54, Segment 1 (loop 8) - RunState:Ramp,
                       ReadTmp:491.69, RampTmp:449.35, TargetTmp:945.00,
                       Output:0.00, CycleOnSec:0.00, RemainTime:2:55:26
                    
2022-01-12 14:44:44,254 - root - DEBUG - ==>Relay Off
2022-01-12 14:44:44,254 - root - DEBUG - Writing stats to Firing DB table...
2022-01-12 14:44:44,266 - root - INFO - database writing complete1
2022-01-12 14:44:44,266 - root - INFO - RunState end: Ramp
2022-01-12 14:45:14,253 - root - DEBUG - Entering PID update with parameters SetPoint:450.77, ProcValue:489.69, IMax:100.00, IMin:0.00,
2022-01-12 14:45:14,253 - root - DEBUG -   Window:30, Kp: 30.000, Ki: 1.000, Kd: 0.600
2022-01-12 14:45:14,254 - root - DEBUG - Exiting PID update with parameters Error:-38.93, ITerm:0.00, DInput:-2.00, Output:0.00
2022-01-12 14:45:14,254 - root - DEBUG - RunID 54, Segment 1 (loop 9) - RunState:Ramp,
                       ReadTmp:489.69, RampTmp:450.77, TargetTmp:945.00,
                       Output:0.00, CycleOnSec:0.00, RemainTime:2:54:56
                    
2022-01-12 14:45:14,254 - root - DEBUG - ==>Relay Off
2022-01-12 14:45:14,254 - root - DEBUG - Writing stats to Firing DB table...
2022-01-12 14:45:14,266 - root - INFO - database writing complete1
2022-01-12 14:45:14,266 - root - INFO - RunState end: Ramp
2022-01-12 14:45:44,253 - root - DEBUG - Entering PID update with parameters SetPoint:452.19, ProcValue:487.69, IMax:100.00, IMin:0.00,
2022-01-12 14:45:44,253 - root - DEBUG -   Window:30, Kp: 30.000, Ki: 1.000, Kd: 0.600
2022-01-12 14:45:44,254 - root - DEBUG - Exiting PID update with parameters Error:-35.51, ITerm:0.00, DInput:-2.00, Output:0.00
2022-01-12 14:45:44,254 - root - DEBUG - RunID 54, Segment 1 (loop 10) - RunState:Ramp,
                       ReadTmp:487.69, RampTmp:452.19, TargetTmp:945.00,
                       Output:0.00, CycleOnSec:0.00, RemainTime:2:54:26
                    
2022-01-12 14:45:44,254 - root - DEBUG - ==>Relay Off
2022-01-12 14:45:44,254 - root - DEBUG - Writing stats to Firing DB table...
2022-01-12 14:45:44,267 - root - INFO - database writing complete1
2022-01-12 14:45:44,267 - root - INFO - RunState end: Ramp
2022-01-12 14:46:14,253 - root - DEBUG - Entering PID update with parameters SetPoint:453.60, ProcValue:485.69, IMax:100.00, IMin:0.00,
2022-01-12 14:46:14,253 - root - DEBUG -   Window:30, Kp: 30.000, Ki: 1.000, Kd: 0.600
2022-01-12 14:46:14,254 - root - DEBUG - Exiting PID update with parameters Error:-32.09, ITerm:0.00, DInput:-2.00, Output:0.00
2022-01-12 14:46:14,254 - root - DEBUG - RunID 54, Segment 1 (loop 11) - RunState:Ramp,
                       ReadTmp:485.69, RampTmp:453.60, TargetTmp:945.00,
                       Output:0.00, CycleOnSec:0.00, RemainTime:2:53:56
                    
2022-01-12 14:46:14,254 - root - DEBUG - ==>Relay Off
2022-01-12 14:46:14,254 - root - DEBUG - Writing stats to Firing DB table...
2022-01-12 14:46:14,285 - root - INFO - database writing complete1
2022-01-12 14:46:14,286 - root - INFO - RunState end: Ramp
2022-01-12 14:46:44,253 - root - DEBUG - Entering PID update with parameters SetPoint:455.02, ProcValue:483.69, IMax:100.00, IMin:0.00,
2022-01-12 14:46:44,253 - root - DEBUG -   Window:30, Kp: 30.000, Ki: 1.000, Kd: 0.600
2022-01-12 14:46:44,253 - root - DEBUG - Exiting PID update with parameters Error:-28.68, ITerm:0.00, DInput:-2.00, Output:0.00
2022-01-12 14:46:44,253 - root - DEBUG - RunID 54, Segment 1 (loop 12) - RunState:Ramp,
                       ReadTmp:483.69, RampTmp:455.02, TargetTmp:945.00,
                       Output:0.00, CycleOnSec:0.00, RemainTime:2:53:26
                    
2022-01-12 14:46:44,254 - root - DEBUG - ==>Relay Off
2022-01-12 14:46:44,254 - root - DEBUG - Writing stats to Firing DB table...
2022-01-12 14:46:44,283 - root - INFO - database writing complete1
2022-01-12 14:46:44,283 - root - INFO - RunState end: Ramp
2022-01-12 14:47:14,253 - root - DEBUG - Entering PID update with parameters SetPoint:456.44, ProcValue:481.69, IMax:100.00, IMin:0.00,
2022-01-12 14:47:14,253 - root - DEBUG -   Window:30, Kp: 30.000, Ki: 1.000, Kd: 0.600
2022-01-12 14:47:14,253 - root - DEBUG - Exiting PID update with parameters Error:-25.26, ITerm:0.00, DInput:-2.00, Output:0.00
2022-01-12 14:47:14,253 - root - DEBUG - RunID 54, Segment 1 (loop 13) - RunState:Ramp,
                       ReadTmp:481.69, RampTmp:456.44, TargetTmp:945.00,
                       Output:0.00, CycleOnSec:0.00, RemainTime:2:52:56
                    
2022-01-12 14:47:14,254 - root - DEBUG - ==>Relay Off
2022-01-12 14:47:14,254 - root - DEBUG - Writing stats to Firing DB table...
2022-01-12 14:47:14,265 - root - INFO - database writing complete1
2022-01-12 14:47:14,265 - root - INFO - RunState end: Ramp
2022-01-12 14:47:44,253 - root - DEBUG - Entering PID update with parameters SetPoint:457.85, ProcValue:479.69, IMax:100.00, IMin:0.00,
2022-01-12 14:47:44,253 - root - DEBUG -   Window:30, Kp: 30.000, Ki: 1.000, Kd: 0.600
2022-01-12 14:47:44,253 - root - DEBUG - Exiting PID update with parameters Error:-21.84, ITerm:0.00, DInput:-2.00, Output:0.00
2022-01-12 14:47:44,253 - root - DEBUG - RunID 54, Segment 1 (loop 14) - RunState:Ramp,
                       ReadTmp:479.69, RampTmp:457.85, TargetTmp:945.00,
                       Output:0.00, CycleOnSec:0.00, RemainTime:2:52:26
                    
2022-01-12 14:47:44,254 - root - DEBUG - ==>Relay Off
2022-01-12 14:47:44,254 - root - DEBUG - Writing stats to Firing DB table...
2022-01-12 14:47:44,268 - root - INFO - database writing complete1
2022-01-12 14:47:44,268 - root - INFO - RunState end: Ramp
2022-01-12 14:48:14,253 - root - DEBUG - Entering PID update with parameters SetPoint:459.27, ProcValue:477.69, IMax:100.00, IMin:0.00,
2022-01-12 14:48:14,253 - root - DEBUG -   Window:30, Kp: 30.000, Ki: 1.000, Kd: 0.600
2022-01-12 14:48:14,253 - root - DEBUG - Exiting PID update with parameters Error:-18.43, ITerm:0.00, DInput:-2.00, Output:0.00
2022-01-12 14:48:14,254 - root - DEBUG - RunID 54, Segment 1 (loop 15) - RunState:Ramp,
                       ReadTmp:477.69, RampTmp:459.27, TargetTmp:945.00,
                       Output:0.00, CycleOnSec:0.00, RemainTime:2:51:56
                    
2022-01-12 14:48:14,254 - root - DEBUG - ==>Relay Off
2022-01-12 14:48:14,254 - root - DEBUG - Writing stats to Firing DB table...
2022-01-12 14:48:14,265 - root - INFO - database writing complete1
2022-01-12 14:48:14,265 - root - INFO - RunState end: Ramp
2022-01-12 14:48:44,253 - root - DEBUG - Entering PID update with parameters SetPoint:460.69, ProcValue:475.69, IMax:100.00, IMin:0.00,
2022-01-12 14:48:44,253 - root - DEBUG -   Window:30, Kp: 30.000, Ki: 1.000, Kd: 0.600
2022-01-12 14:48:44,254 - root - DEBUG - Exiting PID update with parameters Error:-15.01, ITerm:0.00, DInput:-2.00, Output:0.00
2022-01-12 14:48:44,254 - root - DEBUG - RunID 54, Segment 1 (loop 16) - RunState:Ramp,
                       ReadTmp:475.69, RampTmp:460.69, TargetTmp:945.00,
                       Output:0.00, CycleOnSec:0.00, RemainTime:2:51:26
                    
2022-01-12 14:48:44,254 - root - DEBUG - ==>Relay Off
2022-01-12 14:48:44,254 - root - DEBUG - Writing stats to Firing DB table...
2022-01-12 14:48:44,266 - root - INFO - database writing complete1
2022-01-12 14:48:44,266 - root - INFO - RunState end: Ramp
2022-01-12 14:49:14,253 - root - DEBUG - Entering PID update with parameters SetPoint:462.10, ProcValue:473.69, IMax:100.00, IMin:0.00,
2022-01-12 14:49:14,253 - root - DEBUG -   Window:30, Kp: 30.000, Ki: 1.000, Kd: 0.600
2022-01-12 14:49:14,253 - root - DEBUG - Exiting PID update with parameters Error:-11.59, ITerm:0.00, DInput:-2.00, Output:0.00
2022-01-12 14:49:14,254 - root - DEBUG - RunID 54, Segment 1 (loop 17) - RunState:Ramp,
                       ReadTmp:473.69, RampTmp:462.10, TargetTmp:945.00,
                       Output:0.00, CycleOnSec:0.00, RemainTime:2:50:56
                    
2022-01-12 14:49:14,254 - root - DEBUG - ==>Relay Off
2022-01-12 14:49:14,254 - root - DEBUG - Writing stats to Firing DB table...
2022-01-12 14:49:14,266 - root - INFO - database writing complete1
2022-01-12 14:49:14,266 - root - INFO - RunState end: Ramp
2022-01-12 14:49:44,253 - root - DEBUG - Entering PID update with parameters SetPoint:463.52, ProcValue:471.69, IMax:100.00, IMin:0.00,
2022-01-12 14:49:44,253 - root - DEBUG -   Window:30, Kp: 30.000, Ki: 1.000, Kd: 0.600
2022-01-12 14:49:44,253 - root - DEBUG - Exiting PID update with parameters Error:-8.18, ITerm:0.00, DInput:-2.00, Output:0.00
2022-01-12 14:49:44,253 - root - DEBUG - RunID 54, Segment 1 (loop 18) - RunState:Ramp,
                       ReadTmp:471.69, RampTmp:463.52, TargetTmp:945.00,
                       Output:0.00, CycleOnSec:0.00, RemainTime:2:50:26
                    
2022-01-12 14:49:44,254 - root - DEBUG - ==>Relay Off
2022-01-12 14:49:44,254 - root - DEBUG - Writing stats to Firing DB table...
2022-01-12 14:49:44,266 - root - INFO - database writing complete1
2022-01-12 14:49:44,266 - root - INFO - RunState end: Ramp
2022-01-12 14:50:14,253 - root - DEBUG - Entering PID update with parameters SetPoint:464.94, ProcValue:469.69, IMax:100.00, IMin:0.00,
2022-01-12 14:50:14,253 - root - DEBUG -   Window:30, Kp: 30.000, Ki: 1.000, Kd: 0.600
2022-01-12 14:50:14,253 - root - DEBUG - Exiting PID update with parameters Error:-4.76, ITerm:0.00, DInput:-2.00, Output:0.00
2022-01-12 14:50:14,254 - root - DEBUG - RunID 54, Segment 1 (loop 19) - RunState:Ramp,
                       ReadTmp:469.69, RampTmp:464.94, TargetTmp:945.00,
                       Output:0.00, CycleOnSec:0.00, RemainTime:2:49:56
                    
2022-01-12 14:50:14,254 - root - DEBUG - ==>Relay Off
2022-01-12 14:50:14,254 - root - DEBUG - Writing stats to Firing DB table...
2022-01-12 14:50:14,296 - root - INFO - database writing complete1
2022-01-12 14:50:14,296 - root - INFO - RunState end: Ramp
2022-01-12 14:50:44,253 - root - DEBUG - Entering PID update with parameters SetPoint:466.35, ProcValue:467.69, IMax:100.00, IMin:0.00,
2022-01-12 14:50:44,253 - root - DEBUG -   Window:30, Kp: 30.000, Ki: 1.000, Kd: 0.600
2022-01-12 14:50:44,253 - root - DEBUG - Exiting PID update with parameters Error:-1.34, ITerm:0.00, DInput:-2.00, Output:0.00
2022-01-12 14:50:44,253 - root - DEBUG - RunID 54, Segment 1 (loop 20) - RunState:Ramp,
                       ReadTmp:467.69, RampTmp:466.35, TargetTmp:945.00,
                       Output:0.00, CycleOnSec:0.00, RemainTime:2:49:26
                    
2022-01-12 14:50:44,254 - root - DEBUG - ==>Relay Off
2022-01-12 14:50:44,254 - root - DEBUG - Writing stats to Firing DB table...
2022-01-12 14:50:44,286 - root - INFO - database writing complete1
2022-01-12 14:50:44,287 - root - INFO - RunState end: Ramp
2022-01-12 14:51:14,253 - root - DEBUG - Entering PID update with parameters SetPoint:467.77, ProcValue:465.69, IMax:100.00, IMin:0.00,
2022-01-12 14:51:14,253 - root - DEBUG -   Window:30, Kp: 30.000, Ki: 1.000, Kd: 0.600
2022-01-12 14:51:14,253 - root - DEBUG - Exiting PID update with parameters Error:2.07, ITerm:2.07, DInput:-2.00, Output:65.52
2022-01-12 14:51:14,254 - root - DEBUG - RunID 54, Segment 1 (loop 21) - RunState:Ramp,
                       ReadTmp:465.69, RampTmp:467.77, TargetTmp:945.00,
                       Output:65.52, CycleOnSec:19.66, RemainTime:2:48:56
                    
2022-01-12 14:51:14,254 - root - DEBUG - ==>Relay On
2022-01-12 14:51:33,931 - root - DEBUG - ==>Relay Off
2022-01-12 14:51:33,932 - root - DEBUG - Writing stats to Firing DB table...
2022-01-12 14:51:33,964 - root - INFO - database writing complete1
2022-01-12 14:51:33,964 - root - INFO - RunState end: Ramp
2022-01-12 14:51:44,253 - root - DEBUG - Entering PID update with parameters SetPoint:469.19, ProcValue:561.98, IMax:100.00, IMin:0.00,
2022-01-12 14:51:44,253 - root - DEBUG -   Window:30, Kp: 30.000, Ki: 1.000, Kd: 0.600
2022-01-12 14:51:44,254 - root - DEBUG - Exiting PID update with parameters Error:-92.80, ITerm:0.00, DInput:96.29, Output:0.00
2022-01-12 14:51:44,254 - root - DEBUG - RunID 54, Segment 1 (loop 22) - RunState:Ramp,
                       ReadTmp:561.98, RampTmp:469.19, TargetTmp:945.00,
                       Output:0.00, CycleOnSec:0.00, RemainTime:2:48:26
                    
2022-01-12 14:51:44,254 - root - DEBUG - ==>Relay Off
2022-01-12 14:51:44,254 - root - DEBUG - Writing stats to Firing DB table...
2022-01-12 14:51:44,286 - root - INFO - database writing complete1
2022-01-12 14:51:44,287 - root - INFO - RunState end: Ramp
2022-01-12 14:52:14,253 - root - DEBUG - Entering PID update with parameters SetPoint:470.60, ProcValue:559.98, IMax:100.00, IMin:0.00,
2022-01-12 14:52:14,253 - root - DEBUG -   Window:30, Kp: 30.000, Ki: 1.000, Kd: 0.600
2022-01-12 14:52:14,253 - root - DEBUG - Exiting PID update with parameters Error:-89.38, ITerm:0.00, DInput:-2.00, Output:0.00
2022-01-12 14:52:14,254 - root - DEBUG - RunID 54, Segment 1 (loop 23) - RunState:Ramp,
                       ReadTmp:559.98, RampTmp:470.60, TargetTmp:945.00,
                       Output:0.00, CycleOnSec:0.00, RemainTime:2:47:56
                    
2022-01-12 14:52:14,254 - root - DEBUG - ==>Relay Off
2022-01-12 14:52:14,254 - root - DEBUG - Writing stats to Firing DB table...
2022-01-12 14:52:14,282 - root - INFO - database writing complete1
2022-01-12 14:52:14,282 - root - INFO - RunState end: Ramp
2022-01-12 14:52:44,253 - root - DEBUG - Entering PID update with parameters SetPoint:472.02, ProcValue:557.98, IMax:100.00, IMin:0.00,
2022-01-12 14:52:44,253 - root - DEBUG -   Window:30, Kp: 30.000, Ki: 1.000, Kd: 0.600
2022-01-12 14:52:44,253 - root - DEBUG - Exiting PID update with parameters Error:-85.96, ITerm:0.00, DInput:-2.00, Output:0.00
2022-01-12 14:52:44,254 - root - DEBUG - RunID 54, Segment 1 (loop 24) - RunState:Ramp,
                       ReadTmp:557.98, RampTmp:472.02, TargetTmp:945.00,
                       Output:0.00, CycleOnSec:0.00, RemainTime:2:47:26
                    
2022-01-12 14:52:44,254 - root - DEBUG - ==>Relay Off
2022-01-12 14:52:44,254 - root - DEBUG - Writing stats to Firing DB table...
2022-01-12 14:52:44,268 - root - INFO - database writing complete1
2022-01-12 14:52:44,269 - root - INFO - RunState end: Ramp
2022-01-12 14:53:14,253 - root - DEBUG - Entering PID update with parameters SetPoint:473.44, ProcValue:555.98, IMax:100.00, IMin:0.00,
2022-01-12 14:53:14,253 - root - DEBUG -   Window:30, Kp: 30.000, Ki: 1.000, Kd: 0.600
2022-01-12 14:53:14,253 - root - DEBUG - Exiting PID update with parameters Error:-82.55, ITerm:0.00, DInput:-2.00, Output:0.00
2022-01-12 14:53:14,254 - root - DEBUG - RunID 54, Segment 1 (loop 25) - RunState:Ramp,
                       ReadTmp:555.98, RampTmp:473.44, TargetTmp:945.00,
                       Output:0.00, CycleOnSec:0.00, RemainTime:2:46:56
                    
2022-01-12 14:53:14,254 - root - DEBUG - ==>Relay Off
2022-01-12 14:53:14,254 - root - DEBUG - Writing stats to Firing DB table...
2022-01-12 14:53:14,266 - root - INFO - database writing complete1
2022-01-12 14:53:14,266 - root - INFO - RunState end: Ramp
2022-01-12 14:53:44,254 - root - DEBUG - Entering PID update with parameters SetPoint:474.85, ProcValue:553.98, IMax:100.00, IMin:0.00,
2022-01-12 14:53:44,254 - root - DEBUG -   Window:30, Kp: 30.000, Ki: 1.000, Kd: 0.600
2022-01-12 14:53:44,254 - root - DEBUG - Exiting PID update with parameters Error:-79.13, ITerm:0.00, DInput:-2.00, Output:0.00
2022-01-12 14:53:44,254 - root - DEBUG - RunID 54, Segment 1 (loop 26) - RunState:Ramp,
                       ReadTmp:553.98, RampTmp:474.85, TargetTmp:945.00,
                       Output:0.00, CycleOnSec:0.00, RemainTime:2:46:26
                    
2022-01-12 14:53:44,254 - root - DEBUG - ==>Relay Off
2022-01-12 14:53:44,255 - root - DEBUG - Writing stats to Firing DB table...
2022-01-12 14:53:44,266 - root - INFO - database writing complete1
2022-01-12 14:53:44,266 - root - INFO - RunState end: Ramp
2022-01-12 14:54:14,253 - root - DEBUG - Entering PID update with parameters SetPoint:476.27, ProcValue:551.98, IMax:100.00, IMin:0.00,
2022-01-12 14:54:14,253 - root - DEBUG -   Window:30, Kp: 30.000, Ki: 1.000, Kd: 0.600
2022-01-12 14:54:14,254 - root - DEBUG - Exiting PID update with parameters Error:-75.71, ITerm:0.00, DInput:-2.00, Output:0.00
2022-01-12 14:54:14,254 - root - DEBUG - RunID 54, Segment 1 (loop 27) - RunState:Ramp,
                       ReadTmp:551.98, RampTmp:476.27, TargetTmp:945.00,
                       Output:0.00, CycleOnSec:0.00, RemainTime:2:45:56
                    
2022-01-12 14:54:14,254 - root - DEBUG - ==>Relay Off
2022-01-12 14:54:14,254 - root - DEBUG - Writing stats to Firing DB table...
2022-01-12 14:54:14,266 - root - INFO - database writing complete1
2022-01-12 14:54:14,266 - root - INFO - RunState end: Ramp
2022-01-12 14:54:44,253 - root - DEBUG - Entering PID update with parameters SetPoint:477.69, ProcValue:549.98, IMax:100.00, IMin:0.00,
2022-01-12 14:54:44,253 - root - DEBUG -   Window:30, Kp: 30.000, Ki: 1.000, Kd: 0.600
2022-01-12 14:54:44,254 - root - DEBUG - Exiting PID update with parameters Error:-72.30, ITerm:0.00, DInput:-2.00, Output:0.00
2022-01-12 14:54:44,254 - root - DEBUG - RunID 54, Segment 1 (loop 28) - RunState:Ramp,
                       ReadTmp:549.98, RampTmp:477.69, TargetTmp:945.00,
                       Output:0.00, CycleOnSec:0.00, RemainTime:2:45:26
                    
2022-01-12 14:54:44,254 - root - DEBUG - ==>Relay Off
2022-01-12 14:54:44,254 - root - DEBUG - Writing stats to Firing DB table...
2022-01-12 14:54:44,265 - root - INFO - database writing complete1
2022-01-12 14:54:44,265 - root - INFO - RunState end: Ramp
2022-01-12 14:55:14,253 - root - DEBUG - Entering PID update with parameters SetPoint:479.10, ProcValue:547.98, IMax:100.00, IMin:0.00,
2022-01-12 14:55:14,253 - root - DEBUG -   Window:30, Kp: 30.000, Ki: 1.000, Kd: 0.600
2022-01-12 14:55:14,254 - root - DEBUG - Exiting PID update with parameters Error:-68.88, ITerm:0.00, DInput:-2.00, Output:0.00
2022-01-12 14:55:14,254 - root - DEBUG - RunID 54, Segment 1 (loop 29) - RunState:Ramp,
                       ReadTmp:547.98, RampTmp:479.10, TargetTmp:945.00,
                       Output:0.00, CycleOnSec:0.00, RemainTime:2:44:56
                    
2022-01-12 14:55:14,254 - root - DEBUG - ==>Relay Off
2022-01-12 14:55:14,254 - root - DEBUG - Writing stats to Firing DB table...
2022-01-12 14:55:14,269 - root - INFO - database writing complete1
2022-01-12 14:55:14,269 - root - INFO - RunState end: Ramp
2022-01-12 14:55:44,253 - root - DEBUG - Entering PID update with parameters SetPoint:480.52, ProcValue:545.98, IMax:100.00, IMin:0.00,
2022-01-12 14:55:44,254 - root - DEBUG -   Window:30, Kp: 30.000, Ki: 1.000, Kd: 0.600
2022-01-12 14:55:44,254 - root - DEBUG - Exiting PID update with parameters Error:-65.46, ITerm:0.00, DInput:-2.00, Output:0.00
2022-01-12 14:55:44,254 - root - DEBUG - RunID 54, Segment 1 (loop 30) - RunState:Ramp,
                       ReadTmp:545.98, RampTmp:480.52, TargetTmp:945.00,
                       Output:0.00, CycleOnSec:0.00, RemainTime:2:44:26
                    
2022-01-12 14:55:44,254 - root - DEBUG - ==>Relay Off
2022-01-12 14:55:44,254 - root - DEBUG - Writing stats to Firing DB table...
2022-01-12 14:55:44,266 - root - INFO - database writing complete1
2022-01-12 14:55:44,266 - root - INFO - RunState end: Ramp
2022-01-12 14:56:14,253 - root - DEBUG - Entering PID update with parameters SetPoint:481.94, ProcValue:543.98, IMax:100.00, IMin:0.00,
2022-01-12 14:56:14,253 - root - DEBUG -   Window:30, Kp: 30.000, Ki: 1.000, Kd: 0.600
2022-01-12 14:56:14,253 - root - DEBUG - Exiting PID update with parameters Error:-62.05, ITerm:0.00, DInput:-2.00, Output:0.00
2022-01-12 14:56:14,254 - root - DEBUG - RunID 54, Segment 1 (loop 31) - RunState:Ramp,
                       ReadTmp:543.98, RampTmp:481.94, TargetTmp:945.00,
                       Output:0.00, CycleOnSec:0.00, RemainTime:2:43:56
                    
2022-01-12 14:56:14,254 - root - DEBUG - ==>Relay Off
2022-01-12 14:56:14,254 - root - DEBUG - Writing stats to Firing DB table...
2022-01-12 14:56:14,265 - root - INFO - database writing complete1
2022-01-12 14:56:14,265 - root - INFO - RunState end: Ramp
2022-01-12 14:56:44,253 - root - DEBUG - Entering PID update with parameters SetPoint:483.35, ProcValue:541.98, IMax:100.00, IMin:0.00,
2022-01-12 14:56:44,253 - root - DEBUG -   Window:30, Kp: 30.000, Ki: 1.000, Kd: 0.600
2022-01-12 14:56:44,253 - root - DEBUG - Exiting PID update with parameters Error:-58.63, ITerm:0.00, DInput:-2.00, Output:0.00
2022-01-12 14:56:44,254 - root - DEBUG - RunID 54, Segment 1 (loop 32) - RunState:Ramp,
                       ReadTmp:541.98, RampTmp:483.35, TargetTmp:945.00,
                       Output:0.00, CycleOnSec:0.00, RemainTime:2:43:26
                    
2022-01-12 14:56:44,254 - root - DEBUG - ==>Relay Off
2022-01-12 14:56:44,254 - root - DEBUG - Writing stats to Firing DB table...
2022-01-12 14:56:44,268 - root - INFO - database writing complete1
2022-01-12 14:56:44,268 - root - INFO - RunState end: Ramp
2022-01-12 14:57:14,253 - root - DEBUG - Entering PID update with parameters SetPoint:484.77, ProcValue:539.98, IMax:100.00, IMin:0.00,
2022-01-12 14:57:14,253 - root - DEBUG -   Window:30, Kp: 30.000, Ki: 1.000, Kd: 0.600
2022-01-12 14:57:14,254 - root - DEBUG - Exiting PID update with parameters Error:-55.21, ITerm:0.00, DInput:-2.00, Output:0.00
2022-01-12 14:57:14,254 - root - DEBUG - RunID 54, Segment 1 (loop 33) - RunState:Ramp,
                       ReadTmp:539.98, RampTmp:484.77, TargetTmp:945.00,
                       Output:0.00, CycleOnSec:0.00, RemainTime:2:42:56
                    
2022-01-12 14:57:14,254 - root - DEBUG - ==>Relay Off
2022-01-12 14:57:14,254 - root - DEBUG - Writing stats to Firing DB table...
2022-01-12 14:57:14,265 - root - INFO - database writing complete1
2022-01-12 14:57:14,266 - root - INFO - RunState end: Ramp
2022-01-12 14:57:44,253 - root - DEBUG - Entering PID update with parameters SetPoint:486.19, ProcValue:537.98, IMax:100.00, IMin:0.00,
2022-01-12 14:57:44,253 - root - DEBUG -   Window:30, Kp: 30.000, Ki: 1.000, Kd: 0.600
2022-01-12 14:57:44,253 - root - DEBUG - Exiting PID update with parameters Error:-51.80, ITerm:0.00, DInput:-2.00, Output:0.00
2022-01-12 14:57:44,254 - root - DEBUG - RunID 54, Segment 1 (loop 34) - RunState:Ramp,
                       ReadTmp:537.98, RampTmp:486.19, TargetTmp:945.00,
                       Output:0.00, CycleOnSec:0.00, RemainTime:2:42:26
                    
2022-01-12 14:57:44,254 - root - DEBUG - ==>Relay Off
2022-01-12 14:57:44,254 - root - DEBUG - Writing stats to Firing DB table...
2022-01-12 14:57:44,266 - root - INFO - database writing complete1
2022-01-12 14:57:44,267 - root - INFO - RunState end: Ramp
2022-01-12 14:58:14,253 - root - DEBUG - Entering PID update with parameters SetPoint:487.60, ProcValue:535.98, IMax:100.00, IMin:0.00,
2022-01-12 14:58:14,253 - root - DEBUG -   Window:30, Kp: 30.000, Ki: 1.000, Kd: 0.600
2022-01-12 14:58:14,253 - root - DEBUG - Exiting PID update with parameters Error:-48.38, ITerm:0.00, DInput:-2.00, Output:0.00
2022-01-12 14:58:14,254 - root - DEBUG - RunID 54, Segment 1 (loop 35) - RunState:Ramp,
                       ReadTmp:535.98, RampTmp:487.60, TargetTmp:945.00,
                       Output:0.00, CycleOnSec:0.00, RemainTime:2:41:56
                    
2022-01-12 14:58:14,254 - root - DEBUG - ==>Relay Off
2022-01-12 14:58:14,254 - root - DEBUG - Writing stats to Firing DB table...
2022-01-12 14:58:14,266 - root - INFO - database writing complete1
2022-01-12 14:58:14,266 - root - INFO - RunState end: Ramp
2022-01-12 14:58:44,253 - root - DEBUG - Entering PID update with parameters SetPoint:489.02, ProcValue:533.98, IMax:100.00, IMin:0.00,
2022-01-12 14:58:44,253 - root - DEBUG -   Window:30, Kp: 30.000, Ki: 1.000, Kd: 0.600
2022-01-12 14:58:44,253 - root - DEBUG - Exiting PID update with parameters Error:-44.96, ITerm:0.00, DInput:-2.00, Output:0.00
2022-01-12 14:58:44,254 - root - DEBUG - RunID 54, Segment 1 (loop 36) - RunState:Ramp,
                       ReadTmp:533.98, RampTmp:489.02, TargetTmp:945.00,
                       Output:0.00, CycleOnSec:0.00, RemainTime:2:41:26
                    
2022-01-12 14:58:44,254 - root - DEBUG - ==>Relay Off
2022-01-12 14:58:44,254 - root - DEBUG - Writing stats to Firing DB table...
2022-01-12 14:58:44,269 - root - INFO - database writing complete1
2022-01-12 14:58:44,269 - root - INFO - RunState end: Ramp
2022-01-12 14:59:14,253 - root - DEBUG - Entering PID update with parameters SetPoint:490.44, ProcValue:531.98, IMax:100.00, IMin:0.00,
2022-01-12 14:59:14,253 - root - DEBUG -   Window:30, Kp: 30.000, Ki: 1.000, Kd: 0.600
2022-01-12 14:59:14,253 - root - DEBUG - Exiting PID update with parameters Error:-41.55, ITerm:0.00, DInput:-2.00, Output:0.00
2022-01-12 14:59:14,254 - root - DEBUG - RunID 54, Segment 1 (loop 37) - RunState:Ramp,
                       ReadTmp:531.98, RampTmp:490.44, TargetTmp:945.00,
                       Output:0.00, CycleOnSec:0.00, RemainTime:2:40:56
                    
2022-01-12 14:59:14,254 - root - DEBUG - ==>Relay Off
2022-01-12 14:59:14,254 - root - DEBUG - Writing stats to Firing DB table...
2022-01-12 14:59:14,270 - root - INFO - database writing complete1
2022-01-12 14:59:14,271 - root - INFO - RunState end: Ramp
2022-01-12 14:59:44,253 - root - DEBUG - Entering PID update with parameters SetPoint:491.85, ProcValue:529.98, IMax:100.00, IMin:0.00,
2022-01-12 14:59:44,253 - root - DEBUG -   Window:30, Kp: 30.000, Ki: 1.000, Kd: 0.600
2022-01-12 14:59:44,254 - root - DEBUG - Exiting PID update with parameters Error:-38.13, ITerm:0.00, DInput:-2.00, Output:0.00
2022-01-12 14:59:44,254 - root - DEBUG - RunID 54, Segment 1 (loop 38) - RunState:Ramp,
                       ReadTmp:529.98, RampTmp:491.85, TargetTmp:945.00,
                       Output:0.00, CycleOnSec:0.00, RemainTime:2:40:26
                    
2022-01-12 14:59:44,254 - root - DEBUG - ==>Relay Off
2022-01-12 14:59:44,254 - root - DEBUG - Writing stats to Firing DB table...
2022-01-12 14:59:44,267 - root - INFO - database writing complete1
2022-01-12 14:59:44,267 - root - INFO - RunState end: Ramp
2022-01-12 15:00:14,253 - root - DEBUG - Entering PID update with parameters SetPoint:493.27, ProcValue:527.98, IMax:100.00, IMin:0.00,
2022-01-12 15:00:14,253 - root - DEBUG -   Window:30, Kp: 30.000, Ki: 1.000, Kd: 0.600
2022-01-12 15:00:14,254 - root - DEBUG - Exiting PID update with parameters Error:-34.71, ITerm:0.00, DInput:-2.00, Output:0.00
2022-01-12 15:00:14,254 - root - DEBUG - RunID 54, Segment 1 (loop 39) - RunState:Ramp,
                       ReadTmp:527.98, RampTmp:493.27, TargetTmp:945.00,
                       Output:0.00, CycleOnSec:0.00, RemainTime:2:39:56
                    
2022-01-12 15:00:14,254 - root - DEBUG - ==>Relay Off
2022-01-12 15:00:14,254 - root - DEBUG - Writing stats to Firing DB table...
2022-01-12 15:00:14,266 - root - INFO - database writing complete1
2022-01-12 15:00:14,267 - root - INFO - RunState end: Ramp
2022-01-12 15:00:44,253 - root - DEBUG - Entering PID update with parameters SetPoint:494.69, ProcValue:525.98, IMax:100.00, IMin:0.00,
2022-01-12 15:00:44,253 - root - DEBUG -   Window:30, Kp: 30.000, Ki: 1.000, Kd: 0.600
2022-01-12 15:00:44,254 - root - DEBUG - Exiting PID update with parameters Error:-31.30, ITerm:0.00, DInput:-2.00, Output:0.00
2022-01-12 15:00:44,254 - root - DEBUG - RunID 54, Segment 1 (loop 40) - RunState:Ramp,
                       ReadTmp:525.98, RampTmp:494.69, TargetTmp:945.00,
                       Output:0.00, CycleOnSec:0.00, RemainTime:2:39:26
                    
2022-01-12 15:00:44,254 - root - DEBUG - ==>Relay Off
2022-01-12 15:00:44,254 - root - DEBUG - Writing stats to Firing DB table...
2022-01-12 15:00:44,266 - root - INFO - database writing complete1
2022-01-12 15:00:44,267 - root - INFO - RunState end: Ramp
2022-01-12 15:01:14,253 - root - DEBUG - Entering PID update with parameters SetPoint:496.10, ProcValue:523.98, IMax:100.00, IMin:0.00,
2022-01-12 15:01:14,253 - root - DEBUG -   Window:30, Kp: 30.000, Ki: 1.000, Kd: 0.600
2022-01-12 15:01:14,254 - root - DEBUG - Exiting PID update with parameters Error:-27.88, ITerm:0.00, DInput:-2.00, Output:0.00
2022-01-12 15:01:14,254 - root - DEBUG - RunID 54, Segment 1 (loop 41) - RunState:Ramp,
                       ReadTmp:523.98, RampTmp:496.10, TargetTmp:945.00,
                       Output:0.00, CycleOnSec:0.00, RemainTime:2:38:56
                    
2022-01-12 15:01:14,254 - root - DEBUG - ==>Relay Off
2022-01-12 15:01:14,254 - root - DEBUG - Writing stats to Firing DB table...
2022-01-12 15:01:14,266 - root - INFO - database writing complete1
2022-01-12 15:01:14,267 - root - INFO - RunState end: Ramp
2022-01-12 15:01:44,253 - root - DEBUG - Entering PID update with parameters SetPoint:497.52, ProcValue:521.98, IMax:100.00, IMin:0.00,
2022-01-12 15:01:44,253 - root - DEBUG -   Window:30, Kp: 30.000, Ki: 1.000, Kd: 0.600
2022-01-12 15:01:44,254 - root - DEBUG - Exiting PID update with parameters Error:-24.46, ITerm:0.00, DInput:-2.00, Output:0.00
2022-01-12 15:01:44,254 - root - DEBUG - RunID 54, Segment 1 (loop 42) - RunState:Ramp,
                       ReadTmp:521.98, RampTmp:497.52, TargetTmp:945.00,
                       Output:0.00, CycleOnSec:0.00, RemainTime:2:38:26
                    
2022-01-12 15:01:44,254 - root - DEBUG - ==>Relay Off
2022-01-12 15:01:44,254 - root - DEBUG - Writing stats to Firing DB table...
2022-01-12 15:01:44,269 - root - INFO - database writing complete1
2022-01-12 15:01:44,269 - root - INFO - RunState end: Ramp
2022-01-12 15:02:14,254 - root - DEBUG - Entering PID update with parameters SetPoint:498.94, ProcValue:519.98, IMax:100.00, IMin:0.00,
2022-01-12 15:02:14,254 - root - DEBUG -   Window:30, Kp: 30.000, Ki: 1.000, Kd: 0.600
2022-01-12 15:02:14,254 - root - DEBUG - Exiting PID update with parameters Error:-21.05, ITerm:0.00, DInput:-2.00, Output:0.00
2022-01-12 15:02:14,254 - root - DEBUG - RunID 54, Segment 1 (loop 43) - RunState:Ramp,
                       ReadTmp:519.98, RampTmp:498.94, TargetTmp:945.00,
                       Output:0.00, CycleOnSec:0.00, RemainTime:2:37:56
                    
2022-01-12 15:02:14,254 - root - DEBUG - ==>Relay Off
2022-01-12 15:02:14,255 - root - DEBUG - Writing stats to Firing DB table...
2022-01-12 15:02:14,267 - root - INFO - database writing complete1
2022-01-12 15:02:14,268 - root - INFO - RunState end: Ramp
2022-01-12 15:02:44,254 - root - DEBUG - Entering PID update with parameters SetPoint:500.35, ProcValue:517.98, IMax:100.00, IMin:0.00,
2022-01-12 15:02:44,254 - root - DEBUG -   Window:30, Kp: 30.000, Ki: 1.000, Kd: 0.600
2022-01-12 15:02:44,254 - root - DEBUG - Exiting PID update with parameters Error:-17.63, ITerm:0.00, DInput:-2.00, Output:0.00
2022-01-12 15:02:44,254 - root - DEBUG - RunID 54, Segment 1 (loop 44) - RunState:Ramp,
                       ReadTmp:517.98, RampTmp:500.35, TargetTmp:945.00,
                       Output:0.00, CycleOnSec:0.00, RemainTime:2:37:26
                    
2022-01-12 15:02:44,255 - root - DEBUG - ==>Relay Off
2022-01-12 15:02:44,255 - root - DEBUG - Writing stats to Firing DB table...
2022-01-12 15:02:44,267 - root - INFO - database writing complete1
2022-01-12 15:02:44,267 - root - INFO - RunState end: Ramp
2022-01-12 15:03:14,253 - root - DEBUG - Entering PID update with parameters SetPoint:501.77, ProcValue:515.98, IMax:100.00, IMin:0.00,
2022-01-12 15:03:14,253 - root - DEBUG -   Window:30, Kp: 30.000, Ki: 1.000, Kd: 0.600
2022-01-12 15:03:14,254 - root - DEBUG - Exiting PID update with parameters Error:-14.21, ITerm:0.00, DInput:-2.00, Output:0.00
2022-01-12 15:03:14,254 - root - DEBUG - RunID 54, Segment 1 (loop 45) - RunState:Ramp,
                       ReadTmp:515.98, RampTmp:501.77, TargetTmp:945.00,
                       Output:0.00, CycleOnSec:0.00, RemainTime:2:36:56
                    
2022-01-12 15:03:14,254 - root - DEBUG - ==>Relay Off
2022-01-12 15:03:14,254 - root - DEBUG - Writing stats to Firing DB table...
2022-01-12 15:03:14,282 - root - INFO - database writing complete1
2022-01-12 15:03:14,282 - root - INFO - RunState end: Ramp
2022-01-12 15:03:44,253 - root - DEBUG - Entering PID update with parameters SetPoint:503.19, ProcValue:513.98, IMax:100.00, IMin:0.00,
2022-01-12 15:03:44,253 - root - DEBUG -   Window:30, Kp: 30.000, Ki: 1.000, Kd: 0.600
2022-01-12 15:03:44,254 - root - DEBUG - Exiting PID update with parameters Error:-10.80, ITerm:0.00, DInput:-2.00, Output:0.00
2022-01-12 15:03:44,254 - root - DEBUG - RunID 54, Segment 1 (loop 46) - RunState:Ramp,
                       ReadTmp:513.98, RampTmp:503.19, TargetTmp:945.00,
                       Output:0.00, CycleOnSec:0.00, RemainTime:2:36:26
                    
2022-01-12 15:03:44,254 - root - DEBUG - ==>Relay Off
2022-01-12 15:03:44,254 - root - DEBUG - Writing stats to Firing DB table...
2022-01-12 15:03:44,266 - root - INFO - database writing complete1
2022-01-12 15:03:44,267 - root - INFO - RunState end: Ramp
2022-01-12 15:04:14,253 - root - DEBUG - Entering PID update with parameters SetPoint:504.60, ProcValue:511.98, IMax:100.00, IMin:0.00,
2022-01-12 15:04:14,253 - root - DEBUG -   Window:30, Kp: 30.000, Ki: 1.000, Kd: 0.600
2022-01-12 15:04:14,254 - root - DEBUG - Exiting PID update with parameters Error:-7.38, ITerm:0.00, DInput:-2.00, Output:0.00
2022-01-12 15:04:14,254 - root - DEBUG - RunID 54, Segment 1 (loop 47) - RunState:Ramp,
                       ReadTmp:511.98, RampTmp:504.60, TargetTmp:945.00,
                       Output:0.00, CycleOnSec:0.00, RemainTime:2:35:56
                    
2022-01-12 15:04:14,254 - root - DEBUG - ==>Relay Off
2022-01-12 15:04:14,254 - root - DEBUG - Writing stats to Firing DB table...
2022-01-12 15:04:14,265 - root - INFO - database writing complete1
2022-01-12 15:04:14,266 - root - INFO - RunState end: Ramp
2022-01-12 15:04:44,253 - root - DEBUG - Entering PID update with parameters SetPoint:506.02, ProcValue:509.98, IMax:100.00, IMin:0.00,
2022-01-12 15:04:44,253 - root - DEBUG -   Window:30, Kp: 30.000, Ki: 1.000, Kd: 0.600
2022-01-12 15:04:44,254 - root - DEBUG - Exiting PID update with parameters Error:-3.96, ITerm:0.00, DInput:-2.00, Output:0.00
2022-01-12 15:04:44,254 - root - DEBUG - RunID 54, Segment 1 (loop 48) - RunState:Ramp,
                       ReadTmp:509.98, RampTmp:506.02, TargetTmp:945.00,
                       Output:0.00, CycleOnSec:0.00, RemainTime:2:35:26
                    
2022-01-12 15:04:44,254 - root - DEBUG - ==>Relay Off
2022-01-12 15:04:44,254 - root - DEBUG - Writing stats to Firing DB table...
2022-01-12 15:04:44,266 - root - INFO - database writing complete1
2022-01-12 15:04:44,267 - root - INFO - RunState end: Ramp
2022-01-12 15:05:14,253 - root - DEBUG - Entering PID update with parameters SetPoint:507.44, ProcValue:507.98, IMax:100.00, IMin:0.00,
2022-01-12 15:05:14,254 - root - DEBUG -   Window:30, Kp: 30.000, Ki: 1.000, Kd: 0.600
2022-01-12 15:05:14,254 - root - DEBUG - Exiting PID update with parameters Error:-0.55, ITerm:0.00, DInput:-2.00, Output:0.00
2022-01-12 15:05:14,254 - root - DEBUG - RunID 54, Segment 1 (loop 49) - RunState:Ramp,
                       ReadTmp:507.98, RampTmp:507.44, TargetTmp:945.00,
                       Output:0.00, CycleOnSec:0.00, RemainTime:2:34:56
                    
2022-01-12 15:05:14,254 - root - DEBUG - ==>Relay Off
2022-01-12 15:05:14,254 - root - DEBUG - Writing stats to Firing DB table...
2022-01-12 15:05:14,269 - root - INFO - database writing complete1
2022-01-12 15:05:14,270 - root - INFO - RunState end: Ramp
2022-01-12 15:05:44,253 - root - DEBUG - Entering PID update with parameters SetPoint:508.85, ProcValue:505.98, IMax:100.00, IMin:0.00,
2022-01-12 15:05:44,254 - root - DEBUG -   Window:30, Kp: 30.000, Ki: 1.000, Kd: 0.600
2022-01-12 15:05:44,254 - root - DEBUG - Exiting PID update with parameters Error:2.87, ITerm:2.87, DInput:-2.00, Output:90.20
2022-01-12 15:05:44,254 - root - DEBUG - RunID 54, Segment 1 (loop 50) - RunState:Ramp,
                       ReadTmp:505.98, RampTmp:508.85, TargetTmp:945.00,
                       Output:90.20, CycleOnSec:27.06, RemainTime:2:34:26
                    
2022-01-12 15:05:44,254 - root - DEBUG - ==>Relay On
2022-01-12 15:06:11,340 - root - DEBUG - ==>Relay Off
2022-01-12 15:06:11,341 - root - DEBUG - Writing stats to Firing DB table...
2022-01-12 15:06:11,357 - root - INFO - database writing complete1
2022-01-12 15:06:11,358 - root - INFO - RunState end: Ramp
2022-01-12 15:06:14,253 - root - DEBUG - Entering PID update with parameters SetPoint:510.27, ProcValue:639.27, IMax:100.00, IMin:0.00,
2022-01-12 15:06:14,254 - root - DEBUG -   Window:30, Kp: 30.000, Ki: 1.000, Kd: 0.600
2022-01-12 15:06:14,254 - root - DEBUG - Exiting PID update with parameters Error:-129.01, ITerm:0.00, DInput:133.29, Output:0.00
2022-01-12 15:06:14,254 - root - DEBUG - RunID 54, Segment 1 (loop 51) - RunState:Ramp,
                       ReadTmp:639.27, RampTmp:510.27, TargetTmp:945.00,
                       Output:0.00, CycleOnSec:0.00, RemainTime:2:33:56
                    
2022-01-12 15:06:14,254 - root - DEBUG - ==>Relay Off
2022-01-12 15:06:14,254 - root - DEBUG - Writing stats to Firing DB table...
2022-01-12 15:06:14,265 - root - INFO - database writing complete1
2022-01-12 15:06:14,266 - root - INFO - RunState end: Ramp
2022-01-12 15:06:44,253 - root - DEBUG - Entering PID update with parameters SetPoint:511.69, ProcValue:637.27, IMax:100.00, IMin:0.00,
2022-01-12 15:06:44,253 - root - DEBUG -   Window:30, Kp: 30.000, Ki: 1.000, Kd: 0.600
2022-01-12 15:06:44,254 - root - DEBUG - Exiting PID update with parameters Error:-125.59, ITerm:0.00, DInput:-2.00, Output:0.00
2022-01-12 15:06:44,254 - root - DEBUG - RunID 54, Segment 1 (loop 52) - RunState:Ramp,
                       ReadTmp:637.27, RampTmp:511.69, TargetTmp:945.00,
                       Output:0.00, CycleOnSec:0.00, RemainTime:2:33:26
                    
2022-01-12 15:06:44,254 - root - DEBUG - ==>Relay Off
2022-01-12 15:06:44,254 - root - DEBUG - Writing stats to Firing DB table...
2022-01-12 15:06:44,268 - root - INFO - database writing complete1
2022-01-12 15:06:44,268 - root - INFO - RunState end: Ramp
2022-01-12 15:07:14,253 - root - DEBUG - Entering PID update with parameters SetPoint:513.10, ProcValue:635.27, IMax:100.00, IMin:0.00,
2022-01-12 15:07:14,253 - root - DEBUG -   Window:30, Kp: 30.000, Ki: 1.000, Kd: 0.600
2022-01-12 15:07:14,254 - root - DEBUG - Exiting PID update with parameters Error:-122.17, ITerm:0.00, DInput:-2.00, Output:0.00
2022-01-12 15:07:14,254 - root - DEBUG - RunID 54, Segment 1 (loop 53) - RunState:Ramp,
                       ReadTmp:635.27, RampTmp:513.10, TargetTmp:945.00,
                       Output:0.00, CycleOnSec:0.00, RemainTime:2:32:56
                    
2022-01-12 15:07:14,254 - root - DEBUG - ==>Relay Off
2022-01-12 15:07:14,254 - root - DEBUG - Writing stats to Firing DB table...
2022-01-12 15:07:14,267 - root - INFO - database writing complete1
2022-01-12 15:07:14,267 - root - INFO - RunState end: Ramp
2022-01-12 15:07:44,253 - root - DEBUG - Entering PID update with parameters SetPoint:514.52, ProcValue:633.27, IMax:100.00, IMin:0.00,
2022-01-12 15:07:44,253 - root - DEBUG -   Window:30, Kp: 30.000, Ki: 1.000, Kd: 0.600
2022-01-12 15:07:44,254 - root - DEBUG - Exiting PID update with parameters Error:-118.76, ITerm:0.00, DInput:-2.00, Output:0.00
2022-01-12 15:07:44,254 - root - DEBUG - RunID 54, Segment 1 (loop 54) - RunState:Ramp,
                       ReadTmp:633.27, RampTmp:514.52, TargetTmp:945.00,
                       Output:0.00, CycleOnSec:0.00, RemainTime:2:32:26
                    
2022-01-12 15:07:44,254 - root - DEBUG - ==>Relay Off
2022-01-12 15:07:44,254 - root - DEBUG - Writing stats to Firing DB table...
2022-01-12 15:07:44,272 - root - INFO - database writing complete1
2022-01-12 15:07:44,272 - root - INFO - RunState end: Ramp
2022-01-12 15:08:14,253 - root - DEBUG - Entering PID update with parameters SetPoint:515.94, ProcValue:631.27, IMax:100.00, IMin:0.00,
2022-01-12 15:08:14,253 - root - DEBUG -   Window:30, Kp: 30.000, Ki: 1.000, Kd: 0.600
2022-01-12 15:08:14,254 - root - DEBUG - Exiting PID update with parameters Error:-115.34, ITerm:0.00, DInput:-2.00, Output:0.00
2022-01-12 15:08:14,254 - root - DEBUG - RunID 54, Segment 1 (loop 55) - RunState:Ramp,
                       ReadTmp:631.27, RampTmp:515.94, TargetTmp:945.00,
                       Output:0.00, CycleOnSec:0.00, RemainTime:2:31:56
                    
2022-01-12 15:08:14,254 - root - DEBUG - ==>Relay Off
2022-01-12 15:08:14,254 - root - DEBUG - Writing stats to Firing DB table...
2022-01-12 15:08:14,266 - root - INFO - database writing complete1
2022-01-12 15:08:14,266 - root - INFO - RunState end: Ramp
2022-01-12 15:08:44,253 - root - DEBUG - Entering PID update with parameters SetPoint:517.35, ProcValue:629.27, IMax:100.00, IMin:0.00,
2022-01-12 15:08:44,253 - root - DEBUG -   Window:30, Kp: 30.000, Ki: 1.000, Kd: 0.600
2022-01-12 15:08:44,254 - root - DEBUG - Exiting PID update with parameters Error:-111.92, ITerm:0.00, DInput:-2.00, Output:0.00
2022-01-12 15:08:44,254 - root - DEBUG - RunID 54, Segment 1 (loop 56) - RunState:Ramp,
                       ReadTmp:629.27, RampTmp:517.35, TargetTmp:945.00,
                       Output:0.00, CycleOnSec:0.00, RemainTime:2:31:26
                    
2022-01-12 15:08:44,254 - root - DEBUG - ==>Relay Off
2022-01-12 15:08:44,254 - root - DEBUG - Writing stats to Firing DB table...
2022-01-12 15:08:44,266 - root - INFO - database writing complete1
2022-01-12 15:08:44,266 - root - INFO - RunState end: Ramp
2022-01-12 15:09:14,253 - root - DEBUG - Entering PID update with parameters SetPoint:518.77, ProcValue:627.27, IMax:100.00, IMin:0.00,
2022-01-12 15:09:14,253 - root - DEBUG -   Window:30, Kp: 30.000, Ki: 1.000, Kd: 0.600
2022-01-12 15:09:14,254 - root - DEBUG - Exiting PID update with parameters Error:-108.51, ITerm:0.00, DInput:-2.00, Output:0.00
2022-01-12 15:09:14,254 - root - DEBUG - RunID 54, Segment 1 (loop 57) - RunState:Ramp,
                       ReadTmp:627.27, RampTmp:518.77, TargetTmp:945.00,
                       Output:0.00, CycleOnSec:0.00, RemainTime:2:30:56
                    
2022-01-12 15:09:14,254 - root - DEBUG - ==>Relay Off
2022-01-12 15:09:14,254 - root - DEBUG - Writing stats to Firing DB table...
2022-01-12 15:09:14,266 - root - INFO - database writing complete1
2022-01-12 15:09:14,266 - root - INFO - RunState end: Ramp
2022-01-12 15:09:44,253 - root - DEBUG - Entering PID update with parameters SetPoint:520.19, ProcValue:625.27, IMax:100.00, IMin:0.00,
2022-01-12 15:09:44,253 - root - DEBUG -   Window:30, Kp: 30.000, Ki: 1.000, Kd: 0.600
2022-01-12 15:09:44,254 - root - DEBUG - Exiting PID update with parameters Error:-105.09, ITerm:0.00, DInput:-2.00, Output:0.00
2022-01-12 15:09:44,254 - root - DEBUG - RunID 54, Segment 1 (loop 58) - RunState:Ramp,
                       ReadTmp:625.27, RampTmp:520.19, TargetTmp:945.00,
                       Output:0.00, CycleOnSec:0.00, RemainTime:2:30:26
                    
2022-01-12 15:09:44,254 - root - DEBUG - ==>Relay Off
2022-01-12 15:09:44,254 - root - DEBUG - Writing stats to Firing DB table...
2022-01-12 15:09:44,268 - root - INFO - database writing complete1
2022-01-12 15:09:44,268 - root - INFO - RunState end: Ramp
2022-01-12 15:10:14,253 - root - DEBUG - Entering PID update with parameters SetPoint:521.60, ProcValue:623.27, IMax:100.00, IMin:0.00,
2022-01-12 15:10:14,253 - root - DEBUG -   Window:30, Kp: 30.000, Ki: 1.000, Kd: 0.600
2022-01-12 15:10:14,253 - root - DEBUG - Exiting PID update with parameters Error:-101.67, ITerm:0.00, DInput:-2.00, Output:0.00
2022-01-12 15:10:14,254 - root - DEBUG - RunID 54, Segment 1 (loop 59) - RunState:Ramp,
                       ReadTmp:623.27, RampTmp:521.60, TargetTmp:945.00,
                       Output:0.00, CycleOnSec:0.00, RemainTime:2:29:56
                    
2022-01-12 15:10:14,254 - root - DEBUG - ==>Relay Off
2022-01-12 15:10:14,254 - root - DEBUG - Writing stats to Firing DB table...
2022-01-12 15:10:14,266 - root - INFO - database writing complete1
2022-01-12 15:10:14,267 - root - INFO - RunState end: Ramp
2022-01-12 15:10:44,253 - root - DEBUG - Entering PID update with parameters SetPoint:523.02, ProcValue:621.27, IMax:100.00, IMin:0.00,
2022-01-12 15:10:44,253 - root - DEBUG -   Window:30, Kp: 30.000, Ki: 1.000, Kd: 0.600
2022-01-12 15:10:44,254 - root - DEBUG - Exiting PID update with parameters Error:-98.26, ITerm:0.00, DInput:-2.00, Output:0.00
2022-01-12 15:10:44,254 - root - DEBUG - RunID 54, Segment 1 (loop 60) - RunState:Ramp,
                       ReadTmp:621.27, RampTmp:523.02, TargetTmp:945.00,
                       Output:0.00, CycleOnSec:0.00, RemainTime:2:29:26
                    
2022-01-12 15:10:44,254 - root - DEBUG - ==>Relay Off
2022-01-12 15:10:44,254 - root - DEBUG - Writing stats to Firing DB table...
2022-01-12 15:10:44,267 - root - INFO - database writing complete1
2022-01-12 15:10:44,267 - root - INFO - RunState end: Ramp
2022-01-12 15:11:14,253 - root - DEBUG - Entering PID update with parameters SetPoint:524.44, ProcValue:619.27, IMax:100.00, IMin:0.00,
2022-01-12 15:11:14,253 - root - DEBUG -   Window:30, Kp: 30.000, Ki: 1.000, Kd: 0.600
2022-01-12 15:11:14,254 - root - DEBUG - Exiting PID update with parameters Error:-94.84, ITerm:0.00, DInput:-2.00, Output:0.00
2022-01-12 15:11:14,254 - root - DEBUG - RunID 54, Segment 1 (loop 61) - RunState:Ramp,
                       ReadTmp:619.27, RampTmp:524.44, TargetTmp:945.00,
                       Output:0.00, CycleOnSec:0.00, RemainTime:2:28:56
                    
2022-01-12 15:11:14,254 - root - DEBUG - ==>Relay Off
2022-01-12 15:11:14,254 - root - DEBUG - Writing stats to Firing DB table...
2022-01-12 15:11:14,284 - root - INFO - database writing complete1
2022-01-12 15:11:14,284 - root - INFO - RunState end: Ramp
2022-01-12 15:11:44,253 - root - DEBUG - Entering PID update with parameters SetPoint:525.85, ProcValue:617.27, IMax:100.00, IMin:0.00,
2022-01-12 15:11:44,253 - root - DEBUG -   Window:30, Kp: 30.000, Ki: 1.000, Kd: 0.600
2022-01-12 15:11:44,254 - root - DEBUG - Exiting PID update with parameters Error:-91.42, ITerm:0.00, DInput:-2.00, Output:0.00
2022-01-12 15:11:44,254 - root - DEBUG - RunID 54, Segment 1 (loop 62) - RunState:Ramp,
                       ReadTmp:617.27, RampTmp:525.85, TargetTmp:945.00,
                       Output:0.00, CycleOnSec:0.00, RemainTime:2:28:26
                    
2022-01-12 15:11:44,254 - root - DEBUG - ==>Relay Off
2022-01-12 15:11:44,254 - root - DEBUG - Writing stats to Firing DB table...
2022-01-12 15:11:44,279 - root - INFO - database writing complete1
2022-01-12 15:11:44,279 - root - INFO - RunState end: Ramp
2022-01-12 15:12:14,253 - root - DEBUG - Entering PID update with parameters SetPoint:527.27, ProcValue:615.27, IMax:100.00, IMin:0.00,
2022-01-12 15:12:14,253 - root - DEBUG -   Window:30, Kp: 30.000, Ki: 1.000, Kd: 0.600
2022-01-12 15:12:14,254 - root - DEBUG - Exiting PID update with parameters Error:-88.01, ITerm:0.00, DInput:-2.00, Output:0.00
2022-01-12 15:12:14,254 - root - DEBUG - RunID 54, Segment 1 (loop 63) - RunState:Ramp,
                       ReadTmp:615.27, RampTmp:527.27, TargetTmp:945.00,
                       Output:0.00, CycleOnSec:0.00, RemainTime:2:27:56
                    
2022-01-12 15:12:14,254 - root - DEBUG - ==>Relay Off
2022-01-12 15:12:14,254 - root - DEBUG - Writing stats to Firing DB table...
2022-01-12 15:12:14,287 - root - INFO - database writing complete1
2022-01-12 15:12:14,288 - root - INFO - RunState end: Ramp
2022-01-12 15:12:44,254 - root - DEBUG - Entering PID update with parameters SetPoint:528.69, ProcValue:613.27, IMax:100.00, IMin:0.00,
2022-01-12 15:12:44,254 - root - DEBUG -   Window:30, Kp: 30.000, Ki: 1.000, Kd: 0.600
2022-01-12 15:12:44,254 - root - DEBUG - Exiting PID update with parameters Error:-84.59, ITerm:0.00, DInput:-2.00, Output:0.00
2022-01-12 15:12:44,254 - root - DEBUG - RunID 54, Segment 1 (loop 64) - RunState:Ramp,
                       ReadTmp:613.27, RampTmp:528.69, TargetTmp:945.00,
                       Output:0.00, CycleOnSec:0.00, RemainTime:2:27:26
                    
2022-01-12 15:12:44,255 - root - DEBUG - ==>Relay Off
2022-01-12 15:12:44,255 - root - DEBUG - Writing stats to Firing DB table...
2022-01-12 15:12:44,266 - root - INFO - database writing complete1
2022-01-12 15:12:44,266 - root - INFO - RunState end: Ramp
2022-01-12 15:13:14,253 - root - DEBUG - Entering PID update with parameters SetPoint:530.10, ProcValue:611.27, IMax:100.00, IMin:0.00,
2022-01-12 15:13:14,253 - root - DEBUG -   Window:30, Kp: 30.000, Ki: 1.000, Kd: 0.600
2022-01-12 15:13:14,254 - root - DEBUG - Exiting PID update with parameters Error:-81.17, ITerm:0.00, DInput:-2.00, Output:0.00
2022-01-12 15:13:14,254 - root - DEBUG - RunID 54, Segment 1 (loop 65) - RunState:Ramp,
                       ReadTmp:611.27, RampTmp:530.10, TargetTmp:945.00,
                       Output:0.00, CycleOnSec:0.00, RemainTime:2:26:56
                    
2022-01-12 15:13:14,254 - root - DEBUG - ==>Relay Off
2022-01-12 15:13:14,254 - root - DEBUG - Writing stats to Firing DB table...
2022-01-12 15:13:14,265 - root - INFO - database writing complete1
2022-01-12 15:13:14,266 - root - INFO - RunState end: Ramp
2022-01-12 15:13:44,253 - root - DEBUG - Entering PID update with parameters SetPoint:531.52, ProcValue:609.27, IMax:100.00, IMin:0.00,
2022-01-12 15:13:44,253 - root - DEBUG -   Window:30, Kp: 30.000, Ki: 1.000, Kd: 0.600
2022-01-12 15:13:44,254 - root - DEBUG - Exiting PID update with parameters Error:-77.76, ITerm:0.00, DInput:-2.00, Output:0.00
2022-01-12 15:13:44,254 - root - DEBUG - RunID 54, Segment 1 (loop 66) - RunState:Ramp,
                       ReadTmp:609.27, RampTmp:531.52, TargetTmp:945.00,
                       Output:0.00, CycleOnSec:0.00, RemainTime:2:26:26
                    
2022-01-12 15:13:44,254 - root - DEBUG - ==>Relay Off
2022-01-12 15:13:44,254 - root - DEBUG - Writing stats to Firing DB table...
2022-01-12 15:13:44,265 - root - INFO - database writing complete1
2022-01-12 15:13:44,266 - root - INFO - RunState end: Ramp
2022-01-12 15:14:14,253 - root - DEBUG - Entering PID update with parameters SetPoint:532.94, ProcValue:607.27, IMax:100.00, IMin:0.00,
2022-01-12 15:14:14,253 - root - DEBUG -   Window:30, Kp: 30.000, Ki: 1.000, Kd: 0.600
2022-01-12 15:14:14,254 - root - DEBUG - Exiting PID update with parameters Error:-74.34, ITerm:0.00, DInput:-2.00, Output:0.00
2022-01-12 15:14:14,254 - root - DEBUG - RunID 54, Segment 1 (loop 67) - RunState:Ramp,
                       ReadTmp:607.27, RampTmp:532.94, TargetTmp:945.00,
                       Output:0.00, CycleOnSec:0.00, RemainTime:2:25:56
                    
2022-01-12 15:14:14,254 - root - DEBUG - ==>Relay Off
2022-01-12 15:14:14,254 - root - DEBUG - Writing stats to Firing DB table...
2022-01-12 15:14:14,269 - root - INFO - database writing complete1
2022-01-12 15:14:14,270 - root - INFO - RunState end: Ramp
2022-01-12 15:14:44,253 - root - DEBUG - Entering PID update with parameters SetPoint:534.35, ProcValue:605.27, IMax:100.00, IMin:0.00,
2022-01-12 15:14:44,254 - root - DEBUG -   Window:30, Kp: 30.000, Ki: 1.000, Kd: 0.600
2022-01-12 15:14:44,254 - root - DEBUG - Exiting PID update with parameters Error:-70.92, ITerm:0.00, DInput:-2.00, Output:0.00
2022-01-12 15:14:44,254 - root - DEBUG - RunID 54, Segment 1 (loop 68) - RunState:Ramp,
                       ReadTmp:605.27, RampTmp:534.35, TargetTmp:945.00,
                       Output:0.00, CycleOnSec:0.00, RemainTime:2:25:26
                    
2022-01-12 15:14:44,254 - root - DEBUG - ==>Relay Off
2022-01-12 15:14:44,254 - root - DEBUG - Writing stats to Firing DB table...
2022-01-12 15:14:44,266 - root - INFO - database writing complete1
2022-01-12 15:14:44,266 - root - INFO - RunState end: Ramp
2022-01-12 15:15:14,253 - root - DEBUG - Entering PID update with parameters SetPoint:535.77, ProcValue:603.27, IMax:100.00, IMin:0.00,
2022-01-12 15:15:14,253 - root - DEBUG -   Window:30, Kp: 30.000, Ki: 1.000, Kd: 0.600
2022-01-12 15:15:14,254 - root - DEBUG - Exiting PID update with parameters Error:-67.51, ITerm:0.00, DInput:-2.00, Output:0.00
2022-01-12 15:15:14,254 - root - DEBUG - RunID 54, Segment 1 (loop 69) - RunState:Ramp,
                       ReadTmp:603.27, RampTmp:535.77, TargetTmp:945.00,
                       Output:0.00, CycleOnSec:0.00, RemainTime:2:24:56
                    
2022-01-12 15:15:14,254 - root - DEBUG - ==>Relay Off
2022-01-12 15:15:14,254 - root - DEBUG - Writing stats to Firing DB table...
2022-01-12 15:15:14,265 - root - INFO - database writing complete1
2022-01-12 15:15:14,265 - root - INFO - RunState end: Ramp
2022-01-12 15:15:44,253 - root - DEBUG - Entering PID update with parameters SetPoint:537.19, ProcValue:601.27, IMax:100.00, IMin:0.00,
2022-01-12 15:15:44,253 - root - DEBUG -   Window:30, Kp: 30.000, Ki: 1.000, Kd: 0.600
2022-01-12 15:15:44,254 - root - DEBUG - Exiting PID update with parameters Error:-64.09, ITerm:0.00, DInput:-2.00, Output:0.00
2022-01-12 15:15:44,254 - root - DEBUG - RunID 54, Segment 1 (loop 70) - RunState:Ramp,
                       ReadTmp:601.27, RampTmp:537.19, TargetTmp:945.00,
                       Output:0.00, CycleOnSec:0.00, RemainTime:2:24:26
                    
2022-01-12 15:15:44,254 - root - DEBUG - ==>Relay Off
2022-01-12 15:15:44,254 - root - DEBUG - Writing stats to Firing DB table...
2022-01-12 15:15:44,267 - root - INFO - database writing complete1
2022-01-12 15:15:44,268 - root - INFO - RunState end: Ramp
2022-01-12 15:16:14,253 - root - DEBUG - Entering PID update with parameters SetPoint:538.60, ProcValue:599.27, IMax:100.00, IMin:0.00,
2022-01-12 15:16:14,253 - root - DEBUG -   Window:30, Kp: 30.000, Ki: 1.000, Kd: 0.600
2022-01-12 15:16:14,254 - root - DEBUG - Exiting PID update with parameters Error:-60.67, ITerm:0.00, DInput:-2.00, Output:0.00
2022-01-12 15:16:14,254 - root - DEBUG - RunID 54, Segment 1 (loop 71) - RunState:Ramp,
                       ReadTmp:599.27, RampTmp:538.60, TargetTmp:945.00,
                       Output:0.00, CycleOnSec:0.00, RemainTime:2:23:56
                    
2022-01-12 15:16:14,254 - root - DEBUG - ==>Relay Off
2022-01-12 15:16:14,254 - root - DEBUG - Writing stats to Firing DB table...
2022-01-12 15:16:14,266 - root - INFO - database writing complete1
2022-01-12 15:16:14,266 - root - INFO - RunState end: Ramp
2022-01-12 15:16:44,253 - root - DEBUG - Entering PID update with parameters SetPoint:540.02, ProcValue:597.27, IMax:100.00, IMin:0.00,
2022-01-12 15:16:44,253 - root - DEBUG -   Window:30, Kp: 30.000, Ki: 1.000, Kd: 0.600
2022-01-12 15:16:44,254 - root - DEBUG - Exiting PID update with parameters Error:-57.26, ITerm:0.00, DInput:-2.00, Output:0.00
2022-01-12 15:16:44,254 - root - DEBUG - RunID 54, Segment 1 (loop 72) - RunState:Ramp,
                       ReadTmp:597.27, RampTmp:540.02, TargetTmp:945.00,
                       Output:0.00, CycleOnSec:0.00, RemainTime:2:23:26
                    
2022-01-12 15:16:44,254 - root - DEBUG - ==>Relay Off
2022-01-12 15:16:44,254 - root - DEBUG - Writing stats to Firing DB table...
2022-01-12 15:16:44,266 - root - INFO - database writing complete1
2022-01-12 15:16:44,266 - root - INFO - RunState end: Ramp
2022-01-12 15:17:14,253 - root - DEBUG - Entering PID update with parameters SetPoint:541.44, ProcValue:595.27, IMax:100.00, IMin:0.00,
2022-01-12 15:17:14,253 - root - DEBUG -   Window:30, Kp: 30.000, Ki: 1.000, Kd: 0.600
2022-01-12 15:17:14,253 - root - DEBUG - Exiting PID update with parameters Error:-53.84, ITerm:0.00, DInput:-2.00, Output:0.00
2022-01-12 15:17:14,254 - root - DEBUG - RunID 54, Segment 1 (loop 73) - RunState:Ramp,
                       ReadTmp:595.27, RampTmp:541.44, TargetTmp:945.00,
                       Output:0.00, CycleOnSec:0.00, RemainTime:2:22:56
                    
2022-01-12 15:17:14,254 - root - DEBUG - ==>Relay Off
2022-01-12 15:17:14,254 - root - DEBUG - Writing stats to Firing DB table...
2022-01-12 15:17:14,265 - root - INFO - database writing complete1
2022-01-12 15:17:14,265 - root - INFO - RunState end: Ramp
2022-01-12 15:17:44,253 - root - DEBUG - Entering PID update with parameters SetPoint:542.85, ProcValue:593.27, IMax:100.00, IMin:0.00,
2022-01-12 15:17:44,253 - root - DEBUG -   Window:30, Kp: 30.000, Ki: 1.000, Kd: 0.600
2022-01-12 15:17:44,254 - root - DEBUG - Exiting PID update with parameters Error:-50.42, ITerm:0.00, DInput:-2.00, Output:0.00
2022-01-12 15:17:44,254 - root - DEBUG - RunID 54, Segment 1 (loop 74) - RunState:Ramp,
                       ReadTmp:593.27, RampTmp:542.85, TargetTmp:945.00,
                       Output:0.00, CycleOnSec:0.00, RemainTime:2:22:26
                    
2022-01-12 15:17:44,254 - root - DEBUG - ==>Relay Off
2022-01-12 15:17:44,254 - root - DEBUG - Writing stats to Firing DB table...
2022-01-12 15:17:44,265 - root - INFO - database writing complete1
2022-01-12 15:17:44,265 - root - INFO - RunState end: Ramp
2022-01-12 15:18:14,253 - root - DEBUG - Entering PID update with parameters SetPoint:544.27, ProcValue:591.27, IMax:100.00, IMin:0.00,
2022-01-12 15:18:14,253 - root - DEBUG -   Window:30, Kp: 30.000, Ki: 1.000, Kd: 0.600
2022-01-12 15:18:14,254 - root - DEBUG - Exiting PID update with parameters Error:-47.01, ITerm:0.00, DInput:-2.00, Output:0.00
2022-01-12 15:18:14,254 - root - DEBUG - RunID 54, Segment 1 (loop 75) - RunState:Ramp,
                       ReadTmp:591.27, RampTmp:544.27, TargetTmp:945.00,
                       Output:0.00, CycleOnSec:0.00, RemainTime:2:21:56
                    
2022-01-12 15:18:14,254 - root - DEBUG - ==>Relay Off
2022-01-12 15:18:14,254 - root - DEBUG - Writing stats to Firing DB table...
2022-01-12 15:18:14,266 - root - INFO - database writing complete1
2022-01-12 15:18:14,267 - root - INFO - RunState end: Ramp
2022-01-12 15:18:44,253 - root - DEBUG - Entering PID update with parameters SetPoint:545.69, ProcValue:589.27, IMax:100.00, IMin:0.00,
2022-01-12 15:18:44,253 - root - DEBUG -   Window:30, Kp: 30.000, Ki: 1.000, Kd: 0.600
2022-01-12 15:18:44,254 - root - DEBUG - Exiting PID update with parameters Error:-43.59, ITerm:0.00, DInput:-2.00, Output:0.00
2022-01-12 15:18:44,254 - root - DEBUG - RunID 54, Segment 1 (loop 76) - RunState:Ramp,
                       ReadTmp:589.27, RampTmp:545.69, TargetTmp:945.00,
                       Output:0.00, CycleOnSec:0.00, RemainTime:2:21:26
                    
2022-01-12 15:18:44,254 - root - DEBUG - ==>Relay Off
2022-01-12 15:18:44,254 - root - DEBUG - Writing stats to Firing DB table...
2022-01-12 15:18:44,265 - root - INFO - database writing complete1
2022-01-12 15:18:44,265 - root - INFO - RunState end: Ramp
2022-01-12 15:19:14,253 - root - DEBUG - Entering PID update with parameters SetPoint:547.10, ProcValue:587.27, IMax:100.00, IMin:0.00,
2022-01-12 15:19:14,253 - root - DEBUG -   Window:30, Kp: 30.000, Ki: 1.000, Kd: 0.600
2022-01-12 15:19:14,254 - root - DEBUG - Exiting PID update with parameters Error:-40.17, ITerm:0.00, DInput:-2.00, Output:0.00
2022-01-12 15:19:14,254 - root - DEBUG - RunID 54, Segment 1 (loop 77) - RunState:Ramp,
                       ReadTmp:587.27, RampTmp:547.10, TargetTmp:945.00,
                       Output:0.00, CycleOnSec:0.00, RemainTime:2:20:56
                    
2022-01-12 15:19:14,254 - root - DEBUG - ==>Relay Off
2022-01-12 15:19:14,254 - root - DEBUG - Writing stats to Firing DB table...
2022-01-12 15:19:14,266 - root - INFO - database writing complete1
2022-01-12 15:19:14,266 - root - INFO - RunState end: Ramp
2022-01-12 15:19:44,253 - root - DEBUG - Entering PID update with parameters SetPoint:548.52, ProcValue:585.27, IMax:100.00, IMin:0.00,
2022-01-12 15:19:44,253 - root - DEBUG -   Window:30, Kp: 30.000, Ki: 1.000, Kd: 0.600
2022-01-12 15:19:44,254 - root - DEBUG - Exiting PID update with parameters Error:-36.76, ITerm:0.00, DInput:-2.00, Output:0.00
2022-01-12 15:19:44,254 - root - DEBUG - RunID 54, Segment 1 (loop 78) - RunState:Ramp,
                       ReadTmp:585.27, RampTmp:548.52, TargetTmp:945.00,
                       Output:0.00, CycleOnSec:0.00, RemainTime:2:20:26
                    
2022-01-12 15:19:44,254 - root - DEBUG - ==>Relay Off
2022-01-12 15:19:44,254 - root - DEBUG - Writing stats to Firing DB table...
2022-01-12 15:19:44,265 - root - INFO - database writing complete1
2022-01-12 15:19:44,266 - root - INFO - RunState end: Ramp
2022-01-12 15:20:14,254 - root - DEBUG - Entering PID update with parameters SetPoint:549.94, ProcValue:583.27, IMax:100.00, IMin:0.00,
2022-01-12 15:20:14,254 - root - DEBUG -   Window:30, Kp: 30.000, Ki: 1.000, Kd: 0.600
2022-01-12 15:20:14,254 - root - DEBUG - Exiting PID update with parameters Error:-33.34, ITerm:0.00, DInput:-2.00, Output:0.00
2022-01-12 15:20:14,254 - root - DEBUG - RunID 54, Segment 1 (loop 79) - RunState:Ramp,
                       ReadTmp:583.27, RampTmp:549.94, TargetTmp:945.00,
                       Output:0.00, CycleOnSec:0.00, RemainTime:2:19:56
                    
2022-01-12 15:20:14,254 - root - DEBUG - ==>Relay Off
2022-01-12 15:20:14,255 - root - DEBUG - Writing stats to Firing DB table...
2022-01-12 15:20:14,267 - root - INFO - database writing complete1
2022-01-12 15:20:14,267 - root - INFO - RunState end: Ramp
2022-01-12 15:20:44,253 - root - DEBUG - Entering PID update with parameters SetPoint:551.35, ProcValue:581.27, IMax:100.00, IMin:0.00,
2022-01-12 15:20:44,254 - root - DEBUG -   Window:30, Kp: 30.000, Ki: 1.000, Kd: 0.600
2022-01-12 15:20:44,254 - root - DEBUG - Exiting PID update with parameters Error:-29.92, ITerm:0.00, DInput:-2.00, Output:0.00
2022-01-12 15:20:44,254 - root - DEBUG - RunID 54, Segment 1 (loop 80) - RunState:Ramp,
                       ReadTmp:581.27, RampTmp:551.35, TargetTmp:945.00,
                       Output:0.00, CycleOnSec:0.00, RemainTime:2:19:26
                    
2022-01-12 15:20:44,254 - root - DEBUG - ==>Relay Off
2022-01-12 15:20:44,255 - root - DEBUG - Writing stats to Firing DB table...
2022-01-12 15:20:44,265 - root - INFO - database writing complete1
2022-01-12 15:20:44,266 - root - INFO - RunState end: Ramp
2022-01-12 15:21:14,254 - root - DEBUG - Entering PID update with parameters SetPoint:552.77, ProcValue:579.27, IMax:100.00, IMin:0.00,
2022-01-12 15:21:14,254 - root - DEBUG -   Window:30, Kp: 30.000, Ki: 1.000, Kd: 0.600
2022-01-12 15:21:14,254 - root - DEBUG - Exiting PID update with parameters Error:-26.51, ITerm:0.00, DInput:-2.00, Output:0.00
2022-01-12 15:21:14,254 - root - DEBUG - RunID 54, Segment 1 (loop 81) - RunState:Ramp,
                       ReadTmp:579.27, RampTmp:552.77, TargetTmp:945.00,
                       Output:0.00, CycleOnSec:0.00, RemainTime:2:18:56
                    
2022-01-12 15:21:14,254 - root - DEBUG - ==>Relay Off
2022-01-12 15:21:14,255 - root - DEBUG - Writing stats to Firing DB table...
2022-01-12 15:21:14,267 - root - INFO - database writing complete1
2022-01-12 15:21:14,267 - root - INFO - RunState end: Ramp
2022-01-12 15:21:44,253 - root - DEBUG - Entering PID update with parameters SetPoint:554.19, ProcValue:577.27, IMax:100.00, IMin:0.00,
2022-01-12 15:21:44,254 - root - DEBUG -   Window:30, Kp: 30.000, Ki: 1.000, Kd: 0.600
2022-01-12 15:21:44,254 - root - DEBUG - Exiting PID update with parameters Error:-23.09, ITerm:0.00, DInput:-2.00, Output:0.00
2022-01-12 15:21:44,254 - root - DEBUG - RunID 54, Segment 1 (loop 82) - RunState:Ramp,
                       ReadTmp:577.27, RampTmp:554.19, TargetTmp:945.00,
                       Output:0.00, CycleOnSec:0.00, RemainTime:2:18:26
                    
2022-01-12 15:21:44,254 - root - DEBUG - ==>Relay Off
2022-01-12 15:21:44,255 - root - DEBUG - Writing stats to Firing DB table...
2022-01-12 15:21:44,267 - root - INFO - database writing complete1
2022-01-12 15:21:44,267 - root - INFO - RunState end: Ramp
2022-01-12 15:22:14,253 - root - DEBUG - Entering PID update with parameters SetPoint:555.60, ProcValue:575.27, IMax:100.00, IMin:0.00,
2022-01-12 15:22:14,254 - root - DEBUG -   Window:30, Kp: 30.000, Ki: 1.000, Kd: 0.600
2022-01-12 15:22:14,254 - root - DEBUG - Exiting PID update with parameters Error:-19.67, ITerm:0.00, DInput:-2.00, Output:0.00
2022-01-12 15:22:14,254 - root - DEBUG - RunID 54, Segment 1 (loop 83) - RunState:Ramp,
                       ReadTmp:575.27, RampTmp:555.60, TargetTmp:945.00,
                       Output:0.00, CycleOnSec:0.00, RemainTime:2:17:56
                    
2022-01-12 15:22:14,254 - root - DEBUG - ==>Relay Off
2022-01-12 15:22:14,255 - root - DEBUG - Writing stats to Firing DB table...
2022-01-12 15:22:14,267 - root - INFO - database writing complete1
2022-01-12 15:22:14,267 - root - INFO - RunState end: Ramp
2022-01-12 15:22:44,253 - root - DEBUG - Entering PID update with parameters SetPoint:557.02, ProcValue:573.27, IMax:100.00, IMin:0.00,
2022-01-12 15:22:44,254 - root - DEBUG -   Window:30, Kp: 30.000, Ki: 1.000, Kd: 0.600
2022-01-12 15:22:44,254 - root - DEBUG - Exiting PID update with parameters Error:-16.26, ITerm:0.00, DInput:-2.00, Output:0.00
2022-01-12 15:22:44,254 - root - DEBUG - RunID 54, Segment 1 (loop 84) - RunState:Ramp,
                       ReadTmp:573.27, RampTmp:557.02, TargetTmp:945.00,
                       Output:0.00, CycleOnSec:0.00, RemainTime:2:17:26
                    
2022-01-12 15:22:44,254 - root - DEBUG - ==>Relay Off
2022-01-12 15:22:44,255 - root - DEBUG - Writing stats to Firing DB table...
2022-01-12 15:22:44,288 - root - INFO - database writing complete1
2022-01-12 15:22:44,289 - root - INFO - RunState end: Ramp
2022-01-12 15:23:14,253 - root - DEBUG - Entering PID update with parameters SetPoint:558.44, ProcValue:571.27, IMax:100.00, IMin:0.00,
2022-01-12 15:23:14,254 - root - DEBUG -   Window:30, Kp: 30.000, Ki: 1.000, Kd: 0.600
2022-01-12 15:23:14,254 - root - DEBUG - Exiting PID update with parameters Error:-12.84, ITerm:0.00, DInput:-2.00, Output:0.00
2022-01-12 15:23:14,254 - root - DEBUG - RunID 54, Segment 1 (loop 85) - RunState:Ramp,
                       ReadTmp:571.27, RampTmp:558.44, TargetTmp:945.00,
                       Output:0.00, CycleOnSec:0.00, RemainTime:2:16:56
                    
2022-01-12 15:23:14,254 - root - DEBUG - ==>Relay Off
2022-01-12 15:23:14,255 - root - DEBUG - Writing stats to Firing DB table...
2022-01-12 15:23:14,266 - root - INFO - database writing complete1
2022-01-12 15:23:14,266 - root - INFO - RunState end: Ramp
2022-01-12 15:23:44,253 - root - DEBUG - Entering PID update with parameters SetPoint:559.85, ProcValue:569.27, IMax:100.00, IMin:0.00,
2022-01-12 15:23:44,254 - root - DEBUG -   Window:30, Kp: 30.000, Ki: 1.000, Kd: 0.600
2022-01-12 15:23:44,254 - root - DEBUG - Exiting PID update with parameters Error:-9.42, ITerm:0.00, DInput:-2.00, Output:0.00
2022-01-12 15:23:44,254 - root - DEBUG - RunID 54, Segment 1 (loop 86) - RunState:Ramp,
                       ReadTmp:569.27, RampTmp:559.85, TargetTmp:945.00,
                       Output:0.00, CycleOnSec:0.00, RemainTime:2:16:26
                    
2022-01-12 15:23:44,254 - root - DEBUG - ==>Relay Off
2022-01-12 15:23:44,255 - root - DEBUG - Writing stats to Firing DB table...
2022-01-12 15:23:44,269 - root - INFO - database writing complete1
2022-01-12 15:23:44,269 - root - INFO - RunState end: Ramp
2022-01-12 15:24:14,254 - root - DEBUG - Entering PID update with parameters SetPoint:561.27, ProcValue:567.27, IMax:100.00, IMin:0.00,
2022-01-12 15:24:14,254 - root - DEBUG -   Window:30, Kp: 30.000, Ki: 1.000, Kd: 0.600
2022-01-12 15:24:14,254 - root - DEBUG - Exiting PID update with parameters Error:-6.01, ITerm:0.00, DInput:-2.00, Output:0.00
2022-01-12 15:24:14,254 - root - DEBUG - RunID 54, Segment 1 (loop 87) - RunState:Ramp,
                       ReadTmp:567.27, RampTmp:561.27, TargetTmp:945.00,
                       Output:0.00, CycleOnSec:0.00, RemainTime:2:15:56
                    
2022-01-12 15:24:14,254 - root - DEBUG - ==>Relay Off
2022-01-12 15:24:14,255 - root - DEBUG - Writing stats to Firing DB table...
2022-01-12 15:24:14,266 - root - INFO - database writing complete1
2022-01-12 15:24:14,266 - root - INFO - RunState end: Ramp
2022-01-12 15:24:44,253 - root - DEBUG - Entering PID update with parameters SetPoint:562.69, ProcValue:565.27, IMax:100.00, IMin:0.00,
2022-01-12 15:24:44,254 - root - DEBUG -   Window:30, Kp: 30.000, Ki: 1.000, Kd: 0.600
2022-01-12 15:24:44,254 - root - DEBUG - Exiting PID update with parameters Error:-2.59, ITerm:0.00, DInput:-2.00, Output:0.00
2022-01-12 15:24:44,254 - root - DEBUG - RunID 54, Segment 1 (loop 88) - RunState:Ramp,
                       ReadTmp:565.27, RampTmp:562.69, TargetTmp:945.00,
                       Output:0.00, CycleOnSec:0.00, RemainTime:2:15:26
                    
2022-01-12 15:24:44,254 - root - DEBUG - ==>Relay Off
2022-01-12 15:24:44,254 - root - DEBUG - Writing stats to Firing DB table...
2022-01-12 15:24:44,267 - root - INFO - database writing complete1
2022-01-12 15:24:44,267 - root - INFO - RunState end: Ramp
2022-01-12 15:25:14,253 - root - DEBUG - Entering PID update with parameters SetPoint:564.10, ProcValue:563.27, IMax:100.00, IMin:0.00,
2022-01-12 15:25:14,253 - root - DEBUG -   Window:30, Kp: 30.000, Ki: 1.000, Kd: 0.600
2022-01-12 15:25:14,254 - root - DEBUG - Exiting PID update with parameters Error:0.83, ITerm:0.83, DInput:-2.00, Output:26.84
2022-01-12 15:25:14,254 - root - DEBUG - RunID 54, Segment 1 (loop 89) - RunState:Ramp,
                       ReadTmp:563.27, RampTmp:564.10, TargetTmp:945.00,
                       Output:26.84, CycleOnSec:8.05, RemainTime:2:14:56
                    
2022-01-12 15:25:14,254 - root - DEBUG - ==>Relay On
2022-01-12 15:25:22,314 - root - DEBUG - ==>Relay Off
2022-01-12 15:25:22,315 - root - DEBUG - Writing stats to Firing DB table...
2022-01-12 15:25:22,328 - root - INFO - database writing complete1
2022-01-12 15:25:22,329 - root - INFO - RunState end: Ramp
2022-01-12 15:25:44,253 - root - DEBUG - Entering PID update with parameters SetPoint:565.52, ProcValue:601.53, IMax:100.00, IMin:0.00,
2022-01-12 15:25:44,254 - root - DEBUG -   Window:30, Kp: 30.000, Ki: 1.000, Kd: 0.600
2022-01-12 15:25:44,254 - root - DEBUG - Exiting PID update with parameters Error:-36.02, ITerm:0.00, DInput:38.26, Output:0.00
2022-01-12 15:25:44,254 - root - DEBUG - RunID 54, Segment 1 (loop 90) - RunState:Ramp,
                       ReadTmp:601.53, RampTmp:565.52, TargetTmp:945.00,
                       Output:0.00, CycleOnSec:0.00, RemainTime:2:14:26
                    
2022-01-12 15:25:44,254 - root - DEBUG - ==>Relay Off
2022-01-12 15:25:44,254 - root - DEBUG - Writing stats to Firing DB table...
2022-01-12 15:25:44,266 - root - INFO - database writing complete1
2022-01-12 15:25:44,266 - root - INFO - RunState end: Ramp
2022-01-12 15:26:14,253 - root - DEBUG - Entering PID update with parameters SetPoint:566.94, ProcValue:599.53, IMax:100.00, IMin:0.00,
2022-01-12 15:26:14,254 - root - DEBUG -   Window:30, Kp: 30.000, Ki: 1.000, Kd: 0.600
2022-01-12 15:26:14,254 - root - DEBUG - Exiting PID update with parameters Error:-32.60, ITerm:0.00, DInput:-2.00, Output:0.00
2022-01-12 15:26:14,254 - root - DEBUG - RunID 54, Segment 1 (loop 91) - RunState:Ramp,
                       ReadTmp:599.53, RampTmp:566.94, TargetTmp:945.00,
                       Output:0.00, CycleOnSec:0.00, RemainTime:2:13:56
                    
2022-01-12 15:26:14,254 - root - DEBUG - ==>Relay Off
2022-01-12 15:26:14,254 - root - DEBUG - Writing stats to Firing DB table...
2022-01-12 15:26:14,266 - root - INFO - database writing complete1
2022-01-12 15:26:14,266 - root - INFO - RunState end: Ramp
2022-01-12 15:26:44,253 - root - DEBUG - Entering PID update with parameters SetPoint:568.35, ProcValue:597.53, IMax:100.00, IMin:0.00,
2022-01-12 15:26:44,254 - root - DEBUG -   Window:30, Kp: 30.000, Ki: 1.000, Kd: 0.600
2022-01-12 15:26:44,254 - root - DEBUG - Exiting PID update with parameters Error:-29.18, ITerm:0.00, DInput:-2.00, Output:0.00
2022-01-12 15:26:44,254 - root - DEBUG - RunID 54, Segment 1 (loop 92) - RunState:Ramp,
                       ReadTmp:597.53, RampTmp:568.35, TargetTmp:945.00,
                       Output:0.00, CycleOnSec:0.00, RemainTime:2:13:26
                    
2022-01-12 15:26:44,254 - root - DEBUG - ==>Relay Off
2022-01-12 15:26:44,255 - root - DEBUG - Writing stats to Firing DB table...
2022-01-12 15:26:44,266 - root - INFO - database writing complete1
2022-01-12 15:26:44,266 - root - INFO - RunState end: Ramp
2022-01-12 15:27:14,253 - root - DEBUG - Entering PID update with parameters SetPoint:569.77, ProcValue:595.53, IMax:100.00, IMin:0.00,
2022-01-12 15:27:14,253 - root - DEBUG -   Window:30, Kp: 30.000, Ki: 1.000, Kd: 0.600
2022-01-12 15:27:14,254 - root - DEBUG - Exiting PID update with parameters Error:-25.77, ITerm:0.00, DInput:-2.00, Output:0.00
2022-01-12 15:27:14,254 - root - DEBUG - RunID 54, Segment 1 (loop 93) - RunState:Ramp,
                       ReadTmp:595.53, RampTmp:569.77, TargetTmp:945.00,
                       Output:0.00, CycleOnSec:0.00, RemainTime:2:12:56
                    
2022-01-12 15:27:14,254 - root - DEBUG - ==>Relay Off
2022-01-12 15:27:14,254 - root - DEBUG - Writing stats to Firing DB table...
2022-01-12 15:27:14,266 - root - INFO - database writing complete1
2022-01-12 15:27:14,266 - root - INFO - RunState end: Ramp
2022-01-12 15:27:44,253 - root - DEBUG - Entering PID update with parameters SetPoint:571.19, ProcValue:593.53, IMax:100.00, IMin:0.00,
2022-01-12 15:27:44,254 - root - DEBUG -   Window:30, Kp: 30.000, Ki: 1.000, Kd: 0.600
2022-01-12 15:27:44,254 - root - DEBUG - Exiting PID update with parameters Error:-22.35, ITerm:0.00, DInput:-2.00, Output:0.00
2022-01-12 15:27:44,254 - root - DEBUG - RunID 54, Segment 1 (loop 94) - RunState:Ramp,
                       ReadTmp:593.53, RampTmp:571.19, TargetTmp:945.00,
                       Output:0.00, CycleOnSec:0.00, RemainTime:2:12:26
                    
2022-01-12 15:27:44,254 - root - DEBUG - ==>Relay Off
2022-01-12 15:27:44,255 - root - DEBUG - Writing stats to Firing DB table...
2022-01-12 15:27:44,266 - root - INFO - database writing complete1
2022-01-12 15:27:44,266 - root - INFO - RunState end: Ramp
2022-01-12 15:28:14,253 - root - DEBUG - Entering PID update with parameters SetPoint:572.60, ProcValue:591.53, IMax:100.00, IMin:0.00,
2022-01-12 15:28:14,254 - root - DEBUG -   Window:30, Kp: 30.000, Ki: 1.000, Kd: 0.600
2022-01-12 15:28:14,254 - root - DEBUG - Exiting PID update with parameters Error:-18.93, ITerm:0.00, DInput:-2.00, Output:0.00
2022-01-12 15:28:14,254 - root - DEBUG - RunID 54, Segment 1 (loop 95) - RunState:Ramp,
                       ReadTmp:591.53, RampTmp:572.60, TargetTmp:945.00,
                       Output:0.00, CycleOnSec:0.00, RemainTime:2:11:56
                    
2022-01-12 15:28:14,254 - root - DEBUG - ==>Relay Off
2022-01-12 15:28:14,254 - root - DEBUG - Writing stats to Firing DB table...
2022-01-12 15:28:14,266 - root - INFO - database writing complete1
2022-01-12 15:28:14,266 - root - INFO - RunState end: Ramp
2022-01-12 15:28:44,253 - root - DEBUG - Entering PID update with parameters SetPoint:574.02, ProcValue:589.53, IMax:100.00, IMin:0.00,
2022-01-12 15:28:44,254 - root - DEBUG -   Window:30, Kp: 30.000, Ki: 1.000, Kd: 0.600
2022-01-12 15:28:44,254 - root - DEBUG - Exiting PID update with parameters Error:-15.52, ITerm:0.00, DInput:-2.00, Output:0.00
2022-01-12 15:28:44,254 - root - DEBUG - RunID 54, Segment 1 (loop 96) - RunState:Ramp,
                       ReadTmp:589.53, RampTmp:574.02, TargetTmp:945.00,
                       Output:0.00, CycleOnSec:0.00, RemainTime:2:11:26
                    
2022-01-12 15:28:44,254 - root - DEBUG - ==>Relay Off
2022-01-12 15:28:44,255 - root - DEBUG - Writing stats to Firing DB table...
2022-01-12 15:28:44,266 - root - INFO - database writing complete1
2022-01-12 15:28:44,266 - root - INFO - RunState end: Ramp
2022-01-12 15:29:14,253 - root - DEBUG - Entering PID update with parameters SetPoint:575.44, ProcValue:587.53, IMax:100.00, IMin:0.00,
2022-01-12 15:29:14,254 - root - DEBUG -   Window:30, Kp: 30.000, Ki: 1.000, Kd: 0.600
2022-01-12 15:29:14,254 - root - DEBUG - Exiting PID update with parameters Error:-12.10, ITerm:0.00, DInput:-2.00, Output:0.00
2022-01-12 15:29:14,254 - root - DEBUG - RunID 54, Segment 1 (loop 97) - RunState:Ramp,
                       ReadTmp:587.53, RampTmp:575.44, TargetTmp:945.00,
                       Output:0.00, CycleOnSec:0.00, RemainTime:2:10:56
                    
2022-01-12 15:29:14,254 - root - DEBUG - ==>Relay Off
2022-01-12 15:29:14,254 - root - DEBUG - Writing stats to Firing DB table...
2022-01-12 15:29:14,265 - root - INFO - database writing complete1
2022-01-12 15:29:14,266 - root - INFO - RunState end: Ramp
2022-01-12 15:29:44,253 - root - DEBUG - Entering PID update with parameters SetPoint:576.85, ProcValue:585.53, IMax:100.00, IMin:0.00,
2022-01-12 15:29:44,254 - root - DEBUG -   Window:30, Kp: 30.000, Ki: 1.000, Kd: 0.600
2022-01-12 15:29:44,254 - root - DEBUG - Exiting PID update with parameters Error:-8.68, ITerm:0.00, DInput:-2.00, Output:0.00
2022-01-12 15:29:44,254 - root - DEBUG - RunID 54, Segment 1 (loop 98) - RunState:Ramp,
                       ReadTmp:585.53, RampTmp:576.85, TargetTmp:945.00,
                       Output:0.00, CycleOnSec:0.00, RemainTime:2:10:26
                    
2022-01-12 15:29:44,254 - root - DEBUG - ==>Relay Off
2022-01-12 15:29:44,254 - root - DEBUG - Writing stats to Firing DB table...
2022-01-12 15:29:44,266 - root - INFO - database writing complete1
2022-01-12 15:29:44,266 - root - INFO - RunState end: Ramp
2022-01-12 15:30:14,253 - root - DEBUG - Entering PID update with parameters SetPoint:578.27, ProcValue:583.53, IMax:100.00, IMin:0.00,
2022-01-12 15:30:14,254 - root - DEBUG -   Window:30, Kp: 30.000, Ki: 1.000, Kd: 0.600
2022-01-12 15:30:14,254 - root - DEBUG - Exiting PID update with parameters Error:-5.27, ITerm:0.00, DInput:-2.00, Output:0.00
2022-01-12 15:30:14,254 - root - DEBUG - RunID 54, Segment 1 (loop 99) - RunState:Ramp,
                       ReadTmp:583.53, RampTmp:578.27, TargetTmp:945.00,
                       Output:0.00, CycleOnSec:0.00, RemainTime:2:09:56
                    
2022-01-12 15:30:14,254 - root - DEBUG - ==>Relay Off
2022-01-12 15:30:14,254 - root - DEBUG - Writing stats to Firing DB table...
2022-01-12 15:30:14,266 - root - INFO - database writing complete1
2022-01-12 15:30:14,266 - root - INFO - RunState end: Ramp
2022-01-12 15:30:44,253 - root - DEBUG - Entering PID update with parameters SetPoint:579.69, ProcValue:581.53, IMax:100.00, IMin:0.00,
2022-01-12 15:30:44,254 - root - DEBUG -   Window:30, Kp: 30.000, Ki: 1.000, Kd: 0.600
2022-01-12 15:30:44,254 - root - DEBUG - Exiting PID update with parameters Error:-1.85, ITerm:0.00, DInput:-2.00, Output:0.00
2022-01-12 15:30:44,254 - root - DEBUG - RunID 54, Segment 1 (loop 100) - RunState:Ramp,
                       ReadTmp:581.53, RampTmp:579.69, TargetTmp:945.00,
                       Output:0.00, CycleOnSec:0.00, RemainTime:2:09:26
                    
2022-01-12 15:30:44,254 - root - DEBUG - ==>Relay Off
2022-01-12 15:30:44,255 - root - DEBUG - Writing stats to Firing DB table...
2022-01-12 15:30:44,266 - root - INFO - database writing complete1
2022-01-12 15:30:44,266 - root - INFO - RunState end: Ramp
2022-01-12 15:31:14,253 - root - DEBUG - Entering PID update with parameters SetPoint:581.10, ProcValue:579.53, IMax:100.00, IMin:0.00,
2022-01-12 15:31:14,254 - root - DEBUG -   Window:30, Kp: 30.000, Ki: 1.000, Kd: 0.600
2022-01-12 15:31:14,254 - root - DEBUG - Exiting PID update with parameters Error:1.57, ITerm:1.57, DInput:-2.00, Output:49.80
2022-01-12 15:31:14,254 - root - DEBUG - RunID 54, Segment 1 (loop 101) - RunState:Ramp,
                       ReadTmp:579.53, RampTmp:581.10, TargetTmp:945.00,
                       Output:49.80, CycleOnSec:14.94, RemainTime:2:08:56
                    
2022-01-12 15:31:14,254 - root - DEBUG - ==>Relay On
2022-01-12 15:31:29,209 - root - DEBUG - ==>Relay Off
2022-01-12 15:31:29,210 - root - DEBUG - Writing stats to Firing DB table...
2022-01-12 15:31:29,223 - root - INFO - database writing complete1
2022-01-12 15:31:29,223 - root - INFO - RunState end: Ramp
2022-01-12 15:31:44,253 - root - DEBUG - Entering PID update with parameters SetPoint:582.52, ProcValue:652.23, IMax:100.00, IMin:0.00,
2022-01-12 15:31:44,254 - root - DEBUG -   Window:30, Kp: 30.000, Ki: 1.000, Kd: 0.600
2022-01-12 15:31:44,254 - root - DEBUG - Exiting PID update with parameters Error:-69.71, ITerm:0.00, DInput:72.70, Output:0.00
2022-01-12 15:31:44,254 - root - DEBUG - RunID 54, Segment 1 (loop 102) - RunState:Ramp,
                       ReadTmp:652.23, RampTmp:582.52, TargetTmp:945.00,
                       Output:0.00, CycleOnSec:0.00, RemainTime:2:08:26
                    
2022-01-12 15:31:44,254 - root - DEBUG - ==>Relay Off
2022-01-12 15:31:44,255 - root - DEBUG - Writing stats to Firing DB table...
2022-01-12 15:31:44,274 - root - INFO - database writing complete1
2022-01-12 15:31:44,275 - root - INFO - RunState end: Ramp
2022-01-12 15:32:14,253 - root - DEBUG - Entering PID update with parameters SetPoint:583.94, ProcValue:650.23, IMax:100.00, IMin:0.00,
2022-01-12 15:32:14,254 - root - DEBUG -   Window:30, Kp: 30.000, Ki: 1.000, Kd: 0.600
2022-01-12 15:32:14,254 - root - DEBUG - Exiting PID update with parameters Error:-66.30, ITerm:0.00, DInput:-2.00, Output:0.00
2022-01-12 15:32:14,254 - root - DEBUG - RunID 54, Segment 1 (loop 103) - RunState:Ramp,
                       ReadTmp:650.23, RampTmp:583.94, TargetTmp:945.00,
                       Output:0.00, CycleOnSec:0.00, RemainTime:2:07:56
                    
2022-01-12 15:32:14,254 - root - DEBUG - ==>Relay Off
2022-01-12 15:32:14,255 - root - DEBUG - Writing stats to Firing DB table...
2022-01-12 15:32:14,266 - root - INFO - database writing complete1
2022-01-12 15:32:14,267 - root - INFO - RunState end: Ramp
2022-01-12 15:32:44,253 - root - DEBUG - Entering PID update with parameters SetPoint:585.35, ProcValue:648.23, IMax:100.00, IMin:0.00,
2022-01-12 15:32:44,254 - root - DEBUG -   Window:30, Kp: 30.000, Ki: 1.000, Kd: 0.600
2022-01-12 15:32:44,254 - root - DEBUG - Exiting PID update with parameters Error:-62.88, ITerm:0.00, DInput:-2.00, Output:0.00
2022-01-12 15:32:44,254 - root - DEBUG - RunID 54, Segment 1 (loop 104) - RunState:Ramp,
                       ReadTmp:648.23, RampTmp:585.35, TargetTmp:945.00,
                       Output:0.00, CycleOnSec:0.00, RemainTime:2:07:26
                    
2022-01-12 15:32:44,254 - root - DEBUG - ==>Relay Off
2022-01-12 15:32:44,255 - root - DEBUG - Writing stats to Firing DB table...
2022-01-12 15:32:44,267 - root - INFO - database writing complete1
2022-01-12 15:32:44,267 - root - INFO - RunState end: Ramp
2022-01-12 15:33:14,253 - root - DEBUG - Entering PID update with parameters SetPoint:586.77, ProcValue:646.23, IMax:100.00, IMin:0.00,
2022-01-12 15:33:14,254 - root - DEBUG -   Window:30, Kp: 30.000, Ki: 1.000, Kd: 0.600
2022-01-12 15:33:14,254 - root - DEBUG - Exiting PID update with parameters Error:-59.46, ITerm:0.00, DInput:-2.00, Output:0.00
2022-01-12 15:33:14,254 - root - DEBUG - RunID 54, Segment 1 (loop 105) - RunState:Ramp,
                       ReadTmp:646.23, RampTmp:586.77, TargetTmp:945.00,
                       Output:0.00, CycleOnSec:0.00, RemainTime:2:06:56
                    
2022-01-12 15:33:14,254 - root - DEBUG - ==>Relay Off
2022-01-12 15:33:14,255 - root - DEBUG - Writing stats to Firing DB table...
2022-01-12 15:33:14,269 - root - INFO - database writing complete1
2022-01-12 15:33:14,269 - root - INFO - RunState end: Ramp
2022-01-12 15:33:44,253 - root - DEBUG - Entering PID update with parameters SetPoint:588.19, ProcValue:644.23, IMax:100.00, IMin:0.00,
2022-01-12 15:33:44,254 - root - DEBUG -   Window:30, Kp: 30.000, Ki: 1.000, Kd: 0.600
2022-01-12 15:33:44,254 - root - DEBUG - Exiting PID update with parameters Error:-56.05, ITerm:0.00, DInput:-2.00, Output:0.00
2022-01-12 15:33:44,254 - root - DEBUG - RunID 54, Segment 1 (loop 106) - RunState:Ramp,
                       ReadTmp:644.23, RampTmp:588.19, TargetTmp:945.00,
                       Output:0.00, CycleOnSec:0.00, RemainTime:2:06:26
                    
2022-01-12 15:33:44,254 - root - DEBUG - ==>Relay Off
2022-01-12 15:33:44,255 - root - DEBUG - Writing stats to Firing DB table...
2022-01-12 15:33:44,283 - root - INFO - database writing complete1
2022-01-12 15:33:44,284 - root - INFO - RunState end: Ramp
2022-01-12 15:34:14,253 - root - DEBUG - Entering PID update with parameters SetPoint:589.60, ProcValue:642.23, IMax:100.00, IMin:0.00,
2022-01-12 15:34:14,254 - root - DEBUG -   Window:30, Kp: 30.000, Ki: 1.000, Kd: 0.600
2022-01-12 15:34:14,254 - root - DEBUG - Exiting PID update with parameters Error:-52.63, ITerm:0.00, DInput:-2.00, Output:0.00
2022-01-12 15:34:14,254 - root - DEBUG - RunID 54, Segment 1 (loop 107) - RunState:Ramp,
                       ReadTmp:642.23, RampTmp:589.60, TargetTmp:945.00,
                       Output:0.00, CycleOnSec:0.00, RemainTime:2:05:56
                    
2022-01-12 15:34:14,254 - root - DEBUG - ==>Relay Off
2022-01-12 15:34:14,255 - root - DEBUG - Writing stats to Firing DB table...
2022-01-12 15:34:14,301 - root - INFO - database writing complete1
2022-01-12 15:34:14,301 - root - INFO - RunState end: Ramp
2022-01-12 15:34:44,253 - root - DEBUG - Entering PID update with parameters SetPoint:591.02, ProcValue:640.23, IMax:100.00, IMin:0.00,
2022-01-12 15:34:44,254 - root - DEBUG -   Window:30, Kp: 30.000, Ki: 1.000, Kd: 0.600
2022-01-12 15:34:44,254 - root - DEBUG - Exiting PID update with parameters Error:-49.21, ITerm:0.00, DInput:-2.00, Output:0.00
2022-01-12 15:34:44,254 - root - DEBUG - RunID 54, Segment 1 (loop 108) - RunState:Ramp,
                       ReadTmp:640.23, RampTmp:591.02, TargetTmp:945.00,
                       Output:0.00, CycleOnSec:0.00, RemainTime:2:05:26
                    
2022-01-12 15:34:44,254 - root - DEBUG - ==>Relay Off
2022-01-12 15:34:44,255 - root - DEBUG - Writing stats to Firing DB table...
2022-01-12 15:34:44,285 - root - INFO - database writing complete1
2022-01-12 15:34:44,286 - root - INFO - RunState end: Ramp
2022-01-12 15:35:14,253 - root - DEBUG - Entering PID update with parameters SetPoint:592.44, ProcValue:638.23, IMax:100.00, IMin:0.00,
2022-01-12 15:35:14,254 - root - DEBUG -   Window:30, Kp: 30.000, Ki: 1.000, Kd: 0.600
2022-01-12 15:35:14,254 - root - DEBUG - Exiting PID update with parameters Error:-45.80, ITerm:0.00, DInput:-2.00, Output:0.00
2022-01-12 15:35:14,254 - root - DEBUG - RunID 54, Segment 1 (loop 109) - RunState:Ramp,
                       ReadTmp:638.23, RampTmp:592.44, TargetTmp:945.00,
                       Output:0.00, CycleOnSec:0.00, RemainTime:2:04:56
                    
2022-01-12 15:35:14,254 - root - DEBUG - ==>Relay Off
2022-01-12 15:35:14,255 - root - DEBUG - Writing stats to Firing DB table...
2022-01-12 15:35:14,278 - root - INFO - database writing complete1
2022-01-12 15:35:14,279 - root - INFO - RunState end: Ramp
2022-01-12 15:35:44,253 - root - DEBUG - Entering PID update with parameters SetPoint:593.85, ProcValue:636.23, IMax:100.00, IMin:0.00,
2022-01-12 15:35:44,254 - root - DEBUG -   Window:30, Kp: 30.000, Ki: 1.000, Kd: 0.600
2022-01-12 15:35:44,254 - root - DEBUG - Exiting PID update with parameters Error:-42.38, ITerm:0.00, DInput:-2.00, Output:0.00
2022-01-12 15:35:44,254 - root - DEBUG - RunID 54, Segment 1 (loop 110) - RunState:Ramp,
                       ReadTmp:636.23, RampTmp:593.85, TargetTmp:945.00,
                       Output:0.00, CycleOnSec:0.00, RemainTime:2:04:26
                    
2022-01-12 15:35:44,254 - root - DEBUG - ==>Relay Off
2022-01-12 15:35:44,255 - root - DEBUG - Writing stats to Firing DB table...
2022-01-12 15:35:44,266 - root - INFO - database writing complete1
2022-01-12 15:35:44,266 - root - INFO - RunState end: Ramp
2022-01-12 15:36:14,253 - root - DEBUG - Entering PID update with parameters SetPoint:595.27, ProcValue:634.23, IMax:100.00, IMin:0.00,
2022-01-12 15:36:14,254 - root - DEBUG -   Window:30, Kp: 30.000, Ki: 1.000, Kd: 0.600
2022-01-12 15:36:14,254 - root - DEBUG - Exiting PID update with parameters Error:-38.96, ITerm:0.00, DInput:-2.00, Output:0.00
2022-01-12 15:36:14,254 - root - DEBUG - RunID 54, Segment 1 (loop 111) - RunState:Ramp,
                       ReadTmp:634.23, RampTmp:595.27, TargetTmp:945.00,
                       Output:0.00, CycleOnSec:0.00, RemainTime:2:03:56
                    
2022-01-12 15:36:14,254 - root - DEBUG - ==>Relay Off
2022-01-12 15:36:14,255 - root - DEBUG - Writing stats to Firing DB table...
2022-01-12 15:36:14,265 - root - INFO - database writing complete1
2022-01-12 15:36:14,265 - root - INFO - RunState end: Ramp
2022-01-12 15:36:44,254 - root - DEBUG - Entering PID update with parameters SetPoint:596.69, ProcValue:632.23, IMax:100.00, IMin:0.00,
2022-01-12 15:36:44,254 - root - DEBUG -   Window:30, Kp: 30.000, Ki: 1.000, Kd: 0.600
2022-01-12 15:36:44,254 - root - DEBUG - Exiting PID update with parameters Error:-35.55, ITerm:0.00, DInput:-2.00, Output:0.00
2022-01-12 15:36:44,254 - root - DEBUG - RunID 54, Segment 1 (loop 112) - RunState:Ramp,
                       ReadTmp:632.23, RampTmp:596.69, TargetTmp:945.00,
                       Output:0.00, CycleOnSec:0.00, RemainTime:2:03:26
                    
2022-01-12 15:36:44,254 - root - DEBUG - ==>Relay Off
2022-01-12 15:36:44,255 - root - DEBUG - Writing stats to Firing DB table...
2022-01-12 15:36:44,266 - root - INFO - database writing complete1
2022-01-12 15:36:44,267 - root - INFO - RunState end: Ramp
2022-01-12 15:37:14,253 - root - DEBUG - Entering PID update with parameters SetPoint:598.10, ProcValue:630.23, IMax:100.00, IMin:0.00,
2022-01-12 15:37:14,254 - root - DEBUG -   Window:30, Kp: 30.000, Ki: 1.000, Kd: 0.600
2022-01-12 15:37:14,254 - root - DEBUG - Exiting PID update with parameters Error:-32.13, ITerm:0.00, DInput:-2.00, Output:0.00
2022-01-12 15:37:14,254 - root - DEBUG - RunID 54, Segment 1 (loop 113) - RunState:Ramp,
                       ReadTmp:630.23, RampTmp:598.10, TargetTmp:945.00,
                       Output:0.00, CycleOnSec:0.00, RemainTime:2:02:56
                    
2022-01-12 15:37:14,254 - root - DEBUG - ==>Relay Off
2022-01-12 15:37:14,255 - root - DEBUG - Writing stats to Firing DB table...
2022-01-12 15:37:14,266 - root - INFO - database writing complete1
2022-01-12 15:37:14,266 - root - INFO - RunState end: Ramp
2022-01-12 15:37:44,253 - root - DEBUG - Entering PID update with parameters SetPoint:599.52, ProcValue:628.23, IMax:100.00, IMin:0.00,
2022-01-12 15:37:44,254 - root - DEBUG -   Window:30, Kp: 30.000, Ki: 1.000, Kd: 0.600
2022-01-12 15:37:44,254 - root - DEBUG - Exiting PID update with parameters Error:-28.71, ITerm:0.00, DInput:-2.00, Output:0.00
2022-01-12 15:37:44,254 - root - DEBUG - RunID 54, Segment 1 (loop 114) - RunState:Ramp,
                       ReadTmp:628.23, RampTmp:599.52, TargetTmp:945.00,
                       Output:0.00, CycleOnSec:0.00, RemainTime:2:02:26
                    
2022-01-12 15:37:44,254 - root - DEBUG - ==>Relay Off
2022-01-12 15:37:44,255 - root - DEBUG - Writing stats to Firing DB table...
2022-01-12 15:37:44,265 - root - INFO - database writing complete1
2022-01-12 15:37:44,266 - root - INFO - RunState end: Ramp
2022-01-12 15:38:14,253 - root - DEBUG - Entering PID update with parameters SetPoint:600.94, ProcValue:626.23, IMax:100.00, IMin:0.00,
2022-01-12 15:38:14,254 - root - DEBUG -   Window:30, Kp: 30.000, Ki: 1.000, Kd: 0.600
2022-01-12 15:38:14,254 - root - DEBUG - Exiting PID update with parameters Error:-25.30, ITerm:0.00, DInput:-2.00, Output:0.00
2022-01-12 15:38:14,254 - root - DEBUG - RunID 54, Segment 1 (loop 115) - RunState:Ramp,
                       ReadTmp:626.23, RampTmp:600.94, TargetTmp:945.00,
                       Output:0.00, CycleOnSec:0.00, RemainTime:2:01:56
                    
2022-01-12 15:38:14,254 - root - DEBUG - ==>Relay Off
2022-01-12 15:38:14,255 - root - DEBUG - Writing stats to Firing DB table...
2022-01-12 15:38:14,266 - root - INFO - database writing complete1
2022-01-12 15:38:14,266 - root - INFO - RunState end: Ramp
2022-01-12 15:38:44,254 - root - DEBUG - Entering PID update with parameters SetPoint:602.35, ProcValue:624.23, IMax:100.00, IMin:0.00,
2022-01-12 15:38:44,254 - root - DEBUG -   Window:30, Kp: 30.000, Ki: 1.000, Kd: 0.600
2022-01-12 15:38:44,254 - root - DEBUG - Exiting PID update with parameters Error:-21.88, ITerm:0.00, DInput:-2.00, Output:0.00
2022-01-12 15:38:44,254 - root - DEBUG - RunID 54, Segment 1 (loop 116) - RunState:Ramp,
                       ReadTmp:624.23, RampTmp:602.35, TargetTmp:945.00,
                       Output:0.00, CycleOnSec:0.00, RemainTime:2:01:26
                    
2022-01-12 15:38:44,254 - root - DEBUG - ==>Relay Off
2022-01-12 15:38:44,255 - root - DEBUG - Writing stats to Firing DB table...
2022-01-12 15:38:44,265 - root - INFO - database writing complete1
2022-01-12 15:38:44,266 - root - INFO - RunState end: Ramp
2022-01-12 15:39:14,253 - root - DEBUG - Entering PID update with parameters SetPoint:603.77, ProcValue:622.23, IMax:100.00, IMin:0.00,
2022-01-12 15:39:14,254 - root - DEBUG -   Window:30, Kp: 30.000, Ki: 1.000, Kd: 0.600
2022-01-12 15:39:14,254 - root - DEBUG - Exiting PID update with parameters Error:-18.46, ITerm:0.00, DInput:-2.00, Output:0.00
2022-01-12 15:39:14,254 - root - DEBUG - RunID 54, Segment 1 (loop 117) - RunState:Ramp,
                       ReadTmp:622.23, RampTmp:603.77, TargetTmp:945.00,
                       Output:0.00, CycleOnSec:0.00, RemainTime:2:00:56
                    
2022-01-12 15:39:14,254 - root - DEBUG - ==>Relay Off
2022-01-12 15:39:14,255 - root - DEBUG - Writing stats to Firing DB table...
2022-01-12 15:39:14,266 - root - INFO - database writing complete1
2022-01-12 15:39:14,266 - root - INFO - RunState end: Ramp
2022-01-12 15:39:44,253 - root - DEBUG - Entering PID update with parameters SetPoint:605.19, ProcValue:620.23, IMax:100.00, IMin:0.00,
2022-01-12 15:39:44,254 - root - DEBUG -   Window:30, Kp: 30.000, Ki: 1.000, Kd: 0.600
2022-01-12 15:39:44,254 - root - DEBUG - Exiting PID update with parameters Error:-15.05, ITerm:0.00, DInput:-2.00, Output:0.00
2022-01-12 15:39:44,254 - root - DEBUG - RunID 54, Segment 1 (loop 118) - RunState:Ramp,
                       ReadTmp:620.23, RampTmp:605.19, TargetTmp:945.00,
                       Output:0.00, CycleOnSec:0.00, RemainTime:2:00:26
                    
2022-01-12 15:39:44,254 - root - DEBUG - ==>Relay Off
2022-01-12 15:39:44,255 - root - DEBUG - Writing stats to Firing DB table...
2022-01-12 15:39:44,272 - root - INFO - database writing complete1
2022-01-12 15:39:44,272 - root - INFO - RunState end: Ramp
2022-01-12 15:40:14,261 - root - DEBUG - Entering PID update with parameters SetPoint:606.60, ProcValue:618.23, IMax:100.00, IMin:0.00,
2022-01-12 15:40:14,261 - root - DEBUG -   Window:30, Kp: 30.000, Ki: 1.000, Kd: 0.600
2022-01-12 15:40:14,262 - root - DEBUG - Exiting PID update with parameters Error:-11.63, ITerm:0.00, DInput:-2.00, Output:0.00
2022-01-12 15:40:14,262 - root - DEBUG - RunID 54, Segment 1 (loop 119) - RunState:Ramp,
                       ReadTmp:618.23, RampTmp:606.60, TargetTmp:945.00,
                       Output:0.00, CycleOnSec:0.00, RemainTime:1:59:56
                    
2022-01-12 15:40:14,262 - root - DEBUG - ==>Relay Off
2022-01-12 15:40:14,262 - root - DEBUG - Writing stats to Firing DB table...
2022-01-12 15:40:14,275 - root - INFO - database writing complete1
2022-01-12 15:40:14,275 - root - INFO - RunState end: Ramp
2022-01-12 15:40:44,254 - root - DEBUG - Entering PID update with parameters SetPoint:608.02, ProcValue:616.23, IMax:100.00, IMin:0.00,
2022-01-12 15:40:44,254 - root - DEBUG -   Window:30, Kp: 30.000, Ki: 1.000, Kd: 0.600
2022-01-12 15:40:44,254 - root - DEBUG - Exiting PID update with parameters Error:-8.21, ITerm:0.00, DInput:-2.00, Output:0.00
2022-01-12 15:40:44,254 - root - DEBUG - RunID 54, Segment 1 (loop 120) - RunState:Ramp,
                       ReadTmp:616.23, RampTmp:608.02, TargetTmp:945.00,
                       Output:0.00, CycleOnSec:0.00, RemainTime:1:59:26
                    
2022-01-12 15:40:44,254 - root - DEBUG - ==>Relay Off
2022-01-12 15:40:44,255 - root - DEBUG - Writing stats to Firing DB table...
2022-01-12 15:40:44,283 - root - INFO - database writing complete1
2022-01-12 15:40:44,283 - root - INFO - RunState end: Ramp
2022-01-12 15:41:14,254 - root - DEBUG - Entering PID update with parameters SetPoint:609.44, ProcValue:614.23, IMax:100.00, IMin:0.00,
2022-01-12 15:41:14,254 - root - DEBUG -   Window:30, Kp: 30.000, Ki: 1.000, Kd: 0.600
2022-01-12 15:41:14,254 - root - DEBUG - Exiting PID update with parameters Error:-4.80, ITerm:0.00, DInput:-2.00, Output:0.00
2022-01-12 15:41:14,254 - root - DEBUG - RunID 54, Segment 1 (loop 121) - RunState:Ramp,
                       ReadTmp:614.23, RampTmp:609.44, TargetTmp:945.00,
                       Output:0.00, CycleOnSec:0.00, RemainTime:1:58:56
                    
2022-01-12 15:41:14,254 - root - DEBUG - ==>Relay Off
2022-01-12 15:41:14,255 - root - DEBUG - Writing stats to Firing DB table...
2022-01-12 15:41:14,269 - root - INFO - database writing complete1
2022-01-12 15:41:14,269 - root - INFO - RunState end: Ramp
2022-01-12 15:41:44,254 - root - DEBUG - Entering PID update with parameters SetPoint:610.85, ProcValue:612.23, IMax:100.00, IMin:0.00,
2022-01-12 15:41:44,254 - root - DEBUG -   Window:30, Kp: 30.000, Ki: 1.000, Kd: 0.600
2022-01-12 15:41:44,254 - root - DEBUG - Exiting PID update with parameters Error:-1.38, ITerm:0.00, DInput:-2.00, Output:0.00
2022-01-12 15:41:44,254 - root - DEBUG - RunID 54, Segment 1 (loop 122) - RunState:Ramp,
                       ReadTmp:612.23, RampTmp:610.85, TargetTmp:945.00,
                       Output:0.00, CycleOnSec:0.00, RemainTime:1:58:26
                    
2022-01-12 15:41:44,254 - root - DEBUG - ==>Relay Off
2022-01-12 15:41:44,255 - root - DEBUG - Writing stats to Firing DB table...
2022-01-12 15:41:44,266 - root - INFO - database writing complete1
2022-01-12 15:41:44,267 - root - INFO - RunState end: Ramp
2022-01-12 15:42:14,254 - root - DEBUG - Entering PID update with parameters SetPoint:612.27, ProcValue:610.23, IMax:100.00, IMin:0.00,
2022-01-12 15:42:14,254 - root - DEBUG -   Window:30, Kp: 30.000, Ki: 1.000, Kd: 0.600
2022-01-12 15:42:14,254 - root - DEBUG - Exiting PID update with parameters Error:2.04, ITerm:2.04, DInput:-2.00, Output:64.31
2022-01-12 15:42:14,254 - root - DEBUG - RunID 54, Segment 1 (loop 123) - RunState:Ramp,
                       ReadTmp:610.23, RampTmp:612.27, TargetTmp:945.00,
                       Output:64.31, CycleOnSec:19.29, RemainTime:1:57:56
                    
2022-01-12 15:42:14,254 - root - DEBUG - ==>Relay On
2022-01-12 15:42:33,568 - root - DEBUG - ==>Relay Off
2022-01-12 15:42:33,569 - root - DEBUG - Writing stats to Firing DB table...
2022-01-12 15:42:33,585 - root - INFO - database writing complete1
2022-01-12 15:42:33,586 - root - INFO - RunState end: Ramp
2022-01-12 15:42:44,253 - root - DEBUG - Entering PID update with parameters SetPoint:613.69, ProcValue:704.70, IMax:100.00, IMin:0.00,
2022-01-12 15:42:44,254 - root - DEBUG -   Window:30, Kp: 30.000, Ki: 1.000, Kd: 0.600
2022-01-12 15:42:44,254 - root - DEBUG - Exiting PID update with parameters Error:-91.02, ITerm:0.00, DInput:94.47, Output:0.00
2022-01-12 15:42:44,254 - root - DEBUG - RunID 54, Segment 1 (loop 124) - RunState:Ramp,
                       ReadTmp:704.70, RampTmp:613.69, TargetTmp:945.00,
                       Output:0.00, CycleOnSec:0.00, RemainTime:1:57:26
                    
2022-01-12 15:42:44,254 - root - DEBUG - ==>Relay Off
2022-01-12 15:42:44,255 - root - DEBUG - Writing stats to Firing DB table...
2022-01-12 15:42:44,267 - root - INFO - database writing complete1
2022-01-12 15:42:44,267 - root - INFO - RunState end: Ramp
2022-01-12 15:43:14,254 - root - DEBUG - Entering PID update with parameters SetPoint:615.10, ProcValue:702.70, IMax:100.00, IMin:0.00,
2022-01-12 15:43:14,254 - root - DEBUG -   Window:30, Kp: 30.000, Ki: 1.000, Kd: 0.600
2022-01-12 15:43:14,254 - root - DEBUG - Exiting PID update with parameters Error:-87.60, ITerm:0.00, DInput:-2.00, Output:0.00
2022-01-12 15:43:14,254 - root - DEBUG - RunID 54, Segment 1 (loop 125) - RunState:Ramp,
                       ReadTmp:702.70, RampTmp:615.10, TargetTmp:945.00,
                       Output:0.00, CycleOnSec:0.00, RemainTime:1:56:56
                    
2022-01-12 15:43:14,254 - root - DEBUG - ==>Relay Off
2022-01-12 15:43:14,255 - root - DEBUG - Writing stats to Firing DB table...
2022-01-12 15:43:14,266 - root - INFO - database writing complete1
2022-01-12 15:43:14,267 - root - INFO - RunState end: Ramp
2022-01-12 15:43:44,253 - root - DEBUG - Entering PID update with parameters SetPoint:616.52, ProcValue:700.70, IMax:100.00, IMin:0.00,
2022-01-12 15:43:44,254 - root - DEBUG -   Window:30, Kp: 30.000, Ki: 1.000, Kd: 0.600
2022-01-12 15:43:44,254 - root - DEBUG - Exiting PID update with parameters Error:-84.19, ITerm:0.00, DInput:-2.00, Output:0.00
2022-01-12 15:43:44,254 - root - DEBUG - RunID 54, Segment 1 (loop 126) - RunState:Ramp,
                       ReadTmp:700.70, RampTmp:616.52, TargetTmp:945.00,
                       Output:0.00, CycleOnSec:0.00, RemainTime:1:56:26
                    
2022-01-12 15:43:44,254 - root - DEBUG - ==>Relay Off
2022-01-12 15:43:44,255 - root - DEBUG - Writing stats to Firing DB table...
2022-01-12 15:43:44,266 - root - INFO - database writing complete1
2022-01-12 15:43:44,266 - root - INFO - RunState end: Ramp
2022-01-12 15:44:14,253 - root - DEBUG - Entering PID update with parameters SetPoint:617.94, ProcValue:698.70, IMax:100.00, IMin:0.00,
2022-01-12 15:44:14,254 - root - DEBUG -   Window:30, Kp: 30.000, Ki: 1.000, Kd: 0.600
2022-01-12 15:44:14,254 - root - DEBUG - Exiting PID update with parameters Error:-80.77, ITerm:0.00, DInput:-2.00, Output:0.00
2022-01-12 15:44:14,254 - root - DEBUG - RunID 54, Segment 1 (loop 127) - RunState:Ramp,
                       ReadTmp:698.70, RampTmp:617.94, TargetTmp:945.00,
                       Output:0.00, CycleOnSec:0.00, RemainTime:1:55:56
                    
2022-01-12 15:44:14,254 - root - DEBUG - ==>Relay Off
2022-01-12 15:44:14,255 - root - DEBUG - Writing stats to Firing DB table...
2022-01-12 15:44:14,267 - root - INFO - database writing complete1
2022-01-12 15:44:14,267 - root - INFO - RunState end: Ramp
2022-01-12 15:44:44,254 - root - DEBUG - Entering PID update with parameters SetPoint:619.35, ProcValue:696.70, IMax:100.00, IMin:0.00,
2022-01-12 15:44:44,254 - root - DEBUG -   Window:30, Kp: 30.000, Ki: 1.000, Kd: 0.600
2022-01-12 15:44:44,254 - root - DEBUG - Exiting PID update with parameters Error:-77.35, ITerm:0.00, DInput:-2.00, Output:0.00
2022-01-12 15:44:44,254 - root - DEBUG - RunID 54, Segment 1 (loop 128) - RunState:Ramp,
                       ReadTmp:696.70, RampTmp:619.35, TargetTmp:945.00,
                       Output:0.00, CycleOnSec:0.00, RemainTime:1:55:26
                    
2022-01-12 15:44:44,254 - root - DEBUG - ==>Relay Off
2022-01-12 15:44:44,255 - root - DEBUG - Writing stats to Firing DB table...
2022-01-12 15:44:44,266 - root - INFO - database writing complete1
2022-01-12 15:44:44,266 - root - INFO - RunState end: Ramp
2022-01-12 15:45:14,253 - root - DEBUG - Entering PID update with parameters SetPoint:620.77, ProcValue:694.70, IMax:100.00, IMin:0.00,
2022-01-12 15:45:14,254 - root - DEBUG -   Window:30, Kp: 30.000, Ki: 1.000, Kd: 0.600
2022-01-12 15:45:14,254 - root - DEBUG - Exiting PID update with parameters Error:-73.94, ITerm:0.00, DInput:-2.00, Output:0.00
2022-01-12 15:45:14,254 - root - DEBUG - RunID 54, Segment 1 (loop 129) - RunState:Ramp,
                       ReadTmp:694.70, RampTmp:620.77, TargetTmp:945.00,
                       Output:0.00, CycleOnSec:0.00, RemainTime:1:54:56
                    
2022-01-12 15:45:14,254 - root - DEBUG - ==>Relay Off
2022-01-12 15:45:14,255 - root - DEBUG - Writing stats to Firing DB table...
2022-01-12 15:45:14,266 - root - INFO - database writing complete1
2022-01-12 15:45:14,266 - root - INFO - RunState end: Ramp
2022-01-12 15:45:44,253 - root - DEBUG - Entering PID update with parameters SetPoint:622.19, ProcValue:692.70, IMax:100.00, IMin:0.00,
2022-01-12 15:45:44,254 - root - DEBUG -   Window:30, Kp: 30.000, Ki: 1.000, Kd: 0.600
2022-01-12 15:45:44,254 - root - DEBUG - Exiting PID update with parameters Error:-70.52, ITerm:0.00, DInput:-2.00, Output:0.00
2022-01-12 15:45:44,254 - root - DEBUG - RunID 54, Segment 1 (loop 130) - RunState:Ramp,
                       ReadTmp:692.70, RampTmp:622.19, TargetTmp:945.00,
                       Output:0.00, CycleOnSec:0.00, RemainTime:1:54:26
                    
2022-01-12 15:45:44,254 - root - DEBUG - ==>Relay Off
2022-01-12 15:45:44,255 - root - DEBUG - Writing stats to Firing DB table...
2022-01-12 15:45:44,266 - root - INFO - database writing complete1
2022-01-12 15:45:44,267 - root - INFO - RunState end: Ramp
2022-01-12 15:46:14,253 - root - DEBUG - Entering PID update with parameters SetPoint:623.60, ProcValue:690.70, IMax:100.00, IMin:0.00,
2022-01-12 15:46:14,254 - root - DEBUG -   Window:30, Kp: 30.000, Ki: 1.000, Kd: 0.600
2022-01-12 15:46:14,254 - root - DEBUG - Exiting PID update with parameters Error:-67.10, ITerm:0.00, DInput:-2.00, Output:0.00
2022-01-12 15:46:14,254 - root - DEBUG - RunID 54, Segment 1 (loop 131) - RunState:Ramp,
                       ReadTmp:690.70, RampTmp:623.60, TargetTmp:945.00,
                       Output:0.00, CycleOnSec:0.00, RemainTime:1:53:56
                    
2022-01-12 15:46:14,254 - root - DEBUG - ==>Relay Off
2022-01-12 15:46:14,255 - root - DEBUG - Writing stats to Firing DB table...
2022-01-12 15:46:14,266 - root - INFO - database writing complete1
2022-01-12 15:46:14,267 - root - INFO - RunState end: Ramp
2022-01-12 15:46:44,254 - root - DEBUG - Entering PID update with parameters SetPoint:625.02, ProcValue:688.70, IMax:100.00, IMin:0.00,
2022-01-12 15:46:44,254 - root - DEBUG -   Window:30, Kp: 30.000, Ki: 1.000, Kd: 0.600
2022-01-12 15:46:44,254 - root - DEBUG - Exiting PID update with parameters Error:-63.69, ITerm:0.00, DInput:-2.00, Output:0.00
2022-01-12 15:46:44,254 - root - DEBUG - RunID 54, Segment 1 (loop 132) - RunState:Ramp,
                       ReadTmp:688.70, RampTmp:625.02, TargetTmp:945.00,
                       Output:0.00, CycleOnSec:0.00, RemainTime:1:53:26
                    
2022-01-12 15:46:44,254 - root - DEBUG - ==>Relay Off
2022-01-12 15:46:44,255 - root - DEBUG - Writing stats to Firing DB table...
2022-01-12 15:46:44,267 - root - INFO - database writing complete1
2022-01-12 15:46:44,267 - root - INFO - RunState end: Ramp
2022-01-12 15:47:14,253 - root - DEBUG - Entering PID update with parameters SetPoint:626.44, ProcValue:686.70, IMax:100.00, IMin:0.00,
2022-01-12 15:47:14,254 - root - DEBUG -   Window:30, Kp: 30.000, Ki: 1.000, Kd: 0.600
2022-01-12 15:47:14,254 - root - DEBUG - Exiting PID update with parameters Error:-60.27, ITerm:0.00, DInput:-2.00, Output:0.00
2022-01-12 15:47:14,254 - root - DEBUG - RunID 54, Segment 1 (loop 133) - RunState:Ramp,
                       ReadTmp:686.70, RampTmp:626.44, TargetTmp:945.00,
                       Output:0.00, CycleOnSec:0.00, RemainTime:1:52:56
                    
2022-01-12 15:47:14,254 - root - DEBUG - ==>Relay Off
2022-01-12 15:47:14,255 - root - DEBUG - Writing stats to Firing DB table...
2022-01-12 15:47:14,266 - root - INFO - database writing complete1
2022-01-12 15:47:14,267 - root - INFO - RunState end: Ramp
2022-01-12 15:47:44,253 - root - DEBUG - Entering PID update with parameters SetPoint:627.85, ProcValue:684.70, IMax:100.00, IMin:0.00,
2022-01-12 15:47:44,254 - root - DEBUG -   Window:30, Kp: 30.000, Ki: 1.000, Kd: 0.600
2022-01-12 15:47:44,254 - root - DEBUG - Exiting PID update with parameters Error:-56.85, ITerm:0.00, DInput:-2.00, Output:0.00
2022-01-12 15:47:44,254 - root - DEBUG - RunID 54, Segment 1 (loop 134) - RunState:Ramp,
                       ReadTmp:684.70, RampTmp:627.85, TargetTmp:945.00,
                       Output:0.00, CycleOnSec:0.00, RemainTime:1:52:26
                    
2022-01-12 15:47:44,254 - root - DEBUG - ==>Relay Off
2022-01-12 15:47:44,255 - root - DEBUG - Writing stats to Firing DB table...
2022-01-12 15:47:44,266 - root - INFO - database writing complete1
2022-01-12 15:47:44,266 - root - INFO - RunState end: Ramp
2022-01-12 15:48:14,254 - root - DEBUG - Entering PID update with parameters SetPoint:629.27, ProcValue:682.70, IMax:100.00, IMin:0.00,
2022-01-12 15:48:14,254 - root - DEBUG -   Window:30, Kp: 30.000, Ki: 1.000, Kd: 0.600
2022-01-12 15:48:14,254 - root - DEBUG - Exiting PID update with parameters Error:-53.44, ITerm:0.00, DInput:-2.00, Output:0.00
2022-01-12 15:48:14,254 - root - DEBUG - RunID 54, Segment 1 (loop 135) - RunState:Ramp,
                       ReadTmp:682.70, RampTmp:629.27, TargetTmp:945.00,
                       Output:0.00, CycleOnSec:0.00, RemainTime:1:51:56
                    
2022-01-12 15:48:14,254 - root - DEBUG - ==>Relay Off
2022-01-12 15:48:14,255 - root - DEBUG - Writing stats to Firing DB table...
2022-01-12 15:48:14,265 - root - INFO - database writing complete1
2022-01-12 15:48:14,266 - root - INFO - RunState end: Ramp
2022-01-12 15:48:44,254 - root - DEBUG - Entering PID update with parameters SetPoint:630.69, ProcValue:680.70, IMax:100.00, IMin:0.00,
2022-01-12 15:48:44,254 - root - DEBUG -   Window:30, Kp: 30.000, Ki: 1.000, Kd: 0.600
2022-01-12 15:48:44,254 - root - DEBUG - Exiting PID update with parameters Error:-50.02, ITerm:0.00, DInput:-2.00, Output:0.00
2022-01-12 15:48:44,254 - root - DEBUG - RunID 54, Segment 1 (loop 136) - RunState:Ramp,
                       ReadTmp:680.70, RampTmp:630.69, TargetTmp:945.00,
                       Output:0.00, CycleOnSec:0.00, RemainTime:1:51:26
                    
2022-01-12 15:48:44,254 - root - DEBUG - ==>Relay Off
2022-01-12 15:48:44,255 - root - DEBUG - Writing stats to Firing DB table...
2022-01-12 15:48:44,266 - root - INFO - database writing complete1
2022-01-12 15:48:44,267 - root - INFO - RunState end: Ramp
2022-01-12 15:49:14,254 - root - DEBUG - Entering PID update with parameters SetPoint:632.10, ProcValue:678.70, IMax:100.00, IMin:0.00,
2022-01-12 15:49:14,254 - root - DEBUG -   Window:30, Kp: 30.000, Ki: 1.000, Kd: 0.600
2022-01-12 15:49:14,254 - root - DEBUG - Exiting PID update with parameters Error:-46.60, ITerm:0.00, DInput:-2.00, Output:0.00
2022-01-12 15:49:14,254 - root - DEBUG - RunID 54, Segment 1 (loop 137) - RunState:Ramp,
                       ReadTmp:678.70, RampTmp:632.10, TargetTmp:945.00,
                       Output:0.00, CycleOnSec:0.00, RemainTime:1:50:56
                    
2022-01-12 15:49:14,254 - root - DEBUG - ==>Relay Off
2022-01-12 15:49:14,255 - root - DEBUG - Writing stats to Firing DB table...
2022-01-12 15:49:14,266 - root - INFO - database writing complete1
2022-01-12 15:49:14,266 - root - INFO - RunState end: Ramp
2022-01-12 15:49:44,254 - root - DEBUG - Entering PID update with parameters SetPoint:633.52, ProcValue:676.70, IMax:100.00, IMin:0.00,
2022-01-12 15:49:44,254 - root - DEBUG -   Window:30, Kp: 30.000, Ki: 1.000, Kd: 0.600
2022-01-12 15:49:44,254 - root - DEBUG - Exiting PID update with parameters Error:-43.19, ITerm:0.00, DInput:-2.00, Output:0.00
2022-01-12 15:49:44,254 - root - DEBUG - RunID 54, Segment 1 (loop 138) - RunState:Ramp,
                       ReadTmp:676.70, RampTmp:633.52, TargetTmp:945.00,
                       Output:0.00, CycleOnSec:0.00, RemainTime:1:50:26
                    
2022-01-12 15:49:44,254 - root - DEBUG - ==>Relay Off
2022-01-12 15:49:44,255 - root - DEBUG - Writing stats to Firing DB table...
2022-01-12 15:49:44,268 - root - INFO - database writing complete1
2022-01-12 15:49:44,268 - root - INFO - RunState end: Ramp
2022-01-12 15:50:14,253 - root - DEBUG - Entering PID update with parameters SetPoint:634.94, ProcValue:674.70, IMax:100.00, IMin:0.00,
2022-01-12 15:50:14,254 - root - DEBUG -   Window:30, Kp: 30.000, Ki: 1.000, Kd: 0.600
2022-01-12 15:50:14,254 - root - DEBUG - Exiting PID update with parameters Error:-39.77, ITerm:0.00, DInput:-2.00, Output:0.00
2022-01-12 15:50:14,254 - root - DEBUG - RunID 54, Segment 1 (loop 139) - RunState:Ramp,
                       ReadTmp:674.70, RampTmp:634.94, TargetTmp:945.00,
                       Output:0.00, CycleOnSec:0.00, RemainTime:1:49:56
                    
2022-01-12 15:50:14,254 - root - DEBUG - ==>Relay Off
2022-01-12 15:50:14,255 - root - DEBUG - Writing stats to Firing DB table...
2022-01-12 15:50:14,266 - root - INFO - database writing complete1
2022-01-12 15:50:14,267 - root - INFO - RunState end: Ramp
2022-01-12 15:50:44,254 - root - DEBUG - Entering PID update with parameters SetPoint:636.35, ProcValue:672.70, IMax:100.00, IMin:0.00,
2022-01-12 15:50:44,254 - root - DEBUG -   Window:30, Kp: 30.000, Ki: 1.000, Kd: 0.600
2022-01-12 15:50:44,254 - root - DEBUG - Exiting PID update with parameters Error:-36.35, ITerm:0.00, DInput:-2.00, Output:0.00
2022-01-12 15:50:44,254 - root - DEBUG - RunID 54, Segment 1 (loop 140) - RunState:Ramp,
                       ReadTmp:672.70, RampTmp:636.35, TargetTmp:945.00,
                       Output:0.00, CycleOnSec:0.00, RemainTime:1:49:26
                    
2022-01-12 15:50:44,254 - root - DEBUG - ==>Relay Off
2022-01-12 15:50:44,255 - root - DEBUG - Writing stats to Firing DB table...
2022-01-12 15:50:44,266 - root - INFO - database writing complete1
2022-01-12 15:50:44,266 - root - INFO - RunState end: Ramp
2022-01-12 15:51:14,253 - root - DEBUG - Entering PID update with parameters SetPoint:637.77, ProcValue:670.70, IMax:100.00, IMin:0.00,
2022-01-12 15:51:14,254 - root - DEBUG -   Window:30, Kp: 30.000, Ki: 1.000, Kd: 0.600
2022-01-12 15:51:14,254 - root - DEBUG - Exiting PID update with parameters Error:-32.94, ITerm:0.00, DInput:-2.00, Output:0.00
2022-01-12 15:51:14,254 - root - DEBUG - RunID 54, Segment 1 (loop 141) - RunState:Ramp,
                       ReadTmp:670.70, RampTmp:637.77, TargetTmp:945.00,
                       Output:0.00, CycleOnSec:0.00, RemainTime:1:48:56
                    
2022-01-12 15:51:14,254 - root - DEBUG - ==>Relay Off
2022-01-12 15:51:14,255 - root - DEBUG - Writing stats to Firing DB table...
2022-01-12 15:51:14,268 - root - INFO - database writing complete1
2022-01-12 15:51:14,268 - root - INFO - RunState end: Ramp
2022-01-12 15:51:44,253 - root - DEBUG - Entering PID update with parameters SetPoint:639.19, ProcValue:668.70, IMax:100.00, IMin:0.00,
2022-01-12 15:51:44,254 - root - DEBUG -   Window:30, Kp: 30.000, Ki: 1.000, Kd: 0.600
2022-01-12 15:51:44,254 - root - DEBUG - Exiting PID update with parameters Error:-29.52, ITerm:0.00, DInput:-2.00, Output:0.00
2022-01-12 15:51:44,254 - root - DEBUG - RunID 54, Segment 1 (loop 142) - RunState:Ramp,
                       ReadTmp:668.70, RampTmp:639.19, TargetTmp:945.00,
                       Output:0.00, CycleOnSec:0.00, RemainTime:1:48:26
                    
2022-01-12 15:51:44,254 - root - DEBUG - ==>Relay Off
2022-01-12 15:51:44,255 - root - DEBUG - Writing stats to Firing DB table...
2022-01-12 15:51:44,266 - root - INFO - database writing complete1
2022-01-12 15:51:44,266 - root - INFO - RunState end: Ramp
2022-01-12 15:52:14,253 - root - DEBUG - Entering PID update with parameters SetPoint:640.60, ProcValue:666.70, IMax:100.00, IMin:0.00,
2022-01-12 15:52:14,254 - root - DEBUG -   Window:30, Kp: 30.000, Ki: 1.000, Kd: 0.600
2022-01-12 15:52:14,254 - root - DEBUG - Exiting PID update with parameters Error:-26.10, ITerm:0.00, DInput:-2.00, Output:0.00
2022-01-12 15:52:14,254 - root - DEBUG - RunID 54, Segment 1 (loop 143) - RunState:Ramp,
                       ReadTmp:666.70, RampTmp:640.60, TargetTmp:945.00,
                       Output:0.00, CycleOnSec:0.00, RemainTime:1:47:56
                    
2022-01-12 15:52:14,254 - root - DEBUG - ==>Relay Off
2022-01-12 15:52:14,255 - root - DEBUG - Writing stats to Firing DB table...
2022-01-12 15:52:14,266 - root - INFO - database writing complete1
2022-01-12 15:52:14,266 - root - INFO - RunState end: Ramp
2022-01-12 15:52:44,254 - root - DEBUG - Entering PID update with parameters SetPoint:642.02, ProcValue:664.70, IMax:100.00, IMin:0.00,
2022-01-12 15:52:44,254 - root - DEBUG -   Window:30, Kp: 30.000, Ki: 1.000, Kd: 0.600
2022-01-12 15:52:44,254 - root - DEBUG - Exiting PID update with parameters Error:-22.69, ITerm:0.00, DInput:-2.00, Output:0.00
2022-01-12 15:52:44,254 - root - DEBUG - RunID 54, Segment 1 (loop 144) - RunState:Ramp,
                       ReadTmp:664.70, RampTmp:642.02, TargetTmp:945.00,
                       Output:0.00, CycleOnSec:0.00, RemainTime:1:47:26
                    
2022-01-12 15:52:44,254 - root - DEBUG - ==>Relay Off
2022-01-12 15:52:44,255 - root - DEBUG - Writing stats to Firing DB table...
2022-01-12 15:52:44,267 - root - INFO - database writing complete1
2022-01-12 15:52:44,267 - root - INFO - RunState end: Ramp
2022-01-12 15:53:14,253 - root - DEBUG - Entering PID update with parameters SetPoint:643.44, ProcValue:662.70, IMax:100.00, IMin:0.00,
2022-01-12 15:53:14,254 - root - DEBUG -   Window:30, Kp: 30.000, Ki: 1.000, Kd: 0.600
2022-01-12 15:53:14,254 - root - DEBUG - Exiting PID update with parameters Error:-19.27, ITerm:0.00, DInput:-2.00, Output:0.00
2022-01-12 15:53:14,254 - root - DEBUG - RunID 54, Segment 1 (loop 145) - RunState:Ramp,
                       ReadTmp:662.70, RampTmp:643.44, TargetTmp:945.00,
                       Output:0.00, CycleOnSec:0.00, RemainTime:1:46:56
                    
2022-01-12 15:53:14,254 - root - DEBUG - ==>Relay Off
2022-01-12 15:53:14,255 - root - DEBUG - Writing stats to Firing DB table...
2022-01-12 15:53:14,300 - root - INFO - database writing complete1
2022-01-12 15:53:14,301 - root - INFO - RunState end: Ramp
2022-01-12 15:53:44,254 - root - DEBUG - Entering PID update with parameters SetPoint:644.85, ProcValue:660.70, IMax:100.00, IMin:0.00,
2022-01-12 15:53:44,254 - root - DEBUG -   Window:30, Kp: 30.000, Ki: 1.000, Kd: 0.600
2022-01-12 15:53:44,254 - root - DEBUG - Exiting PID update with parameters Error:-15.85, ITerm:0.00, DInput:-2.00, Output:0.00
2022-01-12 15:53:44,254 - root - DEBUG - RunID 54, Segment 1 (loop 146) - RunState:Ramp,
                       ReadTmp:660.70, RampTmp:644.85, TargetTmp:945.00,
                       Output:0.00, CycleOnSec:0.00, RemainTime:1:46:26
                    
2022-01-12 15:53:44,254 - root - DEBUG - ==>Relay Off
2022-01-12 15:53:44,255 - root - DEBUG - Writing stats to Firing DB table...
2022-01-12 15:53:44,290 - root - INFO - database writing complete1
2022-01-12 15:53:44,291 - root - INFO - RunState end: Ramp
2022-01-12 15:54:14,254 - root - DEBUG - Entering PID update with parameters SetPoint:646.27, ProcValue:658.70, IMax:100.00, IMin:0.00,
2022-01-12 15:54:14,254 - root - DEBUG -   Window:30, Kp: 30.000, Ki: 1.000, Kd: 0.600
2022-01-12 15:54:14,254 - root - DEBUG - Exiting PID update with parameters Error:-12.44, ITerm:0.00, DInput:-2.00, Output:0.00
2022-01-12 15:54:14,254 - root - DEBUG - RunID 54, Segment 1 (loop 147) - RunState:Ramp,
                       ReadTmp:658.70, RampTmp:646.27, TargetTmp:945.00,
                       Output:0.00, CycleOnSec:0.00, RemainTime:1:45:56
                    
2022-01-12 15:54:14,254 - root - DEBUG - ==>Relay Off
2022-01-12 15:54:14,255 - root - DEBUG - Writing stats to Firing DB table...
2022-01-12 15:54:14,282 - root - INFO - database writing complete1
2022-01-12 15:54:14,282 - root - INFO - RunState end: Ramp
2022-01-12 15:54:44,254 - root - DEBUG - Entering PID update with parameters SetPoint:647.69, ProcValue:656.70, IMax:100.00, IMin:0.00,
2022-01-12 15:54:44,254 - root - DEBUG -   Window:30, Kp: 30.000, Ki: 1.000, Kd: 0.600
2022-01-12 15:54:44,254 - root - DEBUG - Exiting PID update with parameters Error:-9.02, ITerm:0.00, DInput:-2.00, Output:0.00
2022-01-12 15:54:44,254 - root - DEBUG - RunID 54, Segment 1 (loop 148) - RunState:Ramp,
                       ReadTmp:656.70, RampTmp:647.69, TargetTmp:945.00,
                       Output:0.00, CycleOnSec:0.00, RemainTime:1:45:26
                    
2022-01-12 15:54:44,254 - root - DEBUG - ==>Relay Off
2022-01-12 15:54:44,255 - root - DEBUG - Writing stats to Firing DB table...
2022-01-12 15:54:44,266 - root - INFO - database writing complete1
2022-01-12 15:54:44,266 - root - INFO - RunState end: Ramp
2022-01-12 15:55:14,254 - root - DEBUG - Entering PID update with parameters SetPoint:649.10, ProcValue:654.70, IMax:100.00, IMin:0.00,
2022-01-12 15:55:14,254 - root - DEBUG -   Window:30, Kp: 30.000, Ki: 1.000, Kd: 0.600
2022-01-12 15:55:14,254 - root - DEBUG - Exiting PID update with parameters Error:-5.60, ITerm:0.00, DInput:-2.00, Output:0.00
2022-01-12 15:55:14,254 - root - DEBUG - RunID 54, Segment 1 (loop 149) - RunState:Ramp,
                       ReadTmp:654.70, RampTmp:649.10, TargetTmp:945.00,
                       Output:0.00, CycleOnSec:0.00, RemainTime:1:44:56
                    
2022-01-12 15:55:14,254 - root - DEBUG - ==>Relay Off
2022-01-12 15:55:14,255 - root - DEBUG - Writing stats to Firing DB table...
2022-01-12 15:55:14,269 - root - INFO - database writing complete1
2022-01-12 15:55:14,269 - root - INFO - RunState end: Ramp
2022-01-12 15:55:44,254 - root - DEBUG - Entering PID update with parameters SetPoint:650.52, ProcValue:652.70, IMax:100.00, IMin:0.00,
2022-01-12 15:55:44,254 - root - DEBUG -   Window:30, Kp: 30.000, Ki: 1.000, Kd: 0.600
2022-01-12 15:55:44,254 - root - DEBUG - Exiting PID update with parameters Error:-2.19, ITerm:0.00, DInput:-2.00, Output:0.00
2022-01-12 15:55:44,254 - root - DEBUG - RunID 54, Segment 1 (loop 150) - RunState:Ramp,
                       ReadTmp:652.70, RampTmp:650.52, TargetTmp:945.00,
                       Output:0.00, CycleOnSec:0.00, RemainTime:1:44:26
                    
2022-01-12 15:55:44,254 - root - DEBUG - ==>Relay Off
2022-01-12 15:55:44,255 - root - DEBUG - Writing stats to Firing DB table...
2022-01-12 15:55:44,267 - root - INFO - database writing complete1
2022-01-12 15:55:44,267 - root - INFO - RunState end: Ramp
2022-01-12 15:56:14,254 - root - DEBUG - Entering PID update with parameters SetPoint:651.94, ProcValue:650.70, IMax:100.00, IMin:0.00,
2022-01-12 15:56:14,254 - root - DEBUG -   Window:30, Kp: 30.000, Ki: 1.000, Kd: 0.600
2022-01-12 15:56:14,254 - root - DEBUG - Exiting PID update with parameters Error:1.23, ITerm:1.23, DInput:-2.00, Output:39.38
2022-01-12 15:56:14,254 - root - DEBUG - RunID 54, Segment 1 (loop 151) - RunState:Ramp,
                       ReadTmp:650.70, RampTmp:651.94, TargetTmp:945.00,
                       Output:39.38, CycleOnSec:11.81, RemainTime:1:43:56
                    
2022-01-12 15:56:14,254 - root - DEBUG - ==>Relay On
2022-01-12 15:56:26,080 - root - DEBUG - ==>Relay Off
2022-01-12 15:56:26,082 - root - DEBUG - Writing stats to Firing DB table...
2022-01-12 15:56:26,095 - root - INFO - database writing complete1
2022-01-12 15:56:26,095 - root - INFO - RunState end: Ramp
2022-01-12 15:56:44,254 - root - DEBUG - Entering PID update with parameters SetPoint:653.35, ProcValue:707.77, IMax:100.00, IMin:0.00,
2022-01-12 15:56:44,254 - root - DEBUG -   Window:30, Kp: 30.000, Ki: 1.000, Kd: 0.600
2022-01-12 15:56:44,254 - root - DEBUG - Exiting PID update with parameters Error:-54.42, ITerm:0.00, DInput:57.07, Output:0.00
2022-01-12 15:56:44,254 - root - DEBUG - RunID 54, Segment 1 (loop 152) - RunState:Ramp,
                       ReadTmp:707.77, RampTmp:653.35, TargetTmp:945.00,
                       Output:0.00, CycleOnSec:0.00, RemainTime:1:43:26
                    
2022-01-12 15:56:44,254 - root - DEBUG - ==>Relay Off
2022-01-12 15:56:44,255 - root - DEBUG - Writing stats to Firing DB table...
2022-01-12 15:56:44,266 - root - INFO - database writing complete1
2022-01-12 15:56:44,267 - root - INFO - RunState end: Ramp
2022-01-12 15:57:14,254 - root - DEBUG - Entering PID update with parameters SetPoint:654.77, ProcValue:705.77, IMax:100.00, IMin:0.00,
2022-01-12 15:57:14,254 - root - DEBUG -   Window:30, Kp: 30.000, Ki: 1.000, Kd: 0.600
2022-01-12 15:57:14,254 - root - DEBUG - Exiting PID update with parameters Error:-51.00, ITerm:0.00, DInput:-2.00, Output:0.00
2022-01-12 15:57:14,254 - root - DEBUG - RunID 54, Segment 1 (loop 153) - RunState:Ramp,
                       ReadTmp:705.77, RampTmp:654.77, TargetTmp:945.00,
                       Output:0.00, CycleOnSec:0.00, RemainTime:1:42:56
                    
2022-01-12 15:57:14,254 - root - DEBUG - ==>Relay Off
2022-01-12 15:57:14,255 - root - DEBUG - Writing stats to Firing DB table...
2022-01-12 15:57:14,266 - root - INFO - database writing complete1
2022-01-12 15:57:14,266 - root - INFO - RunState end: Ramp
2022-01-12 15:57:44,254 - root - DEBUG - Entering PID update with parameters SetPoint:656.19, ProcValue:703.77, IMax:100.00, IMin:0.00,
2022-01-12 15:57:44,254 - root - DEBUG -   Window:30, Kp: 30.000, Ki: 1.000, Kd: 0.600
2022-01-12 15:57:44,254 - root - DEBUG - Exiting PID update with parameters Error:-47.59, ITerm:0.00, DInput:-2.00, Output:0.00
2022-01-12 15:57:44,254 - root - DEBUG - RunID 54, Segment 1 (loop 154) - RunState:Ramp,
                       ReadTmp:703.77, RampTmp:656.19, TargetTmp:945.00,
                       Output:0.00, CycleOnSec:0.00, RemainTime:1:42:26
                    
2022-01-12 15:57:44,254 - root - DEBUG - ==>Relay Off
2022-01-12 15:57:44,255 - root - DEBUG - Writing stats to Firing DB table...
2022-01-12 15:57:44,266 - root - INFO - database writing complete1
2022-01-12 15:57:44,266 - root - INFO - RunState end: Ramp
2022-01-12 15:58:14,254 - root - DEBUG - Entering PID update with parameters SetPoint:657.60, ProcValue:701.77, IMax:100.00, IMin:0.00,
2022-01-12 15:58:14,254 - root - DEBUG -   Window:30, Kp: 30.000, Ki: 1.000, Kd: 0.600
2022-01-12 15:58:14,254 - root - DEBUG - Exiting PID update with parameters Error:-44.17, ITerm:0.00, DInput:-2.00, Output:0.00
2022-01-12 15:58:14,254 - root - DEBUG - RunID 54, Segment 1 (loop 155) - RunState:Ramp,
                       ReadTmp:701.77, RampTmp:657.60, TargetTmp:945.00,
                       Output:0.00, CycleOnSec:0.00, RemainTime:1:41:56
                    
2022-01-12 15:58:14,254 - root - DEBUG - ==>Relay Off
2022-01-12 15:58:14,255 - root - DEBUG - Writing stats to Firing DB table...
2022-01-12 15:58:14,266 - root - INFO - database writing complete1
2022-01-12 15:58:14,267 - root - INFO - RunState end: Ramp
2022-01-12 15:58:44,254 - root - DEBUG - Entering PID update with parameters SetPoint:659.02, ProcValue:699.77, IMax:100.00, IMin:0.00,
2022-01-12 15:58:44,254 - root - DEBUG -   Window:30, Kp: 30.000, Ki: 1.000, Kd: 0.600
2022-01-12 15:58:44,254 - root - DEBUG - Exiting PID update with parameters Error:-40.75, ITerm:0.00, DInput:-2.00, Output:0.00
2022-01-12 15:58:44,254 - root - DEBUG - RunID 54, Segment 1 (loop 156) - RunState:Ramp,
                       ReadTmp:699.77, RampTmp:659.02, TargetTmp:945.00,
                       Output:0.00, CycleOnSec:0.00, RemainTime:1:41:26
                    
2022-01-12 15:58:44,254 - root - DEBUG - ==>Relay Off
2022-01-12 15:58:44,255 - root - DEBUG - Writing stats to Firing DB table...
2022-01-12 15:58:44,266 - root - INFO - database writing complete1
2022-01-12 15:58:44,266 - root - INFO - RunState end: Ramp
2022-01-12 15:59:14,254 - root - DEBUG - Entering PID update with parameters SetPoint:660.44, ProcValue:697.77, IMax:100.00, IMin:0.00,
2022-01-12 15:59:14,254 - root - DEBUG -   Window:30, Kp: 30.000, Ki: 1.000, Kd: 0.600
2022-01-12 15:59:14,254 - root - DEBUG - Exiting PID update with parameters Error:-37.34, ITerm:0.00, DInput:-2.00, Output:0.00
2022-01-12 15:59:14,254 - root - DEBUG - RunID 54, Segment 1 (loop 157) - RunState:Ramp,
                       ReadTmp:697.77, RampTmp:660.44, TargetTmp:945.00,
                       Output:0.00, CycleOnSec:0.00, RemainTime:1:40:56
                    
2022-01-12 15:59:14,254 - root - DEBUG - ==>Relay Off
2022-01-12 15:59:14,255 - root - DEBUG - Writing stats to Firing DB table...
2022-01-12 15:59:14,266 - root - INFO - database writing complete1
2022-01-12 15:59:14,267 - root - INFO - RunState end: Ramp
2022-01-12 15:59:44,254 - root - DEBUG - Entering PID update with parameters SetPoint:661.85, ProcValue:695.77, IMax:100.00, IMin:0.00,
2022-01-12 15:59:44,254 - root - DEBUG -   Window:30, Kp: 30.000, Ki: 1.000, Kd: 0.600
2022-01-12 15:59:44,254 - root - DEBUG - Exiting PID update with parameters Error:-33.92, ITerm:0.00, DInput:-2.00, Output:0.00
2022-01-12 15:59:44,254 - root - DEBUG - RunID 54, Segment 1 (loop 158) - RunState:Ramp,
                       ReadTmp:695.77, RampTmp:661.85, TargetTmp:945.00,
                       Output:0.00, CycleOnSec:0.00, RemainTime:1:40:26
                    
2022-01-12 15:59:44,254 - root - DEBUG - ==>Relay Off
2022-01-12 15:59:44,255 - root - DEBUG - Writing stats to Firing DB table...
2022-01-12 15:59:44,268 - root - INFO - database writing complete1
2022-01-12 15:59:44,269 - root - INFO - RunState end: Ramp
2022-01-12 16:00:14,254 - root - DEBUG - Entering PID update with parameters SetPoint:663.27, ProcValue:693.77, IMax:100.00, IMin:0.00,
2022-01-12 16:00:14,254 - root - DEBUG -   Window:30, Kp: 30.000, Ki: 1.000, Kd: 0.600
2022-01-12 16:00:14,254 - root - DEBUG - Exiting PID update with parameters Error:-30.50, ITerm:0.00, DInput:-2.00, Output:0.00
2022-01-12 16:00:14,254 - root - DEBUG - RunID 54, Segment 1 (loop 159) - RunState:Ramp,
                       ReadTmp:693.77, RampTmp:663.27, TargetTmp:945.00,
                       Output:0.00, CycleOnSec:0.00, RemainTime:1:39:56
                    
2022-01-12 16:00:14,254 - root - DEBUG - ==>Relay Off
2022-01-12 16:00:14,255 - root - DEBUG - Writing stats to Firing DB table...
2022-01-12 16:00:14,265 - root - INFO - database writing complete1
2022-01-12 16:00:14,266 - root - INFO - RunState end: Ramp
2022-01-12 16:00:44,254 - root - DEBUG - Entering PID update with parameters SetPoint:664.69, ProcValue:691.77, IMax:100.00, IMin:0.00,
2022-01-12 16:00:44,254 - root - DEBUG -   Window:30, Kp: 30.000, Ki: 1.000, Kd: 0.600
2022-01-12 16:00:44,254 - root - DEBUG - Exiting PID update with parameters Error:-27.09, ITerm:0.00, DInput:-2.00, Output:0.00
2022-01-12 16:00:44,254 - root - DEBUG - RunID 54, Segment 1 (loop 160) - RunState:Ramp,
                       ReadTmp:691.77, RampTmp:664.69, TargetTmp:945.00,
                       Output:0.00, CycleOnSec:0.00, RemainTime:1:39:26
                    
2022-01-12 16:00:44,254 - root - DEBUG - ==>Relay Off
2022-01-12 16:00:44,255 - root - DEBUG - Writing stats to Firing DB table...
2022-01-12 16:00:44,266 - root - INFO - database writing complete1
2022-01-12 16:00:44,267 - root - INFO - RunState end: Ramp
2022-01-12 16:01:14,253 - root - DEBUG - Entering PID update with parameters SetPoint:666.10, ProcValue:689.77, IMax:100.00, IMin:0.00,
2022-01-12 16:01:14,254 - root - DEBUG -   Window:30, Kp: 30.000, Ki: 1.000, Kd: 0.600
2022-01-12 16:01:14,254 - root - DEBUG - Exiting PID update with parameters Error:-23.67, ITerm:0.00, DInput:-2.00, Output:0.00
2022-01-12 16:01:14,254 - root - DEBUG - RunID 54, Segment 1 (loop 161) - RunState:Ramp,
                       ReadTmp:689.77, RampTmp:666.10, TargetTmp:945.00,
                       Output:0.00, CycleOnSec:0.00, RemainTime:1:38:56
                    
2022-01-12 16:01:14,254 - root - DEBUG - ==>Relay Off
2022-01-12 16:01:14,255 - root - DEBUG - Writing stats to Firing DB table...
2022-01-12 16:01:14,265 - root - INFO - database writing complete1
2022-01-12 16:01:14,266 - root - INFO - RunState end: Ramp
2022-01-12 16:01:44,253 - root - DEBUG - Entering PID update with parameters SetPoint:667.52, ProcValue:687.77, IMax:100.00, IMin:0.00,
2022-01-12 16:01:44,254 - root - DEBUG -   Window:30, Kp: 30.000, Ki: 1.000, Kd: 0.600
2022-01-12 16:01:44,254 - root - DEBUG - Exiting PID update with parameters Error:-20.25, ITerm:0.00, DInput:-2.00, Output:0.00
2022-01-12 16:01:44,254 - root - DEBUG - RunID 54, Segment 1 (loop 162) - RunState:Ramp,
                       ReadTmp:687.77, RampTmp:667.52, TargetTmp:945.00,
                       Output:0.00, CycleOnSec:0.00, RemainTime:1:38:26
                    
2022-01-12 16:01:44,254 - root - DEBUG - ==>Relay Off
2022-01-12 16:01:44,255 - root - DEBUG - Writing stats to Firing DB table...
2022-01-12 16:01:44,269 - root - INFO - database writing complete1
2022-01-12 16:01:44,269 - root - INFO - RunState end: Ramp
2022-01-12 16:02:14,254 - root - DEBUG - Entering PID update with parameters SetPoint:668.94, ProcValue:685.77, IMax:100.00, IMin:0.00,
2022-01-12 16:02:14,254 - root - DEBUG -   Window:30, Kp: 30.000, Ki: 1.000, Kd: 0.600
2022-01-12 16:02:14,254 - root - DEBUG - Exiting PID update with parameters Error:-16.84, ITerm:0.00, DInput:-2.00, Output:0.00
2022-01-12 16:02:14,254 - root - DEBUG - RunID 54, Segment 1 (loop 163) - RunState:Ramp,
                       ReadTmp:685.77, RampTmp:668.94, TargetTmp:945.00,
                       Output:0.00, CycleOnSec:0.00, RemainTime:1:37:56
                    
2022-01-12 16:02:14,254 - root - DEBUG - ==>Relay Off
2022-01-12 16:02:14,255 - root - DEBUG - Writing stats to Firing DB table...
2022-01-12 16:02:14,266 - root - INFO - database writing complete1
2022-01-12 16:02:14,266 - root - INFO - RunState end: Ramp
2022-01-12 16:02:44,254 - root - DEBUG - Entering PID update with parameters SetPoint:670.35, ProcValue:683.77, IMax:100.00, IMin:0.00,
2022-01-12 16:02:44,254 - root - DEBUG -   Window:30, Kp: 30.000, Ki: 1.000, Kd: 0.600
2022-01-12 16:02:44,254 - root - DEBUG - Exiting PID update with parameters Error:-13.42, ITerm:0.00, DInput:-2.00, Output:0.00
2022-01-12 16:02:44,254 - root - DEBUG - RunID 54, Segment 1 (loop 164) - RunState:Ramp,
                       ReadTmp:683.77, RampTmp:670.35, TargetTmp:945.00,
                       Output:0.00, CycleOnSec:0.00, RemainTime:1:37:26
                    
2022-01-12 16:02:44,254 - root - DEBUG - ==>Relay Off
2022-01-12 16:02:44,255 - root - DEBUG - Writing stats to Firing DB table...
2022-01-12 16:02:44,266 - root - INFO - database writing complete1
2022-01-12 16:02:44,266 - root - INFO - RunState end: Ramp
2022-01-12 16:03:14,254 - root - DEBUG - Entering PID update with parameters SetPoint:671.77, ProcValue:681.77, IMax:100.00, IMin:0.00,
2022-01-12 16:03:14,254 - root - DEBUG -   Window:30, Kp: 30.000, Ki: 1.000, Kd: 0.600
2022-01-12 16:03:14,254 - root - DEBUG - Exiting PID update with parameters Error:-10.00, ITerm:0.00, DInput:-2.00, Output:0.00
2022-01-12 16:03:14,254 - root - DEBUG - RunID 54, Segment 1 (loop 165) - RunState:Ramp,
                       ReadTmp:681.77, RampTmp:671.77, TargetTmp:945.00,
                       Output:0.00, CycleOnSec:0.00, RemainTime:1:36:56
                    
2022-01-12 16:03:14,254 - root - DEBUG - ==>Relay Off
2022-01-12 16:03:14,255 - root - DEBUG - Writing stats to Firing DB table...
2022-01-12 16:03:14,266 - root - INFO - database writing complete1
2022-01-12 16:03:14,266 - root - INFO - RunState end: Ramp
2022-01-12 16:03:44,254 - root - DEBUG - Entering PID update with parameters SetPoint:673.19, ProcValue:679.77, IMax:100.00, IMin:0.00,
2022-01-12 16:03:44,254 - root - DEBUG -   Window:30, Kp: 30.000, Ki: 1.000, Kd: 0.600
2022-01-12 16:03:44,254 - root - DEBUG - Exiting PID update with parameters Error:-6.59, ITerm:0.00, DInput:-2.00, Output:0.00
2022-01-12 16:03:44,254 - root - DEBUG - RunID 54, Segment 1 (loop 166) - RunState:Ramp,
                       ReadTmp:679.77, RampTmp:673.19, TargetTmp:945.00,
                       Output:0.00, CycleOnSec:0.00, RemainTime:1:36:26
                    
2022-01-12 16:03:44,254 - root - DEBUG - ==>Relay Off
2022-01-12 16:03:44,255 - root - DEBUG - Writing stats to Firing DB table...
2022-01-12 16:03:44,268 - root - INFO - database writing complete1
2022-01-12 16:03:44,269 - root - INFO - RunState end: Ramp
2022-01-12 16:04:14,254 - root - DEBUG - Entering PID update with parameters SetPoint:674.60, ProcValue:677.77, IMax:100.00, IMin:0.00,
2022-01-12 16:04:14,254 - root - DEBUG -   Window:30, Kp: 30.000, Ki: 1.000, Kd: 0.600
2022-01-12 16:04:14,254 - root - DEBUG - Exiting PID update with parameters Error:-3.17, ITerm:0.00, DInput:-2.00, Output:0.00
2022-01-12 16:04:14,254 - root - DEBUG - RunID 54, Segment 1 (loop 167) - RunState:Ramp,
                       ReadTmp:677.77, RampTmp:674.60, TargetTmp:945.00,
                       Output:0.00, CycleOnSec:0.00, RemainTime:1:35:56
                    
2022-01-12 16:04:14,254 - root - DEBUG - ==>Relay Off
2022-01-12 16:04:14,255 - root - DEBUG - Writing stats to Firing DB table...
2022-01-12 16:04:14,266 - root - INFO - database writing complete1
2022-01-12 16:04:14,267 - root - INFO - RunState end: Ramp
2022-01-12 16:04:44,254 - root - DEBUG - Entering PID update with parameters SetPoint:676.02, ProcValue:675.77, IMax:100.00, IMin:0.00,
2022-01-12 16:04:44,254 - root - DEBUG -   Window:30, Kp: 30.000, Ki: 1.000, Kd: 0.600
2022-01-12 16:04:44,254 - root - DEBUG - Exiting PID update with parameters Error:0.25, ITerm:0.25, DInput:-2.00, Output:8.81
2022-01-12 16:04:44,254 - root - DEBUG - RunID 54, Segment 1 (loop 168) - RunState:Ramp,
                       ReadTmp:675.77, RampTmp:676.02, TargetTmp:945.00,
                       Output:8.81, CycleOnSec:2.64, RemainTime:1:35:26
                    
2022-01-12 16:04:44,254 - root - DEBUG - ==>Relay On
2022-01-12 16:04:46,899 - root - DEBUG - ==>Relay Off
2022-01-12 16:04:46,900 - root - DEBUG - Writing stats to Firing DB table...
2022-01-12 16:04:46,916 - root - INFO - database writing complete1
2022-01-12 16:04:46,916 - root - INFO - RunState end: Ramp
2022-01-12 16:05:14,254 - root - DEBUG - Entering PID update with parameters SetPoint:677.44, ProcValue:686.98, IMax:100.00, IMin:0.00,
2022-01-12 16:05:14,254 - root - DEBUG -   Window:30, Kp: 30.000, Ki: 1.000, Kd: 0.600
2022-01-12 16:05:14,254 - root - DEBUG - Exiting PID update with parameters Error:-9.55, ITerm:0.00, DInput:11.21, Output:0.00
2022-01-12 16:05:14,254 - root - DEBUG - RunID 54, Segment 1 (loop 169) - RunState:Ramp,
                       ReadTmp:686.98, RampTmp:677.44, TargetTmp:945.00,
                       Output:0.00, CycleOnSec:0.00, RemainTime:1:34:56
                    
2022-01-12 16:05:14,254 - root - DEBUG - ==>Relay Off
2022-01-12 16:05:14,255 - root - DEBUG - Writing stats to Firing DB table...
2022-01-12 16:05:14,270 - root - INFO - database writing complete1
2022-01-12 16:05:14,270 - root - INFO - RunState end: Ramp
2022-01-12 16:05:44,254 - root - DEBUG - Entering PID update with parameters SetPoint:678.85, ProcValue:684.98, IMax:100.00, IMin:0.00,
2022-01-12 16:05:44,254 - root - DEBUG -   Window:30, Kp: 30.000, Ki: 1.000, Kd: 0.600
2022-01-12 16:05:44,254 - root - DEBUG - Exiting PID update with parameters Error:-6.13, ITerm:0.00, DInput:-2.00, Output:0.00
2022-01-12 16:05:44,254 - root - DEBUG - RunID 54, Segment 1 (loop 170) - RunState:Ramp,
                       ReadTmp:684.98, RampTmp:678.85, TargetTmp:945.00,
                       Output:0.00, CycleOnSec:0.00, RemainTime:1:34:26
                    
2022-01-12 16:05:44,254 - root - DEBUG - ==>Relay Off
2022-01-12 16:05:44,255 - root - DEBUG - Writing stats to Firing DB table...
2022-01-12 16:05:44,290 - root - INFO - database writing complete1
2022-01-12 16:05:44,290 - root - INFO - RunState end: Ramp
2022-01-12 16:06:14,254 - root - DEBUG - Entering PID update with parameters SetPoint:680.27, ProcValue:682.98, IMax:100.00, IMin:0.00,
2022-01-12 16:06:14,254 - root - DEBUG -   Window:30, Kp: 30.000, Ki: 1.000, Kd: 0.600
2022-01-12 16:06:14,254 - root - DEBUG - Exiting PID update with parameters Error:-2.71, ITerm:0.00, DInput:-2.00, Output:0.00
2022-01-12 16:06:14,254 - root - DEBUG - RunID 54, Segment 1 (loop 171) - RunState:Ramp,
                       ReadTmp:682.98, RampTmp:680.27, TargetTmp:945.00,
                       Output:0.00, CycleOnSec:0.00, RemainTime:1:33:56
                    
2022-01-12 16:06:14,254 - root - DEBUG - ==>Relay Off
2022-01-12 16:06:14,255 - root - DEBUG - Writing stats to Firing DB table...
2022-01-12 16:06:14,284 - root - INFO - database writing complete1
2022-01-12 16:06:14,285 - root - INFO - RunState end: Ramp
2022-01-12 16:06:44,254 - root - DEBUG - Entering PID update with parameters SetPoint:681.69, ProcValue:680.98, IMax:100.00, IMin:0.00,
2022-01-12 16:06:44,254 - root - DEBUG -   Window:30, Kp: 30.000, Ki: 1.000, Kd: 0.600
2022-01-12 16:06:44,254 - root - DEBUG - Exiting PID update with parameters Error:0.70, ITerm:0.70, DInput:-2.00, Output:22.99
2022-01-12 16:06:44,254 - root - DEBUG - RunID 54, Segment 1 (loop 172) - RunState:Ramp,
                       ReadTmp:680.98, RampTmp:681.69, TargetTmp:945.00,
                       Output:22.99, CycleOnSec:6.90, RemainTime:1:33:26
                    
2022-01-12 16:06:44,254 - root - DEBUG - ==>Relay On
2022-01-12 16:06:51,159 - root - DEBUG - ==>Relay Off
2022-01-12 16:06:51,160 - root - DEBUG - Writing stats to Firing DB table...
2022-01-12 16:06:51,176 - root - INFO - database writing complete1
2022-01-12 16:06:51,176 - root - INFO - RunState end: Ramp
2022-01-12 16:07:14,254 - root - DEBUG - Entering PID update with parameters SetPoint:683.10, ProcValue:713.47, IMax:100.00, IMin:0.00,
2022-01-12 16:07:14,254 - root - DEBUG -   Window:30, Kp: 30.000, Ki: 1.000, Kd: 0.600
2022-01-12 16:07:14,254 - root - DEBUG - Exiting PID update with parameters Error:-30.37, ITerm:0.00, DInput:32.49, Output:0.00
2022-01-12 16:07:14,254 - root - DEBUG - RunID 54, Segment 1 (loop 173) - RunState:Ramp,
                       ReadTmp:713.47, RampTmp:683.10, TargetTmp:945.00,
                       Output:0.00, CycleOnSec:0.00, RemainTime:1:32:56
                    
2022-01-12 16:07:14,254 - root - DEBUG - ==>Relay Off
2022-01-12 16:07:14,255 - root - DEBUG - Writing stats to Firing DB table...
2022-01-12 16:07:14,270 - root - INFO - database writing complete1
2022-01-12 16:07:14,270 - root - INFO - RunState end: Ramp
2022-01-12 16:07:44,254 - root - DEBUG - Entering PID update with parameters SetPoint:684.52, ProcValue:711.47, IMax:100.00, IMin:0.00,
2022-01-12 16:07:44,254 - root - DEBUG -   Window:30, Kp: 30.000, Ki: 1.000, Kd: 0.600
2022-01-12 16:07:44,254 - root - DEBUG - Exiting PID update with parameters Error:-26.95, ITerm:0.00, DInput:-2.00, Output:0.00
2022-01-12 16:07:44,254 - root - DEBUG - RunID 54, Segment 1 (loop 174) - RunState:Ramp,
                       ReadTmp:711.47, RampTmp:684.52, TargetTmp:945.00,
                       Output:0.00, CycleOnSec:0.00, RemainTime:1:32:26
                    
2022-01-12 16:07:44,254 - root - DEBUG - ==>Relay Off
2022-01-12 16:07:44,255 - root - DEBUG - Writing stats to Firing DB table...
2022-01-12 16:07:44,273 - root - INFO - database writing complete1
2022-01-12 16:07:44,273 - root - INFO - RunState end: Ramp
2022-01-12 16:08:14,254 - root - DEBUG - Entering PID update with parameters SetPoint:685.94, ProcValue:709.47, IMax:100.00, IMin:0.00,
2022-01-12 16:08:14,254 - root - DEBUG -   Window:30, Kp: 30.000, Ki: 1.000, Kd: 0.600
2022-01-12 16:08:14,254 - root - DEBUG - Exiting PID update with parameters Error:-23.53, ITerm:0.00, DInput:-2.00, Output:0.00
2022-01-12 16:08:14,254 - root - DEBUG - RunID 54, Segment 1 (loop 175) - RunState:Ramp,
                       ReadTmp:709.47, RampTmp:685.94, TargetTmp:945.00,
                       Output:0.00, CycleOnSec:0.00, RemainTime:1:31:56
                    
2022-01-12 16:08:14,254 - root - DEBUG - ==>Relay Off
2022-01-12 16:08:14,255 - root - DEBUG - Writing stats to Firing DB table...
2022-01-12 16:08:14,267 - root - INFO - database writing complete1
2022-01-12 16:08:14,267 - root - INFO - RunState end: Ramp
2022-01-12 16:08:44,254 - root - DEBUG - Entering PID update with parameters SetPoint:687.35, ProcValue:707.47, IMax:100.00, IMin:0.00,
2022-01-12 16:08:44,254 - root - DEBUG -   Window:30, Kp: 30.000, Ki: 1.000, Kd: 0.600
2022-01-12 16:08:44,254 - root - DEBUG - Exiting PID update with parameters Error:-20.12, ITerm:0.00, DInput:-2.00, Output:0.00
2022-01-12 16:08:44,254 - root - DEBUG - RunID 54, Segment 1 (loop 176) - RunState:Ramp,
                       ReadTmp:707.47, RampTmp:687.35, TargetTmp:945.00,
                       Output:0.00, CycleOnSec:0.00, RemainTime:1:31:26
                    
2022-01-12 16:08:44,254 - root - DEBUG - ==>Relay Off
2022-01-12 16:08:44,255 - root - DEBUG - Writing stats to Firing DB table...
2022-01-12 16:08:44,266 - root - INFO - database writing complete1
2022-01-12 16:08:44,267 - root - INFO - RunState end: Ramp
2022-01-12 16:09:14,254 - root - DEBUG - Entering PID update with parameters SetPoint:688.77, ProcValue:705.47, IMax:100.00, IMin:0.00,
2022-01-12 16:09:14,254 - root - DEBUG -   Window:30, Kp: 30.000, Ki: 1.000, Kd: 0.600
2022-01-12 16:09:14,254 - root - DEBUG - Exiting PID update with parameters Error:-16.70, ITerm:0.00, DInput:-2.00, Output:0.00
2022-01-12 16:09:14,254 - root - DEBUG - RunID 54, Segment 1 (loop 177) - RunState:Ramp,
                       ReadTmp:705.47, RampTmp:688.77, TargetTmp:945.00,
                       Output:0.00, CycleOnSec:0.00, RemainTime:1:30:56
                    
2022-01-12 16:09:14,254 - root - DEBUG - ==>Relay Off
2022-01-12 16:09:14,255 - root - DEBUG - Writing stats to Firing DB table...
2022-01-12 16:09:14,266 - root - INFO - database writing complete1
2022-01-12 16:09:14,266 - root - INFO - RunState end: Ramp
2022-01-12 16:09:44,254 - root - DEBUG - Entering PID update with parameters SetPoint:690.19, ProcValue:703.47, IMax:100.00, IMin:0.00,
2022-01-12 16:09:44,254 - root - DEBUG -   Window:30, Kp: 30.000, Ki: 1.000, Kd: 0.600
2022-01-12 16:09:44,254 - root - DEBUG - Exiting PID update with parameters Error:-13.28, ITerm:0.00, DInput:-2.00, Output:0.00
2022-01-12 16:09:44,254 - root - DEBUG - RunID 54, Segment 1 (loop 178) - RunState:Ramp,
                       ReadTmp:703.47, RampTmp:690.19, TargetTmp:945.00,
                       Output:0.00, CycleOnSec:0.00, RemainTime:1:30:26
                    
2022-01-12 16:09:44,254 - root - DEBUG - ==>Relay Off
2022-01-12 16:09:44,255 - root - DEBUG - Writing stats to Firing DB table...
2022-01-12 16:09:44,266 - root - INFO - database writing complete1
2022-01-12 16:09:44,267 - root - INFO - RunState end: Ramp
2022-01-12 16:10:14,254 - root - DEBUG - Entering PID update with parameters SetPoint:691.60, ProcValue:701.47, IMax:100.00, IMin:0.00,
2022-01-12 16:10:14,254 - root - DEBUG -   Window:30, Kp: 30.000, Ki: 1.000, Kd: 0.600
2022-01-12 16:10:14,254 - root - DEBUG - Exiting PID update with parameters Error:-9.87, ITerm:0.00, DInput:-2.00, Output:0.00
2022-01-12 16:10:14,254 - root - DEBUG - RunID 54, Segment 1 (loop 179) - RunState:Ramp,
                       ReadTmp:701.47, RampTmp:691.60, TargetTmp:945.00,
                       Output:0.00, CycleOnSec:0.00, RemainTime:1:29:56
                    
2022-01-12 16:10:14,254 - root - DEBUG - ==>Relay Off
2022-01-12 16:10:14,255 - root - DEBUG - Writing stats to Firing DB table...
2022-01-12 16:10:14,266 - root - INFO - database writing complete1
2022-01-12 16:10:14,266 - root - INFO - RunState end: Ramp
2022-01-12 16:10:44,254 - root - DEBUG - Entering PID update with parameters SetPoint:693.02, ProcValue:699.47, IMax:100.00, IMin:0.00,
2022-01-12 16:10:44,254 - root - DEBUG -   Window:30, Kp: 30.000, Ki: 1.000, Kd: 0.600
2022-01-12 16:10:44,254 - root - DEBUG - Exiting PID update with parameters Error:-6.45, ITerm:0.00, DInput:-2.00, Output:0.00
2022-01-12 16:10:44,254 - root - DEBUG - RunID 54, Segment 1 (loop 180) - RunState:Ramp,
                       ReadTmp:699.47, RampTmp:693.02, TargetTmp:945.00,
                       Output:0.00, CycleOnSec:0.00, RemainTime:1:29:26
                    
2022-01-12 16:10:44,256 - root - DEBUG - ==>Relay Off
2022-01-12 16:10:44,256 - root - DEBUG - Writing stats to Firing DB table...
2022-01-12 16:10:44,271 - root - INFO - database writing complete1
2022-01-12 16:10:44,271 - root - INFO - RunState end: Ramp
2022-01-12 16:11:14,254 - root - DEBUG - Entering PID update with parameters SetPoint:694.44, ProcValue:697.47, IMax:100.00, IMin:0.00,
2022-01-12 16:11:14,254 - root - DEBUG -   Window:30, Kp: 30.000, Ki: 1.000, Kd: 0.600
2022-01-12 16:11:14,254 - root - DEBUG - Exiting PID update with parameters Error:-3.03, ITerm:0.00, DInput:-2.00, Output:0.00
2022-01-12 16:11:14,254 - root - DEBUG - RunID 54, Segment 1 (loop 181) - RunState:Ramp,
                       ReadTmp:697.47, RampTmp:694.44, TargetTmp:945.00,
                       Output:0.00, CycleOnSec:0.00, RemainTime:1:28:56
                    
2022-01-12 16:11:14,254 - root - DEBUG - ==>Relay Off
2022-01-12 16:11:14,255 - root - DEBUG - Writing stats to Firing DB table...
2022-01-12 16:11:14,266 - root - INFO - database writing complete1
2022-01-12 16:11:14,266 - root - INFO - RunState end: Ramp
2022-01-12 16:11:44,254 - root - DEBUG - Entering PID update with parameters SetPoint:695.85, ProcValue:695.47, IMax:100.00, IMin:0.00,
2022-01-12 16:11:44,254 - root - DEBUG -   Window:30, Kp: 30.000, Ki: 1.000, Kd: 0.600
2022-01-12 16:11:44,254 - root - DEBUG - Exiting PID update with parameters Error:0.38, ITerm:0.38, DInput:-2.00, Output:13.11
2022-01-12 16:11:44,254 - root - DEBUG - RunID 54, Segment 1 (loop 182) - RunState:Ramp,
                       ReadTmp:695.47, RampTmp:695.85, TargetTmp:945.00,
                       Output:13.11, CycleOnSec:3.93, RemainTime:1:28:26
                    
2022-01-12 16:11:44,254 - root - DEBUG - ==>Relay On
2022-01-12 16:11:48,191 - root - DEBUG - ==>Relay Off
2022-01-12 16:11:48,191 - root - DEBUG - Writing stats to Firing DB table...
2022-01-12 16:11:48,203 - root - INFO - database writing complete1
2022-01-12 16:11:48,203 - root - INFO - RunState end: Ramp
2022-01-12 16:12:14,254 - root - DEBUG - Entering PID update with parameters SetPoint:697.27, ProcValue:713.13, IMax:100.00, IMin:0.00,
2022-01-12 16:12:14,254 - root - DEBUG -   Window:30, Kp: 30.000, Ki: 1.000, Kd: 0.600
2022-01-12 16:12:14,254 - root - DEBUG - Exiting PID update with parameters Error:-15.86, ITerm:0.00, DInput:17.66, Output:0.00
2022-01-12 16:12:14,254 - root - DEBUG - RunID 54, Segment 1 (loop 183) - RunState:Ramp,
                       ReadTmp:713.13, RampTmp:697.27, TargetTmp:945.00,
                       Output:0.00, CycleOnSec:0.00, RemainTime:1:27:56
                    
2022-01-12 16:12:14,254 - root - DEBUG - ==>Relay Off
2022-01-12 16:12:14,255 - root - DEBUG - Writing stats to Firing DB table...
2022-01-12 16:12:14,267 - root - INFO - database writing complete1
2022-01-12 16:12:14,267 - root - INFO - RunState end: Ramp
2022-01-12 16:12:44,254 - root - DEBUG - Entering PID update with parameters SetPoint:698.69, ProcValue:711.13, IMax:100.00, IMin:0.00,
2022-01-12 16:12:44,254 - root - DEBUG -   Window:30, Kp: 30.000, Ki: 1.000, Kd: 0.600
2022-01-12 16:12:44,254 - root - DEBUG - Exiting PID update with parameters Error:-12.44, ITerm:0.00, DInput:-2.00, Output:0.00
2022-01-12 16:12:44,254 - root - DEBUG - RunID 54, Segment 1 (loop 184) - RunState:Ramp,
                       ReadTmp:711.13, RampTmp:698.69, TargetTmp:945.00,
                       Output:0.00, CycleOnSec:0.00, RemainTime:1:27:26
                    
2022-01-12 16:12:44,254 - root - DEBUG - ==>Relay Off
2022-01-12 16:12:44,255 - root - DEBUG - Writing stats to Firing DB table...
2022-01-12 16:12:44,266 - root - INFO - database writing complete1
2022-01-12 16:12:44,266 - root - INFO - RunState end: Ramp
2022-01-12 16:13:14,254 - root - DEBUG - Entering PID update with parameters SetPoint:700.10, ProcValue:709.13, IMax:100.00, IMin:0.00,
2022-01-12 16:13:14,254 - root - DEBUG -   Window:30, Kp: 30.000, Ki: 1.000, Kd: 0.600
2022-01-12 16:13:14,254 - root - DEBUG - Exiting PID update with parameters Error:-9.03, ITerm:0.00, DInput:-2.00, Output:0.00
2022-01-12 16:13:14,254 - root - DEBUG - RunID 54, Segment 1 (loop 185) - RunState:Ramp,
                       ReadTmp:709.13, RampTmp:700.10, TargetTmp:945.00,
                       Output:0.00, CycleOnSec:0.00, RemainTime:1:26:56
                    
2022-01-12 16:13:14,254 - root - DEBUG - ==>Relay Off
2022-01-12 16:13:14,255 - root - DEBUG - Writing stats to Firing DB table...
2022-01-12 16:13:14,267 - root - INFO - database writing complete1
2022-01-12 16:13:14,267 - root - INFO - RunState end: Ramp
2022-01-12 16:13:44,254 - root - DEBUG - Entering PID update with parameters SetPoint:701.52, ProcValue:707.13, IMax:100.00, IMin:0.00,
2022-01-12 16:13:44,254 - root - DEBUG -   Window:30, Kp: 30.000, Ki: 1.000, Kd: 0.600
2022-01-12 16:13:44,254 - root - DEBUG - Exiting PID update with parameters Error:-5.61, ITerm:0.00, DInput:-2.00, Output:0.00
2022-01-12 16:13:44,254 - root - DEBUG - RunID 54, Segment 1 (loop 186) - RunState:Ramp,
                       ReadTmp:707.13, RampTmp:701.52, TargetTmp:945.00,
                       Output:0.00, CycleOnSec:0.00, RemainTime:1:26:26
                    
2022-01-12 16:13:44,254 - root - DEBUG - ==>Relay Off
2022-01-12 16:13:44,255 - root - DEBUG - Writing stats to Firing DB table...
2022-01-12 16:13:44,267 - root - INFO - database writing complete1
2022-01-12 16:13:44,267 - root - INFO - RunState end: Ramp
2022-01-12 16:14:14,254 - root - DEBUG - Entering PID update with parameters SetPoint:702.94, ProcValue:705.13, IMax:100.00, IMin:0.00,
2022-01-12 16:14:14,254 - root - DEBUG -   Window:30, Kp: 30.000, Ki: 1.000, Kd: 0.600
2022-01-12 16:14:14,254 - root - DEBUG - Exiting PID update with parameters Error:-2.19, ITerm:0.00, DInput:-2.00, Output:0.00
2022-01-12 16:14:14,254 - root - DEBUG - RunID 54, Segment 1 (loop 187) - RunState:Ramp,
                       ReadTmp:705.13, RampTmp:702.94, TargetTmp:945.00,
                       Output:0.00, CycleOnSec:0.00, RemainTime:1:25:56
                    
2022-01-12 16:14:14,254 - root - DEBUG - ==>Relay Off
2022-01-12 16:14:14,255 - root - DEBUG - Writing stats to Firing DB table...
2022-01-12 16:14:14,266 - root - INFO - database writing complete1
2022-01-12 16:14:14,267 - root - INFO - RunState end: Ramp
2022-01-12 16:14:44,254 - root - DEBUG - Entering PID update with parameters SetPoint:704.35, ProcValue:703.13, IMax:100.00, IMin:0.00,
2022-01-12 16:14:44,254 - root - DEBUG -   Window:30, Kp: 30.000, Ki: 1.000, Kd: 0.600
2022-01-12 16:14:44,254 - root - DEBUG - Exiting PID update with parameters Error:1.22, ITerm:1.22, DInput:-2.00, Output:39.12
2022-01-12 16:14:44,254 - root - DEBUG - RunID 54, Segment 1 (loop 188) - RunState:Ramp,
                       ReadTmp:703.13, RampTmp:704.35, TargetTmp:945.00,
                       Output:39.12, CycleOnSec:11.74, RemainTime:1:25:26
                    
2022-01-12 16:14:44,254 - root - DEBUG - ==>Relay On
2022-01-12 16:14:56,003 - root - DEBUG - ==>Relay Off
2022-01-12 16:14:56,004 - root - DEBUG - Writing stats to Firing DB table...
2022-01-12 16:14:56,017 - root - INFO - database writing complete1
2022-01-12 16:14:56,018 - root - INFO - RunState end: Ramp
2022-01-12 16:15:14,254 - root - DEBUG - Entering PID update with parameters SetPoint:705.77, ProcValue:759.81, IMax:100.00, IMin:0.00,
2022-01-12 16:15:14,254 - root - DEBUG -   Window:30, Kp: 30.000, Ki: 1.000, Kd: 0.600
2022-01-12 16:15:14,254 - root - DEBUG - Exiting PID update with parameters Error:-54.04, ITerm:0.00, DInput:56.68, Output:0.00
2022-01-12 16:15:14,254 - root - DEBUG - RunID 54, Segment 1 (loop 189) - RunState:Ramp,
                       ReadTmp:759.81, RampTmp:705.77, TargetTmp:945.00,
                       Output:0.00, CycleOnSec:0.00, RemainTime:1:24:56
                    
2022-01-12 16:15:14,254 - root - DEBUG - ==>Relay Off
2022-01-12 16:15:14,255 - root - DEBUG - Writing stats to Firing DB table...
2022-01-12 16:15:14,267 - root - INFO - database writing complete1
2022-01-12 16:15:14,268 - root - INFO - RunState end: Ramp
2022-01-12 16:15:44,254 - root - DEBUG - Entering PID update with parameters SetPoint:707.19, ProcValue:757.81, IMax:100.00, IMin:0.00,
2022-01-12 16:15:44,254 - root - DEBUG -   Window:30, Kp: 30.000, Ki: 1.000, Kd: 0.600
2022-01-12 16:15:44,254 - root - DEBUG - Exiting PID update with parameters Error:-50.63, ITerm:0.00, DInput:-2.00, Output:0.00
2022-01-12 16:15:44,254 - root - DEBUG - RunID 54, Segment 1 (loop 190) - RunState:Ramp,
                       ReadTmp:757.81, RampTmp:707.19, TargetTmp:945.00,
                       Output:0.00, CycleOnSec:0.00, RemainTime:1:24:26
                    
2022-01-12 16:15:44,254 - root - DEBUG - ==>Relay Off
2022-01-12 16:15:44,255 - root - DEBUG - Writing stats to Firing DB table...
2022-01-12 16:15:44,266 - root - INFO - database writing complete1
2022-01-12 16:15:44,267 - root - INFO - RunState end: Ramp
2022-01-12 16:16:14,254 - root - DEBUG - Entering PID update with parameters SetPoint:708.60, ProcValue:755.81, IMax:100.00, IMin:0.00,
2022-01-12 16:16:14,254 - root - DEBUG -   Window:30, Kp: 30.000, Ki: 1.000, Kd: 0.600
2022-01-12 16:16:14,254 - root - DEBUG - Exiting PID update with parameters Error:-47.21, ITerm:0.00, DInput:-2.00, Output:0.00
2022-01-12 16:16:14,254 - root - DEBUG - RunID 54, Segment 1 (loop 191) - RunState:Ramp,
                       ReadTmp:755.81, RampTmp:708.60, TargetTmp:945.00,
                       Output:0.00, CycleOnSec:0.00, RemainTime:1:23:56
                    
2022-01-12 16:16:14,254 - root - DEBUG - ==>Relay Off
2022-01-12 16:16:14,255 - root - DEBUG - Writing stats to Firing DB table...
2022-01-12 16:16:14,269 - root - INFO - database writing complete1
2022-01-12 16:16:14,269 - root - INFO - RunState end: Ramp
2022-01-12 16:16:44,254 - root - DEBUG - Entering PID update with parameters SetPoint:710.02, ProcValue:753.81, IMax:100.00, IMin:0.00,
2022-01-12 16:16:44,254 - root - DEBUG -   Window:30, Kp: 30.000, Ki: 1.000, Kd: 0.600
2022-01-12 16:16:44,254 - root - DEBUG - Exiting PID update with parameters Error:-43.79, ITerm:0.00, DInput:-2.00, Output:0.00
2022-01-12 16:16:44,254 - root - DEBUG - RunID 54, Segment 1 (loop 192) - RunState:Ramp,
                       ReadTmp:753.81, RampTmp:710.02, TargetTmp:945.00,
                       Output:0.00, CycleOnSec:0.00, RemainTime:1:23:26
                    
2022-01-12 16:16:44,254 - root - DEBUG - ==>Relay Off
2022-01-12 16:16:44,255 - root - DEBUG - Writing stats to Firing DB table...
2022-01-12 16:16:44,267 - root - INFO - database writing complete1
2022-01-12 16:16:44,267 - root - INFO - RunState end: Ramp
2022-01-12 16:17:14,254 - root - DEBUG - Entering PID update with parameters SetPoint:711.44, ProcValue:751.81, IMax:100.00, IMin:0.00,
2022-01-12 16:17:14,254 - root - DEBUG -   Window:30, Kp: 30.000, Ki: 1.000, Kd: 0.600
2022-01-12 16:17:14,254 - root - DEBUG - Exiting PID update with parameters Error:-40.38, ITerm:0.00, DInput:-2.00, Output:0.00
2022-01-12 16:17:14,254 - root - DEBUG - RunID 54, Segment 1 (loop 193) - RunState:Ramp,
                       ReadTmp:751.81, RampTmp:711.44, TargetTmp:945.00,
                       Output:0.00, CycleOnSec:0.00, RemainTime:1:22:56
                    
2022-01-12 16:17:14,254 - root - DEBUG - ==>Relay Off
2022-01-12 16:17:14,255 - root - DEBUG - Writing stats to Firing DB table...
2022-01-12 16:17:14,267 - root - INFO - database writing complete1
2022-01-12 16:17:14,267 - root - INFO - RunState end: Ramp
2022-01-12 16:17:44,254 - root - DEBUG - Entering PID update with parameters SetPoint:712.85, ProcValue:749.81, IMax:100.00, IMin:0.00,
2022-01-12 16:17:44,254 - root - DEBUG -   Window:30, Kp: 30.000, Ki: 1.000, Kd: 0.600
2022-01-12 16:17:44,254 - root - DEBUG - Exiting PID update with parameters Error:-36.96, ITerm:0.00, DInput:-2.00, Output:0.00
2022-01-12 16:17:44,254 - root - DEBUG - RunID 54, Segment 1 (loop 194) - RunState:Ramp,
                       ReadTmp:749.81, RampTmp:712.85, TargetTmp:945.00,
                       Output:0.00, CycleOnSec:0.00, RemainTime:1:22:26
                    
2022-01-12 16:17:44,254 - root - DEBUG - ==>Relay Off
2022-01-12 16:17:44,255 - root - DEBUG - Writing stats to Firing DB table...
2022-01-12 16:17:44,638 - root - INFO - database writing complete1
2022-01-12 16:17:44,639 - root - INFO - RunState end: Ramp
2022-01-12 16:18:14,254 - root - DEBUG - Entering PID update with parameters SetPoint:714.27, ProcValue:747.81, IMax:100.00, IMin:0.00,
2022-01-12 16:18:14,254 - root - DEBUG -   Window:30, Kp: 30.000, Ki: 1.000, Kd: 0.600
2022-01-12 16:18:14,254 - root - DEBUG - Exiting PID update with parameters Error:-33.54, ITerm:0.00, DInput:-2.00, Output:0.00
2022-01-12 16:18:14,254 - root - DEBUG - RunID 54, Segment 1 (loop 195) - RunState:Ramp,
                       ReadTmp:747.81, RampTmp:714.27, TargetTmp:945.00,
                       Output:0.00, CycleOnSec:0.00, RemainTime:1:21:56
                    
2022-01-12 16:18:14,254 - root - DEBUG - ==>Relay Off
2022-01-12 16:18:14,255 - root - DEBUG - Writing stats to Firing DB table...
2022-01-12 16:18:14,266 - root - INFO - database writing complete1
2022-01-12 16:18:14,267 - root - INFO - RunState end: Ramp
2022-01-12 16:18:44,254 - root - DEBUG - Entering PID update with parameters SetPoint:715.69, ProcValue:745.81, IMax:100.00, IMin:0.00,
2022-01-12 16:18:44,254 - root - DEBUG -   Window:30, Kp: 30.000, Ki: 1.000, Kd: 0.600
2022-01-12 16:18:44,254 - root - DEBUG - Exiting PID update with parameters Error:-30.13, ITerm:0.00, DInput:-2.00, Output:0.00
2022-01-12 16:18:44,254 - root - DEBUG - RunID 54, Segment 1 (loop 196) - RunState:Ramp,
                       ReadTmp:745.81, RampTmp:715.69, TargetTmp:945.00,
                       Output:0.00, CycleOnSec:0.00, RemainTime:1:21:26
                    
2022-01-12 16:18:44,254 - root - DEBUG - ==>Relay Off
2022-01-12 16:18:44,255 - root - DEBUG - Writing stats to Firing DB table...
2022-01-12 16:18:44,266 - root - INFO - database writing complete1
2022-01-12 16:18:44,266 - root - INFO - RunState end: Ramp
2022-01-12 16:19:14,254 - root - DEBUG - Entering PID update with parameters SetPoint:717.10, ProcValue:743.81, IMax:100.00, IMin:0.00,
2022-01-12 16:19:14,254 - root - DEBUG -   Window:30, Kp: 30.000, Ki: 1.000, Kd: 0.600
2022-01-12 16:19:14,254 - root - DEBUG - Exiting PID update with parameters Error:-26.71, ITerm:0.00, DInput:-2.00, Output:0.00
2022-01-12 16:19:14,254 - root - DEBUG - RunID 54, Segment 1 (loop 197) - RunState:Ramp,
                       ReadTmp:743.81, RampTmp:717.10, TargetTmp:945.00,
                       Output:0.00, CycleOnSec:0.00, RemainTime:1:20:56
                    
2022-01-12 16:19:14,254 - root - DEBUG - ==>Relay Off
2022-01-12 16:19:14,255 - root - DEBUG - Writing stats to Firing DB table...
2022-01-12 16:19:14,266 - root - INFO - database writing complete1
2022-01-12 16:19:14,267 - root - INFO - RunState end: Ramp
2022-01-12 16:19:44,254 - root - DEBUG - Entering PID update with parameters SetPoint:718.52, ProcValue:741.81, IMax:100.00, IMin:0.00,
2022-01-12 16:19:44,254 - root - DEBUG -   Window:30, Kp: 30.000, Ki: 1.000, Kd: 0.600
2022-01-12 16:19:44,254 - root - DEBUG - Exiting PID update with parameters Error:-23.29, ITerm:0.00, DInput:-2.00, Output:0.00
2022-01-12 16:19:44,254 - root - DEBUG - RunID 54, Segment 1 (loop 198) - RunState:Ramp,
                       ReadTmp:741.81, RampTmp:718.52, TargetTmp:945.00,
                       Output:0.00, CycleOnSec:0.00, RemainTime:1:20:26
                    
2022-01-12 16:19:44,254 - root - DEBUG - ==>Relay Off
2022-01-12 16:19:44,255 - root - DEBUG - Writing stats to Firing DB table...
2022-01-12 16:19:44,269 - root - INFO - database writing complete1
2022-01-12 16:19:44,270 - root - INFO - RunState end: Ramp
2022-01-12 16:20:14,254 - root - DEBUG - Entering PID update with parameters SetPoint:719.94, ProcValue:739.81, IMax:100.00, IMin:0.00,
2022-01-12 16:20:14,254 - root - DEBUG -   Window:30, Kp: 30.000, Ki: 1.000, Kd: 0.600
2022-01-12 16:20:14,254 - root - DEBUG - Exiting PID update with parameters Error:-19.88, ITerm:0.00, DInput:-2.00, Output:0.00
2022-01-12 16:20:14,254 - root - DEBUG - RunID 54, Segment 1 (loop 199) - RunState:Ramp,
                       ReadTmp:739.81, RampTmp:719.94, TargetTmp:945.00,
                       Output:0.00, CycleOnSec:0.00, RemainTime:1:19:56
                    
2022-01-12 16:20:14,254 - root - DEBUG - ==>Relay Off
2022-01-12 16:20:14,255 - root - DEBUG - Writing stats to Firing DB table...
2022-01-12 16:20:14,266 - root - INFO - database writing complete1
2022-01-12 16:20:14,266 - root - INFO - RunState end: Ramp
2022-01-12 16:20:44,254 - root - DEBUG - Entering PID update with parameters SetPoint:721.35, ProcValue:737.81, IMax:100.00, IMin:0.00,
2022-01-12 16:20:44,254 - root - DEBUG -   Window:30, Kp: 30.000, Ki: 1.000, Kd: 0.600
2022-01-12 16:20:44,254 - root - DEBUG - Exiting PID update with parameters Error:-16.46, ITerm:0.00, DInput:-2.00, Output:0.00
2022-01-12 16:20:44,254 - root - DEBUG - RunID 54, Segment 1 (loop 200) - RunState:Ramp,
                       ReadTmp:737.81, RampTmp:721.35, TargetTmp:945.00,
                       Output:0.00, CycleOnSec:0.00, RemainTime:1:19:26
                    
2022-01-12 16:20:44,254 - root - DEBUG - ==>Relay Off
2022-01-12 16:20:44,255 - root - DEBUG - Writing stats to Firing DB table...
2022-01-12 16:20:44,266 - root - INFO - database writing complete1
2022-01-12 16:20:44,266 - root - INFO - RunState end: Ramp
2022-01-12 16:21:14,254 - root - DEBUG - Entering PID update with parameters SetPoint:722.77, ProcValue:735.81, IMax:100.00, IMin:0.00,
2022-01-12 16:21:14,254 - root - DEBUG -   Window:30, Kp: 30.000, Ki: 1.000, Kd: 0.600
2022-01-12 16:21:14,254 - root - DEBUG - Exiting PID update with parameters Error:-13.04, ITerm:0.00, DInput:-2.00, Output:0.00
2022-01-12 16:21:14,254 - root - DEBUG - RunID 54, Segment 1 (loop 201) - RunState:Ramp,
                       ReadTmp:735.81, RampTmp:722.77, TargetTmp:945.00,
                       Output:0.00, CycleOnSec:0.00, RemainTime:1:18:56
                    
2022-01-12 16:21:14,254 - root - DEBUG - ==>Relay Off
2022-01-12 16:21:14,255 - root - DEBUG - Writing stats to Firing DB table...
2022-01-12 16:21:14,266 - root - INFO - database writing complete1
2022-01-12 16:21:14,266 - root - INFO - RunState end: Ramp
2022-01-12 16:21:44,254 - root - DEBUG - Entering PID update with parameters SetPoint:724.19, ProcValue:733.81, IMax:100.00, IMin:0.00,
2022-01-12 16:21:44,254 - root - DEBUG -   Window:30, Kp: 30.000, Ki: 1.000, Kd: 0.600
2022-01-12 16:21:44,254 - root - DEBUG - Exiting PID update with parameters Error:-9.63, ITerm:0.00, DInput:-2.00, Output:0.00
2022-01-12 16:21:44,254 - root - DEBUG - RunID 54, Segment 1 (loop 202) - RunState:Ramp,
                       ReadTmp:733.81, RampTmp:724.19, TargetTmp:945.00,
                       Output:0.00, CycleOnSec:0.00, RemainTime:1:18:26
                    
2022-01-12 16:21:44,254 - root - DEBUG - ==>Relay Off
2022-01-12 16:21:44,255 - root - DEBUG - Writing stats to Firing DB table...
2022-01-12 16:21:44,266 - root - INFO - database writing complete1
2022-01-12 16:21:44,267 - root - INFO - RunState end: Ramp
2022-01-12 16:22:14,254 - root - DEBUG - Entering PID update with parameters SetPoint:725.60, ProcValue:731.81, IMax:100.00, IMin:0.00,
2022-01-12 16:22:14,254 - root - DEBUG -   Window:30, Kp: 30.000, Ki: 1.000, Kd: 0.600
2022-01-12 16:22:14,254 - root - DEBUG - Exiting PID update with parameters Error:-6.21, ITerm:0.00, DInput:-2.00, Output:0.00
2022-01-12 16:22:14,254 - root - DEBUG - RunID 54, Segment 1 (loop 203) - RunState:Ramp,
                       ReadTmp:731.81, RampTmp:725.60, TargetTmp:945.00,
                       Output:0.00, CycleOnSec:0.00, RemainTime:1:17:56
                    
2022-01-12 16:22:14,254 - root - DEBUG - ==>Relay Off
2022-01-12 16:22:14,255 - root - DEBUG - Writing stats to Firing DB table...
2022-01-12 16:22:14,266 - root - INFO - database writing complete1
2022-01-12 16:22:14,266 - root - INFO - RunState end: Ramp
2022-01-12 16:22:44,254 - root - DEBUG - Entering PID update with parameters SetPoint:727.02, ProcValue:729.81, IMax:100.00, IMin:0.00,
2022-01-12 16:22:44,254 - root - DEBUG -   Window:30, Kp: 30.000, Ki: 1.000, Kd: 0.600
2022-01-12 16:22:44,254 - root - DEBUG - Exiting PID update with parameters Error:-2.79, ITerm:0.00, DInput:-2.00, Output:0.00
2022-01-12 16:22:44,254 - root - DEBUG - RunID 54, Segment 1 (loop 204) - RunState:Ramp,
                       ReadTmp:729.81, RampTmp:727.02, TargetTmp:945.00,
                       Output:0.00, CycleOnSec:0.00, RemainTime:1:17:26
                    
2022-01-12 16:22:44,255 - root - DEBUG - ==>Relay Off
2022-01-12 16:22:44,255 - root - DEBUG - Writing stats to Firing DB table...
2022-01-12 16:22:44,266 - root - INFO - database writing complete1
2022-01-12 16:22:44,267 - root - INFO - RunState end: Ramp
2022-01-12 16:23:14,254 - root - DEBUG - Entering PID update with parameters SetPoint:728.44, ProcValue:727.81, IMax:100.00, IMin:0.00,
2022-01-12 16:23:14,254 - root - DEBUG -   Window:30, Kp: 30.000, Ki: 1.000, Kd: 0.600
2022-01-12 16:23:14,254 - root - DEBUG - Exiting PID update with parameters Error:0.62, ITerm:0.62, DInput:-2.00, Output:20.53
2022-01-12 16:23:14,254 - root - DEBUG - RunID 54, Segment 1 (loop 205) - RunState:Ramp,
                       ReadTmp:727.81, RampTmp:728.44, TargetTmp:945.00,
                       Output:20.53, CycleOnSec:6.16, RemainTime:1:16:56
                    
2022-01-12 16:23:14,254 - root - DEBUG - ==>Relay On
2022-01-12 16:23:20,421 - root - DEBUG - ==>Relay Off
2022-01-12 16:23:20,422 - root - DEBUG - Writing stats to Firing DB table...
2022-01-12 16:23:20,435 - root - INFO - database writing complete1
2022-01-12 16:23:20,436 - root - INFO - RunState end: Ramp
2022-01-12 16:23:44,254 - root - DEBUG - Entering PID update with parameters SetPoint:729.85, ProcValue:756.61, IMax:100.00, IMin:0.00,
2022-01-12 16:23:44,254 - root - DEBUG -   Window:30, Kp: 30.000, Ki: 1.000, Kd: 0.600
2022-01-12 16:23:44,254 - root - DEBUG - Exiting PID update with parameters Error:-26.76, ITerm:0.00, DInput:28.80, Output:0.00
2022-01-12 16:23:44,254 - root - DEBUG - RunID 54, Segment 1 (loop 206) - RunState:Ramp,
                       ReadTmp:756.61, RampTmp:729.85, TargetTmp:945.00,
                       Output:0.00, CycleOnSec:0.00, RemainTime:1:16:26
                    
2022-01-12 16:23:44,255 - root - DEBUG - ==>Relay Off
2022-01-12 16:23:44,255 - root - DEBUG - Writing stats to Firing DB table...
2022-01-12 16:23:44,267 - root - INFO - database writing complete1
2022-01-12 16:23:44,267 - root - INFO - RunState end: Ramp
2022-01-12 16:24:14,254 - root - DEBUG - Entering PID update with parameters SetPoint:731.27, ProcValue:754.61, IMax:100.00, IMin:0.00,
2022-01-12 16:24:14,254 - root - DEBUG -   Window:30, Kp: 30.000, Ki: 1.000, Kd: 0.600
2022-01-12 16:24:14,254 - root - DEBUG - Exiting PID update with parameters Error:-23.34, ITerm:0.00, DInput:-2.00, Output:0.00
2022-01-12 16:24:14,254 - root - DEBUG - RunID 54, Segment 1 (loop 207) - RunState:Ramp,
                       ReadTmp:754.61, RampTmp:731.27, TargetTmp:945.00,
                       Output:0.00, CycleOnSec:0.00, RemainTime:1:15:56
                    
2022-01-12 16:24:14,254 - root - DEBUG - ==>Relay Off
2022-01-12 16:24:14,255 - root - DEBUG - Writing stats to Firing DB table...
2022-01-12 16:24:14,267 - root - INFO - database writing complete1
2022-01-12 16:24:14,267 - root - INFO - RunState end: Ramp
2022-01-12 16:24:44,254 - root - DEBUG - Entering PID update with parameters SetPoint:732.69, ProcValue:752.61, IMax:100.00, IMin:0.00,
2022-01-12 16:24:44,254 - root - DEBUG -   Window:30, Kp: 30.000, Ki: 1.000, Kd: 0.600
2022-01-12 16:24:44,254 - root - DEBUG - Exiting PID update with parameters Error:-19.93, ITerm:0.00, DInput:-2.00, Output:0.00
2022-01-12 16:24:44,254 - root - DEBUG - RunID 54, Segment 1 (loop 208) - RunState:Ramp,
                       ReadTmp:752.61, RampTmp:732.69, TargetTmp:945.00,
                       Output:0.00, CycleOnSec:0.00, RemainTime:1:15:26
                    
2022-01-12 16:24:44,255 - root - DEBUG - ==>Relay Off
2022-01-12 16:24:44,255 - root - DEBUG - Writing stats to Firing DB table...
2022-01-12 16:24:44,267 - root - INFO - database writing complete1
2022-01-12 16:24:44,268 - root - INFO - RunState end: Ramp
2022-01-12 16:25:14,254 - root - DEBUG - Entering PID update with parameters SetPoint:734.10, ProcValue:750.61, IMax:100.00, IMin:0.00,
2022-01-12 16:25:14,254 - root - DEBUG -   Window:30, Kp: 30.000, Ki: 1.000, Kd: 0.600
2022-01-12 16:25:14,254 - root - DEBUG - Exiting PID update with parameters Error:-16.51, ITerm:0.00, DInput:-2.00, Output:0.00
2022-01-12 16:25:14,254 - root - DEBUG - RunID 54, Segment 1 (loop 209) - RunState:Ramp,
                       ReadTmp:750.61, RampTmp:734.10, TargetTmp:945.00,
                       Output:0.00, CycleOnSec:0.00, RemainTime:1:14:56
                    
2022-01-12 16:25:14,254 - root - DEBUG - ==>Relay Off
2022-01-12 16:25:14,255 - root - DEBUG - Writing stats to Firing DB table...
2022-01-12 16:25:14,266 - root - INFO - database writing complete1
2022-01-12 16:25:14,266 - root - INFO - RunState end: Ramp
2022-01-12 16:25:44,254 - root - DEBUG - Entering PID update with parameters SetPoint:735.52, ProcValue:748.61, IMax:100.00, IMin:0.00,
2022-01-12 16:25:44,254 - root - DEBUG -   Window:30, Kp: 30.000, Ki: 1.000, Kd: 0.600
2022-01-12 16:25:44,254 - root - DEBUG - Exiting PID update with parameters Error:-13.09, ITerm:0.00, DInput:-2.00, Output:0.00
2022-01-12 16:25:44,254 - root - DEBUG - RunID 54, Segment 1 (loop 210) - RunState:Ramp,
                       ReadTmp:748.61, RampTmp:735.52, TargetTmp:945.00,
                       Output:0.00, CycleOnSec:0.00, RemainTime:1:14:26
                    
2022-01-12 16:25:44,255 - root - DEBUG - ==>Relay Off
2022-01-12 16:25:44,255 - root - DEBUG - Writing stats to Firing DB table...
2022-01-12 16:25:44,267 - root - INFO - database writing complete1
2022-01-12 16:25:44,268 - root - INFO - RunState end: Ramp
2022-01-12 16:26:14,254 - root - DEBUG - Entering PID update with parameters SetPoint:736.94, ProcValue:746.61, IMax:100.00, IMin:0.00,
2022-01-12 16:26:14,254 - root - DEBUG -   Window:30, Kp: 30.000, Ki: 1.000, Kd: 0.600
2022-01-12 16:26:14,254 - root - DEBUG - Exiting PID update with parameters Error:-9.68, ITerm:0.00, DInput:-2.00, Output:0.00
2022-01-12 16:26:14,254 - root - DEBUG - RunID 54, Segment 1 (loop 211) - RunState:Ramp,
                       ReadTmp:746.61, RampTmp:736.94, TargetTmp:945.00,
                       Output:0.00, CycleOnSec:0.00, RemainTime:1:13:56
                    
2022-01-12 16:26:14,254 - root - DEBUG - ==>Relay Off
2022-01-12 16:26:14,255 - root - DEBUG - Writing stats to Firing DB table...
2022-01-12 16:26:14,267 - root - INFO - database writing complete1
2022-01-12 16:26:14,268 - root - INFO - RunState end: Ramp
2022-01-12 16:26:44,254 - root - DEBUG - Entering PID update with parameters SetPoint:738.35, ProcValue:744.61, IMax:100.00, IMin:0.00,
2022-01-12 16:26:44,254 - root - DEBUG -   Window:30, Kp: 30.000, Ki: 1.000, Kd: 0.600
2022-01-12 16:26:44,254 - root - DEBUG - Exiting PID update with parameters Error:-6.26, ITerm:0.00, DInput:-2.00, Output:0.00
2022-01-12 16:26:44,254 - root - DEBUG - RunID 54, Segment 1 (loop 212) - RunState:Ramp,
                       ReadTmp:744.61, RampTmp:738.35, TargetTmp:945.00,
                       Output:0.00, CycleOnSec:0.00, RemainTime:1:13:26
                    
2022-01-12 16:26:44,255 - root - DEBUG - ==>Relay Off
2022-01-12 16:26:44,255 - root - DEBUG - Writing stats to Firing DB table...
2022-01-12 16:26:44,266 - root - INFO - database writing complete1
2022-01-12 16:26:44,267 - root - INFO - RunState end: Ramp
2022-01-12 16:27:14,254 - root - DEBUG - Entering PID update with parameters SetPoint:739.77, ProcValue:742.61, IMax:100.00, IMin:0.00,
2022-01-12 16:27:14,254 - root - DEBUG -   Window:30, Kp: 30.000, Ki: 1.000, Kd: 0.600
2022-01-12 16:27:14,254 - root - DEBUG - Exiting PID update with parameters Error:-2.84, ITerm:0.00, DInput:-2.00, Output:0.00
2022-01-12 16:27:14,254 - root - DEBUG - RunID 54, Segment 1 (loop 213) - RunState:Ramp,
                       ReadTmp:742.61, RampTmp:739.77, TargetTmp:945.00,
                       Output:0.00, CycleOnSec:0.00, RemainTime:1:12:56
                    
2022-01-12 16:27:14,255 - root - DEBUG - ==>Relay Off
2022-01-12 16:27:14,255 - root - DEBUG - Writing stats to Firing DB table...
2022-01-12 16:27:14,267 - root - INFO - database writing complete1
2022-01-12 16:27:14,267 - root - INFO - RunState end: Ramp
2022-01-12 16:27:44,254 - root - DEBUG - Entering PID update with parameters SetPoint:741.19, ProcValue:740.61, IMax:100.00, IMin:0.00,
2022-01-12 16:27:44,254 - root - DEBUG -   Window:30, Kp: 30.000, Ki: 1.000, Kd: 0.600
2022-01-12 16:27:44,254 - root - DEBUG - Exiting PID update with parameters Error:0.57, ITerm:0.57, DInput:-2.00, Output:18.99
2022-01-12 16:27:44,254 - root - DEBUG - RunID 54, Segment 1 (loop 214) - RunState:Ramp,
                       ReadTmp:740.61, RampTmp:741.19, TargetTmp:945.00,
                       Output:18.99, CycleOnSec:5.70, RemainTime:1:12:26
                    
2022-01-12 16:27:44,255 - root - DEBUG - ==>Relay On
2022-01-12 16:27:49,956 - root - DEBUG - ==>Relay Off
2022-01-12 16:27:49,957 - root - DEBUG - Writing stats to Firing DB table...
2022-01-12 16:27:49,971 - root - INFO - database writing complete1
2022-01-12 16:27:49,971 - root - INFO - RunState end: Ramp
2022-01-12 16:28:14,254 - root - DEBUG - Entering PID update with parameters SetPoint:742.60, ProcValue:767.09, IMax:100.00, IMin:0.00,
2022-01-12 16:28:14,254 - root - DEBUG -   Window:30, Kp: 30.000, Ki: 1.000, Kd: 0.600
2022-01-12 16:28:14,254 - root - DEBUG - Exiting PID update with parameters Error:-24.49, ITerm:0.00, DInput:26.48, Output:0.00
2022-01-12 16:28:14,254 - root - DEBUG - RunID 54, Segment 1 (loop 215) - RunState:Ramp,
                       ReadTmp:767.09, RampTmp:742.60, TargetTmp:945.00,
                       Output:0.00, CycleOnSec:0.00, RemainTime:1:11:56
                    
2022-01-12 16:28:14,255 - root - DEBUG - ==>Relay Off
2022-01-12 16:28:14,255 - root - DEBUG - Writing stats to Firing DB table...
2022-01-12 16:28:14,268 - root - INFO - database writing complete1
2022-01-12 16:28:14,269 - root - INFO - RunState end: Ramp
2022-01-12 16:28:44,254 - root - DEBUG - Entering PID update with parameters SetPoint:744.02, ProcValue:765.09, IMax:100.00, IMin:0.00,
2022-01-12 16:28:44,254 - root - DEBUG -   Window:30, Kp: 30.000, Ki: 1.000, Kd: 0.600
2022-01-12 16:28:44,254 - root - DEBUG - Exiting PID update with parameters Error:-21.07, ITerm:0.00, DInput:-2.00, Output:0.00
2022-01-12 16:28:44,254 - root - DEBUG - RunID 54, Segment 1 (loop 216) - RunState:Ramp,
                       ReadTmp:765.09, RampTmp:744.02, TargetTmp:945.00,
                       Output:0.00, CycleOnSec:0.00, RemainTime:1:11:26
                    
2022-01-12 16:28:44,255 - root - DEBUG - ==>Relay Off
2022-01-12 16:28:44,255 - root - DEBUG - Writing stats to Firing DB table...
2022-01-12 16:28:44,266 - root - INFO - database writing complete1
2022-01-12 16:28:44,266 - root - INFO - RunState end: Ramp
2022-01-12 16:29:14,254 - root - DEBUG - Entering PID update with parameters SetPoint:745.44, ProcValue:763.09, IMax:100.00, IMin:0.00,
2022-01-12 16:29:14,254 - root - DEBUG -   Window:30, Kp: 30.000, Ki: 1.000, Kd: 0.600
2022-01-12 16:29:14,254 - root - DEBUG - Exiting PID update with parameters Error:-17.65, ITerm:0.00, DInput:-2.00, Output:0.00
2022-01-12 16:29:14,254 - root - DEBUG - RunID 54, Segment 1 (loop 217) - RunState:Ramp,
                       ReadTmp:763.09, RampTmp:745.44, TargetTmp:945.00,
                       Output:0.00, CycleOnSec:0.00, RemainTime:1:10:56
                    
2022-01-12 16:29:14,255 - root - DEBUG - ==>Relay Off
2022-01-12 16:29:14,255 - root - DEBUG - Writing stats to Firing DB table...
2022-01-12 16:29:14,266 - root - INFO - database writing complete1
2022-01-12 16:29:14,267 - root - INFO - RunState end: Ramp
2022-01-12 16:29:44,254 - root - DEBUG - Entering PID update with parameters SetPoint:746.85, ProcValue:761.09, IMax:100.00, IMin:0.00,
2022-01-12 16:29:44,254 - root - DEBUG -   Window:30, Kp: 30.000, Ki: 1.000, Kd: 0.600
2022-01-12 16:29:44,254 - root - DEBUG - Exiting PID update with parameters Error:-14.24, ITerm:0.00, DInput:-2.00, Output:0.00
2022-01-12 16:29:44,254 - root - DEBUG - RunID 54, Segment 1 (loop 218) - RunState:Ramp,
                       ReadTmp:761.09, RampTmp:746.85, TargetTmp:945.00,
                       Output:0.00, CycleOnSec:0.00, RemainTime:1:10:26
                    
2022-01-12 16:29:44,255 - root - DEBUG - ==>Relay Off
2022-01-12 16:29:44,255 - root - DEBUG - Writing stats to Firing DB table...
2022-01-12 16:29:44,266 - root - INFO - database writing complete1
2022-01-12 16:29:44,267 - root - INFO - RunState end: Ramp
2022-01-12 16:30:14,254 - root - DEBUG - Entering PID update with parameters SetPoint:748.27, ProcValue:759.09, IMax:100.00, IMin:0.00,
2022-01-12 16:30:14,254 - root - DEBUG -   Window:30, Kp: 30.000, Ki: 1.000, Kd: 0.600
2022-01-12 16:30:14,254 - root - DEBUG - Exiting PID update with parameters Error:-10.82, ITerm:0.00, DInput:-2.00, Output:0.00
2022-01-12 16:30:14,254 - root - DEBUG - RunID 54, Segment 1 (loop 219) - RunState:Ramp,
                       ReadTmp:759.09, RampTmp:748.27, TargetTmp:945.00,
                       Output:0.00, CycleOnSec:0.00, RemainTime:1:09:56
                    
2022-01-12 16:30:14,256 - root - DEBUG - ==>Relay Off
2022-01-12 16:30:14,257 - root - DEBUG - Writing stats to Firing DB table...
2022-01-12 16:30:14,301 - root - INFO - database writing complete1
2022-01-12 16:30:14,301 - root - INFO - RunState end: Ramp
2022-01-12 16:30:44,254 - root - DEBUG - Entering PID update with parameters SetPoint:749.69, ProcValue:757.09, IMax:100.00, IMin:0.00,
2022-01-12 16:30:44,254 - root - DEBUG -   Window:30, Kp: 30.000, Ki: 1.000, Kd: 0.600
2022-01-12 16:30:44,254 - root - DEBUG - Exiting PID update with parameters Error:-7.40, ITerm:0.00, DInput:-2.00, Output:0.00
2022-01-12 16:30:44,254 - root - DEBUG - RunID 54, Segment 1 (loop 220) - RunState:Ramp,
                       ReadTmp:757.09, RampTmp:749.69, TargetTmp:945.00,
                       Output:0.00, CycleOnSec:0.00, RemainTime:1:09:26
                    
2022-01-12 16:30:44,255 - root - DEBUG - ==>Relay Off
2022-01-12 16:30:44,255 - root - DEBUG - Writing stats to Firing DB table...
2022-01-12 16:30:44,390 - root - INFO - database writing complete1
2022-01-12 16:30:44,390 - root - INFO - RunState end: Ramp
2022-01-12 16:31:14,254 - root - DEBUG - Entering PID update with parameters SetPoint:751.10, ProcValue:755.09, IMax:100.00, IMin:0.00,
2022-01-12 16:31:14,254 - root - DEBUG -   Window:30, Kp: 30.000, Ki: 1.000, Kd: 0.600
2022-01-12 16:31:14,254 - root - DEBUG - Exiting PID update with parameters Error:-3.99, ITerm:0.00, DInput:-2.00, Output:0.00
2022-01-12 16:31:14,254 - root - DEBUG - RunID 54, Segment 1 (loop 221) - RunState:Ramp,
                       ReadTmp:755.09, RampTmp:751.10, TargetTmp:945.00,
                       Output:0.00, CycleOnSec:0.00, RemainTime:1:08:56
                    
2022-01-12 16:31:14,255 - root - DEBUG - ==>Relay Off
2022-01-12 16:31:14,255 - root - DEBUG - Writing stats to Firing DB table...
2022-01-12 16:31:14,267 - root - INFO - database writing complete1
2022-01-12 16:31:14,267 - root - INFO - RunState end: Ramp
2022-01-12 16:31:44,254 - root - DEBUG - Entering PID update with parameters SetPoint:752.52, ProcValue:753.09, IMax:100.00, IMin:0.00,
2022-01-12 16:31:44,254 - root - DEBUG -   Window:30, Kp: 30.000, Ki: 1.000, Kd: 0.600
2022-01-12 16:31:44,254 - root - DEBUG - Exiting PID update with parameters Error:-0.57, ITerm:0.00, DInput:-2.00, Output:0.00
2022-01-12 16:31:44,255 - root - DEBUG - RunID 54, Segment 1 (loop 222) - RunState:Ramp,
                       ReadTmp:753.09, RampTmp:752.52, TargetTmp:945.00,
                       Output:0.00, CycleOnSec:0.00, RemainTime:1:08:26
                    
2022-01-12 16:31:44,255 - root - DEBUG - ==>Relay Off
2022-01-12 16:31:44,255 - root - DEBUG - Writing stats to Firing DB table...
2022-01-12 16:31:44,266 - root - INFO - database writing complete1
2022-01-12 16:31:44,266 - root - INFO - RunState end: Ramp
2022-01-12 16:32:14,254 - root - DEBUG - Entering PID update with parameters SetPoint:753.94, ProcValue:751.09, IMax:100.00, IMin:0.00,
2022-01-12 16:32:14,254 - root - DEBUG -   Window:30, Kp: 30.000, Ki: 1.000, Kd: 0.600
2022-01-12 16:32:14,254 - root - DEBUG - Exiting PID update with parameters Error:2.85, ITerm:2.85, DInput:-2.00, Output:89.42
2022-01-12 16:32:14,254 - root - DEBUG - RunID 54, Segment 1 (loop 223) - RunState:Ramp,
                       ReadTmp:751.09, RampTmp:753.94, TargetTmp:945.00,
                       Output:89.42, CycleOnSec:26.83, RemainTime:1:07:56
                    
2022-01-12 16:32:14,255 - root - DEBUG - ==>Relay On
2022-01-12 16:32:41,107 - root - DEBUG - ==>Relay Off
2022-01-12 16:32:41,109 - root - DEBUG - Writing stats to Firing DB table...
2022-01-12 16:32:41,121 - root - INFO - database writing complete1
2022-01-12 16:32:41,122 - root - INFO - RunState end: Ramp
2022-01-12 16:32:44,254 - root - DEBUG - Entering PID update with parameters SetPoint:755.35, ProcValue:883.22, IMax:100.00, IMin:0.00,
2022-01-12 16:32:44,255 - root - DEBUG -   Window:30, Kp: 30.000, Ki: 1.000, Kd: 0.600
2022-01-12 16:32:44,255 - root - DEBUG - Exiting PID update with parameters Error:-127.87, ITerm:0.00, DInput:132.13, Output:0.00
2022-01-12 16:32:44,255 - root - DEBUG - RunID 54, Segment 1 (loop 224) - RunState:Ramp,
                       ReadTmp:883.22, RampTmp:755.35, TargetTmp:945.00,
                       Output:0.00, CycleOnSec:0.00, RemainTime:1:07:26
                    
2022-01-12 16:32:44,255 - root - DEBUG - ==>Relay Off
2022-01-12 16:32:44,256 - root - DEBUG - Writing stats to Firing DB table...
2022-01-12 16:32:44,268 - root - INFO - database writing complete1
2022-01-12 16:32:44,269 - root - INFO - RunState end: Ramp
2022-01-12 16:33:14,254 - root - DEBUG - Entering PID update with parameters SetPoint:756.77, ProcValue:881.22, IMax:100.00, IMin:0.00,
2022-01-12 16:33:14,254 - root - DEBUG -   Window:30, Kp: 30.000, Ki: 1.000, Kd: 0.600
2022-01-12 16:33:14,254 - root - DEBUG - Exiting PID update with parameters Error:-124.45, ITerm:0.00, DInput:-2.00, Output:0.00
2022-01-12 16:33:14,254 - root - DEBUG - RunID 54, Segment 1 (loop 225) - RunState:Ramp,
                       ReadTmp:881.22, RampTmp:756.77, TargetTmp:945.00,
                       Output:0.00, CycleOnSec:0.00, RemainTime:1:06:56
                    
2022-01-12 16:33:14,255 - root - DEBUG - ==>Relay Off
2022-01-12 16:33:14,255 - root - DEBUG - Writing stats to Firing DB table...
2022-01-12 16:33:14,267 - root - INFO - database writing complete1
2022-01-12 16:33:14,267 - root - INFO - RunState end: Ramp
2022-01-12 16:33:44,254 - root - DEBUG - Entering PID update with parameters SetPoint:758.19, ProcValue:879.22, IMax:100.00, IMin:0.00,
2022-01-12 16:33:44,254 - root - DEBUG -   Window:30, Kp: 30.000, Ki: 1.000, Kd: 0.600
2022-01-12 16:33:44,254 - root - DEBUG - Exiting PID update with parameters Error:-121.03, ITerm:0.00, DInput:-2.00, Output:0.00
2022-01-12 16:33:44,254 - root - DEBUG - RunID 54, Segment 1 (loop 226) - RunState:Ramp,
                       ReadTmp:879.22, RampTmp:758.19, TargetTmp:945.00,
                       Output:0.00, CycleOnSec:0.00, RemainTime:1:06:26
                    
2022-01-12 16:33:44,255 - root - DEBUG - ==>Relay Off
2022-01-12 16:33:44,255 - root - DEBUG - Writing stats to Firing DB table...
2022-01-12 16:33:44,267 - root - INFO - database writing complete1
2022-01-12 16:33:44,268 - root - INFO - RunState end: Ramp
2022-01-12 16:34:14,254 - root - DEBUG - Entering PID update with parameters SetPoint:759.60, ProcValue:877.22, IMax:100.00, IMin:0.00,
2022-01-12 16:34:14,254 - root - DEBUG -   Window:30, Kp: 30.000, Ki: 1.000, Kd: 0.600
2022-01-12 16:34:14,254 - root - DEBUG - Exiting PID update with parameters Error:-117.62, ITerm:0.00, DInput:-2.00, Output:0.00
2022-01-12 16:34:14,254 - root - DEBUG - RunID 54, Segment 1 (loop 227) - RunState:Ramp,
                       ReadTmp:877.22, RampTmp:759.60, TargetTmp:945.00,
                       Output:0.00, CycleOnSec:0.00, RemainTime:1:05:56
                    
2022-01-12 16:34:14,255 - root - DEBUG - ==>Relay Off
2022-01-12 16:34:14,255 - root - DEBUG - Writing stats to Firing DB table...
2022-01-12 16:34:14,267 - root - INFO - database writing complete1
2022-01-12 16:34:14,267 - root - INFO - RunState end: Ramp
2022-01-12 16:34:44,254 - root - DEBUG - Entering PID update with parameters SetPoint:761.02, ProcValue:875.22, IMax:100.00, IMin:0.00,
2022-01-12 16:34:44,254 - root - DEBUG -   Window:30, Kp: 30.000, Ki: 1.000, Kd: 0.600
2022-01-12 16:34:44,254 - root - DEBUG - Exiting PID update with parameters Error:-114.20, ITerm:0.00, DInput:-2.00, Output:0.00
2022-01-12 16:34:44,255 - root - DEBUG - RunID 54, Segment 1 (loop 228) - RunState:Ramp,
                       ReadTmp:875.22, RampTmp:761.02, TargetTmp:945.00,
                       Output:0.00, CycleOnSec:0.00, RemainTime:1:05:26
                    
2022-01-12 16:34:44,255 - root - DEBUG - ==>Relay Off
2022-01-12 16:34:44,255 - root - DEBUG - Writing stats to Firing DB table...
2022-01-12 16:34:44,266 - root - INFO - database writing complete1
2022-01-12 16:34:44,266 - root - INFO - RunState end: Ramp
2022-01-12 16:35:14,254 - root - DEBUG - Entering PID update with parameters SetPoint:762.44, ProcValue:873.22, IMax:100.00, IMin:0.00,
2022-01-12 16:35:14,254 - root - DEBUG -   Window:30, Kp: 30.000, Ki: 1.000, Kd: 0.600
2022-01-12 16:35:14,254 - root - DEBUG - Exiting PID update with parameters Error:-110.78, ITerm:0.00, DInput:-2.00, Output:0.00
2022-01-12 16:35:14,254 - root - DEBUG - RunID 54, Segment 1 (loop 229) - RunState:Ramp,
                       ReadTmp:873.22, RampTmp:762.44, TargetTmp:945.00,
                       Output:0.00, CycleOnSec:0.00, RemainTime:1:04:56
                    
2022-01-12 16:35:14,255 - root - DEBUG - ==>Relay Off
2022-01-12 16:35:14,255 - root - DEBUG - Writing stats to Firing DB table...
2022-01-12 16:35:14,268 - root - INFO - database writing complete1
2022-01-12 16:35:14,269 - root - INFO - RunState end: Ramp
2022-01-12 16:35:44,254 - root - DEBUG - Entering PID update with parameters SetPoint:763.85, ProcValue:871.22, IMax:100.00, IMin:0.00,
2022-01-12 16:35:44,254 - root - DEBUG -   Window:30, Kp: 30.000, Ki: 1.000, Kd: 0.600
2022-01-12 16:35:44,254 - root - DEBUG - Exiting PID update with parameters Error:-107.37, ITerm:0.00, DInput:-2.00, Output:0.00
2022-01-12 16:35:44,254 - root - DEBUG - RunID 54, Segment 1 (loop 230) - RunState:Ramp,
                       ReadTmp:871.22, RampTmp:763.85, TargetTmp:945.00,
                       Output:0.00, CycleOnSec:0.00, RemainTime:1:04:26
                    
2022-01-12 16:35:44,255 - root - DEBUG - ==>Relay Off
2022-01-12 16:35:44,255 - root - DEBUG - Writing stats to Firing DB table...
2022-01-12 16:35:44,267 - root - INFO - database writing complete1
2022-01-12 16:35:44,268 - root - INFO - RunState end: Ramp
2022-01-12 16:36:14,254 - root - DEBUG - Entering PID update with parameters SetPoint:765.27, ProcValue:869.22, IMax:100.00, IMin:0.00,
2022-01-12 16:36:14,255 - root - DEBUG -   Window:30, Kp: 30.000, Ki: 1.000, Kd: 0.600
2022-01-12 16:36:14,255 - root - DEBUG - Exiting PID update with parameters Error:-103.95, ITerm:0.00, DInput:-2.00, Output:0.00
2022-01-12 16:36:14,255 - root - DEBUG - RunID 54, Segment 1 (loop 231) - RunState:Ramp,
                       ReadTmp:869.22, RampTmp:765.27, TargetTmp:945.00,
                       Output:0.00, CycleOnSec:0.00, RemainTime:1:03:56
                    
2022-01-12 16:36:14,255 - root - DEBUG - ==>Relay Off
2022-01-12 16:36:14,256 - root - DEBUG - Writing stats to Firing DB table...
2022-01-12 16:36:14,269 - root - INFO - database writing complete1
2022-01-12 16:36:14,270 - root - INFO - RunState end: Ramp
2022-01-12 16:36:44,256 - root - DEBUG - Entering PID update with parameters SetPoint:766.69, ProcValue:867.22, IMax:100.00, IMin:0.00,
2022-01-12 16:36:44,256 - root - DEBUG -   Window:30, Kp: 30.000, Ki: 1.000, Kd: 0.600
2022-01-12 16:36:44,256 - root - DEBUG - Exiting PID update with parameters Error:-100.53, ITerm:0.00, DInput:-2.00, Output:0.00
2022-01-12 16:36:44,256 - root - DEBUG - RunID 54, Segment 1 (loop 232) - RunState:Ramp,
                       ReadTmp:867.22, RampTmp:766.69, TargetTmp:945.00,
                       Output:0.00, CycleOnSec:0.00, RemainTime:1:03:26
                    
2022-01-12 16:36:44,256 - root - DEBUG - ==>Relay Off
2022-01-12 16:36:44,257 - root - DEBUG - Writing stats to Firing DB table...
2022-01-12 16:36:44,268 - root - INFO - database writing complete1
2022-01-12 16:36:44,269 - root - INFO - RunState end: Ramp
2022-01-12 16:37:14,255 - root - DEBUG - Entering PID update with parameters SetPoint:768.10, ProcValue:865.22, IMax:100.00, IMin:0.00,
2022-01-12 16:37:14,255 - root - DEBUG -   Window:30, Kp: 30.000, Ki: 1.000, Kd: 0.600
2022-01-12 16:37:14,255 - root - DEBUG - Exiting PID update with parameters Error:-97.12, ITerm:0.00, DInput:-2.00, Output:0.00
2022-01-12 16:37:14,255 - root - DEBUG - RunID 54, Segment 1 (loop 233) - RunState:Ramp,
                       ReadTmp:865.22, RampTmp:768.10, TargetTmp:945.00,
                       Output:0.00, CycleOnSec:0.00, RemainTime:1:02:56
                    
2022-01-12 16:37:14,255 - root - DEBUG - ==>Relay Off
2022-01-12 16:37:14,256 - root - DEBUG - Writing stats to Firing DB table...
2022-01-12 16:37:14,267 - root - INFO - database writing complete1
2022-01-12 16:37:14,268 - root - INFO - RunState end: Ramp
2022-01-12 16:37:44,255 - root - DEBUG - Entering PID update with parameters SetPoint:769.52, ProcValue:863.22, IMax:100.00, IMin:0.00,
2022-01-12 16:37:44,256 - root - DEBUG -   Window:30, Kp: 30.000, Ki: 1.000, Kd: 0.600
2022-01-12 16:37:44,256 - root - DEBUG - Exiting PID update with parameters Error:-93.70, ITerm:0.00, DInput:-2.00, Output:0.00
2022-01-12 16:37:44,256 - root - DEBUG - RunID 54, Segment 1 (loop 234) - RunState:Ramp,
                       ReadTmp:863.22, RampTmp:769.52, TargetTmp:945.00,
                       Output:0.00, CycleOnSec:0.00, RemainTime:1:02:26
                    
2022-01-12 16:37:44,256 - root - DEBUG - ==>Relay Off
2022-01-12 16:37:44,257 - root - DEBUG - Writing stats to Firing DB table...
2022-01-12 16:37:44,270 - root - INFO - database writing complete1
2022-01-12 16:37:44,271 - root - INFO - RunState end: Ramp
2022-01-12 16:38:14,254 - root - DEBUG - Entering PID update with parameters SetPoint:770.94, ProcValue:861.22, IMax:100.00, IMin:0.00,
2022-01-12 16:38:14,254 - root - DEBUG -   Window:30, Kp: 30.000, Ki: 1.000, Kd: 0.600
2022-01-12 16:38:14,254 - root - DEBUG - Exiting PID update with parameters Error:-90.28, ITerm:0.00, DInput:-2.00, Output:0.00
2022-01-12 16:38:14,255 - root - DEBUG - RunID 54, Segment 1 (loop 235) - RunState:Ramp,
                       ReadTmp:861.22, RampTmp:770.94, TargetTmp:945.00,
                       Output:0.00, CycleOnSec:0.00, RemainTime:1:01:56
                    
2022-01-12 16:38:14,255 - root - DEBUG - ==>Relay Off
2022-01-12 16:38:14,255 - root - DEBUG - Writing stats to Firing DB table...
2022-01-12 16:38:14,290 - root - INFO - database writing complete1
2022-01-12 16:38:14,290 - root - INFO - RunState end: Ramp
2022-01-12 16:38:44,254 - root - DEBUG - Entering PID update with parameters SetPoint:772.35, ProcValue:859.22, IMax:100.00, IMin:0.00,
2022-01-12 16:38:44,254 - root - DEBUG -   Window:30, Kp: 30.000, Ki: 1.000, Kd: 0.600
2022-01-12 16:38:44,255 - root - DEBUG - Exiting PID update with parameters Error:-86.87, ITerm:0.00, DInput:-2.00, Output:0.00
2022-01-12 16:38:44,255 - root - DEBUG - RunID 54, Segment 1 (loop 236) - RunState:Ramp,
                       ReadTmp:859.22, RampTmp:772.35, TargetTmp:945.00,
                       Output:0.00, CycleOnSec:0.00, RemainTime:1:01:26
                    
2022-01-12 16:38:44,255 - root - DEBUG - ==>Relay Off
2022-01-12 16:38:44,255 - root - DEBUG - Writing stats to Firing DB table...
2022-01-12 16:38:44,287 - root - INFO - database writing complete1
2022-01-12 16:38:44,288 - root - INFO - RunState end: Ramp
2022-01-12 16:39:14,254 - root - DEBUG - Entering PID update with parameters SetPoint:773.77, ProcValue:857.22, IMax:100.00, IMin:0.00,
2022-01-12 16:39:14,255 - root - DEBUG -   Window:30, Kp: 30.000, Ki: 1.000, Kd: 0.600
2022-01-12 16:39:14,255 - root - DEBUG - Exiting PID update with parameters Error:-83.45, ITerm:0.00, DInput:-2.00, Output:0.00
2022-01-12 16:39:14,255 - root - DEBUG - RunID 54, Segment 1 (loop 237) - RunState:Ramp,
                       ReadTmp:857.22, RampTmp:773.77, TargetTmp:945.00,
                       Output:0.00, CycleOnSec:0.00, RemainTime:1:00:56
                    
2022-01-12 16:39:14,255 - root - DEBUG - ==>Relay Off
2022-01-12 16:39:14,255 - root - DEBUG - Writing stats to Firing DB table...
2022-01-12 16:39:14,267 - root - INFO - database writing complete1
2022-01-12 16:39:14,268 - root - INFO - RunState end: Ramp
2022-01-12 16:39:44,254 - root - DEBUG - Entering PID update with parameters SetPoint:775.19, ProcValue:855.22, IMax:100.00, IMin:0.00,
2022-01-12 16:39:44,254 - root - DEBUG -   Window:30, Kp: 30.000, Ki: 1.000, Kd: 0.600
2022-01-12 16:39:44,255 - root - DEBUG - Exiting PID update with parameters Error:-80.03, ITerm:0.00, DInput:-2.00, Output:0.00
2022-01-12 16:39:44,255 - root - DEBUG - RunID 54, Segment 1 (loop 238) - RunState:Ramp,
                       ReadTmp:855.22, RampTmp:775.19, TargetTmp:945.00,
                       Output:0.00, CycleOnSec:0.00, RemainTime:1:00:26
                    
2022-01-12 16:39:44,255 - root - DEBUG - ==>Relay Off
2022-01-12 16:39:44,255 - root - DEBUG - Writing stats to Firing DB table...
2022-01-12 16:39:44,266 - root - INFO - database writing complete1
2022-01-12 16:39:44,267 - root - INFO - RunState end: Ramp
2022-01-12 16:40:14,254 - root - DEBUG - Entering PID update with parameters SetPoint:776.60, ProcValue:853.22, IMax:100.00, IMin:0.00,
2022-01-12 16:40:14,255 - root - DEBUG -   Window:30, Kp: 30.000, Ki: 1.000, Kd: 0.600
2022-01-12 16:40:14,255 - root - DEBUG - Exiting PID update with parameters Error:-76.62, ITerm:0.00, DInput:-2.00, Output:0.00
2022-01-12 16:40:14,255 - root - DEBUG - RunID 54, Segment 1 (loop 239) - RunState:Ramp,
                       ReadTmp:853.22, RampTmp:776.60, TargetTmp:945.00,
                       Output:0.00, CycleOnSec:0.00, RemainTime:0:59:56
                    
2022-01-12 16:40:14,255 - root - DEBUG - ==>Relay Off
2022-01-12 16:40:14,256 - root - DEBUG - Writing stats to Firing DB table...
2022-01-12 16:40:14,266 - root - INFO - database writing complete1
2022-01-12 16:40:14,267 - root - INFO - RunState end: Ramp
2022-01-12 16:40:44,255 - root - DEBUG - Entering PID update with parameters SetPoint:778.02, ProcValue:851.22, IMax:100.00, IMin:0.00,
2022-01-12 16:40:44,255 - root - DEBUG -   Window:30, Kp: 30.000, Ki: 1.000, Kd: 0.600
2022-01-12 16:40:44,255 - root - DEBUG - Exiting PID update with parameters Error:-73.20, ITerm:0.00, DInput:-2.00, Output:0.00
2022-01-12 16:40:44,255 - root - DEBUG - RunID 54, Segment 1 (loop 240) - RunState:Ramp,
                       ReadTmp:851.22, RampTmp:778.02, TargetTmp:945.00,
                       Output:0.00, CycleOnSec:0.00, RemainTime:0:59:26
                    
2022-01-12 16:40:44,255 - root - DEBUG - ==>Relay Off
2022-01-12 16:40:44,256 - root - DEBUG - Writing stats to Firing DB table...
2022-01-12 16:40:44,267 - root - INFO - database writing complete1
2022-01-12 16:40:44,267 - root - INFO - RunState end: Ramp
2022-01-12 16:41:14,254 - root - DEBUG - Entering PID update with parameters SetPoint:779.44, ProcValue:849.22, IMax:100.00, IMin:0.00,
2022-01-12 16:41:14,255 - root - DEBUG -   Window:30, Kp: 30.000, Ki: 1.000, Kd: 0.600
2022-01-12 16:41:14,255 - root - DEBUG - Exiting PID update with parameters Error:-69.78, ITerm:0.00, DInput:-2.00, Output:0.00
2022-01-12 16:41:14,255 - root - DEBUG - RunID 54, Segment 1 (loop 241) - RunState:Ramp,
                       ReadTmp:849.22, RampTmp:779.44, TargetTmp:945.00,
                       Output:0.00, CycleOnSec:0.00, RemainTime:0:58:56
                    
2022-01-12 16:41:14,255 - root - DEBUG - ==>Relay Off
2022-01-12 16:41:14,256 - root - DEBUG - Writing stats to Firing DB table...
2022-01-12 16:41:14,267 - root - INFO - database writing complete1
2022-01-12 16:41:14,267 - root - INFO - RunState end: Ramp
2022-01-12 16:41:44,254 - root - DEBUG - Entering PID update with parameters SetPoint:780.85, ProcValue:847.22, IMax:100.00, IMin:0.00,
2022-01-12 16:41:44,255 - root - DEBUG -   Window:30, Kp: 30.000, Ki: 1.000, Kd: 0.600
2022-01-12 16:41:44,255 - root - DEBUG - Exiting PID update with parameters Error:-66.37, ITerm:0.00, DInput:-2.00, Output:0.00
2022-01-12 16:41:44,255 - root - DEBUG - RunID 54, Segment 1 (loop 242) - RunState:Ramp,
                       ReadTmp:847.22, RampTmp:780.85, TargetTmp:945.00,
                       Output:0.00, CycleOnSec:0.00, RemainTime:0:58:26
                    
2022-01-12 16:41:44,255 - root - DEBUG - ==>Relay Off
2022-01-12 16:41:44,255 - root - DEBUG - Writing stats to Firing DB table...
2022-01-12 16:41:44,267 - root - INFO - database writing complete1
2022-01-12 16:41:44,267 - root - INFO - RunState end: Ramp
2022-01-12 16:42:14,254 - root - DEBUG - Entering PID update with parameters SetPoint:782.27, ProcValue:845.22, IMax:100.00, IMin:0.00,
2022-01-12 16:42:14,255 - root - DEBUG -   Window:30, Kp: 30.000, Ki: 1.000, Kd: 0.600
2022-01-12 16:42:14,255 - root - DEBUG - Exiting PID update with parameters Error:-62.95, ITerm:0.00, DInput:-2.00, Output:0.00
2022-01-12 16:42:14,255 - root - DEBUG - RunID 54, Segment 1 (loop 243) - RunState:Ramp,
                       ReadTmp:845.22, RampTmp:782.27, TargetTmp:945.00,
                       Output:0.00, CycleOnSec:0.00, RemainTime:0:57:56
                    
2022-01-12 16:42:14,255 - root - DEBUG - ==>Relay Off
2022-01-12 16:42:14,256 - root - DEBUG - Writing stats to Firing DB table...
2022-01-12 16:42:14,270 - root - INFO - database writing complete1
2022-01-12 16:42:14,271 - root - INFO - RunState end: Ramp
2022-01-12 16:42:44,254 - root - DEBUG - Entering PID update with parameters SetPoint:783.69, ProcValue:843.22, IMax:100.00, IMin:0.00,
2022-01-12 16:42:44,255 - root - DEBUG -   Window:30, Kp: 30.000, Ki: 1.000, Kd: 0.600
2022-01-12 16:42:44,255 - root - DEBUG - Exiting PID update with parameters Error:-59.53, ITerm:0.00, DInput:-2.00, Output:0.00
2022-01-12 16:42:44,255 - root - DEBUG - RunID 54, Segment 1 (loop 244) - RunState:Ramp,
                       ReadTmp:843.22, RampTmp:783.69, TargetTmp:945.00,
                       Output:0.00, CycleOnSec:0.00, RemainTime:0:57:26
                    
2022-01-12 16:42:44,255 - root - DEBUG - ==>Relay Off
2022-01-12 16:42:44,255 - root - DEBUG - Writing stats to Firing DB table...
2022-01-12 16:42:44,267 - root - INFO - database writing complete1
2022-01-12 16:42:44,267 - root - INFO - RunState end: Ramp
2022-01-12 16:43:14,254 - root - DEBUG - Entering PID update with parameters SetPoint:785.10, ProcValue:841.22, IMax:100.00, IMin:0.00,
2022-01-12 16:43:14,255 - root - DEBUG -   Window:30, Kp: 30.000, Ki: 1.000, Kd: 0.600
2022-01-12 16:43:14,255 - root - DEBUG - Exiting PID update with parameters Error:-56.12, ITerm:0.00, DInput:-2.00, Output:0.00
2022-01-12 16:43:14,255 - root - DEBUG - RunID 54, Segment 1 (loop 245) - RunState:Ramp,
                       ReadTmp:841.22, RampTmp:785.10, TargetTmp:945.00,
                       Output:0.00, CycleOnSec:0.00, RemainTime:0:56:56
                    
2022-01-12 16:43:14,255 - root - DEBUG - ==>Relay Off
2022-01-12 16:43:14,256 - root - DEBUG - Writing stats to Firing DB table...
2022-01-12 16:43:14,270 - root - INFO - database writing complete1
2022-01-12 16:43:14,271 - root - INFO - RunState end: Ramp
2022-01-12 16:43:44,256 - root - DEBUG - Entering PID update with parameters SetPoint:786.52, ProcValue:839.22, IMax:100.00, IMin:0.00,
2022-01-12 16:43:44,256 - root - DEBUG -   Window:30, Kp: 30.000, Ki: 1.000, Kd: 0.600
2022-01-12 16:43:44,256 - root - DEBUG - Exiting PID update with parameters Error:-52.70, ITerm:0.00, DInput:-2.00, Output:0.00
2022-01-12 16:43:44,257 - root - DEBUG - RunID 54, Segment 1 (loop 246) - RunState:Ramp,
                       ReadTmp:839.22, RampTmp:786.52, TargetTmp:945.00,
                       Output:0.00, CycleOnSec:0.00, RemainTime:0:56:26
                    
2022-01-12 16:43:44,257 - root - DEBUG - ==>Relay Off
2022-01-12 16:43:44,257 - root - DEBUG - Writing stats to Firing DB table...
2022-01-12 16:43:44,268 - root - INFO - database writing complete1
2022-01-12 16:43:44,268 - root - INFO - RunState end: Ramp
2022-01-12 16:44:14,255 - root - DEBUG - Entering PID update with parameters SetPoint:787.94, ProcValue:837.22, IMax:100.00, IMin:0.00,
2022-01-12 16:44:14,255 - root - DEBUG -   Window:30, Kp: 30.000, Ki: 1.000, Kd: 0.600
2022-01-12 16:44:14,255 - root - DEBUG - Exiting PID update with parameters Error:-49.28, ITerm:0.00, DInput:-2.00, Output:0.00
2022-01-12 16:44:14,255 - root - DEBUG - RunID 54, Segment 1 (loop 247) - RunState:Ramp,
                       ReadTmp:837.22, RampTmp:787.94, TargetTmp:945.00,
                       Output:0.00, CycleOnSec:0.00, RemainTime:0:55:56
                    
2022-01-12 16:44:14,256 - root - DEBUG - ==>Relay Off
2022-01-12 16:44:14,256 - root - DEBUG - Writing stats to Firing DB table...
2022-01-12 16:44:14,268 - root - INFO - database writing complete1
2022-01-12 16:44:14,268 - root - INFO - RunState end: Ramp
2022-01-12 16:44:44,254 - root - DEBUG - Entering PID update with parameters SetPoint:789.35, ProcValue:835.22, IMax:100.00, IMin:0.00,
2022-01-12 16:44:44,254 - root - DEBUG -   Window:30, Kp: 30.000, Ki: 1.000, Kd: 0.600
2022-01-12 16:44:44,254 - root - DEBUG - Exiting PID update with parameters Error:-45.87, ITerm:0.00, DInput:-2.00, Output:0.00
2022-01-12 16:44:44,255 - root - DEBUG - RunID 54, Segment 1 (loop 248) - RunState:Ramp,
                       ReadTmp:835.22, RampTmp:789.35, TargetTmp:945.00,
                       Output:0.00, CycleOnSec:0.00, RemainTime:0:55:26
                    
2022-01-12 16:44:44,255 - root - DEBUG - ==>Relay Off
2022-01-12 16:44:44,255 - root - DEBUG - Writing stats to Firing DB table...
2022-01-12 16:44:44,267 - root - INFO - database writing complete1
2022-01-12 16:44:44,267 - root - INFO - RunState end: Ramp
2022-01-12 16:45:14,254 - root - DEBUG - Entering PID update with parameters SetPoint:790.77, ProcValue:833.22, IMax:100.00, IMin:0.00,
2022-01-12 16:45:14,254 - root - DEBUG -   Window:30, Kp: 30.000, Ki: 1.000, Kd: 0.600
2022-01-12 16:45:14,254 - root - DEBUG - Exiting PID update with parameters Error:-42.45, ITerm:0.00, DInput:-2.00, Output:0.00
2022-01-12 16:45:14,255 - root - DEBUG - RunID 54, Segment 1 (loop 249) - RunState:Ramp,
                       ReadTmp:833.22, RampTmp:790.77, TargetTmp:945.00,
                       Output:0.00, CycleOnSec:0.00, RemainTime:0:54:56
                    
2022-01-12 16:45:14,255 - root - DEBUG - ==>Relay Off
2022-01-12 16:45:14,255 - root - DEBUG - Writing stats to Firing DB table...
2022-01-12 16:45:14,267 - root - INFO - database writing complete1
2022-01-12 16:45:14,267 - root - INFO - RunState end: Ramp
2022-01-12 16:45:44,254 - root - DEBUG - Entering PID update with parameters SetPoint:792.19, ProcValue:831.22, IMax:100.00, IMin:0.00,
2022-01-12 16:45:44,254 - root - DEBUG -   Window:30, Kp: 30.000, Ki: 1.000, Kd: 0.600
2022-01-12 16:45:44,254 - root - DEBUG - Exiting PID update with parameters Error:-39.03, ITerm:0.00, DInput:-2.00, Output:0.00
2022-01-12 16:45:44,255 - root - DEBUG - RunID 54, Segment 1 (loop 250) - RunState:Ramp,
                       ReadTmp:831.22, RampTmp:792.19, TargetTmp:945.00,
                       Output:0.00, CycleOnSec:0.00, RemainTime:0:54:26
                    
2022-01-12 16:45:44,255 - root - DEBUG - ==>Relay Off
2022-01-12 16:45:44,255 - root - DEBUG - Writing stats to Firing DB table...
2022-01-12 16:45:44,267 - root - INFO - database writing complete1
2022-01-12 16:45:44,267 - root - INFO - RunState end: Ramp
2022-01-12 16:46:14,255 - root - DEBUG - Entering PID update with parameters SetPoint:793.60, ProcValue:829.22, IMax:100.00, IMin:0.00,
2022-01-12 16:46:14,256 - root - DEBUG -   Window:30, Kp: 30.000, Ki: 1.000, Kd: 0.600
2022-01-12 16:46:14,256 - root - DEBUG - Exiting PID update with parameters Error:-35.62, ITerm:0.00, DInput:-2.00, Output:0.00
2022-01-12 16:46:14,256 - root - DEBUG - RunID 54, Segment 1 (loop 251) - RunState:Ramp,
                       ReadTmp:829.22, RampTmp:793.60, TargetTmp:945.00,
                       Output:0.00, CycleOnSec:0.00, RemainTime:0:53:56
                    
2022-01-12 16:46:14,256 - root - DEBUG - ==>Relay Off
2022-01-12 16:46:14,257 - root - DEBUG - Writing stats to Firing DB table...
2022-01-12 16:46:14,270 - root - INFO - database writing complete1
2022-01-12 16:46:14,270 - root - INFO - RunState end: Ramp
2022-01-12 16:46:44,256 - root - DEBUG - Entering PID update with parameters SetPoint:795.02, ProcValue:827.22, IMax:100.00, IMin:0.00,
2022-01-12 16:46:44,256 - root - DEBUG -   Window:30, Kp: 30.000, Ki: 1.000, Kd: 0.600
2022-01-12 16:46:44,257 - root - DEBUG - Exiting PID update with parameters Error:-32.20, ITerm:0.00, DInput:-2.00, Output:0.00
2022-01-12 16:46:44,257 - root - DEBUG - RunID 54, Segment 1 (loop 252) - RunState:Ramp,
                       ReadTmp:827.22, RampTmp:795.02, TargetTmp:945.00,
                       Output:0.00, CycleOnSec:0.00, RemainTime:0:53:26
                    
2022-01-12 16:46:44,257 - root - DEBUG - ==>Relay Off
2022-01-12 16:46:44,258 - root - DEBUG - Writing stats to Firing DB table...
2022-01-12 16:46:44,270 - root - INFO - database writing complete1
2022-01-12 16:46:44,270 - root - INFO - RunState end: Ramp
2022-01-12 16:47:14,255 - root - DEBUG - Entering PID update with parameters SetPoint:796.44, ProcValue:825.22, IMax:100.00, IMin:0.00,
2022-01-12 16:47:14,255 - root - DEBUG -   Window:30, Kp: 30.000, Ki: 1.000, Kd: 0.600
2022-01-12 16:47:14,255 - root - DEBUG - Exiting PID update with parameters Error:-28.78, ITerm:0.00, DInput:-2.00, Output:0.00
2022-01-12 16:47:14,256 - root - DEBUG - RunID 54, Segment 1 (loop 253) - RunState:Ramp,
                       ReadTmp:825.22, RampTmp:796.44, TargetTmp:945.00,
                       Output:0.00, CycleOnSec:0.00, RemainTime:0:52:56
                    
2022-01-12 16:47:14,256 - root - DEBUG - ==>Relay Off
2022-01-12 16:47:14,256 - root - DEBUG - Writing stats to Firing DB table...
2022-01-12 16:47:14,288 - root - INFO - database writing complete1
2022-01-12 16:47:14,289 - root - INFO - RunState end: Ramp
2022-01-12 16:47:44,254 - root - DEBUG - Entering PID update with parameters SetPoint:797.85, ProcValue:823.22, IMax:100.00, IMin:0.00,
2022-01-12 16:47:44,254 - root - DEBUG -   Window:30, Kp: 30.000, Ki: 1.000, Kd: 0.600
2022-01-12 16:47:44,254 - root - DEBUG - Exiting PID update with parameters Error:-25.37, ITerm:0.00, DInput:-2.00, Output:0.00
2022-01-12 16:47:44,255 - root - DEBUG - RunID 54, Segment 1 (loop 254) - RunState:Ramp,
                       ReadTmp:823.22, RampTmp:797.85, TargetTmp:945.00,
                       Output:0.00, CycleOnSec:0.00, RemainTime:0:52:26
                    
2022-01-12 16:47:44,255 - root - DEBUG - ==>Relay Off
2022-01-12 16:47:44,255 - root - DEBUG - Writing stats to Firing DB table...
2022-01-12 16:47:44,267 - root - INFO - database writing complete1
2022-01-12 16:47:44,267 - root - INFO - RunState end: Ramp
2022-01-12 16:48:14,254 - root - DEBUG - Entering PID update with parameters SetPoint:799.27, ProcValue:821.22, IMax:100.00, IMin:0.00,
2022-01-12 16:48:14,254 - root - DEBUG -   Window:30, Kp: 30.000, Ki: 1.000, Kd: 0.600
2022-01-12 16:48:14,255 - root - DEBUG - Exiting PID update with parameters Error:-21.95, ITerm:0.00, DInput:-2.00, Output:0.00
2022-01-12 16:48:14,255 - root - DEBUG - RunID 54, Segment 1 (loop 255) - RunState:Ramp,
                       ReadTmp:821.22, RampTmp:799.27, TargetTmp:945.00,
                       Output:0.00, CycleOnSec:0.00, RemainTime:0:51:56
                    
2022-01-12 16:48:14,255 - root - DEBUG - ==>Relay Off
2022-01-12 16:48:14,255 - root - DEBUG - Writing stats to Firing DB table...
2022-01-12 16:48:14,268 - root - INFO - database writing complete1
2022-01-12 16:48:14,268 - root - INFO - RunState end: Ramp
2022-01-12 16:48:44,254 - root - DEBUG - Entering PID update with parameters SetPoint:800.69, ProcValue:819.22, IMax:100.00, IMin:0.00,
2022-01-12 16:48:44,254 - root - DEBUG -   Window:30, Kp: 30.000, Ki: 1.000, Kd: 0.600
2022-01-12 16:48:44,254 - root - DEBUG - Exiting PID update with parameters Error:-18.53, ITerm:0.00, DInput:-2.00, Output:0.00
2022-01-12 16:48:44,255 - root - DEBUG - RunID 54, Segment 1 (loop 256) - RunState:Ramp,
                       ReadTmp:819.22, RampTmp:800.69, TargetTmp:945.00,
                       Output:0.00, CycleOnSec:0.00, RemainTime:0:51:26
                    
2022-01-12 16:48:44,255 - root - DEBUG - ==>Relay Off
2022-01-12 16:48:44,255 - root - DEBUG - Writing stats to Firing DB table...
2022-01-12 16:48:44,267 - root - INFO - database writing complete1
2022-01-12 16:48:44,267 - root - INFO - RunState end: Ramp
2022-01-12 16:49:14,254 - root - DEBUG - Entering PID update with parameters SetPoint:802.10, ProcValue:817.22, IMax:100.00, IMin:0.00,
2022-01-12 16:49:14,254 - root - DEBUG -   Window:30, Kp: 30.000, Ki: 1.000, Kd: 0.600
2022-01-12 16:49:14,254 - root - DEBUG - Exiting PID update with parameters Error:-15.12, ITerm:0.00, DInput:-2.00, Output:0.00
2022-01-12 16:49:14,255 - root - DEBUG - RunID 54, Segment 1 (loop 257) - RunState:Ramp,
                       ReadTmp:817.22, RampTmp:802.10, TargetTmp:945.00,
                       Output:0.00, CycleOnSec:0.00, RemainTime:0:50:56
                    
2022-01-12 16:49:14,255 - root - DEBUG - ==>Relay Off
2022-01-12 16:49:14,255 - root - DEBUG - Writing stats to Firing DB table...
2022-01-12 16:49:14,267 - root - INFO - database writing complete1
2022-01-12 16:49:14,267 - root - INFO - RunState end: Ramp
2022-01-12 16:49:44,254 - root - DEBUG - Entering PID update with parameters SetPoint:803.52, ProcValue:815.22, IMax:100.00, IMin:0.00,
2022-01-12 16:49:44,254 - root - DEBUG -   Window:30, Kp: 30.000, Ki: 1.000, Kd: 0.600
2022-01-12 16:49:44,255 - root - DEBUG - Exiting PID update with parameters Error:-11.70, ITerm:0.00, DInput:-2.00, Output:0.00
2022-01-12 16:49:44,255 - root - DEBUG - RunID 54, Segment 1 (loop 258) - RunState:Ramp,
                       ReadTmp:815.22, RampTmp:803.52, TargetTmp:945.00,
                       Output:0.00, CycleOnSec:0.00, RemainTime:0:50:26
                    
2022-01-12 16:49:44,255 - root - DEBUG - ==>Relay Off
2022-01-12 16:49:44,256 - root - DEBUG - Writing stats to Firing DB table...
2022-01-12 16:49:44,270 - root - INFO - database writing complete1
2022-01-12 16:49:44,270 - root - INFO - RunState end: Ramp
2022-01-12 16:50:14,254 - root - DEBUG - Entering PID update with parameters SetPoint:804.94, ProcValue:813.22, IMax:100.00, IMin:0.00,
2022-01-12 16:50:14,254 - root - DEBUG -   Window:30, Kp: 30.000, Ki: 1.000, Kd: 0.600
2022-01-12 16:50:14,254 - root - DEBUG - Exiting PID update with parameters Error:-8.28, ITerm:0.00, DInput:-2.00, Output:0.00
2022-01-12 16:50:14,255 - root - DEBUG - RunID 54, Segment 1 (loop 259) - RunState:Ramp,
                       ReadTmp:813.22, RampTmp:804.94, TargetTmp:945.00,
                       Output:0.00, CycleOnSec:0.00, RemainTime:0:49:56
                    
2022-01-12 16:50:14,255 - root - DEBUG - ==>Relay Off
2022-01-12 16:50:14,255 - root - DEBUG - Writing stats to Firing DB table...
2022-01-12 16:50:14,271 - root - INFO - database writing complete1
2022-01-12 16:50:14,271 - root - INFO - RunState end: Ramp
2022-01-12 16:50:44,254 - root - DEBUG - Entering PID update with parameters SetPoint:806.35, ProcValue:811.22, IMax:100.00, IMin:0.00,
2022-01-12 16:50:44,254 - root - DEBUG -   Window:30, Kp: 30.000, Ki: 1.000, Kd: 0.600
2022-01-12 16:50:44,254 - root - DEBUG - Exiting PID update with parameters Error:-4.87, ITerm:0.00, DInput:-2.00, Output:0.00
2022-01-12 16:50:44,255 - root - DEBUG - RunID 54, Segment 1 (loop 260) - RunState:Ramp,
                       ReadTmp:811.22, RampTmp:806.35, TargetTmp:945.00,
                       Output:0.00, CycleOnSec:0.00, RemainTime:0:49:26
                    
2022-01-12 16:50:44,255 - root - DEBUG - ==>Relay Off
2022-01-12 16:50:44,255 - root - DEBUG - Writing stats to Firing DB table...
2022-01-12 16:50:44,267 - root - INFO - database writing complete1
2022-01-12 16:50:44,268 - root - INFO - RunState end: Ramp
2022-01-12 16:51:14,254 - root - DEBUG - Entering PID update with parameters SetPoint:807.77, ProcValue:809.22, IMax:100.00, IMin:0.00,
2022-01-12 16:51:14,254 - root - DEBUG -   Window:30, Kp: 30.000, Ki: 1.000, Kd: 0.600
2022-01-12 16:51:14,255 - root - DEBUG - Exiting PID update with parameters Error:-1.45, ITerm:0.00, DInput:-2.00, Output:0.00
2022-01-12 16:51:14,255 - root - DEBUG - RunID 54, Segment 1 (loop 261) - RunState:Ramp,
                       ReadTmp:809.22, RampTmp:807.77, TargetTmp:945.00,
                       Output:0.00, CycleOnSec:0.00, RemainTime:0:48:56
                    
2022-01-12 16:51:14,255 - root - DEBUG - ==>Relay Off
2022-01-12 16:51:14,256 - root - DEBUG - Writing stats to Firing DB table...
2022-01-12 16:51:14,267 - root - INFO - database writing complete1
2022-01-12 16:51:14,268 - root - INFO - RunState end: Ramp
2022-01-12 16:51:44,254 - root - DEBUG - Entering PID update with parameters SetPoint:809.19, ProcValue:807.22, IMax:100.00, IMin:0.00,
2022-01-12 16:51:44,254 - root - DEBUG -   Window:30, Kp: 30.000, Ki: 1.000, Kd: 0.600
2022-01-12 16:51:44,255 - root - DEBUG - Exiting PID update with parameters Error:1.97, ITerm:1.97, DInput:-2.00, Output:62.20
2022-01-12 16:51:44,255 - root - DEBUG - RunID 54, Segment 1 (loop 262) - RunState:Ramp,
                       ReadTmp:807.22, RampTmp:809.19, TargetTmp:945.00,
                       Output:62.20, CycleOnSec:18.66, RemainTime:0:48:26
                    
2022-01-12 16:51:44,255 - root - DEBUG - ==>Relay On
2022-01-12 16:52:02,933 - root - DEBUG - ==>Relay Off
2022-01-12 16:52:02,934 - root - DEBUG - Writing stats to Firing DB table...
2022-01-12 16:52:02,949 - root - INFO - database writing complete1
2022-01-12 16:52:02,950 - root - INFO - RunState end: Ramp
2022-01-12 16:52:14,263 - root - DEBUG - Entering PID update with parameters SetPoint:810.60, ProcValue:898.51, IMax:100.00, IMin:0.00,
2022-01-12 16:52:14,263 - root - DEBUG -   Window:30, Kp: 30.000, Ki: 1.000, Kd: 0.600
2022-01-12 16:52:14,263 - root - DEBUG - Exiting PID update with parameters Error:-87.91, ITerm:0.00, DInput:91.30, Output:0.00
2022-01-12 16:52:14,264 - root - DEBUG - RunID 54, Segment 1 (loop 263) - RunState:Ramp,
                       ReadTmp:898.51, RampTmp:810.60, TargetTmp:945.00,
                       Output:0.00, CycleOnSec:0.00, RemainTime:0:47:56
                    
2022-01-12 16:52:14,264 - root - DEBUG - ==>Relay Off
2022-01-12 16:52:14,264 - root - DEBUG - Writing stats to Firing DB table...
2022-01-12 16:52:14,276 - root - INFO - database writing complete1
2022-01-12 16:52:14,276 - root - INFO - RunState end: Ramp
2022-01-12 16:52:44,254 - root - DEBUG - Entering PID update with parameters SetPoint:812.02, ProcValue:896.51, IMax:100.00, IMin:0.00,
2022-01-12 16:52:44,254 - root - DEBUG -   Window:30, Kp: 30.000, Ki: 1.000, Kd: 0.600
2022-01-12 16:52:44,259 - root - DEBUG - Exiting PID update with parameters Error:-84.49, ITerm:0.00, DInput:-2.00, Output:0.00
2022-01-12 16:52:44,259 - root - DEBUG - RunID 54, Segment 1 (loop 264) - RunState:Ramp,
                       ReadTmp:896.51, RampTmp:812.02, TargetTmp:945.00,
                       Output:0.00, CycleOnSec:0.00, RemainTime:0:47:26
                    
2022-01-12 16:52:44,260 - root - DEBUG - ==>Relay Off
2022-01-12 16:52:44,260 - root - DEBUG - Writing stats to Firing DB table...
2022-01-12 16:52:44,273 - root - INFO - database writing complete1
2022-01-12 16:52:44,273 - root - INFO - RunState end: Ramp
2022-01-12 16:53:14,254 - root - DEBUG - Entering PID update with parameters SetPoint:813.44, ProcValue:894.51, IMax:100.00, IMin:0.00,
2022-01-12 16:53:14,254 - root - DEBUG -   Window:30, Kp: 30.000, Ki: 1.000, Kd: 0.600
2022-01-12 16:53:14,254 - root - DEBUG - Exiting PID update with parameters Error:-81.08, ITerm:0.00, DInput:-2.00, Output:0.00
2022-01-12 16:53:14,254 - root - DEBUG - RunID 54, Segment 1 (loop 265) - RunState:Ramp,
                       ReadTmp:894.51, RampTmp:813.44, TargetTmp:945.00,
                       Output:0.00, CycleOnSec:0.00, RemainTime:0:46:56
                    
2022-01-12 16:53:14,255 - root - DEBUG - ==>Relay Off
2022-01-12 16:53:14,255 - root - DEBUG - Writing stats to Firing DB table...
2022-01-12 16:53:14,267 - root - INFO - database writing complete1
2022-01-12 16:53:14,267 - root - INFO - RunState end: Ramp
2022-01-12 16:53:44,254 - root - DEBUG - Entering PID update with parameters SetPoint:814.85, ProcValue:892.51, IMax:100.00, IMin:0.00,
2022-01-12 16:53:44,254 - root - DEBUG -   Window:30, Kp: 30.000, Ki: 1.000, Kd: 0.600
2022-01-12 16:53:44,254 - root - DEBUG - Exiting PID update with parameters Error:-77.66, ITerm:0.00, DInput:-2.00, Output:0.00
2022-01-12 16:53:44,254 - root - DEBUG - RunID 54, Segment 1 (loop 266) - RunState:Ramp,
                       ReadTmp:892.51, RampTmp:814.85, TargetTmp:945.00,
                       Output:0.00, CycleOnSec:0.00, RemainTime:0:46:26
                    
2022-01-12 16:53:44,254 - root - DEBUG - ==>Relay Off
2022-01-12 16:53:44,255 - root - DEBUG - Writing stats to Firing DB table...
2022-01-12 16:53:44,267 - root - INFO - database writing complete1
2022-01-12 16:53:44,267 - root - INFO - RunState end: Ramp
2022-01-12 16:54:14,254 - root - DEBUG - Entering PID update with parameters SetPoint:816.27, ProcValue:890.51, IMax:100.00, IMin:0.00,
2022-01-12 16:54:14,254 - root - DEBUG -   Window:30, Kp: 30.000, Ki: 1.000, Kd: 0.600
2022-01-12 16:54:14,254 - root - DEBUG - Exiting PID update with parameters Error:-74.24, ITerm:0.00, DInput:-2.00, Output:0.00
2022-01-12 16:54:14,254 - root - DEBUG - RunID 54, Segment 1 (loop 267) - RunState:Ramp,
                       ReadTmp:890.51, RampTmp:816.27, TargetTmp:945.00,
                       Output:0.00, CycleOnSec:0.00, RemainTime:0:45:56
                    
2022-01-12 16:54:14,255 - root - DEBUG - ==>Relay Off
2022-01-12 16:54:14,255 - root - DEBUG - Writing stats to Firing DB table...
2022-01-12 16:54:14,267 - root - INFO - database writing complete1
2022-01-12 16:54:14,267 - root - INFO - RunState end: Ramp
2022-01-12 16:54:44,254 - root - DEBUG - Entering PID update with parameters SetPoint:817.69, ProcValue:888.51, IMax:100.00, IMin:0.00,
2022-01-12 16:54:44,254 - root - DEBUG -   Window:30, Kp: 30.000, Ki: 1.000, Kd: 0.600
2022-01-12 16:54:44,254 - root - DEBUG - Exiting PID update with parameters Error:-70.83, ITerm:0.00, DInput:-2.00, Output:0.00
2022-01-12 16:54:44,254 - root - DEBUG - RunID 54, Segment 1 (loop 268) - RunState:Ramp,
                       ReadTmp:888.51, RampTmp:817.69, TargetTmp:945.00,
                       Output:0.00, CycleOnSec:0.00, RemainTime:0:45:26
                    
2022-01-12 16:54:44,254 - root - DEBUG - ==>Relay Off
2022-01-12 16:54:44,255 - root - DEBUG - Writing stats to Firing DB table...
2022-01-12 16:54:44,266 - root - INFO - database writing complete1
2022-01-12 16:54:44,266 - root - INFO - RunState end: Ramp
2022-01-12 16:55:14,254 - root - DEBUG - Entering PID update with parameters SetPoint:819.10, ProcValue:886.51, IMax:100.00, IMin:0.00,
2022-01-12 16:55:14,254 - root - DEBUG -   Window:30, Kp: 30.000, Ki: 1.000, Kd: 0.600
2022-01-12 16:55:14,254 - root - DEBUG - Exiting PID update with parameters Error:-67.41, ITerm:0.00, DInput:-2.00, Output:0.00
2022-01-12 16:55:14,254 - root - DEBUG - RunID 54, Segment 1 (loop 269) - RunState:Ramp,
                       ReadTmp:886.51, RampTmp:819.10, TargetTmp:945.00,
                       Output:0.00, CycleOnSec:0.00, RemainTime:0:44:56
                    
2022-01-12 16:55:14,255 - root - DEBUG - ==>Relay Off
2022-01-12 16:55:14,255 - root - DEBUG - Writing stats to Firing DB table...
2022-01-12 16:55:14,272 - root - INFO - database writing complete1
2022-01-12 16:55:14,273 - root - INFO - RunState end: Ramp
2022-01-12 16:55:44,254 - root - DEBUG - Entering PID update with parameters SetPoint:820.52, ProcValue:884.51, IMax:100.00, IMin:0.00,
2022-01-12 16:55:44,254 - root - DEBUG -   Window:30, Kp: 30.000, Ki: 1.000, Kd: 0.600
2022-01-12 16:55:44,254 - root - DEBUG - Exiting PID update with parameters Error:-63.99, ITerm:0.00, DInput:-2.00, Output:0.00
2022-01-12 16:55:44,254 - root - DEBUG - RunID 54, Segment 1 (loop 270) - RunState:Ramp,
                       ReadTmp:884.51, RampTmp:820.52, TargetTmp:945.00,
                       Output:0.00, CycleOnSec:0.00, RemainTime:0:44:26
                    
2022-01-12 16:55:44,254 - root - DEBUG - ==>Relay Off
2022-01-12 16:55:44,255 - root - DEBUG - Writing stats to Firing DB table...
2022-01-12 16:55:44,268 - root - INFO - database writing complete1
2022-01-12 16:55:44,269 - root - INFO - RunState end: Ramp
2022-01-12 16:56:14,254 - root - DEBUG - Entering PID update with parameters SetPoint:821.94, ProcValue:882.51, IMax:100.00, IMin:0.00,
2022-01-12 16:56:14,254 - root - DEBUG -   Window:30, Kp: 30.000, Ki: 1.000, Kd: 0.600
2022-01-12 16:56:14,254 - root - DEBUG - Exiting PID update with parameters Error:-60.58, ITerm:0.00, DInput:-2.00, Output:0.00
2022-01-12 16:56:14,254 - root - DEBUG - RunID 54, Segment 1 (loop 271) - RunState:Ramp,
                       ReadTmp:882.51, RampTmp:821.94, TargetTmp:945.00,
                       Output:0.00, CycleOnSec:0.00, RemainTime:0:43:56
                    
2022-01-12 16:56:14,255 - root - DEBUG - ==>Relay Off
2022-01-12 16:56:14,255 - root - DEBUG - Writing stats to Firing DB table...
2022-01-12 16:56:14,266 - root - INFO - database writing complete1
2022-01-12 16:56:14,267 - root - INFO - RunState end: Ramp
2022-01-12 16:56:44,254 - root - DEBUG - Entering PID update with parameters SetPoint:823.35, ProcValue:880.51, IMax:100.00, IMin:0.00,
2022-01-12 16:56:44,254 - root - DEBUG -   Window:30, Kp: 30.000, Ki: 1.000, Kd: 0.600
2022-01-12 16:56:44,254 - root - DEBUG - Exiting PID update with parameters Error:-57.16, ITerm:0.00, DInput:-2.00, Output:0.00
2022-01-12 16:56:44,254 - root - DEBUG - RunID 54, Segment 1 (loop 272) - RunState:Ramp,
                       ReadTmp:880.51, RampTmp:823.35, TargetTmp:945.00,
                       Output:0.00, CycleOnSec:0.00, RemainTime:0:43:26
                    
2022-01-12 16:56:44,254 - root - DEBUG - ==>Relay Off
2022-01-12 16:56:44,255 - root - DEBUG - Writing stats to Firing DB table...
2022-01-12 16:56:44,266 - root - INFO - database writing complete1
2022-01-12 16:56:44,267 - root - INFO - RunState end: Ramp
2022-01-12 16:57:14,254 - root - DEBUG - Entering PID update with parameters SetPoint:824.77, ProcValue:878.51, IMax:100.00, IMin:0.00,
2022-01-12 16:57:14,254 - root - DEBUG -   Window:30, Kp: 30.000, Ki: 1.000, Kd: 0.600
2022-01-12 16:57:14,254 - root - DEBUG - Exiting PID update with parameters Error:-53.74, ITerm:0.00, DInput:-2.00, Output:0.00
2022-01-12 16:57:14,254 - root - DEBUG - RunID 54, Segment 1 (loop 273) - RunState:Ramp,
                       ReadTmp:878.51, RampTmp:824.77, TargetTmp:945.00,
                       Output:0.00, CycleOnSec:0.00, RemainTime:0:42:56
                    
2022-01-12 16:57:14,255 - root - DEBUG - ==>Relay Off
2022-01-12 16:57:14,255 - root - DEBUG - Writing stats to Firing DB table...
2022-01-12 16:57:14,267 - root - INFO - database writing complete1
2022-01-12 16:57:14,268 - root - INFO - RunState end: Ramp
2022-01-12 16:57:44,254 - root - DEBUG - Entering PID update with parameters SetPoint:826.19, ProcValue:876.51, IMax:100.00, IMin:0.00,
2022-01-12 16:57:44,254 - root - DEBUG -   Window:30, Kp: 30.000, Ki: 1.000, Kd: 0.600
2022-01-12 16:57:44,254 - root - DEBUG - Exiting PID update with parameters Error:-50.33, ITerm:0.00, DInput:-2.00, Output:0.00
2022-01-12 16:57:44,255 - root - DEBUG - RunID 54, Segment 1 (loop 274) - RunState:Ramp,
                       ReadTmp:876.51, RampTmp:826.19, TargetTmp:945.00,
                       Output:0.00, CycleOnSec:0.00, RemainTime:0:42:26
                    
2022-01-12 16:57:44,255 - root - DEBUG - ==>Relay Off
2022-01-12 16:57:44,255 - root - DEBUG - Writing stats to Firing DB table...
2022-01-12 16:57:44,270 - root - INFO - database writing complete1
2022-01-12 16:57:44,271 - root - INFO - RunState end: Ramp
2022-01-12 16:58:14,254 - root - DEBUG - Entering PID update with parameters SetPoint:827.60, ProcValue:874.51, IMax:100.00, IMin:0.00,
2022-01-12 16:58:14,254 - root - DEBUG -   Window:30, Kp: 30.000, Ki: 1.000, Kd: 0.600
2022-01-12 16:58:14,254 - root - DEBUG - Exiting PID update with parameters Error:-46.91, ITerm:0.00, DInput:-2.00, Output:0.00
2022-01-12 16:58:14,255 - root - DEBUG - RunID 54, Segment 1 (loop 275) - RunState:Ramp,
                       ReadTmp:874.51, RampTmp:827.60, TargetTmp:945.00,
                       Output:0.00, CycleOnSec:0.00, RemainTime:0:41:56
                    
2022-01-12 16:58:14,255 - root - DEBUG - ==>Relay Off
2022-01-12 16:58:14,255 - root - DEBUG - Writing stats to Firing DB table...
2022-01-12 16:58:14,266 - root - INFO - database writing complete1
2022-01-12 16:58:14,266 - root - INFO - RunState end: Ramp
2022-01-12 16:58:44,254 - root - DEBUG - Entering PID update with parameters SetPoint:829.02, ProcValue:872.51, IMax:100.00, IMin:0.00,
2022-01-12 16:58:44,254 - root - DEBUG -   Window:30, Kp: 30.000, Ki: 1.000, Kd: 0.600
2022-01-12 16:58:44,254 - root - DEBUG - Exiting PID update with parameters Error:-43.49, ITerm:0.00, DInput:-2.00, Output:0.00
2022-01-12 16:58:44,254 - root - DEBUG - RunID 54, Segment 1 (loop 276) - RunState:Ramp,
                       ReadTmp:872.51, RampTmp:829.02, TargetTmp:945.00,
                       Output:0.00, CycleOnSec:0.00, RemainTime:0:41:26
                    
2022-01-12 16:58:44,254 - root - DEBUG - ==>Relay Off
2022-01-12 16:58:44,255 - root - DEBUG - Writing stats to Firing DB table...
2022-01-12 16:58:44,266 - root - INFO - database writing complete1
2022-01-12 16:58:44,267 - root - INFO - RunState end: Ramp
2022-01-12 16:59:14,254 - root - DEBUG - Entering PID update with parameters SetPoint:830.44, ProcValue:870.51, IMax:100.00, IMin:0.00,
2022-01-12 16:59:14,254 - root - DEBUG -   Window:30, Kp: 30.000, Ki: 1.000, Kd: 0.600
2022-01-12 16:59:14,254 - root - DEBUG - Exiting PID update with parameters Error:-40.08, ITerm:0.00, DInput:-2.00, Output:0.00
2022-01-12 16:59:14,254 - root - DEBUG - RunID 54, Segment 1 (loop 277) - RunState:Ramp,
                       ReadTmp:870.51, RampTmp:830.44, TargetTmp:945.00,
                       Output:0.00, CycleOnSec:0.00, RemainTime:0:40:56
                    
2022-01-12 16:59:14,255 - root - DEBUG - ==>Relay Off
2022-01-12 16:59:14,255 - root - DEBUG - Writing stats to Firing DB table...
2022-01-12 16:59:14,266 - root - INFO - database writing complete1
2022-01-12 16:59:14,266 - root - INFO - RunState end: Ramp
2022-01-12 16:59:44,254 - root - DEBUG - Entering PID update with parameters SetPoint:831.85, ProcValue:868.51, IMax:100.00, IMin:0.00,
2022-01-12 16:59:44,254 - root - DEBUG -   Window:30, Kp: 30.000, Ki: 1.000, Kd: 0.600
2022-01-12 16:59:44,254 - root - DEBUG - Exiting PID update with parameters Error:-36.66, ITerm:0.00, DInput:-2.00, Output:0.00
2022-01-12 16:59:44,254 - root - DEBUG - RunID 54, Segment 1 (loop 278) - RunState:Ramp,
                       ReadTmp:868.51, RampTmp:831.85, TargetTmp:945.00,
                       Output:0.00, CycleOnSec:0.00, RemainTime:0:40:26
                    
2022-01-12 16:59:44,255 - root - DEBUG - ==>Relay Off
2022-01-12 16:59:44,255 - root - DEBUG - Writing stats to Firing DB table...
2022-01-12 16:59:44,267 - root - INFO - database writing complete1
2022-01-12 16:59:44,267 - root - INFO - RunState end: Ramp
2022-01-12 17:00:14,254 - root - DEBUG - Entering PID update with parameters SetPoint:833.27, ProcValue:866.51, IMax:100.00, IMin:0.00,
2022-01-12 17:00:14,254 - root - DEBUG -   Window:30, Kp: 30.000, Ki: 1.000, Kd: 0.600
2022-01-12 17:00:14,254 - root - DEBUG - Exiting PID update with parameters Error:-33.24, ITerm:0.00, DInput:-2.00, Output:0.00
2022-01-12 17:00:14,254 - root - DEBUG - RunID 54, Segment 1 (loop 279) - RunState:Ramp,
                       ReadTmp:866.51, RampTmp:833.27, TargetTmp:945.00,
                       Output:0.00, CycleOnSec:0.00, RemainTime:0:39:56
                    
2022-01-12 17:00:14,255 - root - DEBUG - ==>Relay Off
2022-01-12 17:00:14,255 - root - DEBUG - Writing stats to Firing DB table...
2022-01-12 17:00:14,272 - root - INFO - database writing complete1
2022-01-12 17:00:14,273 - root - INFO - RunState end: Ramp
2022-01-12 17:00:44,254 - root - DEBUG - Entering PID update with parameters SetPoint:834.69, ProcValue:864.51, IMax:100.00, IMin:0.00,
2022-01-12 17:00:44,254 - root - DEBUG -   Window:30, Kp: 30.000, Ki: 1.000, Kd: 0.600
2022-01-12 17:00:44,254 - root - DEBUG - Exiting PID update with parameters Error:-29.83, ITerm:0.00, DInput:-2.00, Output:0.00
2022-01-12 17:00:44,254 - root - DEBUG - RunID 54, Segment 1 (loop 280) - RunState:Ramp,
                       ReadTmp:864.51, RampTmp:834.69, TargetTmp:945.00,
                       Output:0.00, CycleOnSec:0.00, RemainTime:0:39:26
                    
2022-01-12 17:00:44,255 - root - DEBUG - ==>Relay Off
2022-01-12 17:00:44,255 - root - DEBUG - Writing stats to Firing DB table...
2022-01-12 17:00:44,267 - root - INFO - database writing complete1
2022-01-12 17:00:44,267 - root - INFO - RunState end: Ramp
2022-01-12 17:01:14,254 - root - DEBUG - Entering PID update with parameters SetPoint:836.10, ProcValue:862.51, IMax:100.00, IMin:0.00,
2022-01-12 17:01:14,254 - root - DEBUG -   Window:30, Kp: 30.000, Ki: 1.000, Kd: 0.600
2022-01-12 17:01:14,254 - root - DEBUG - Exiting PID update with parameters Error:-26.41, ITerm:0.00, DInput:-2.00, Output:0.00
2022-01-12 17:01:14,254 - root - DEBUG - RunID 54, Segment 1 (loop 281) - RunState:Ramp,
                       ReadTmp:862.51, RampTmp:836.10, TargetTmp:945.00,
                       Output:0.00, CycleOnSec:0.00, RemainTime:0:38:56
                    
2022-01-12 17:01:14,255 - root - DEBUG - ==>Relay Off
2022-01-12 17:01:14,255 - root - DEBUG - Writing stats to Firing DB table...
2022-01-12 17:01:14,269 - root - INFO - database writing complete1
2022-01-12 17:01:14,269 - root - INFO - RunState end: Ramp
2022-01-12 17:01:44,254 - root - DEBUG - Entering PID update with parameters SetPoint:837.52, ProcValue:860.51, IMax:100.00, IMin:0.00,
2022-01-12 17:01:44,254 - root - DEBUG -   Window:30, Kp: 30.000, Ki: 1.000, Kd: 0.600
2022-01-12 17:01:44,254 - root - DEBUG - Exiting PID update with parameters Error:-22.99, ITerm:0.00, DInput:-2.00, Output:0.00
2022-01-12 17:01:44,254 - root - DEBUG - RunID 54, Segment 1 (loop 282) - RunState:Ramp,
                       ReadTmp:860.51, RampTmp:837.52, TargetTmp:945.00,
                       Output:0.00, CycleOnSec:0.00, RemainTime:0:38:26
                    
2022-01-12 17:01:44,255 - root - DEBUG - ==>Relay Off
2022-01-12 17:01:44,255 - root - DEBUG - Writing stats to Firing DB table...
2022-01-12 17:01:44,334 - root - INFO - database writing complete1
2022-01-12 17:01:44,335 - root - INFO - RunState end: Ramp
2022-01-12 17:02:14,254 - root - DEBUG - Entering PID update with parameters SetPoint:838.94, ProcValue:858.51, IMax:100.00, IMin:0.00,
2022-01-12 17:02:14,254 - root - DEBUG -   Window:30, Kp: 30.000, Ki: 1.000, Kd: 0.600
2022-01-12 17:02:14,254 - root - DEBUG - Exiting PID update with parameters Error:-19.58, ITerm:0.00, DInput:-2.00, Output:0.00
2022-01-12 17:02:14,254 - root - DEBUG - RunID 54, Segment 1 (loop 283) - RunState:Ramp,
                       ReadTmp:858.51, RampTmp:838.94, TargetTmp:945.00,
                       Output:0.00, CycleOnSec:0.00, RemainTime:0:37:56
                    
2022-01-12 17:02:14,255 - root - DEBUG - ==>Relay Off
2022-01-12 17:02:14,255 - root - DEBUG - Writing stats to Firing DB table...
2022-01-12 17:02:14,290 - root - INFO - database writing complete1
2022-01-12 17:02:14,291 - root - INFO - RunState end: Ramp
2022-01-12 17:02:44,254 - root - DEBUG - Entering PID update with parameters SetPoint:840.35, ProcValue:856.51, IMax:100.00, IMin:0.00,
2022-01-12 17:02:44,254 - root - DEBUG -   Window:30, Kp: 30.000, Ki: 1.000, Kd: 0.600
2022-01-12 17:02:44,254 - root - DEBUG - Exiting PID update with parameters Error:-16.16, ITerm:0.00, DInput:-2.00, Output:0.00
2022-01-12 17:02:44,254 - root - DEBUG - RunID 54, Segment 1 (loop 284) - RunState:Ramp,
                       ReadTmp:856.51, RampTmp:840.35, TargetTmp:945.00,
                       Output:0.00, CycleOnSec:0.00, RemainTime:0:37:26
                    
2022-01-12 17:02:44,255 - root - DEBUG - ==>Relay Off
2022-01-12 17:02:44,255 - root - DEBUG - Writing stats to Firing DB table...
2022-01-12 17:02:44,268 - root - INFO - database writing complete1
2022-01-12 17:02:44,268 - root - INFO - RunState end: Ramp
2022-01-12 17:03:14,254 - root - DEBUG - Entering PID update with parameters SetPoint:841.77, ProcValue:854.51, IMax:100.00, IMin:0.00,
2022-01-12 17:03:14,254 - root - DEBUG -   Window:30, Kp: 30.000, Ki: 1.000, Kd: 0.600
2022-01-12 17:03:14,254 - root - DEBUG - Exiting PID update with parameters Error:-12.74, ITerm:0.00, DInput:-2.00, Output:0.00
2022-01-12 17:03:14,254 - root - DEBUG - RunID 54, Segment 1 (loop 285) - RunState:Ramp,
                       ReadTmp:854.51, RampTmp:841.77, TargetTmp:945.00,
                       Output:0.00, CycleOnSec:0.00, RemainTime:0:36:56
                    
2022-01-12 17:03:14,255 - root - DEBUG - ==>Relay Off
2022-01-12 17:03:14,255 - root - DEBUG - Writing stats to Firing DB table...
2022-01-12 17:03:14,266 - root - INFO - database writing complete1
2022-01-12 17:03:14,266 - root - INFO - RunState end: Ramp
2022-01-12 17:03:44,254 - root - DEBUG - Entering PID update with parameters SetPoint:843.19, ProcValue:852.51, IMax:100.00, IMin:0.00,
2022-01-12 17:03:44,254 - root - DEBUG -   Window:30, Kp: 30.000, Ki: 1.000, Kd: 0.600
2022-01-12 17:03:44,254 - root - DEBUG - Exiting PID update with parameters Error:-9.33, ITerm:0.00, DInput:-2.00, Output:0.00
2022-01-12 17:03:44,254 - root - DEBUG - RunID 54, Segment 1 (loop 286) - RunState:Ramp,
                       ReadTmp:852.51, RampTmp:843.19, TargetTmp:945.00,
                       Output:0.00, CycleOnSec:0.00, RemainTime:0:36:26
                    
2022-01-12 17:03:44,255 - root - DEBUG - ==>Relay Off
2022-01-12 17:03:44,255 - root - DEBUG - Writing stats to Firing DB table...
2022-01-12 17:03:44,267 - root - INFO - database writing complete1
2022-01-12 17:03:44,268 - root - INFO - RunState end: Ramp
2022-01-12 17:04:14,254 - root - DEBUG - Entering PID update with parameters SetPoint:844.60, ProcValue:850.51, IMax:100.00, IMin:0.00,
2022-01-12 17:04:14,254 - root - DEBUG -   Window:30, Kp: 30.000, Ki: 1.000, Kd: 0.600
2022-01-12 17:04:14,254 - root - DEBUG - Exiting PID update with parameters Error:-5.91, ITerm:0.00, DInput:-2.00, Output:0.00
2022-01-12 17:04:14,255 - root - DEBUG - RunID 54, Segment 1 (loop 287) - RunState:Ramp,
                       ReadTmp:850.51, RampTmp:844.60, TargetTmp:945.00,
                       Output:0.00, CycleOnSec:0.00, RemainTime:0:35:56
                    
2022-01-12 17:04:14,255 - root - DEBUG - ==>Relay Off
2022-01-12 17:04:14,255 - root - DEBUG - Writing stats to Firing DB table...
2022-01-12 17:04:14,270 - root - INFO - database writing complete1
2022-01-12 17:04:14,270 - root - INFO - RunState end: Ramp
2022-01-12 17:04:44,254 - root - DEBUG - Entering PID update with parameters SetPoint:846.02, ProcValue:848.51, IMax:100.00, IMin:0.00,
2022-01-12 17:04:44,254 - root - DEBUG -   Window:30, Kp: 30.000, Ki: 1.000, Kd: 0.600
2022-01-12 17:04:44,254 - root - DEBUG - Exiting PID update with parameters Error:-2.49, ITerm:0.00, DInput:-2.00, Output:0.00
2022-01-12 17:04:44,255 - root - DEBUG - RunID 54, Segment 1 (loop 288) - RunState:Ramp,
                       ReadTmp:848.51, RampTmp:846.02, TargetTmp:945.00,
                       Output:0.00, CycleOnSec:0.00, RemainTime:0:35:26
                    
2022-01-12 17:04:44,255 - root - DEBUG - ==>Relay Off
2022-01-12 17:04:44,255 - root - DEBUG - Writing stats to Firing DB table...
2022-01-12 17:04:44,268 - root - INFO - database writing complete1
2022-01-12 17:04:44,268 - root - INFO - RunState end: Ramp
2022-01-12 17:05:14,254 - root - DEBUG - Entering PID update with parameters SetPoint:847.44, ProcValue:846.51, IMax:100.00, IMin:0.00,
2022-01-12 17:05:14,254 - root - DEBUG -   Window:30, Kp: 30.000, Ki: 1.000, Kd: 0.600
2022-01-12 17:05:14,254 - root - DEBUG - Exiting PID update with parameters Error:0.92, ITerm:0.92, DInput:-2.00, Output:29.79
2022-01-12 17:05:14,255 - root - DEBUG - RunID 54, Segment 1 (loop 289) - RunState:Ramp,
                       ReadTmp:846.51, RampTmp:847.44, TargetTmp:945.00,
                       Output:29.79, CycleOnSec:8.94, RemainTime:0:34:56
                    
2022-01-12 17:05:14,255 - root - DEBUG - ==>Relay On
2022-01-12 17:05:23,200 - root - DEBUG - ==>Relay Off
2022-01-12 17:05:23,201 - root - DEBUG - Writing stats to Firing DB table...
2022-01-12 17:05:23,214 - root - INFO - database writing complete1
2022-01-12 17:05:23,215 - root - INFO - RunState end: Ramp
2022-01-12 17:05:44,254 - root - DEBUG - Entering PID update with parameters SetPoint:848.85, ProcValue:889.19, IMax:100.00, IMin:0.00,
2022-01-12 17:05:44,254 - root - DEBUG -   Window:30, Kp: 30.000, Ki: 1.000, Kd: 0.600
2022-01-12 17:05:44,254 - root - DEBUG - Exiting PID update with parameters Error:-40.34, ITerm:0.00, DInput:42.68, Output:0.00
2022-01-12 17:05:44,254 - root - DEBUG - RunID 54, Segment 1 (loop 290) - RunState:Ramp,
                       ReadTmp:889.19, RampTmp:848.85, TargetTmp:945.00,
                       Output:0.00, CycleOnSec:0.00, RemainTime:0:34:26
                    
2022-01-12 17:05:44,255 - root - DEBUG - ==>Relay Off
2022-01-12 17:05:44,255 - root - DEBUG - Writing stats to Firing DB table...
2022-01-12 17:05:44,270 - root - INFO - database writing complete1
2022-01-12 17:05:44,271 - root - INFO - RunState end: Ramp
2022-01-12 17:06:14,254 - root - DEBUG - Entering PID update with parameters SetPoint:850.27, ProcValue:887.19, IMax:100.00, IMin:0.00,
2022-01-12 17:06:14,254 - root - DEBUG -   Window:30, Kp: 30.000, Ki: 1.000, Kd: 0.600
2022-01-12 17:06:14,254 - root - DEBUG - Exiting PID update with parameters Error:-36.92, ITerm:0.00, DInput:-2.00, Output:0.00
2022-01-12 17:06:14,255 - root - DEBUG - RunID 54, Segment 1 (loop 291) - RunState:Ramp,
                       ReadTmp:887.19, RampTmp:850.27, TargetTmp:945.00,
                       Output:0.00, CycleOnSec:0.00, RemainTime:0:33:56
                    
2022-01-12 17:06:14,255 - root - DEBUG - ==>Relay Off
2022-01-12 17:06:14,255 - root - DEBUG - Writing stats to Firing DB table...
2022-01-12 17:06:14,295 - root - INFO - database writing complete1
2022-01-12 17:06:14,295 - root - INFO - RunState end: Ramp
2022-01-12 17:06:44,254 - root - DEBUG - Entering PID update with parameters SetPoint:851.69, ProcValue:885.19, IMax:100.00, IMin:0.00,
2022-01-12 17:06:44,254 - root - DEBUG -   Window:30, Kp: 30.000, Ki: 1.000, Kd: 0.600
2022-01-12 17:06:44,254 - root - DEBUG - Exiting PID update with parameters Error:-33.51, ITerm:0.00, DInput:-2.00, Output:0.00
2022-01-12 17:06:44,254 - root - DEBUG - RunID 54, Segment 1 (loop 292) - RunState:Ramp,
                       ReadTmp:885.19, RampTmp:851.69, TargetTmp:945.00,
                       Output:0.00, CycleOnSec:0.00, RemainTime:0:33:26
                    
2022-01-12 17:06:44,255 - root - DEBUG - ==>Relay Off
2022-01-12 17:06:44,255 - root - DEBUG - Writing stats to Firing DB table...
2022-01-12 17:06:44,272 - root - INFO - database writing complete1
2022-01-12 17:06:44,272 - root - INFO - RunState end: Ramp
2022-01-12 17:07:14,254 - root - DEBUG - Entering PID update with parameters SetPoint:853.10, ProcValue:883.19, IMax:100.00, IMin:0.00,
2022-01-12 17:07:14,254 - root - DEBUG -   Window:30, Kp: 30.000, Ki: 1.000, Kd: 0.600
2022-01-12 17:07:14,254 - root - DEBUG - Exiting PID update with parameters Error:-30.09, ITerm:0.00, DInput:-2.00, Output:0.00
2022-01-12 17:07:14,254 - root - DEBUG - RunID 54, Segment 1 (loop 293) - RunState:Ramp,
                       ReadTmp:883.19, RampTmp:853.10, TargetTmp:945.00,
                       Output:0.00, CycleOnSec:0.00, RemainTime:0:32:56
                    
2022-01-12 17:07:14,255 - root - DEBUG - ==>Relay Off
2022-01-12 17:07:14,255 - root - DEBUG - Writing stats to Firing DB table...
2022-01-12 17:07:14,266 - root - INFO - database writing complete1
2022-01-12 17:07:14,266 - root - INFO - RunState end: Ramp
2022-01-12 17:07:44,254 - root - DEBUG - Entering PID update with parameters SetPoint:854.52, ProcValue:881.19, IMax:100.00, IMin:0.00,
2022-01-12 17:07:44,254 - root - DEBUG -   Window:30, Kp: 30.000, Ki: 1.000, Kd: 0.600
2022-01-12 17:07:44,254 - root - DEBUG - Exiting PID update with parameters Error:-26.67, ITerm:0.00, DInput:-2.00, Output:0.00
2022-01-12 17:07:44,255 - root - DEBUG - RunID 54, Segment 1 (loop 294) - RunState:Ramp,
                       ReadTmp:881.19, RampTmp:854.52, TargetTmp:945.00,
                       Output:0.00, CycleOnSec:0.00, RemainTime:0:32:26
                    
2022-01-12 17:07:44,255 - root - DEBUG - ==>Relay Off
2022-01-12 17:07:44,255 - root - DEBUG - Writing stats to Firing DB table...
2022-01-12 17:07:44,267 - root - INFO - database writing complete1
2022-01-12 17:07:44,267 - root - INFO - RunState end: Ramp
2022-01-12 17:08:14,254 - root - DEBUG - Entering PID update with parameters SetPoint:855.94, ProcValue:879.19, IMax:100.00, IMin:0.00,
2022-01-12 17:08:14,254 - root - DEBUG -   Window:30, Kp: 30.000, Ki: 1.000, Kd: 0.600
2022-01-12 17:08:14,254 - root - DEBUG - Exiting PID update with parameters Error:-23.26, ITerm:0.00, DInput:-2.00, Output:0.00
2022-01-12 17:08:14,255 - root - DEBUG - RunID 54, Segment 1 (loop 295) - RunState:Ramp,
                       ReadTmp:879.19, RampTmp:855.94, TargetTmp:945.00,
                       Output:0.00, CycleOnSec:0.00, RemainTime:0:31:56
                    
2022-01-12 17:08:14,255 - root - DEBUG - ==>Relay Off
2022-01-12 17:08:14,255 - root - DEBUG - Writing stats to Firing DB table...
2022-01-12 17:08:14,267 - root - INFO - database writing complete1
2022-01-12 17:08:14,267 - root - INFO - RunState end: Ramp
2022-01-12 17:08:44,254 - root - DEBUG - Entering PID update with parameters SetPoint:857.35, ProcValue:877.19, IMax:100.00, IMin:0.00,
2022-01-12 17:08:44,254 - root - DEBUG -   Window:30, Kp: 30.000, Ki: 1.000, Kd: 0.600
2022-01-12 17:08:44,254 - root - DEBUG - Exiting PID update with parameters Error:-19.84, ITerm:0.00, DInput:-2.00, Output:0.00
2022-01-12 17:08:44,254 - root - DEBUG - RunID 54, Segment 1 (loop 296) - RunState:Ramp,
                       ReadTmp:877.19, RampTmp:857.35, TargetTmp:945.00,
                       Output:0.00, CycleOnSec:0.00, RemainTime:0:31:26
                    
2022-01-12 17:08:44,255 - root - DEBUG - ==>Relay Off
2022-01-12 17:08:44,255 - root - DEBUG - Writing stats to Firing DB table...
2022-01-12 17:08:44,267 - root - INFO - database writing complete1
2022-01-12 17:08:44,267 - root - INFO - RunState end: Ramp
2022-01-12 17:09:14,254 - root - DEBUG - Entering PID update with parameters SetPoint:858.77, ProcValue:875.19, IMax:100.00, IMin:0.00,
2022-01-12 17:09:14,254 - root - DEBUG -   Window:30, Kp: 30.000, Ki: 1.000, Kd: 0.600
2022-01-12 17:09:14,254 - root - DEBUG - Exiting PID update with parameters Error:-16.42, ITerm:0.00, DInput:-2.00, Output:0.00
2022-01-12 17:09:14,255 - root - DEBUG - RunID 54, Segment 1 (loop 297) - RunState:Ramp,
                       ReadTmp:875.19, RampTmp:858.77, TargetTmp:945.00,
                       Output:0.00, CycleOnSec:0.00, RemainTime:0:30:56
                    
2022-01-12 17:09:14,255 - root - DEBUG - ==>Relay Off
2022-01-12 17:09:14,255 - root - DEBUG - Writing stats to Firing DB table...
2022-01-12 17:09:14,269 - root - INFO - database writing complete1
2022-01-12 17:09:14,269 - root - INFO - RunState end: Ramp
2022-01-12 17:09:44,254 - root - DEBUG - Entering PID update with parameters SetPoint:860.19, ProcValue:873.19, IMax:100.00, IMin:0.00,
2022-01-12 17:09:44,254 - root - DEBUG -   Window:30, Kp: 30.000, Ki: 1.000, Kd: 0.600
2022-01-12 17:09:44,254 - root - DEBUG - Exiting PID update with parameters Error:-13.01, ITerm:0.00, DInput:-2.00, Output:0.00
2022-01-12 17:09:44,255 - root - DEBUG - RunID 54, Segment 1 (loop 298) - RunState:Ramp,
                       ReadTmp:873.19, RampTmp:860.19, TargetTmp:945.00,
                       Output:0.00, CycleOnSec:0.00, RemainTime:0:30:26
                    
2022-01-12 17:09:44,255 - root - DEBUG - ==>Relay Off
2022-01-12 17:09:44,255 - root - DEBUG - Writing stats to Firing DB table...
2022-01-12 17:09:44,267 - root - INFO - database writing complete1
2022-01-12 17:09:44,267 - root - INFO - RunState end: Ramp
2022-01-12 17:10:14,254 - root - DEBUG - Entering PID update with parameters SetPoint:861.60, ProcValue:871.19, IMax:100.00, IMin:0.00,
2022-01-12 17:10:14,254 - root - DEBUG -   Window:30, Kp: 30.000, Ki: 1.000, Kd: 0.600
2022-01-12 17:10:14,254 - root - DEBUG - Exiting PID update with parameters Error:-9.59, ITerm:0.00, DInput:-2.00, Output:0.00
2022-01-12 17:10:14,254 - root - DEBUG - RunID 54, Segment 1 (loop 299) - RunState:Ramp,
                       ReadTmp:871.19, RampTmp:861.60, TargetTmp:945.00,
                       Output:0.00, CycleOnSec:0.00, RemainTime:0:29:56
                    
2022-01-12 17:10:14,255 - root - DEBUG - ==>Relay Off
2022-01-12 17:10:14,255 - root - DEBUG - Writing stats to Firing DB table...
2022-01-12 17:10:14,267 - root - INFO - database writing complete1
2022-01-12 17:10:14,267 - root - INFO - RunState end: Ramp
2022-01-12 17:10:44,254 - root - DEBUG - Entering PID update with parameters SetPoint:863.02, ProcValue:869.19, IMax:100.00, IMin:0.00,
2022-01-12 17:10:44,254 - root - DEBUG -   Window:30, Kp: 30.000, Ki: 1.000, Kd: 0.600
2022-01-12 17:10:44,254 - root - DEBUG - Exiting PID update with parameters Error:-6.17, ITerm:0.00, DInput:-2.00, Output:0.00
2022-01-12 17:10:44,254 - root - DEBUG - RunID 54, Segment 1 (loop 300) - RunState:Ramp,
                       ReadTmp:869.19, RampTmp:863.02, TargetTmp:945.00,
                       Output:0.00, CycleOnSec:0.00, RemainTime:0:29:26
                    
2022-01-12 17:10:44,255 - root - DEBUG - ==>Relay Off
2022-01-12 17:10:44,255 - root - DEBUG - Writing stats to Firing DB table...
2022-01-12 17:10:44,266 - root - INFO - database writing complete1
2022-01-12 17:10:44,266 - root - INFO - RunState end: Ramp
2022-01-12 17:11:14,254 - root - DEBUG - Entering PID update with parameters SetPoint:864.44, ProcValue:867.19, IMax:100.00, IMin:0.00,
2022-01-12 17:11:14,254 - root - DEBUG -   Window:30, Kp: 30.000, Ki: 1.000, Kd: 0.600
2022-01-12 17:11:14,254 - root - DEBUG - Exiting PID update with parameters Error:-2.76, ITerm:0.00, DInput:-2.00, Output:0.00
2022-01-12 17:11:14,255 - root - DEBUG - RunID 54, Segment 1 (loop 301) - RunState:Ramp,
                       ReadTmp:867.19, RampTmp:864.44, TargetTmp:945.00,
                       Output:0.00, CycleOnSec:0.00, RemainTime:0:28:56
                    
2022-01-12 17:11:14,255 - root - DEBUG - ==>Relay Off
2022-01-12 17:11:14,255 - root - DEBUG - Writing stats to Firing DB table...
2022-01-12 17:11:14,266 - root - INFO - database writing complete1
2022-01-12 17:11:14,266 - root - INFO - RunState end: Ramp
2022-01-12 17:11:44,254 - root - DEBUG - Entering PID update with parameters SetPoint:865.85, ProcValue:865.19, IMax:100.00, IMin:0.00,
2022-01-12 17:11:44,254 - root - DEBUG -   Window:30, Kp: 30.000, Ki: 1.000, Kd: 0.600
2022-01-12 17:11:44,254 - root - DEBUG - Exiting PID update with parameters Error:0.66, ITerm:0.66, DInput:-2.00, Output:21.66
2022-01-12 17:11:44,255 - root - DEBUG - RunID 54, Segment 1 (loop 302) - RunState:Ramp,
                       ReadTmp:865.19, RampTmp:865.85, TargetTmp:945.00,
                       Output:21.66, CycleOnSec:6.50, RemainTime:0:28:26
                    
2022-01-12 17:11:44,255 - root - DEBUG - ==>Relay On
2022-01-12 17:11:50,759 - root - DEBUG - ==>Relay Off
2022-01-12 17:11:50,760 - root - DEBUG - Writing stats to Firing DB table...
2022-01-12 17:11:50,774 - root - INFO - database writing complete1
2022-01-12 17:11:50,774 - root - INFO - RunState end: Ramp
2022-01-12 17:12:14,254 - root - DEBUG - Entering PID update with parameters SetPoint:867.27, ProcValue:895.68, IMax:100.00, IMin:0.00,
2022-01-12 17:12:14,254 - root - DEBUG -   Window:30, Kp: 30.000, Ki: 1.000, Kd: 0.600
2022-01-12 17:12:14,254 - root - DEBUG - Exiting PID update with parameters Error:-28.41, ITerm:0.00, DInput:30.49, Output:0.00
2022-01-12 17:12:14,255 - root - DEBUG - RunID 54, Segment 1 (loop 303) - RunState:Ramp,
                       ReadTmp:895.68, RampTmp:867.27, TargetTmp:945.00,
                       Output:0.00, CycleOnSec:0.00, RemainTime:0:27:56
                    
2022-01-12 17:12:14,255 - root - DEBUG - ==>Relay Off
2022-01-12 17:12:14,255 - root - DEBUG - Writing stats to Firing DB table...
2022-01-12 17:12:14,267 - root - INFO - database writing complete1
2022-01-12 17:12:14,267 - root - INFO - RunState end: Ramp
2022-01-12 17:12:44,254 - root - DEBUG - Entering PID update with parameters SetPoint:868.69, ProcValue:893.68, IMax:100.00, IMin:0.00,
2022-01-12 17:12:44,254 - root - DEBUG -   Window:30, Kp: 30.000, Ki: 1.000, Kd: 0.600
2022-01-12 17:12:44,254 - root - DEBUG - Exiting PID update with parameters Error:-24.99, ITerm:0.00, DInput:-2.00, Output:0.00
2022-01-12 17:12:44,255 - root - DEBUG - RunID 54, Segment 1 (loop 304) - RunState:Ramp,
                       ReadTmp:893.68, RampTmp:868.69, TargetTmp:945.00,
                       Output:0.00, CycleOnSec:0.00, RemainTime:0:27:26
                    
2022-01-12 17:12:44,255 - root - DEBUG - ==>Relay Off
2022-01-12 17:12:44,255 - root - DEBUG - Writing stats to Firing DB table...
2022-01-12 17:12:44,266 - root - INFO - database writing complete1
2022-01-12 17:12:44,266 - root - INFO - RunState end: Ramp
2022-01-12 17:13:14,254 - root - DEBUG - Entering PID update with parameters SetPoint:870.10, ProcValue:891.68, IMax:100.00, IMin:0.00,
2022-01-12 17:13:14,254 - root - DEBUG -   Window:30, Kp: 30.000, Ki: 1.000, Kd: 0.600
2022-01-12 17:13:14,254 - root - DEBUG - Exiting PID update with parameters Error:-21.58, ITerm:0.00, DInput:-2.00, Output:0.00
2022-01-12 17:13:14,255 - root - DEBUG - RunID 54, Segment 1 (loop 305) - RunState:Ramp,
                       ReadTmp:891.68, RampTmp:870.10, TargetTmp:945.00,
                       Output:0.00, CycleOnSec:0.00, RemainTime:0:26:56
                    
2022-01-12 17:13:14,255 - root - DEBUG - ==>Relay Off
2022-01-12 17:13:14,255 - root - DEBUG - Writing stats to Firing DB table...
2022-01-12 17:13:14,267 - root - INFO - database writing complete1
2022-01-12 17:13:14,267 - root - INFO - RunState end: Ramp
2022-01-12 17:13:44,254 - root - DEBUG - Entering PID update with parameters SetPoint:871.52, ProcValue:889.68, IMax:100.00, IMin:0.00,
2022-01-12 17:13:44,254 - root - DEBUG -   Window:30, Kp: 30.000, Ki: 1.000, Kd: 0.600
2022-01-12 17:13:44,255 - root - DEBUG - Exiting PID update with parameters Error:-18.16, ITerm:0.00, DInput:-2.00, Output:0.00
2022-01-12 17:13:44,255 - root - DEBUG - RunID 54, Segment 1 (loop 306) - RunState:Ramp,
                       ReadTmp:889.68, RampTmp:871.52, TargetTmp:945.00,
                       Output:0.00, CycleOnSec:0.00, RemainTime:0:26:26
                    
2022-01-12 17:13:44,255 - root - DEBUG - ==>Relay Off
2022-01-12 17:13:44,255 - root - DEBUG - Writing stats to Firing DB table...
2022-01-12 17:13:44,267 - root - INFO - database writing complete1
2022-01-12 17:13:44,267 - root - INFO - RunState end: Ramp
2022-01-12 17:14:14,254 - root - DEBUG - Entering PID update with parameters SetPoint:872.94, ProcValue:887.68, IMax:100.00, IMin:0.00,
2022-01-12 17:14:14,254 - root - DEBUG -   Window:30, Kp: 30.000, Ki: 1.000, Kd: 0.600
2022-01-12 17:14:14,255 - root - DEBUG - Exiting PID update with parameters Error:-14.74, ITerm:0.00, DInput:-2.00, Output:0.00
2022-01-12 17:14:14,255 - root - DEBUG - RunID 54, Segment 1 (loop 307) - RunState:Ramp,
                       ReadTmp:887.68, RampTmp:872.94, TargetTmp:945.00,
                       Output:0.00, CycleOnSec:0.00, RemainTime:0:25:56
                    
2022-01-12 17:14:14,255 - root - DEBUG - ==>Relay Off
2022-01-12 17:14:14,255 - root - DEBUG - Writing stats to Firing DB table...
2022-01-12 17:14:14,265 - root - INFO - database writing complete1
2022-01-12 17:14:14,266 - root - INFO - RunState end: Ramp
2022-01-12 17:14:44,254 - root - DEBUG - Entering PID update with parameters SetPoint:874.35, ProcValue:885.68, IMax:100.00, IMin:0.00,
2022-01-12 17:14:44,254 - root - DEBUG -   Window:30, Kp: 30.000, Ki: 1.000, Kd: 0.600
2022-01-12 17:14:44,255 - root - DEBUG - Exiting PID update with parameters Error:-11.33, ITerm:0.00, DInput:-2.00, Output:0.00
2022-01-12 17:14:44,255 - root - DEBUG - RunID 54, Segment 1 (loop 308) - RunState:Ramp,
                       ReadTmp:885.68, RampTmp:874.35, TargetTmp:945.00,
                       Output:0.00, CycleOnSec:0.00, RemainTime:0:25:26
                    
2022-01-12 17:14:44,255 - root - DEBUG - ==>Relay Off
2022-01-12 17:14:44,255 - root - DEBUG - Writing stats to Firing DB table...
2022-01-12 17:14:44,266 - root - INFO - database writing complete1
2022-01-12 17:14:44,267 - root - INFO - RunState end: Ramp
2022-01-12 17:15:14,254 - root - DEBUG - Entering PID update with parameters SetPoint:875.77, ProcValue:883.68, IMax:100.00, IMin:0.00,
2022-01-12 17:15:14,254 - root - DEBUG -   Window:30, Kp: 30.000, Ki: 1.000, Kd: 0.600
2022-01-12 17:15:14,255 - root - DEBUG - Exiting PID update with parameters Error:-7.91, ITerm:0.00, DInput:-2.00, Output:0.00
2022-01-12 17:15:14,255 - root - DEBUG - RunID 54, Segment 1 (loop 309) - RunState:Ramp,
                       ReadTmp:883.68, RampTmp:875.77, TargetTmp:945.00,
                       Output:0.00, CycleOnSec:0.00, RemainTime:0:24:56
                    
2022-01-12 17:15:14,255 - root - DEBUG - ==>Relay Off
2022-01-12 17:15:14,255 - root - DEBUG - Writing stats to Firing DB table...
2022-01-12 17:15:14,267 - root - INFO - database writing complete1
2022-01-12 17:15:14,267 - root - INFO - RunState end: Ramp
2022-01-12 17:15:44,254 - root - DEBUG - Entering PID update with parameters SetPoint:877.19, ProcValue:881.68, IMax:100.00, IMin:0.00,
2022-01-12 17:15:44,255 - root - DEBUG -   Window:30, Kp: 30.000, Ki: 1.000, Kd: 0.600
2022-01-12 17:15:44,255 - root - DEBUG - Exiting PID update with parameters Error:-4.49, ITerm:0.00, DInput:-2.00, Output:0.00
2022-01-12 17:15:44,255 - root - DEBUG - RunID 54, Segment 1 (loop 310) - RunState:Ramp,
                       ReadTmp:881.68, RampTmp:877.19, TargetTmp:945.00,
                       Output:0.00, CycleOnSec:0.00, RemainTime:0:24:26
                    
2022-01-12 17:15:44,255 - root - DEBUG - ==>Relay Off
2022-01-12 17:15:44,255 - root - DEBUG - Writing stats to Firing DB table...
2022-01-12 17:15:44,267 - root - INFO - database writing complete1
2022-01-12 17:15:44,267 - root - INFO - RunState end: Ramp
2022-01-12 17:16:14,254 - root - DEBUG - Entering PID update with parameters SetPoint:878.60, ProcValue:879.68, IMax:100.00, IMin:0.00,
2022-01-12 17:16:14,254 - root - DEBUG -   Window:30, Kp: 30.000, Ki: 1.000, Kd: 0.600
2022-01-12 17:16:14,255 - root - DEBUG - Exiting PID update with parameters Error:-1.08, ITerm:0.00, DInput:-2.00, Output:0.00
2022-01-12 17:16:14,255 - root - DEBUG - RunID 54, Segment 1 (loop 311) - RunState:Ramp,
                       ReadTmp:879.68, RampTmp:878.60, TargetTmp:945.00,
                       Output:0.00, CycleOnSec:0.00, RemainTime:0:23:56
                    
2022-01-12 17:16:14,255 - root - DEBUG - ==>Relay Off
2022-01-12 17:16:14,255 - root - DEBUG - Writing stats to Firing DB table...
2022-01-12 17:16:14,267 - root - INFO - database writing complete1
2022-01-12 17:16:14,268 - root - INFO - RunState end: Ramp
2022-01-12 17:16:44,254 - root - DEBUG - Entering PID update with parameters SetPoint:880.02, ProcValue:877.68, IMax:100.00, IMin:0.00,
2022-01-12 17:16:44,254 - root - DEBUG -   Window:30, Kp: 30.000, Ki: 1.000, Kd: 0.600
2022-01-12 17:16:44,255 - root - DEBUG - Exiting PID update with parameters Error:2.34, ITerm:2.34, DInput:-2.00, Output:73.70
2022-01-12 17:16:44,255 - root - DEBUG - RunID 54, Segment 1 (loop 312) - RunState:Ramp,
                       ReadTmp:877.68, RampTmp:880.02, TargetTmp:945.00,
                       Output:73.70, CycleOnSec:22.11, RemainTime:0:23:26
                    
2022-01-12 17:16:44,255 - root - DEBUG - ==>Relay On
2022-01-12 17:17:06,386 - root - DEBUG - ==>Relay Off
2022-01-12 17:17:06,387 - root - DEBUG - Writing stats to Firing DB table...
2022-01-12 17:17:06,403 - root - INFO - database writing complete1
2022-01-12 17:17:06,404 - root - INFO - RunState end: Ramp
2022-01-12 17:17:14,254 - root - INFO - Set temp reached - End seconds set to 1642029434
2022-01-12 17:17:14,254 - root - DEBUG - Entering PID update with parameters SetPoint:881.44, ProcValue:986.22, IMax:100.00, IMin:0.00,
2022-01-12 17:17:14,255 - root - DEBUG -   Window:30, Kp: 30.000, Ki: 1.000, Kd: 0.600
2022-01-12 17:17:14,255 - root - DEBUG - Exiting PID update with parameters Error:-104.79, ITerm:0.00, DInput:108.54, Output:0.00
2022-01-12 17:17:14,255 - root - DEBUG - RunID 54, Segment 1 (loop 313) - RunState:Target Reached,
                       ReadTmp:986.22, RampTmp:881.44, TargetTmp:945.00,
                       Output:0.00, CycleOnSec:0.00, RemainTime:0:00:00
                    
2022-01-12 17:17:14,255 - root - DEBUG - ==>Relay Off
2022-01-12 17:17:14,255 - root - DEBUG - Writing stats to Firing DB table...
2022-01-12 17:17:14,266 - root - INFO - database writing complete1
2022-01-12 17:17:14,266 - root - INFO - RunState end: Complete
2022-01-12 17:17:14,266 - root - DEBUG - Update run id 54,
                                   segment 1 end time to 2022-01-12 17:17:14
                                
2022-01-12 17:17:14,266 - root - DEBUG - Update run id 54,
                                   segment 1 end time to 2022-01-12 17:17:14
                                
2022-01-12 17:17:14,266 - root - INFO - Segment 1 Complete
2022-01-12 17:17:14,274 - root - INFO - SegCompStat 0
2022-01-12 17:17:14,275 - root - INFO - segment is 2 start time is None endtime is None
2022-01-12 17:17:14,783 - root - INFO - Entering Fire function with parameters RunID:54, Seg:2,
              TargetTmp:1044, Rate:60, HoldMin:15, Window:10
           
2022-01-12 17:17:15,037 - root - INFO - First pass of firing loop - TargetTmp:1044.00,
                          StartTmp:984.22,RampTmp:984.39, TmpDif:59.78,
                          RampMin:59.78, Steps:358, StepTmp:0.17,
                          Window:10, StartSec:1642029435, EndSec:1642033921
                       
2022-01-12 17:17:15,037 - root - DEBUG - Entering PID update with parameters SetPoint:984.39, ProcValue:984.22, IMax:100.00, IMin:0.00,
2022-01-12 17:17:15,037 - root - DEBUG -   Window:10, Kp: 30.000, Ki: 1.000, Kd: 0.600
2022-01-12 17:17:15,037 - root - DEBUG - Exiting PID update with parameters Error:0.17, ITerm:0.17, DInput:-2.00, Output:6.37
2022-01-12 17:17:15,037 - root - DEBUG - RunID 54, Segment 2 (loop 1) - RunState:Ramp,
                       ReadTmp:984.22, RampTmp:984.39, TargetTmp:1044.00,
                       Output:6.37, CycleOnSec:0.64, RemainTime:1:14:46
                    
2022-01-12 17:17:15,037 - root - DEBUG - ==>Relay On
2022-01-12 17:17:15,675 - root - DEBUG - ==>Relay Off
2022-01-12 17:17:15,676 - root - DEBUG - Writing stats to Firing DB table...
2022-01-12 17:17:15,688 - root - INFO - database writing complete1
2022-01-12 17:17:15,688 - root - INFO - RunState end: Ramp
2022-01-12 17:17:25,254 - root - DEBUG - Entering PID update with parameters SetPoint:984.56, ProcValue:985.41, IMax:100.00, IMin:0.00,
2022-01-12 17:17:25,254 - root - DEBUG -   Window:10, Kp: 30.000, Ki: 1.000, Kd: 0.600
2022-01-12 17:17:25,254 - root - DEBUG - Exiting PID update with parameters Error:-0.85, ITerm:0.00, DInput:1.18, Output:0.00
2022-01-12 17:17:25,254 - root - DEBUG - RunID 54, Segment 2 (loop 2) - RunState:Ramp,
                       ReadTmp:985.41, RampTmp:984.56, TargetTmp:1044.00,
                       Output:0.00, CycleOnSec:0.00, RemainTime:1:14:36
                    
2022-01-12 17:17:25,255 - root - DEBUG - ==>Relay Off
2022-01-12 17:17:25,255 - root - DEBUG - Writing stats to Firing DB table...
2022-01-12 17:17:25,267 - root - INFO - database writing complete1
2022-01-12 17:17:25,267 - root - INFO - RunState end: Ramp
2022-01-12 17:17:35,254 - root - DEBUG - Entering PID update with parameters SetPoint:984.72, ProcValue:983.41, IMax:100.00, IMin:0.00,
2022-01-12 17:17:35,254 - root - DEBUG -   Window:10, Kp: 30.000, Ki: 1.000, Kd: 0.600
2022-01-12 17:17:35,254 - root - DEBUG - Exiting PID update with parameters Error:1.32, ITerm:1.32, DInput:-2.00, Output:42.02
2022-01-12 17:17:35,254 - root - DEBUG - RunID 54, Segment 2 (loop 3) - RunState:Ramp,
                       ReadTmp:983.41, RampTmp:984.72, TargetTmp:1044.00,
                       Output:42.02, CycleOnSec:4.20, RemainTime:1:14:26
                    
2022-01-12 17:17:35,254 - root - DEBUG - ==>Relay On
2022-01-12 17:17:39,461 - root - DEBUG - ==>Relay Off
2022-01-12 17:17:39,462 - root - DEBUG - Writing stats to Firing DB table...
2022-01-12 17:17:39,505 - root - INFO - database writing complete1
2022-01-12 17:17:39,506 - root - INFO - RunState end: Ramp
2022-01-12 17:17:45,254 - root - DEBUG - Entering PID update with parameters SetPoint:984.89, ProcValue:1002.42, IMax:100.00, IMin:0.00,
2022-01-12 17:17:45,254 - root - DEBUG -   Window:10, Kp: 30.000, Ki: 1.000, Kd: 0.600
2022-01-12 17:17:45,254 - root - DEBUG - Exiting PID update with parameters Error:-17.53, ITerm:0.00, DInput:19.01, Output:0.00
2022-01-12 17:17:45,254 - root - DEBUG - RunID 54, Segment 2 (loop 4) - RunState:Ramp,
                       ReadTmp:1002.42, RampTmp:984.89, TargetTmp:1044.00,
                       Output:0.00, CycleOnSec:0.00, RemainTime:1:14:16
                    
2022-01-12 17:17:45,254 - root - DEBUG - ==>Relay Off
2022-01-12 17:17:45,255 - root - DEBUG - Writing stats to Firing DB table...
2022-01-12 17:17:45,286 - root - INFO - database writing complete1
2022-01-12 17:17:45,286 - root - INFO - RunState end: Ramp
2022-01-12 17:17:55,254 - root - DEBUG - Entering PID update with parameters SetPoint:985.06, ProcValue:1000.42, IMax:100.00, IMin:0.00,
2022-01-12 17:17:55,254 - root - DEBUG -   Window:10, Kp: 30.000, Ki: 1.000, Kd: 0.600
2022-01-12 17:17:55,254 - root - DEBUG - Exiting PID update with parameters Error:-15.36, ITerm:0.00, DInput:-2.00, Output:0.00
2022-01-12 17:17:55,254 - root - DEBUG - RunID 54, Segment 2 (loop 5) - RunState:Ramp,
                       ReadTmp:1000.42, RampTmp:985.06, TargetTmp:1044.00,
                       Output:0.00, CycleOnSec:0.00, RemainTime:1:14:06
                    
2022-01-12 17:17:55,254 - root - DEBUG - ==>Relay Off
2022-01-12 17:17:55,255 - root - DEBUG - Writing stats to Firing DB table...
2022-01-12 17:17:55,283 - root - INFO - database writing complete1
2022-01-12 17:17:55,284 - root - INFO - RunState end: Ramp
2022-01-12 17:18:05,254 - root - DEBUG - Entering PID update with parameters SetPoint:985.22, ProcValue:998.42, IMax:100.00, IMin:0.00,
2022-01-12 17:18:05,254 - root - DEBUG -   Window:10, Kp: 30.000, Ki: 1.000, Kd: 0.600
2022-01-12 17:18:05,254 - root - DEBUG - Exiting PID update with parameters Error:-13.19, ITerm:0.00, DInput:-2.00, Output:0.00
2022-01-12 17:18:05,254 - root - DEBUG - RunID 54, Segment 2 (loop 6) - RunState:Ramp,
                       ReadTmp:998.42, RampTmp:985.22, TargetTmp:1044.00,
                       Output:0.00, CycleOnSec:0.00, RemainTime:1:13:56
                    
2022-01-12 17:18:05,254 - root - DEBUG - ==>Relay Off
2022-01-12 17:18:05,255 - root - DEBUG - Writing stats to Firing DB table...
2022-01-12 17:18:05,284 - root - INFO - database writing complete1
2022-01-12 17:18:05,284 - root - INFO - RunState end: Ramp
2022-01-12 17:18:15,254 - root - DEBUG - Entering PID update with parameters SetPoint:985.39, ProcValue:996.42, IMax:100.00, IMin:0.00,
2022-01-12 17:18:15,254 - root - DEBUG -   Window:10, Kp: 30.000, Ki: 1.000, Kd: 0.600
2022-01-12 17:18:15,254 - root - DEBUG - Exiting PID update with parameters Error:-11.03, ITerm:0.00, DInput:-2.00, Output:0.00
2022-01-12 17:18:15,254 - root - DEBUG - RunID 54, Segment 2 (loop 7) - RunState:Ramp,
                       ReadTmp:996.42, RampTmp:985.39, TargetTmp:1044.00,
                       Output:0.00, CycleOnSec:0.00, RemainTime:1:13:46
                    
2022-01-12 17:18:15,255 - root - DEBUG - ==>Relay Off
2022-01-12 17:18:15,255 - root - DEBUG - Writing stats to Firing DB table...
2022-01-12 17:18:15,288 - root - INFO - database writing complete1
2022-01-12 17:18:15,288 - root - INFO - RunState end: Ramp
2022-01-12 17:18:25,254 - root - DEBUG - Entering PID update with parameters SetPoint:985.56, ProcValue:994.42, IMax:100.00, IMin:0.00,
2022-01-12 17:18:25,254 - root - DEBUG -   Window:10, Kp: 30.000, Ki: 1.000, Kd: 0.600
2022-01-12 17:18:25,254 - root - DEBUG - Exiting PID update with parameters Error:-8.86, ITerm:0.00, DInput:-2.00, Output:0.00
2022-01-12 17:18:25,254 - root - DEBUG - RunID 54, Segment 2 (loop 8) - RunState:Ramp,
                       ReadTmp:994.42, RampTmp:985.56, TargetTmp:1044.00,
                       Output:0.00, CycleOnSec:0.00, RemainTime:1:13:36
                    
2022-01-12 17:18:25,254 - root - DEBUG - ==>Relay Off
2022-01-12 17:18:25,255 - root - DEBUG - Writing stats to Firing DB table...
2022-01-12 17:18:25,265 - root - INFO - database writing complete1
2022-01-12 17:18:25,266 - root - INFO - RunState end: Ramp
2022-01-12 17:18:35,254 - root - DEBUG - Entering PID update with parameters SetPoint:985.72, ProcValue:992.42, IMax:100.00, IMin:0.00,
2022-01-12 17:18:35,254 - root - DEBUG -   Window:10, Kp: 30.000, Ki: 1.000, Kd: 0.600
2022-01-12 17:18:35,254 - root - DEBUG - Exiting PID update with parameters Error:-6.69, ITerm:0.00, DInput:-2.00, Output:0.00
2022-01-12 17:18:35,254 - root - DEBUG - RunID 54, Segment 2 (loop 9) - RunState:Ramp,
                       ReadTmp:992.42, RampTmp:985.72, TargetTmp:1044.00,
                       Output:0.00, CycleOnSec:0.00, RemainTime:1:13:26
                    
2022-01-12 17:18:35,254 - root - DEBUG - ==>Relay Off
2022-01-12 17:18:35,255 - root - DEBUG - Writing stats to Firing DB table...
2022-01-12 17:18:35,266 - root - INFO - database writing complete1
2022-01-12 17:18:35,266 - root - INFO - RunState end: Ramp
2022-01-12 17:18:45,254 - root - DEBUG - Entering PID update with parameters SetPoint:985.89, ProcValue:990.42, IMax:100.00, IMin:0.00,
2022-01-12 17:18:45,254 - root - DEBUG -   Window:10, Kp: 30.000, Ki: 1.000, Kd: 0.600
2022-01-12 17:18:45,254 - root - DEBUG - Exiting PID update with parameters Error:-4.53, ITerm:0.00, DInput:-2.00, Output:0.00
2022-01-12 17:18:45,254 - root - DEBUG - RunID 54, Segment 2 (loop 10) - RunState:Ramp,
                       ReadTmp:990.42, RampTmp:985.89, TargetTmp:1044.00,
                       Output:0.00, CycleOnSec:0.00, RemainTime:1:13:16
                    
2022-01-12 17:18:45,254 - root - DEBUG - ==>Relay Off
2022-01-12 17:18:45,255 - root - DEBUG - Writing stats to Firing DB table...
2022-01-12 17:18:45,266 - root - INFO - database writing complete1
2022-01-12 17:18:45,266 - root - INFO - RunState end: Ramp
2022-01-12 17:18:55,254 - root - DEBUG - Entering PID update with parameters SetPoint:986.06, ProcValue:988.42, IMax:100.00, IMin:0.00,
2022-01-12 17:18:55,254 - root - DEBUG -   Window:10, Kp: 30.000, Ki: 1.000, Kd: 0.600
2022-01-12 17:18:55,254 - root - DEBUG - Exiting PID update with parameters Error:-2.36, ITerm:0.00, DInput:-2.00, Output:0.00
2022-01-12 17:18:55,254 - root - DEBUG - RunID 54, Segment 2 (loop 11) - RunState:Ramp,
                       ReadTmp:988.42, RampTmp:986.06, TargetTmp:1044.00,
                       Output:0.00, CycleOnSec:0.00, RemainTime:1:13:06
                    
2022-01-12 17:18:55,254 - root - DEBUG - ==>Relay Off
2022-01-12 17:18:55,255 - root - DEBUG - Writing stats to Firing DB table...
2022-01-12 17:18:55,266 - root - INFO - database writing complete1
2022-01-12 17:18:55,266 - root - INFO - RunState end: Ramp
2022-01-12 17:19:05,254 - root - DEBUG - Entering PID update with parameters SetPoint:986.22, ProcValue:986.42, IMax:100.00, IMin:0.00,
2022-01-12 17:19:05,254 - root - DEBUG -   Window:10, Kp: 30.000, Ki: 1.000, Kd: 0.600
2022-01-12 17:19:05,254 - root - DEBUG - Exiting PID update with parameters Error:-0.19, ITerm:0.00, DInput:-2.00, Output:0.00
2022-01-12 17:19:05,254 - root - DEBUG - RunID 54, Segment 2 (loop 12) - RunState:Ramp,
                       ReadTmp:986.42, RampTmp:986.22, TargetTmp:1044.00,
                       Output:0.00, CycleOnSec:0.00, RemainTime:1:12:56
                    
2022-01-12 17:19:05,254 - root - DEBUG - ==>Relay Off
2022-01-12 17:19:05,255 - root - DEBUG - Writing stats to Firing DB table...
2022-01-12 17:19:05,269 - root - INFO - database writing complete1
2022-01-12 17:19:05,269 - root - INFO - RunState end: Ramp
2022-01-12 17:19:15,254 - root - DEBUG - Entering PID update with parameters SetPoint:986.39, ProcValue:984.42, IMax:100.00, IMin:0.00,
2022-01-12 17:19:15,254 - root - DEBUG -   Window:10, Kp: 30.000, Ki: 1.000, Kd: 0.600
2022-01-12 17:19:15,254 - root - DEBUG - Exiting PID update with parameters Error:1.97, ITerm:1.97, DInput:-2.00, Output:62.42
2022-01-12 17:19:15,254 - root - DEBUG - RunID 54, Segment 2 (loop 13) - RunState:Ramp,
                       ReadTmp:984.42, RampTmp:986.39, TargetTmp:1044.00,
                       Output:62.42, CycleOnSec:6.24, RemainTime:1:12:46
                    
2022-01-12 17:19:15,254 - root - DEBUG - ==>Relay On
2022-01-12 17:19:21,503 - root - DEBUG - ==>Relay Off
2022-01-12 17:19:21,505 - root - DEBUG - Writing stats to Firing DB table...
2022-01-12 17:19:21,517 - root - INFO - database writing complete1
2022-01-12 17:19:21,518 - root - INFO - RunState end: Ramp
2022-01-12 17:19:25,254 - root - DEBUG - Entering PID update with parameters SetPoint:986.56, ProcValue:1013.63, IMax:100.00, IMin:0.00,
2022-01-12 17:19:25,254 - root - DEBUG -   Window:10, Kp: 30.000, Ki: 1.000, Kd: 0.600
2022-01-12 17:19:25,254 - root - DEBUG - Exiting PID update with parameters Error:-27.07, ITerm:0.00, DInput:29.21, Output:0.00
2022-01-12 17:19:25,255 - root - DEBUG - RunID 54, Segment 2 (loop 14) - RunState:Ramp,
                       ReadTmp:1013.63, RampTmp:986.56, TargetTmp:1044.00,
                       Output:0.00, CycleOnSec:0.00, RemainTime:1:12:36
                    
2022-01-12 17:19:25,255 - root - DEBUG - ==>Relay Off
2022-01-12 17:19:25,255 - root - DEBUG - Writing stats to Firing DB table...
2022-01-12 17:19:25,266 - root - INFO - database writing complete1
2022-01-12 17:19:25,267 - root - INFO - RunState end: Ramp
2022-01-12 17:19:35,256 - root - DEBUG - Entering PID update with parameters SetPoint:986.72, ProcValue:1011.63, IMax:100.00, IMin:0.00,
2022-01-12 17:19:35,256 - root - DEBUG -   Window:10, Kp: 30.000, Ki: 1.000, Kd: 0.600
2022-01-12 17:19:35,256 - root - DEBUG - Exiting PID update with parameters Error:-24.90, ITerm:0.00, DInput:-2.00, Output:0.00
2022-01-12 17:19:35,256 - root - DEBUG - RunID 54, Segment 2 (loop 15) - RunState:Ramp,
                       ReadTmp:1011.63, RampTmp:986.72, TargetTmp:1044.00,
                       Output:0.00, CycleOnSec:0.00, RemainTime:1:12:26
                    
2022-01-12 17:19:35,257 - root - DEBUG - ==>Relay Off
2022-01-12 17:19:35,257 - root - DEBUG - Writing stats to Firing DB table...
2022-01-12 17:19:35,268 - root - INFO - database writing complete1
2022-01-12 17:19:35,269 - root - INFO - RunState end: Ramp
2022-01-12 17:19:45,256 - root - DEBUG - Entering PID update with parameters SetPoint:986.89, ProcValue:1009.63, IMax:100.00, IMin:0.00,
2022-01-12 17:19:45,256 - root - DEBUG -   Window:10, Kp: 30.000, Ki: 1.000, Kd: 0.600
2022-01-12 17:19:45,257 - root - DEBUG - Exiting PID update with parameters Error:-22.74, ITerm:0.00, DInput:-2.00, Output:0.00
2022-01-12 17:19:45,257 - root - DEBUG - RunID 54, Segment 2 (loop 16) - RunState:Ramp,
                       ReadTmp:1009.63, RampTmp:986.89, TargetTmp:1044.00,
                       Output:0.00, CycleOnSec:0.00, RemainTime:1:12:16
                    
2022-01-12 17:19:45,257 - root - DEBUG - ==>Relay Off
2022-01-12 17:19:45,257 - root - DEBUG - Writing stats to Firing DB table...
2022-01-12 17:19:45,269 - root - INFO - database writing complete1
2022-01-12 17:19:45,269 - root - INFO - RunState end: Ramp
2022-01-12 17:19:55,255 - root - DEBUG - Entering PID update with parameters SetPoint:987.06, ProcValue:1007.63, IMax:100.00, IMin:0.00,
2022-01-12 17:19:55,256 - root - DEBUG -   Window:10, Kp: 30.000, Ki: 1.000, Kd: 0.600
2022-01-12 17:19:55,256 - root - DEBUG - Exiting PID update with parameters Error:-20.57, ITerm:0.00, DInput:-2.00, Output:0.00
2022-01-12 17:19:55,256 - root - DEBUG - RunID 54, Segment 2 (loop 17) - RunState:Ramp,
                       ReadTmp:1007.63, RampTmp:987.06, TargetTmp:1044.00,
                       Output:0.00, CycleOnSec:0.00, RemainTime:1:12:06
                    
2022-01-12 17:19:55,256 - root - DEBUG - ==>Relay Off
2022-01-12 17:19:55,256 - root - DEBUG - Writing stats to Firing DB table...
2022-01-12 17:19:55,268 - root - INFO - database writing complete1
2022-01-12 17:19:55,268 - root - INFO - RunState end: Ramp
2022-01-12 17:20:05,254 - root - DEBUG - Entering PID update with parameters SetPoint:987.22, ProcValue:1005.63, IMax:100.00, IMin:0.00,
2022-01-12 17:20:05,254 - root - DEBUG -   Window:10, Kp: 30.000, Ki: 1.000, Kd: 0.600
2022-01-12 17:20:05,254 - root - DEBUG - Exiting PID update with parameters Error:-18.40, ITerm:0.00, DInput:-2.00, Output:0.00
2022-01-12 17:20:05,254 - root - DEBUG - RunID 54, Segment 2 (loop 18) - RunState:Ramp,
                       ReadTmp:1005.63, RampTmp:987.22, TargetTmp:1044.00,
                       Output:0.00, CycleOnSec:0.00, RemainTime:1:11:56
                    
2022-01-12 17:20:05,254 - root - DEBUG - ==>Relay Off
2022-01-12 17:20:05,255 - root - DEBUG - Writing stats to Firing DB table...
2022-01-12 17:20:05,266 - root - INFO - database writing complete1
2022-01-12 17:20:05,266 - root - INFO - RunState end: Ramp
2022-01-12 17:20:15,253 - root - DEBUG - Entering PID update with parameters SetPoint:987.39, ProcValue:1003.63, IMax:100.00, IMin:0.00,
2022-01-12 17:20:15,254 - root - DEBUG -   Window:10, Kp: 30.000, Ki: 1.000, Kd: 0.600
2022-01-12 17:20:15,254 - root - DEBUG - Exiting PID update with parameters Error:-16.24, ITerm:0.00, DInput:-2.00, Output:0.00
2022-01-12 17:20:15,254 - root - DEBUG - RunID 54, Segment 2 (loop 19) - RunState:Ramp,
                       ReadTmp:1003.63, RampTmp:987.39, TargetTmp:1044.00,
                       Output:0.00, CycleOnSec:0.00, RemainTime:1:11:46
                    
2022-01-12 17:20:15,254 - root - DEBUG - ==>Relay Off
2022-01-12 17:20:15,255 - root - DEBUG - Writing stats to Firing DB table...
2022-01-12 17:20:15,269 - root - INFO - database writing complete1
2022-01-12 17:20:15,269 - root - INFO - RunState end: Ramp
2022-01-12 17:20:25,253 - root - DEBUG - Entering PID update with parameters SetPoint:987.56, ProcValue:1001.63, IMax:100.00, IMin:0.00,
2022-01-12 17:20:25,254 - root - DEBUG -   Window:10, Kp: 30.000, Ki: 1.000, Kd: 0.600
2022-01-12 17:20:25,254 - root - DEBUG - Exiting PID update with parameters Error:-14.07, ITerm:0.00, DInput:-2.00, Output:0.00
2022-01-12 17:20:25,254 - root - DEBUG - RunID 54, Segment 2 (loop 20) - RunState:Ramp,
                       ReadTmp:1001.63, RampTmp:987.56, TargetTmp:1044.00,
                       Output:0.00, CycleOnSec:0.00, RemainTime:1:11:36
                    
2022-01-12 17:20:25,254 - root - DEBUG - ==>Relay Off
2022-01-12 17:20:25,255 - root - DEBUG - Writing stats to Firing DB table...
2022-01-12 17:20:25,265 - root - INFO - database writing complete1
2022-01-12 17:20:25,266 - root - INFO - RunState end: Ramp
2022-01-12 17:20:35,253 - root - DEBUG - Entering PID update with parameters SetPoint:987.72, ProcValue:999.63, IMax:100.00, IMin:0.00,
2022-01-12 17:20:35,254 - root - DEBUG -   Window:10, Kp: 30.000, Ki: 1.000, Kd: 0.600
2022-01-12 17:20:35,254 - root - DEBUG - Exiting PID update with parameters Error:-11.90, ITerm:0.00, DInput:-2.00, Output:0.00
2022-01-12 17:20:35,254 - root - DEBUG - RunID 54, Segment 2 (loop 21) - RunState:Ramp,
                       ReadTmp:999.63, RampTmp:987.72, TargetTmp:1044.00,
                       Output:0.00, CycleOnSec:0.00, RemainTime:1:11:26
                    
2022-01-12 17:20:35,254 - root - DEBUG - ==>Relay Off
2022-01-12 17:20:35,254 - root - DEBUG - Writing stats to Firing DB table...
2022-01-12 17:20:35,266 - root - INFO - database writing complete1
2022-01-12 17:20:35,266 - root - INFO - RunState end: Ramp
2022-01-12 17:20:45,253 - root - DEBUG - Entering PID update with parameters SetPoint:987.89, ProcValue:997.63, IMax:100.00, IMin:0.00,
2022-01-12 17:20:45,254 - root - DEBUG -   Window:10, Kp: 30.000, Ki: 1.000, Kd: 0.600
2022-01-12 17:20:45,254 - root - DEBUG - Exiting PID update with parameters Error:-9.74, ITerm:0.00, DInput:-2.00, Output:0.00
2022-01-12 17:20:45,254 - root - DEBUG - RunID 54, Segment 2 (loop 22) - RunState:Ramp,
                       ReadTmp:997.63, RampTmp:987.89, TargetTmp:1044.00,
                       Output:0.00, CycleOnSec:0.00, RemainTime:1:11:16
                    
2022-01-12 17:20:45,254 - root - DEBUG - ==>Relay Off
2022-01-12 17:20:45,255 - root - DEBUG - Writing stats to Firing DB table...
2022-01-12 17:20:45,266 - root - INFO - database writing complete1
2022-01-12 17:20:45,266 - root - INFO - RunState end: Ramp
2022-01-12 17:20:55,253 - root - DEBUG - Entering PID update with parameters SetPoint:988.06, ProcValue:995.63, IMax:100.00, IMin:0.00,
2022-01-12 17:20:55,254 - root - DEBUG -   Window:10, Kp: 30.000, Ki: 1.000, Kd: 0.600
2022-01-12 17:20:55,254 - root - DEBUG - Exiting PID update with parameters Error:-7.57, ITerm:0.00, DInput:-2.00, Output:0.00
2022-01-12 17:20:55,254 - root - DEBUG - RunID 54, Segment 2 (loop 23) - RunState:Ramp,
                       ReadTmp:995.63, RampTmp:988.06, TargetTmp:1044.00,
                       Output:0.00, CycleOnSec:0.00, RemainTime:1:11:06
                    
2022-01-12 17:20:55,254 - root - DEBUG - ==>Relay Off
2022-01-12 17:20:55,255 - root - DEBUG - Writing stats to Firing DB table...
2022-01-12 17:20:55,268 - root - INFO - database writing complete1
2022-01-12 17:20:55,269 - root - INFO - RunState end: Ramp
2022-01-12 17:21:05,253 - root - DEBUG - Entering PID update with parameters SetPoint:988.22, ProcValue:993.63, IMax:100.00, IMin:0.00,
2022-01-12 17:21:05,254 - root - DEBUG -   Window:10, Kp: 30.000, Ki: 1.000, Kd: 0.600
2022-01-12 17:21:05,254 - root - DEBUG - Exiting PID update with parameters Error:-5.40, ITerm:0.00, DInput:-2.00, Output:0.00
2022-01-12 17:21:05,254 - root - DEBUG - RunID 54, Segment 2 (loop 24) - RunState:Ramp,
                       ReadTmp:993.63, RampTmp:988.22, TargetTmp:1044.00,
                       Output:0.00, CycleOnSec:0.00, RemainTime:1:10:56
                    
2022-01-12 17:21:05,254 - root - DEBUG - ==>Relay Off
2022-01-12 17:21:05,254 - root - DEBUG - Writing stats to Firing DB table...
2022-01-12 17:21:05,266 - root - INFO - database writing complete1
2022-01-12 17:21:05,267 - root - INFO - RunState end: Ramp
2022-01-12 17:21:15,254 - root - DEBUG - Entering PID update with parameters SetPoint:988.39, ProcValue:991.63, IMax:100.00, IMin:0.00,
2022-01-12 17:21:15,254 - root - DEBUG -   Window:10, Kp: 30.000, Ki: 1.000, Kd: 0.600
2022-01-12 17:21:15,254 - root - DEBUG - Exiting PID update with parameters Error:-3.24, ITerm:0.00, DInput:-2.00, Output:0.00
2022-01-12 17:21:15,254 - root - DEBUG - RunID 54, Segment 2 (loop 25) - RunState:Ramp,
                       ReadTmp:991.63, RampTmp:988.39, TargetTmp:1044.00,
                       Output:0.00, CycleOnSec:0.00, RemainTime:1:10:46
                    
2022-01-12 17:21:15,254 - root - DEBUG - ==>Relay Off
2022-01-12 17:21:15,255 - root - DEBUG - Writing stats to Firing DB table...
2022-01-12 17:21:15,267 - root - INFO - database writing complete1
2022-01-12 17:21:15,268 - root - INFO - RunState end: Ramp
2022-01-12 17:21:25,254 - root - DEBUG - Entering PID update with parameters SetPoint:988.56, ProcValue:989.63, IMax:100.00, IMin:0.00,
2022-01-12 17:21:25,254 - root - DEBUG -   Window:10, Kp: 30.000, Ki: 1.000, Kd: 0.600
2022-01-12 17:21:25,254 - root - DEBUG - Exiting PID update with parameters Error:-1.07, ITerm:0.00, DInput:-2.00, Output:0.00
2022-01-12 17:21:25,254 - root - DEBUG - RunID 54, Segment 2 (loop 26) - RunState:Ramp,
                       ReadTmp:989.63, RampTmp:988.56, TargetTmp:1044.00,
                       Output:0.00, CycleOnSec:0.00, RemainTime:1:10:36
                    
2022-01-12 17:21:25,254 - root - DEBUG - ==>Relay Off
2022-01-12 17:21:25,255 - root - DEBUG - Writing stats to Firing DB table...
2022-01-12 17:21:25,269 - root - INFO - database writing complete1
2022-01-12 17:21:25,270 - root - INFO - RunState end: Ramp
2022-01-12 17:21:35,254 - root - DEBUG - Entering PID update with parameters SetPoint:988.72, ProcValue:987.63, IMax:100.00, IMin:0.00,
2022-01-12 17:21:35,254 - root - DEBUG -   Window:10, Kp: 30.000, Ki: 1.000, Kd: 0.600
2022-01-12 17:21:35,254 - root - DEBUG - Exiting PID update with parameters Error:1.10, ITerm:1.10, DInput:-2.00, Output:35.17
2022-01-12 17:21:35,255 - root - DEBUG - RunID 54, Segment 2 (loop 27) - RunState:Ramp,
                       ReadTmp:987.63, RampTmp:988.72, TargetTmp:1044.00,
                       Output:35.17, CycleOnSec:3.52, RemainTime:1:10:26
                    
2022-01-12 17:21:35,255 - root - DEBUG - ==>Relay On
2022-01-12 17:21:38,776 - root - DEBUG - ==>Relay Off
2022-01-12 17:21:38,777 - root - DEBUG - Writing stats to Firing DB table...
2022-01-12 17:21:38,788 - root - INFO - database writing complete1
2022-01-12 17:21:38,789 - root - INFO - RunState end: Ramp
2022-01-12 17:21:45,255 - root - DEBUG - Entering PID update with parameters SetPoint:988.89, ProcValue:1003.21, IMax:100.00, IMin:0.00,
2022-01-12 17:21:45,256 - root - DEBUG -   Window:10, Kp: 30.000, Ki: 1.000, Kd: 0.600
2022-01-12 17:21:45,256 - root - DEBUG - Exiting PID update with parameters Error:-14.32, ITerm:0.00, DInput:15.59, Output:0.00
2022-01-12 17:21:45,256 - root - DEBUG - RunID 54, Segment 2 (loop 28) - RunState:Ramp,
                       ReadTmp:1003.21, RampTmp:988.89, TargetTmp:1044.00,
                       Output:0.00, CycleOnSec:0.00, RemainTime:1:10:16
                    
2022-01-12 17:21:45,256 - root - DEBUG - ==>Relay Off
2022-01-12 17:21:45,257 - root - DEBUG - Writing stats to Firing DB table...
2022-01-12 17:21:45,269 - root - INFO - database writing complete1
2022-01-12 17:21:45,269 - root - INFO - RunState end: Ramp
2022-01-12 17:21:55,253 - root - DEBUG - Entering PID update with parameters SetPoint:989.06, ProcValue:1001.21, IMax:100.00, IMin:0.00,
2022-01-12 17:21:55,254 - root - DEBUG -   Window:10, Kp: 30.000, Ki: 1.000, Kd: 0.600
2022-01-12 17:21:55,254 - root - DEBUG - Exiting PID update with parameters Error:-12.16, ITerm:0.00, DInput:-2.00, Output:0.00
2022-01-12 17:21:55,254 - root - DEBUG - RunID 54, Segment 2 (loop 29) - RunState:Ramp,
                       ReadTmp:1001.21, RampTmp:989.06, TargetTmp:1044.00,
                       Output:0.00, CycleOnSec:0.00, RemainTime:1:10:06
                    
2022-01-12 17:21:55,254 - root - DEBUG - ==>Relay Off
2022-01-12 17:21:55,255 - root - DEBUG - Writing stats to Firing DB table...
2022-01-12 17:21:55,266 - root - INFO - database writing complete1
2022-01-12 17:21:55,267 - root - INFO - RunState end: Ramp
2022-01-12 17:22:05,254 - root - DEBUG - Entering PID update with parameters SetPoint:989.22, ProcValue:999.21, IMax:100.00, IMin:0.00,
2022-01-12 17:22:05,254 - root - DEBUG -   Window:10, Kp: 30.000, Ki: 1.000, Kd: 0.600
2022-01-12 17:22:05,254 - root - DEBUG - Exiting PID update with parameters Error:-9.99, ITerm:0.00, DInput:-2.00, Output:0.00
2022-01-12 17:22:05,255 - root - DEBUG - RunID 54, Segment 2 (loop 30) - RunState:Ramp,
                       ReadTmp:999.21, RampTmp:989.22, TargetTmp:1044.00,
                       Output:0.00, CycleOnSec:0.00, RemainTime:1:09:56
                    
2022-01-12 17:22:05,255 - root - DEBUG - ==>Relay Off
2022-01-12 17:22:05,256 - root - DEBUG - Writing stats to Firing DB table...
2022-01-12 17:22:05,270 - root - INFO - database writing complete1
2022-01-12 17:22:05,271 - root - INFO - RunState end: Ramp
2022-01-12 17:22:15,254 - root - DEBUG - Entering PID update with parameters SetPoint:989.39, ProcValue:997.21, IMax:100.00, IMin:0.00,
2022-01-12 17:22:15,254 - root - DEBUG -   Window:10, Kp: 30.000, Ki: 1.000, Kd: 0.600
2022-01-12 17:22:15,254 - root - DEBUG - Exiting PID update with parameters Error:-7.82, ITerm:0.00, DInput:-2.00, Output:0.00
2022-01-12 17:22:15,254 - root - DEBUG - RunID 54, Segment 2 (loop 31) - RunState:Ramp,
                       ReadTmp:997.21, RampTmp:989.39, TargetTmp:1044.00,
                       Output:0.00, CycleOnSec:0.00, RemainTime:1:09:46
                    
2022-01-12 17:22:15,254 - root - DEBUG - ==>Relay Off
2022-01-12 17:22:15,255 - root - DEBUG - Writing stats to Firing DB table...
2022-01-12 17:22:15,268 - root - INFO - database writing complete1
2022-01-12 17:22:15,268 - root - INFO - RunState end: Ramp
2022-01-12 17:22:25,254 - root - DEBUG - Entering PID update with parameters SetPoint:989.56, ProcValue:995.21, IMax:100.00, IMin:0.00,
2022-01-12 17:22:25,254 - root - DEBUG -   Window:10, Kp: 30.000, Ki: 1.000, Kd: 0.600
2022-01-12 17:22:25,254 - root - DEBUG - Exiting PID update with parameters Error:-5.66, ITerm:0.00, DInput:-2.00, Output:0.00
2022-01-12 17:22:25,255 - root - DEBUG - RunID 54, Segment 2 (loop 32) - RunState:Ramp,
                       ReadTmp:995.21, RampTmp:989.56, TargetTmp:1044.00,
                       Output:0.00, CycleOnSec:0.00, RemainTime:1:09:36
                    
2022-01-12 17:22:25,255 - root - DEBUG - ==>Relay Off
2022-01-12 17:22:25,255 - root - DEBUG - Writing stats to Firing DB table...
2022-01-12 17:22:25,270 - root - INFO - database writing complete1
2022-01-12 17:22:25,271 - root - INFO - RunState end: Ramp
2022-01-12 17:22:35,255 - root - DEBUG - Entering PID update with parameters SetPoint:989.72, ProcValue:993.21, IMax:100.00, IMin:0.00,
2022-01-12 17:22:35,255 - root - DEBUG -   Window:10, Kp: 30.000, Ki: 1.000, Kd: 0.600
2022-01-12 17:22:35,255 - root - DEBUG - Exiting PID update with parameters Error:-3.49, ITerm:0.00, DInput:-2.00, Output:0.00
2022-01-12 17:22:35,255 - root - DEBUG - RunID 54, Segment 2 (loop 33) - RunState:Ramp,
                       ReadTmp:993.21, RampTmp:989.72, TargetTmp:1044.00,
                       Output:0.00, CycleOnSec:0.00, RemainTime:1:09:26
                    
2022-01-12 17:22:35,255 - root - DEBUG - ==>Relay Off
2022-01-12 17:22:35,256 - root - DEBUG - Writing stats to Firing DB table...
2022-01-12 17:22:35,269 - root - INFO - database writing complete1
2022-01-12 17:22:35,269 - root - INFO - RunState end: Ramp
2022-01-12 17:22:45,254 - root - DEBUG - Entering PID update with parameters SetPoint:989.89, ProcValue:991.21, IMax:100.00, IMin:0.00,
2022-01-12 17:22:45,254 - root - DEBUG -   Window:10, Kp: 30.000, Ki: 1.000, Kd: 0.600
2022-01-12 17:22:45,254 - root - DEBUG - Exiting PID update with parameters Error:-1.32, ITerm:0.00, DInput:-2.00, Output:0.00
2022-01-12 17:22:45,255 - root - DEBUG - RunID 54, Segment 2 (loop 34) - RunState:Ramp,
                       ReadTmp:991.21, RampTmp:989.89, TargetTmp:1044.00,
                       Output:0.00, CycleOnSec:0.00, RemainTime:1:09:16
                    
2022-01-12 17:22:45,255 - root - DEBUG - ==>Relay Off
2022-01-12 17:22:45,255 - root - DEBUG - Writing stats to Firing DB table...
2022-01-12 17:22:45,270 - root - INFO - database writing complete1
2022-01-12 17:22:45,271 - root - INFO - RunState end: Ramp
2022-01-12 17:22:55,254 - root - DEBUG - Entering PID update with parameters SetPoint:990.06, ProcValue:989.21, IMax:100.00, IMin:0.00,
2022-01-12 17:22:55,254 - root - DEBUG -   Window:10, Kp: 30.000, Ki: 1.000, Kd: 0.600
2022-01-12 17:22:55,255 - root - DEBUG - Exiting PID update with parameters Error:0.84, ITerm:0.84, DInput:-2.00, Output:27.36
2022-01-12 17:22:55,255 - root - DEBUG - RunID 54, Segment 2 (loop 35) - RunState:Ramp,
                       ReadTmp:989.21, RampTmp:990.06, TargetTmp:1044.00,
                       Output:27.36, CycleOnSec:2.74, RemainTime:1:09:06
                    
2022-01-12 17:22:55,255 - root - DEBUG - ==>Relay On
2022-01-12 17:22:57,992 - root - DEBUG - ==>Relay Off
2022-01-12 17:22:57,993 - root - DEBUG - Writing stats to Firing DB table...
2022-01-12 17:22:58,007 - root - INFO - database writing complete1
2022-01-12 17:22:58,008 - root - INFO - RunState end: Ramp
2022-01-12 17:23:05,254 - root - DEBUG - Entering PID update with parameters SetPoint:990.22, ProcValue:1000.89, IMax:100.00, IMin:0.00,
2022-01-12 17:23:05,254 - root - DEBUG -   Window:10, Kp: 30.000, Ki: 1.000, Kd: 0.600
2022-01-12 17:23:05,255 - root - DEBUG - Exiting PID update with parameters Error:-10.67, ITerm:0.00, DInput:11.68, Output:0.00
2022-01-12 17:23:05,255 - root - DEBUG - RunID 54, Segment 2 (loop 36) - RunState:Ramp,
                       ReadTmp:1000.89, RampTmp:990.22, TargetTmp:1044.00,
                       Output:0.00, CycleOnSec:0.00, RemainTime:1:08:56
                    
2022-01-12 17:23:05,255 - root - DEBUG - ==>Relay Off
2022-01-12 17:23:05,256 - root - DEBUG - Writing stats to Firing DB table...
2022-01-12 17:23:05,269 - root - INFO - database writing complete1
2022-01-12 17:23:05,269 - root - INFO - RunState end: Ramp
2022-01-12 17:23:15,253 - root - DEBUG - Entering PID update with parameters SetPoint:990.39, ProcValue:998.89, IMax:100.00, IMin:0.00,
2022-01-12 17:23:15,254 - root - DEBUG -   Window:10, Kp: 30.000, Ki: 1.000, Kd: 0.600
2022-01-12 17:23:15,254 - root - DEBUG - Exiting PID update with parameters Error:-8.50, ITerm:0.00, DInput:-2.00, Output:0.00
2022-01-12 17:23:15,254 - root - DEBUG - RunID 54, Segment 2 (loop 37) - RunState:Ramp,
                       ReadTmp:998.89, RampTmp:990.39, TargetTmp:1044.00,
                       Output:0.00, CycleOnSec:0.00, RemainTime:1:08:46
                    
2022-01-12 17:23:15,254 - root - DEBUG - ==>Relay Off
2022-01-12 17:23:15,255 - root - DEBUG - Writing stats to Firing DB table...
2022-01-12 17:23:15,268 - root - INFO - database writing complete1
2022-01-12 17:23:15,269 - root - INFO - RunState end: Ramp
2022-01-12 17:23:25,253 - root - DEBUG - Entering PID update with parameters SetPoint:990.56, ProcValue:996.89, IMax:100.00, IMin:0.00,
2022-01-12 17:23:25,254 - root - DEBUG -   Window:10, Kp: 30.000, Ki: 1.000, Kd: 0.600
2022-01-12 17:23:25,254 - root - DEBUG - Exiting PID update with parameters Error:-6.33, ITerm:0.00, DInput:-2.00, Output:0.00
2022-01-12 17:23:25,254 - root - DEBUG - RunID 54, Segment 2 (loop 38) - RunState:Ramp,
                       ReadTmp:996.89, RampTmp:990.56, TargetTmp:1044.00,
                       Output:0.00, CycleOnSec:0.00, RemainTime:1:08:36
                    
2022-01-12 17:23:25,254 - root - DEBUG - ==>Relay Off
2022-01-12 17:23:25,255 - root - DEBUG - Writing stats to Firing DB table...
2022-01-12 17:23:25,267 - root - INFO - database writing complete1
2022-01-12 17:23:25,267 - root - INFO - RunState end: Ramp
2022-01-12 17:23:35,254 - root - DEBUG - Entering PID update with parameters SetPoint:990.72, ProcValue:994.89, IMax:100.00, IMin:0.00,
2022-01-12 17:23:35,254 - root - DEBUG -   Window:10, Kp: 30.000, Ki: 1.000, Kd: 0.600
2022-01-12 17:23:35,254 - root - DEBUG - Exiting PID update with parameters Error:-4.17, ITerm:0.00, DInput:-2.00, Output:0.00
2022-01-12 17:23:35,254 - root - DEBUG - RunID 54, Segment 2 (loop 39) - RunState:Ramp,
                       ReadTmp:994.89, RampTmp:990.72, TargetTmp:1044.00,
                       Output:0.00, CycleOnSec:0.00, RemainTime:1:08:26
                    
2022-01-12 17:23:35,255 - root - DEBUG - ==>Relay Off
2022-01-12 17:23:35,255 - root - DEBUG - Writing stats to Firing DB table...
2022-01-12 17:23:35,267 - root - INFO - database writing complete1
2022-01-12 17:23:35,268 - root - INFO - RunState end: Ramp
2022-01-12 17:23:45,254 - root - DEBUG - Entering PID update with parameters SetPoint:990.89, ProcValue:992.89, IMax:100.00, IMin:0.00,
2022-01-12 17:23:45,254 - root - DEBUG -   Window:10, Kp: 30.000, Ki: 1.000, Kd: 0.600
2022-01-12 17:23:45,254 - root - DEBUG - Exiting PID update with parameters Error:-2.00, ITerm:0.00, DInput:-2.00, Output:0.00
2022-01-12 17:23:45,254 - root - DEBUG - RunID 54, Segment 2 (loop 40) - RunState:Ramp,
                       ReadTmp:992.89, RampTmp:990.89, TargetTmp:1044.00,
                       Output:0.00, CycleOnSec:0.00, RemainTime:1:08:16
                    
2022-01-12 17:23:45,254 - root - DEBUG - ==>Relay Off
2022-01-12 17:23:45,255 - root - DEBUG - Writing stats to Firing DB table...
2022-01-12 17:23:45,266 - root - INFO - database writing complete1
2022-01-12 17:23:45,267 - root - INFO - RunState end: Ramp
2022-01-12 17:23:55,253 - root - DEBUG - Entering PID update with parameters SetPoint:991.06, ProcValue:990.89, IMax:100.00, IMin:0.00,
2022-01-12 17:23:55,254 - root - DEBUG -   Window:10, Kp: 30.000, Ki: 1.000, Kd: 0.600
2022-01-12 17:23:55,254 - root - DEBUG - Exiting PID update with parameters Error:0.17, ITerm:0.17, DInput:-2.00, Output:6.33
2022-01-12 17:23:55,254 - root - DEBUG - RunID 54, Segment 2 (loop 41) - RunState:Ramp,
                       ReadTmp:990.89, RampTmp:991.06, TargetTmp:1044.00,
                       Output:6.33, CycleOnSec:0.63, RemainTime:1:08:06
                    
2022-01-12 17:23:55,254 - root - DEBUG - ==>Relay On
2022-01-12 17:23:55,888 - root - DEBUG - ==>Relay Off
2022-01-12 17:23:55,890 - root - DEBUG - Writing stats to Firing DB table...
2022-01-12 17:23:55,903 - root - INFO - database writing complete1
2022-01-12 17:23:55,904 - root - INFO - RunState end: Ramp
2022-01-12 17:24:05,254 - root - DEBUG - Entering PID update with parameters SetPoint:991.22, ProcValue:992.06, IMax:100.00, IMin:0.00,
2022-01-12 17:24:05,254 - root - DEBUG -   Window:10, Kp: 30.000, Ki: 1.000, Kd: 0.600
2022-01-12 17:24:05,254 - root - DEBUG - Exiting PID update with parameters Error:-0.83, ITerm:0.00, DInput:1.17, Output:0.00
2022-01-12 17:24:05,254 - root - DEBUG - RunID 54, Segment 2 (loop 42) - RunState:Ramp,
                       ReadTmp:992.06, RampTmp:991.22, TargetTmp:1044.00,
                       Output:0.00, CycleOnSec:0.00, RemainTime:1:07:56
                    
2022-01-12 17:24:05,254 - root - DEBUG - ==>Relay Off
2022-01-12 17:24:05,255 - root - DEBUG - Writing stats to Firing DB table...
2022-01-12 17:24:05,267 - root - INFO - database writing complete1
2022-01-12 17:24:05,268 - root - INFO - RunState end: Ramp
2022-01-12 17:24:15,253 - root - DEBUG - Entering PID update with parameters SetPoint:991.39, ProcValue:990.06, IMax:100.00, IMin:0.00,
2022-01-12 17:24:15,254 - root - DEBUG -   Window:10, Kp: 30.000, Ki: 1.000, Kd: 0.600
2022-01-12 17:24:15,254 - root - DEBUG - Exiting PID update with parameters Error:1.33, ITerm:1.33, DInput:-2.00, Output:42.48
2022-01-12 17:24:15,254 - root - DEBUG - RunID 54, Segment 2 (loop 43) - RunState:Ramp,
                       ReadTmp:990.06, RampTmp:991.39, TargetTmp:1044.00,
                       Output:42.48, CycleOnSec:4.25, RemainTime:1:07:46
                    
2022-01-12 17:24:15,254 - root - DEBUG - ==>Relay On
2022-01-12 17:24:19,507 - root - DEBUG - ==>Relay Off
2022-01-12 17:24:19,508 - root - DEBUG - Writing stats to Firing DB table...
2022-01-12 17:24:19,539 - root - INFO - database writing complete1
2022-01-12 17:24:19,540 - root - INFO - RunState end: Ramp
2022-01-12 17:24:25,254 - root - DEBUG - Entering PID update with parameters SetPoint:991.56, ProcValue:1009.30, IMax:100.00, IMin:0.00,
2022-01-12 17:24:25,254 - root - DEBUG -   Window:10, Kp: 30.000, Ki: 1.000, Kd: 0.600
2022-01-12 17:24:25,254 - root - DEBUG - Exiting PID update with parameters Error:-17.74, ITerm:0.00, DInput:19.24, Output:0.00
2022-01-12 17:24:25,254 - root - DEBUG - RunID 54, Segment 2 (loop 44) - RunState:Ramp,
                       ReadTmp:1009.30, RampTmp:991.56, TargetTmp:1044.00,
                       Output:0.00, CycleOnSec:0.00, RemainTime:1:07:36
                    
2022-01-12 17:24:25,254 - root - DEBUG - ==>Relay Off
2022-01-12 17:24:25,255 - root - DEBUG - Writing stats to Firing DB table...
2022-01-12 17:24:25,297 - root - INFO - database writing complete1
2022-01-12 17:24:25,297 - root - INFO - RunState end: Ramp
2022-01-12 17:24:35,254 - root - DEBUG - Entering PID update with parameters SetPoint:991.72, ProcValue:1007.30, IMax:100.00, IMin:0.00,
2022-01-12 17:24:35,254 - root - DEBUG -   Window:10, Kp: 30.000, Ki: 1.000, Kd: 0.600
2022-01-12 17:24:35,254 - root - DEBUG - Exiting PID update with parameters Error:-15.58, ITerm:0.00, DInput:-2.00, Output:0.00
2022-01-12 17:24:35,254 - root - DEBUG - RunID 54, Segment 2 (loop 45) - RunState:Ramp,
                       ReadTmp:1007.30, RampTmp:991.72, TargetTmp:1044.00,
                       Output:0.00, CycleOnSec:0.00, RemainTime:1:07:26
                    
2022-01-12 17:24:35,254 - root - DEBUG - ==>Relay Off
2022-01-12 17:24:35,255 - root - DEBUG - Writing stats to Firing DB table...
2022-01-12 17:24:35,297 - root - INFO - database writing complete1
2022-01-12 17:24:35,298 - root - INFO - RunState end: Ramp
2022-01-12 17:24:45,254 - root - DEBUG - Entering PID update with parameters SetPoint:991.89, ProcValue:1005.30, IMax:100.00, IMin:0.00,
2022-01-12 17:24:45,254 - root - DEBUG -   Window:10, Kp: 30.000, Ki: 1.000, Kd: 0.600
2022-01-12 17:24:45,254 - root - DEBUG - Exiting PID update with parameters Error:-13.41, ITerm:0.00, DInput:-2.00, Output:0.00
2022-01-12 17:24:45,254 - root - DEBUG - RunID 54, Segment 2 (loop 46) - RunState:Ramp,
                       ReadTmp:1005.30, RampTmp:991.89, TargetTmp:1044.00,
                       Output:0.00, CycleOnSec:0.00, RemainTime:1:07:16
                    
2022-01-12 17:24:45,254 - root - DEBUG - ==>Relay Off
2022-01-12 17:24:45,255 - root - DEBUG - Writing stats to Firing DB table...
2022-01-12 17:24:45,275 - root - INFO - database writing complete1
2022-01-12 17:24:45,275 - root - INFO - RunState end: Ramp
2022-01-12 17:24:55,253 - root - DEBUG - Entering PID update with parameters SetPoint:992.06, ProcValue:1003.30, IMax:100.00, IMin:0.00,
2022-01-12 17:24:55,254 - root - DEBUG -   Window:10, Kp: 30.000, Ki: 1.000, Kd: 0.600
2022-01-12 17:24:55,254 - root - DEBUG - Exiting PID update with parameters Error:-11.24, ITerm:0.00, DInput:-2.00, Output:0.00
2022-01-12 17:24:55,254 - root - DEBUG - RunID 54, Segment 2 (loop 47) - RunState:Ramp,
                       ReadTmp:1003.30, RampTmp:992.06, TargetTmp:1044.00,
                       Output:0.00, CycleOnSec:0.00, RemainTime:1:07:06
                    
2022-01-12 17:24:55,254 - root - DEBUG - ==>Relay Off
2022-01-12 17:24:55,255 - root - DEBUG - Writing stats to Firing DB table...
2022-01-12 17:24:55,267 - root - INFO - database writing complete1
2022-01-12 17:24:55,267 - root - INFO - RunState end: Ramp
2022-01-12 17:25:05,254 - root - DEBUG - Entering PID update with parameters SetPoint:992.22, ProcValue:1001.30, IMax:100.00, IMin:0.00,
2022-01-12 17:25:05,254 - root - DEBUG -   Window:10, Kp: 30.000, Ki: 1.000, Kd: 0.600
2022-01-12 17:25:05,254 - root - DEBUG - Exiting PID update with parameters Error:-9.08, ITerm:0.00, DInput:-2.00, Output:0.00
2022-01-12 17:25:05,254 - root - DEBUG - RunID 54, Segment 2 (loop 48) - RunState:Ramp,
                       ReadTmp:1001.30, RampTmp:992.22, TargetTmp:1044.00,
                       Output:0.00, CycleOnSec:0.00, RemainTime:1:06:56
                    
2022-01-12 17:25:05,254 - root - DEBUG - ==>Relay Off
2022-01-12 17:25:05,255 - root - DEBUG - Writing stats to Firing DB table...
2022-01-12 17:25:05,267 - root - INFO - database writing complete1
2022-01-12 17:25:05,267 - root - INFO - RunState end: Ramp
2022-01-12 17:25:15,254 - root - DEBUG - Entering PID update with parameters SetPoint:992.39, ProcValue:999.30, IMax:100.00, IMin:0.00,
2022-01-12 17:25:15,254 - root - DEBUG -   Window:10, Kp: 30.000, Ki: 1.000, Kd: 0.600
2022-01-12 17:25:15,254 - root - DEBUG - Exiting PID update with parameters Error:-6.91, ITerm:0.00, DInput:-2.00, Output:0.00
2022-01-12 17:25:15,254 - root - DEBUG - RunID 54, Segment 2 (loop 49) - RunState:Ramp,
                       ReadTmp:999.30, RampTmp:992.39, TargetTmp:1044.00,
                       Output:0.00, CycleOnSec:0.00, RemainTime:1:06:46
                    
2022-01-12 17:25:15,254 - root - DEBUG - ==>Relay Off
2022-01-12 17:25:15,255 - root - DEBUG - Writing stats to Firing DB table...
2022-01-12 17:25:15,267 - root - INFO - database writing complete1
2022-01-12 17:25:15,268 - root - INFO - RunState end: Ramp
2022-01-12 17:25:25,254 - root - DEBUG - Entering PID update with parameters SetPoint:992.56, ProcValue:997.30, IMax:100.00, IMin:0.00,
2022-01-12 17:25:25,254 - root - DEBUG -   Window:10, Kp: 30.000, Ki: 1.000, Kd: 0.600
2022-01-12 17:25:25,254 - root - DEBUG - Exiting PID update with parameters Error:-4.74, ITerm:0.00, DInput:-2.00, Output:0.00
2022-01-12 17:25:25,254 - root - DEBUG - RunID 54, Segment 2 (loop 50) - RunState:Ramp,
                       ReadTmp:997.30, RampTmp:992.56, TargetTmp:1044.00,
                       Output:0.00, CycleOnSec:0.00, RemainTime:1:06:36
                    
2022-01-12 17:25:25,254 - root - DEBUG - ==>Relay Off
2022-01-12 17:25:25,255 - root - DEBUG - Writing stats to Firing DB table...
2022-01-12 17:25:25,270 - root - INFO - database writing complete1
2022-01-12 17:25:25,270 - root - INFO - RunState end: Ramp
2022-01-12 17:25:35,254 - root - DEBUG - Entering PID update with parameters SetPoint:992.72, ProcValue:995.30, IMax:100.00, IMin:0.00,
2022-01-12 17:25:35,254 - root - DEBUG -   Window:10, Kp: 30.000, Ki: 1.000, Kd: 0.600
2022-01-12 17:25:35,254 - root - DEBUG - Exiting PID update with parameters Error:-2.58, ITerm:0.00, DInput:-2.00, Output:0.00
2022-01-12 17:25:35,254 - root - DEBUG - RunID 54, Segment 2 (loop 51) - RunState:Ramp,
                       ReadTmp:995.30, RampTmp:992.72, TargetTmp:1044.00,
                       Output:0.00, CycleOnSec:0.00, RemainTime:1:06:26
                    
2022-01-12 17:25:35,254 - root - DEBUG - ==>Relay Off
2022-01-12 17:25:35,255 - root - DEBUG - Writing stats to Firing DB table...
2022-01-12 17:25:35,267 - root - INFO - database writing complete1
2022-01-12 17:25:35,267 - root - INFO - RunState end: Ramp
2022-01-12 17:25:45,254 - root - DEBUG - Entering PID update with parameters SetPoint:992.89, ProcValue:993.30, IMax:100.00, IMin:0.00,
2022-01-12 17:25:45,254 - root - DEBUG -   Window:10, Kp: 30.000, Ki: 1.000, Kd: 0.600
2022-01-12 17:25:45,254 - root - DEBUG - Exiting PID update with parameters Error:-0.41, ITerm:0.00, DInput:-2.00, Output:0.00
2022-01-12 17:25:45,254 - root - DEBUG - RunID 54, Segment 2 (loop 52) - RunState:Ramp,
                       ReadTmp:993.30, RampTmp:992.89, TargetTmp:1044.00,
                       Output:0.00, CycleOnSec:0.00, RemainTime:1:06:16
                    
2022-01-12 17:25:45,255 - root - DEBUG - ==>Relay Off
2022-01-12 17:25:45,255 - root - DEBUG - Writing stats to Firing DB table...
2022-01-12 17:25:45,268 - root - INFO - database writing complete1
2022-01-12 17:25:45,268 - root - INFO - RunState end: Ramp
2022-01-12 17:25:55,254 - root - DEBUG - Entering PID update with parameters SetPoint:993.06, ProcValue:991.30, IMax:100.00, IMin:0.00,
2022-01-12 17:25:55,254 - root - DEBUG -   Window:10, Kp: 30.000, Ki: 1.000, Kd: 0.600
2022-01-12 17:25:55,254 - root - DEBUG - Exiting PID update with parameters Error:1.76, ITerm:1.76, DInput:-2.00, Output:55.64
2022-01-12 17:25:55,254 - root - DEBUG - RunID 54, Segment 2 (loop 53) - RunState:Ramp,
                       ReadTmp:991.30, RampTmp:993.06, TargetTmp:1044.00,
                       Output:55.64, CycleOnSec:5.56, RemainTime:1:06:06
                    
2022-01-12 17:25:55,254 - root - DEBUG - ==>Relay On
2022-01-12 17:26:00,824 - root - DEBUG - ==>Relay Off
2022-01-12 17:26:00,824 - root - DEBUG - Writing stats to Firing DB table...
2022-01-12 17:26:00,834 - root - INFO - database writing complete1
2022-01-12 17:26:00,835 - root - INFO - RunState end: Ramp
2022-01-12 17:26:05,254 - root - DEBUG - Entering PID update with parameters SetPoint:993.22, ProcValue:1017.12, IMax:100.00, IMin:0.00,
2022-01-12 17:26:05,254 - root - DEBUG -   Window:10, Kp: 30.000, Ki: 1.000, Kd: 0.600
2022-01-12 17:26:05,254 - root - DEBUG - Exiting PID update with parameters Error:-23.90, ITerm:0.00, DInput:25.82, Output:0.00
2022-01-12 17:26:05,254 - root - DEBUG - RunID 54, Segment 2 (loop 54) - RunState:Ramp,
                       ReadTmp:1017.12, RampTmp:993.22, TargetTmp:1044.00,
                       Output:0.00, CycleOnSec:0.00, RemainTime:1:05:56
                    
2022-01-12 17:26:05,254 - root - DEBUG - ==>Relay Off
2022-01-12 17:26:05,255 - root - DEBUG - Writing stats to Firing DB table...
2022-01-12 17:26:05,267 - root - INFO - database writing complete1
2022-01-12 17:26:05,267 - root - INFO - RunState end: Ramp
2022-01-12 17:26:15,254 - root - DEBUG - Entering PID update with parameters SetPoint:993.39, ProcValue:1015.12, IMax:100.00, IMin:0.00,
2022-01-12 17:26:15,254 - root - DEBUG -   Window:10, Kp: 30.000, Ki: 1.000, Kd: 0.600
2022-01-12 17:26:15,254 - root - DEBUG - Exiting PID update with parameters Error:-21.73, ITerm:0.00, DInput:-2.00, Output:0.00
2022-01-12 17:26:15,254 - root - DEBUG - RunID 54, Segment 2 (loop 55) - RunState:Ramp,
                       ReadTmp:1015.12, RampTmp:993.39, TargetTmp:1044.00,
                       Output:0.00, CycleOnSec:0.00, RemainTime:1:05:46
                    
2022-01-12 17:26:15,254 - root - DEBUG - ==>Relay Off
2022-01-12 17:26:15,255 - root - DEBUG - Writing stats to Firing DB table...
2022-01-12 17:26:15,266 - root - INFO - database writing complete1
2022-01-12 17:26:15,267 - root - INFO - RunState end: Ramp
2022-01-12 17:26:25,254 - root - DEBUG - Entering PID update with parameters SetPoint:993.56, ProcValue:1013.12, IMax:100.00, IMin:0.00,
2022-01-12 17:26:25,254 - root - DEBUG -   Window:10, Kp: 30.000, Ki: 1.000, Kd: 0.600
2022-01-12 17:26:25,254 - root - DEBUG - Exiting PID update with parameters Error:-19.56, ITerm:0.00, DInput:-2.00, Output:0.00
2022-01-12 17:26:25,254 - root - DEBUG - RunID 54, Segment 2 (loop 56) - RunState:Ramp,
                       ReadTmp:1013.12, RampTmp:993.56, TargetTmp:1044.00,
                       Output:0.00, CycleOnSec:0.00, RemainTime:1:05:36
                    
2022-01-12 17:26:25,254 - root - DEBUG - ==>Relay Off
2022-01-12 17:26:25,255 - root - DEBUG - Writing stats to Firing DB table...
2022-01-12 17:26:25,269 - root - INFO - database writing complete1
2022-01-12 17:26:25,269 - root - INFO - RunState end: Ramp
2022-01-12 17:26:35,254 - root - DEBUG - Entering PID update with parameters SetPoint:993.72, ProcValue:1011.12, IMax:100.00, IMin:0.00,
2022-01-12 17:26:35,254 - root - DEBUG -   Window:10, Kp: 30.000, Ki: 1.000, Kd: 0.600
2022-01-12 17:26:35,254 - root - DEBUG - Exiting PID update with parameters Error:-17.40, ITerm:0.00, DInput:-2.00, Output:0.00
2022-01-12 17:26:35,254 - root - DEBUG - RunID 54, Segment 2 (loop 57) - RunState:Ramp,
                       ReadTmp:1011.12, RampTmp:993.72, TargetTmp:1044.00,
                       Output:0.00, CycleOnSec:0.00, RemainTime:1:05:26
                    
2022-01-12 17:26:35,254 - root - DEBUG - ==>Relay Off
2022-01-12 17:26:35,255 - root - DEBUG - Writing stats to Firing DB table...
2022-01-12 17:26:35,269 - root - INFO - database writing complete1
2022-01-12 17:26:35,269 - root - INFO - RunState end: Ramp
2022-01-12 17:26:45,254 - root - DEBUG - Entering PID update with parameters SetPoint:993.89, ProcValue:1009.12, IMax:100.00, IMin:0.00,
2022-01-12 17:26:45,254 - root - DEBUG -   Window:10, Kp: 30.000, Ki: 1.000, Kd: 0.600
2022-01-12 17:26:45,254 - root - DEBUG - Exiting PID update with parameters Error:-15.23, ITerm:0.00, DInput:-2.00, Output:0.00
2022-01-12 17:26:45,254 - root - DEBUG - RunID 54, Segment 2 (loop 58) - RunState:Ramp,
                       ReadTmp:1009.12, RampTmp:993.89, TargetTmp:1044.00,
                       Output:0.00, CycleOnSec:0.00, RemainTime:1:05:16
                    
2022-01-12 17:26:45,254 - root - DEBUG - ==>Relay Off
2022-01-12 17:26:45,255 - root - DEBUG - Writing stats to Firing DB table...
2022-01-12 17:26:45,267 - root - INFO - database writing complete1
2022-01-12 17:26:45,267 - root - INFO - RunState end: Ramp
2022-01-12 17:26:55,254 - root - DEBUG - Entering PID update with parameters SetPoint:994.06, ProcValue:1007.12, IMax:100.00, IMin:0.00,
2022-01-12 17:26:55,254 - root - DEBUG -   Window:10, Kp: 30.000, Ki: 1.000, Kd: 0.600
2022-01-12 17:26:55,254 - root - DEBUG - Exiting PID update with parameters Error:-13.06, ITerm:0.00, DInput:-2.00, Output:0.00
2022-01-12 17:26:55,254 - root - DEBUG - RunID 54, Segment 2 (loop 59) - RunState:Ramp,
                       ReadTmp:1007.12, RampTmp:994.06, TargetTmp:1044.00,
                       Output:0.00, CycleOnSec:0.00, RemainTime:1:05:06
                    
2022-01-12 17:26:55,254 - root - DEBUG - ==>Relay Off
2022-01-12 17:26:55,255 - root - DEBUG - Writing stats to Firing DB table...
2022-01-12 17:26:55,267 - root - INFO - database writing complete1
2022-01-12 17:26:55,267 - root - INFO - RunState end: Ramp
2022-01-12 17:27:05,254 - root - DEBUG - Entering PID update with parameters SetPoint:994.22, ProcValue:1005.12, IMax:100.00, IMin:0.00,
2022-01-12 17:27:05,254 - root - DEBUG -   Window:10, Kp: 30.000, Ki: 1.000, Kd: 0.600
2022-01-12 17:27:05,254 - root - DEBUG - Exiting PID update with parameters Error:-10.90, ITerm:0.00, DInput:-2.00, Output:0.00
2022-01-12 17:27:05,254 - root - DEBUG - RunID 54, Segment 2 (loop 60) - RunState:Ramp,
                       ReadTmp:1005.12, RampTmp:994.22, TargetTmp:1044.00,
                       Output:0.00, CycleOnSec:0.00, RemainTime:1:04:56
                    
2022-01-12 17:27:05,254 - root - DEBUG - ==>Relay Off
2022-01-12 17:27:05,255 - root - DEBUG - Writing stats to Firing DB table...
2022-01-12 17:27:05,267 - root - INFO - database writing complete1
2022-01-12 17:27:05,267 - root - INFO - RunState end: Ramp
2022-01-12 17:27:15,254 - root - DEBUG - Entering PID update with parameters SetPoint:994.39, ProcValue:1003.12, IMax:100.00, IMin:0.00,
2022-01-12 17:27:15,254 - root - DEBUG -   Window:10, Kp: 30.000, Ki: 1.000, Kd: 0.600
2022-01-12 17:27:15,254 - root - DEBUG - Exiting PID update with parameters Error:-8.73, ITerm:0.00, DInput:-2.00, Output:0.00
2022-01-12 17:27:15,254 - root - DEBUG - RunID 54, Segment 2 (loop 61) - RunState:Ramp,
                       ReadTmp:1003.12, RampTmp:994.39, TargetTmp:1044.00,
                       Output:0.00, CycleOnSec:0.00, RemainTime:1:04:46
                    
2022-01-12 17:27:15,254 - root - DEBUG - ==>Relay Off
2022-01-12 17:27:15,255 - root - DEBUG - Writing stats to Firing DB table...
2022-01-12 17:27:15,268 - root - INFO - database writing complete1
2022-01-12 17:27:15,269 - root - INFO - RunState end: Ramp
2022-01-12 17:27:25,254 - root - DEBUG - Entering PID update with parameters SetPoint:994.56, ProcValue:1001.12, IMax:100.00, IMin:0.00,
2022-01-12 17:27:25,254 - root - DEBUG -   Window:10, Kp: 30.000, Ki: 1.000, Kd: 0.600
2022-01-12 17:27:25,254 - root - DEBUG - Exiting PID update with parameters Error:-6.56, ITerm:0.00, DInput:-2.00, Output:0.00
2022-01-12 17:27:25,254 - root - DEBUG - RunID 54, Segment 2 (loop 62) - RunState:Ramp,
                       ReadTmp:1001.12, RampTmp:994.56, TargetTmp:1044.00,
                       Output:0.00, CycleOnSec:0.00, RemainTime:1:04:36
                    
2022-01-12 17:27:25,254 - root - DEBUG - ==>Relay Off
2022-01-12 17:27:25,258 - root - DEBUG - Writing stats to Firing DB table...
2022-01-12 17:27:25,271 - root - INFO - database writing complete1
2022-01-12 17:27:25,271 - root - INFO - RunState end: Ramp
2022-01-12 17:27:35,254 - root - DEBUG - Entering PID update with parameters SetPoint:994.72, ProcValue:999.12, IMax:100.00, IMin:0.00,
2022-01-12 17:27:35,254 - root - DEBUG -   Window:10, Kp: 30.000, Ki: 1.000, Kd: 0.600
2022-01-12 17:27:35,254 - root - DEBUG - Exiting PID update with parameters Error:-4.40, ITerm:0.00, DInput:-2.00, Output:0.00
2022-01-12 17:27:35,254 - root - DEBUG - RunID 54, Segment 2 (loop 63) - RunState:Ramp,
                       ReadTmp:999.12, RampTmp:994.72, TargetTmp:1044.00,
                       Output:0.00, CycleOnSec:0.00, RemainTime:1:04:26
                    
2022-01-12 17:27:35,254 - root - DEBUG - ==>Relay Off
2022-01-12 17:27:35,255 - root - DEBUG - Writing stats to Firing DB table...
2022-01-12 17:27:35,266 - root - INFO - database writing complete1
2022-01-12 17:27:35,266 - root - INFO - RunState end: Ramp
2022-01-12 17:27:45,254 - root - DEBUG - Entering PID update with parameters SetPoint:994.89, ProcValue:997.12, IMax:100.00, IMin:0.00,
2022-01-12 17:27:45,254 - root - DEBUG -   Window:10, Kp: 30.000, Ki: 1.000, Kd: 0.600
2022-01-12 17:27:45,254 - root - DEBUG - Exiting PID update with parameters Error:-2.23, ITerm:0.00, DInput:-2.00, Output:0.00
2022-01-12 17:27:45,254 - root - DEBUG - RunID 54, Segment 2 (loop 64) - RunState:Ramp,
                       ReadTmp:997.12, RampTmp:994.89, TargetTmp:1044.00,
                       Output:0.00, CycleOnSec:0.00, RemainTime:1:04:16
                    
2022-01-12 17:27:45,254 - root - DEBUG - ==>Relay Off
2022-01-12 17:27:45,255 - root - DEBUG - Writing stats to Firing DB table...
2022-01-12 17:27:45,266 - root - INFO - database writing complete1
2022-01-12 17:27:45,267 - root - INFO - RunState end: Ramp
2022-01-12 17:27:55,254 - root - DEBUG - Entering PID update with parameters SetPoint:995.06, ProcValue:995.12, IMax:100.00, IMin:0.00,
2022-01-12 17:27:55,254 - root - DEBUG -   Window:10, Kp: 30.000, Ki: 1.000, Kd: 0.600
2022-01-12 17:27:55,254 - root - DEBUG - Exiting PID update with parameters Error:-0.06, ITerm:0.00, DInput:-2.00, Output:0.00
2022-01-12 17:27:55,255 - root - DEBUG - RunID 54, Segment 2 (loop 65) - RunState:Ramp,
                       ReadTmp:995.12, RampTmp:995.06, TargetTmp:1044.00,
                       Output:0.00, CycleOnSec:0.00, RemainTime:1:04:06
                    
2022-01-12 17:27:55,255 - root - DEBUG - ==>Relay Off
2022-01-12 17:27:55,255 - root - DEBUG - Writing stats to Firing DB table...
2022-01-12 17:27:55,267 - root - INFO - database writing complete1
2022-01-12 17:27:55,267 - root - INFO - RunState end: Ramp
2022-01-12 17:28:05,254 - root - DEBUG - Entering PID update with parameters SetPoint:995.22, ProcValue:993.12, IMax:100.00, IMin:0.00,
2022-01-12 17:28:05,254 - root - DEBUG -   Window:10, Kp: 30.000, Ki: 1.000, Kd: 0.600
2022-01-12 17:28:05,254 - root - DEBUG - Exiting PID update with parameters Error:2.10, ITerm:2.10, DInput:-2.00, Output:66.45
2022-01-12 17:28:05,254 - root - DEBUG - RunID 54, Segment 2 (loop 66) - RunState:Ramp,
                       ReadTmp:993.12, RampTmp:995.22, TargetTmp:1044.00,
                       Output:66.45, CycleOnSec:6.64, RemainTime:1:03:56
                    
2022-01-12 17:28:05,254 - root - DEBUG - ==>Relay On
2022-01-12 17:28:11,906 - root - DEBUG - ==>Relay Off
2022-01-12 17:28:11,907 - root - DEBUG - Writing stats to Firing DB table...
2022-01-12 17:28:11,922 - root - INFO - database writing complete1
2022-01-12 17:28:11,922 - root - INFO - RunState end: Ramp
2022-01-12 17:28:15,254 - root - DEBUG - Entering PID update with parameters SetPoint:995.39, ProcValue:1024.34, IMax:100.00, IMin:0.00,
2022-01-12 17:28:15,254 - root - DEBUG -   Window:10, Kp: 30.000, Ki: 1.000, Kd: 0.600
2022-01-12 17:28:15,254 - root - DEBUG - Exiting PID update with parameters Error:-28.95, ITerm:0.00, DInput:31.22, Output:0.00
2022-01-12 17:28:15,254 - root - DEBUG - RunID 54, Segment 2 (loop 67) - RunState:Ramp,
                       ReadTmp:1024.34, RampTmp:995.39, TargetTmp:1044.00,
                       Output:0.00, CycleOnSec:0.00, RemainTime:1:03:46
                    
2022-01-12 17:28:15,254 - root - DEBUG - ==>Relay Off
2022-01-12 17:28:15,255 - root - DEBUG - Writing stats to Firing DB table...
2022-01-12 17:28:15,266 - root - INFO - database writing complete1
2022-01-12 17:28:15,267 - root - INFO - RunState end: Ramp
2022-01-12 17:28:25,254 - root - DEBUG - Entering PID update with parameters SetPoint:995.56, ProcValue:1022.34, IMax:100.00, IMin:0.00,
2022-01-12 17:28:25,254 - root - DEBUG -   Window:10, Kp: 30.000, Ki: 1.000, Kd: 0.600
2022-01-12 17:28:25,254 - root - DEBUG - Exiting PID update with parameters Error:-26.79, ITerm:0.00, DInput:-2.00, Output:0.00
2022-01-12 17:28:25,254 - root - DEBUG - RunID 54, Segment 2 (loop 68) - RunState:Ramp,
                       ReadTmp:1022.34, RampTmp:995.56, TargetTmp:1044.00,
                       Output:0.00, CycleOnSec:0.00, RemainTime:1:03:36
                    
2022-01-12 17:28:25,254 - root - DEBUG - ==>Relay Off
2022-01-12 17:28:25,255 - root - DEBUG - Writing stats to Firing DB table...
2022-01-12 17:28:25,266 - root - INFO - database writing complete1
2022-01-12 17:28:25,266 - root - INFO - RunState end: Ramp
2022-01-12 17:28:35,254 - root - DEBUG - Entering PID update with parameters SetPoint:995.72, ProcValue:1020.34, IMax:100.00, IMin:0.00,
2022-01-12 17:28:35,254 - root - DEBUG -   Window:10, Kp: 30.000, Ki: 1.000, Kd: 0.600
2022-01-12 17:28:35,254 - root - DEBUG - Exiting PID update with parameters Error:-24.62, ITerm:0.00, DInput:-2.00, Output:0.00
2022-01-12 17:28:35,254 - root - DEBUG - RunID 54, Segment 2 (loop 69) - RunState:Ramp,
                       ReadTmp:1020.34, RampTmp:995.72, TargetTmp:1044.00,
                       Output:0.00, CycleOnSec:0.00, RemainTime:1:03:26
                    
2022-01-12 17:28:35,254 - root - DEBUG - ==>Relay Off
2022-01-12 17:28:35,255 - root - DEBUG - Writing stats to Firing DB table...
2022-01-12 17:28:35,273 - root - INFO - database writing complete1
2022-01-12 17:28:35,273 - root - INFO - RunState end: Ramp
2022-01-12 17:28:45,254 - root - DEBUG - Entering PID update with parameters SetPoint:995.89, ProcValue:1018.34, IMax:100.00, IMin:0.00,
2022-01-12 17:28:45,254 - root - DEBUG -   Window:10, Kp: 30.000, Ki: 1.000, Kd: 0.600
2022-01-12 17:28:45,254 - root - DEBUG - Exiting PID update with parameters Error:-22.45, ITerm:0.00, DInput:-2.00, Output:0.00
2022-01-12 17:28:45,254 - root - DEBUG - RunID 54, Segment 2 (loop 70) - RunState:Ramp,
                       ReadTmp:1018.34, RampTmp:995.89, TargetTmp:1044.00,
                       Output:0.00, CycleOnSec:0.00, RemainTime:1:03:16
                    
2022-01-12 17:28:45,254 - root - DEBUG - ==>Relay Off
2022-01-12 17:28:45,255 - root - DEBUG - Writing stats to Firing DB table...
2022-01-12 17:28:45,266 - root - INFO - database writing complete1
2022-01-12 17:28:45,267 - root - INFO - RunState end: Ramp
2022-01-12 17:28:55,254 - root - DEBUG - Entering PID update with parameters SetPoint:996.06, ProcValue:1016.34, IMax:100.00, IMin:0.00,
2022-01-12 17:28:55,254 - root - DEBUG -   Window:10, Kp: 30.000, Ki: 1.000, Kd: 0.600
2022-01-12 17:28:55,254 - root - DEBUG - Exiting PID update with parameters Error:-20.29, ITerm:0.00, DInput:-2.00, Output:0.00
2022-01-12 17:28:55,254 - root - DEBUG - RunID 54, Segment 2 (loop 71) - RunState:Ramp,
                       ReadTmp:1016.34, RampTmp:996.06, TargetTmp:1044.00,
                       Output:0.00, CycleOnSec:0.00, RemainTime:1:03:06
                    
2022-01-12 17:28:55,254 - root - DEBUG - ==>Relay Off
2022-01-12 17:28:55,255 - root - DEBUG - Writing stats to Firing DB table...
2022-01-12 17:28:55,267 - root - INFO - database writing complete1
2022-01-12 17:28:55,267 - root - INFO - RunState end: Ramp
2022-01-12 17:29:05,254 - root - DEBUG - Entering PID update with parameters SetPoint:996.22, ProcValue:1014.34, IMax:100.00, IMin:0.00,
2022-01-12 17:29:05,254 - root - DEBUG -   Window:10, Kp: 30.000, Ki: 1.000, Kd: 0.600
2022-01-12 17:29:05,254 - root - DEBUG - Exiting PID update with parameters Error:-18.12, ITerm:0.00, DInput:-2.00, Output:0.00
2022-01-12 17:29:05,254 - root - DEBUG - RunID 54, Segment 2 (loop 72) - RunState:Ramp,
                       ReadTmp:1014.34, RampTmp:996.22, TargetTmp:1044.00,
                       Output:0.00, CycleOnSec:0.00, RemainTime:1:02:56
                    
2022-01-12 17:29:05,254 - root - DEBUG - ==>Relay Off
2022-01-12 17:29:05,255 - root - DEBUG - Writing stats to Firing DB table...
2022-01-12 17:29:05,269 - root - INFO - database writing complete1
2022-01-12 17:29:05,269 - root - INFO - RunState end: Ramp
2022-01-12 17:29:15,254 - root - DEBUG - Entering PID update with parameters SetPoint:996.39, ProcValue:1012.34, IMax:100.00, IMin:0.00,
2022-01-12 17:29:15,254 - root - DEBUG -   Window:10, Kp: 30.000, Ki: 1.000, Kd: 0.600
2022-01-12 17:29:15,254 - root - DEBUG - Exiting PID update with parameters Error:-15.95, ITerm:0.00, DInput:-2.00, Output:0.00
2022-01-12 17:29:15,254 - root - DEBUG - RunID 54, Segment 2 (loop 73) - RunState:Ramp,
                       ReadTmp:1012.34, RampTmp:996.39, TargetTmp:1044.00,
                       Output:0.00, CycleOnSec:0.00, RemainTime:1:02:46
                    
2022-01-12 17:29:15,254 - root - DEBUG - ==>Relay Off
2022-01-12 17:29:15,255 - root - DEBUG - Writing stats to Firing DB table...
2022-01-12 17:29:15,266 - root - INFO - database writing complete1
2022-01-12 17:29:15,266 - root - INFO - RunState end: Ramp
2022-01-12 17:29:25,254 - root - DEBUG - Entering PID update with parameters SetPoint:996.56, ProcValue:1010.34, IMax:100.00, IMin:0.00,
2022-01-12 17:29:25,254 - root - DEBUG -   Window:10, Kp: 30.000, Ki: 1.000, Kd: 0.600
2022-01-12 17:29:25,254 - root - DEBUG - Exiting PID update with parameters Error:-13.79, ITerm:0.00, DInput:-2.00, Output:0.00
2022-01-12 17:29:25,254 - root - DEBUG - RunID 54, Segment 2 (loop 74) - RunState:Ramp,
                       ReadTmp:1010.34, RampTmp:996.56, TargetTmp:1044.00,
                       Output:0.00, CycleOnSec:0.00, RemainTime:1:02:36
                    
2022-01-12 17:29:25,254 - root - DEBUG - ==>Relay Off
2022-01-12 17:29:25,255 - root - DEBUG - Writing stats to Firing DB table...
2022-01-12 17:29:25,267 - root - INFO - database writing complete1
2022-01-12 17:29:25,267 - root - INFO - RunState end: Ramp
2022-01-12 17:29:35,255 - root - DEBUG - Entering PID update with parameters SetPoint:996.72, ProcValue:1008.34, IMax:100.00, IMin:0.00,
2022-01-12 17:29:35,256 - root - DEBUG -   Window:10, Kp: 30.000, Ki: 1.000, Kd: 0.600
2022-01-12 17:29:35,256 - root - DEBUG - Exiting PID update with parameters Error:-11.62, ITerm:0.00, DInput:-2.00, Output:0.00
2022-01-12 17:29:35,256 - root - DEBUG - RunID 54, Segment 2 (loop 75) - RunState:Ramp,
                       ReadTmp:1008.34, RampTmp:996.72, TargetTmp:1044.00,
                       Output:0.00, CycleOnSec:0.00, RemainTime:1:02:26
                    
2022-01-12 17:29:35,257 - root - DEBUG - ==>Relay Off
2022-01-12 17:29:35,257 - root - DEBUG - Writing stats to Firing DB table...
2022-01-12 17:29:35,271 - root - INFO - database writing complete1
2022-01-12 17:29:35,272 - root - INFO - RunState end: Ramp
2022-01-12 17:29:45,256 - root - DEBUG - Entering PID update with parameters SetPoint:996.89, ProcValue:1006.34, IMax:100.00, IMin:0.00,
2022-01-12 17:29:45,257 - root - DEBUG -   Window:10, Kp: 30.000, Ki: 1.000, Kd: 0.600
2022-01-12 17:29:45,257 - root - DEBUG - Exiting PID update with parameters Error:-9.45, ITerm:0.00, DInput:-2.00, Output:0.00
2022-01-12 17:29:45,257 - root - DEBUG - RunID 54, Segment 2 (loop 76) - RunState:Ramp,
                       ReadTmp:1006.34, RampTmp:996.89, TargetTmp:1044.00,
                       Output:0.00, CycleOnSec:0.00, RemainTime:1:02:16
                    
2022-01-12 17:29:45,257 - root - DEBUG - ==>Relay Off
2022-01-12 17:29:45,258 - root - DEBUG - Writing stats to Firing DB table...
2022-01-12 17:29:45,273 - root - INFO - database writing complete1
2022-01-12 17:29:45,274 - root - INFO - RunState end: Ramp
2022-01-12 17:29:55,254 - root - DEBUG - Entering PID update with parameters SetPoint:997.06, ProcValue:1004.34, IMax:100.00, IMin:0.00,
2022-01-12 17:29:55,254 - root - DEBUG -   Window:10, Kp: 30.000, Ki: 1.000, Kd: 0.600
2022-01-12 17:29:55,254 - root - DEBUG - Exiting PID update with parameters Error:-7.29, ITerm:0.00, DInput:-2.00, Output:0.00
2022-01-12 17:29:55,254 - root - DEBUG - RunID 54, Segment 2 (loop 77) - RunState:Ramp,
                       ReadTmp:1004.34, RampTmp:997.06, TargetTmp:1044.00,
                       Output:0.00, CycleOnSec:0.00, RemainTime:1:02:06
                    
2022-01-12 17:29:55,254 - root - DEBUG - ==>Relay Off
2022-01-12 17:29:55,255 - root - DEBUG - Writing stats to Firing DB table...
2022-01-12 17:29:55,267 - root - INFO - database writing complete1
2022-01-12 17:29:55,268 - root - INFO - RunState end: Ramp
2022-01-12 17:30:05,254 - root - DEBUG - Entering PID update with parameters SetPoint:997.22, ProcValue:1002.34, IMax:100.00, IMin:0.00,
2022-01-12 17:30:05,254 - root - DEBUG -   Window:10, Kp: 30.000, Ki: 1.000, Kd: 0.600
2022-01-12 17:30:05,254 - root - DEBUG - Exiting PID update with parameters Error:-5.12, ITerm:0.00, DInput:-2.00, Output:0.00
2022-01-12 17:30:05,255 - root - DEBUG - RunID 54, Segment 2 (loop 78) - RunState:Ramp,
                       ReadTmp:1002.34, RampTmp:997.22, TargetTmp:1044.00,
                       Output:0.00, CycleOnSec:0.00, RemainTime:1:01:56
                    
2022-01-12 17:30:05,255 - root - DEBUG - ==>Relay Off
2022-01-12 17:30:05,255 - root - DEBUG - Writing stats to Firing DB table...
2022-01-12 17:30:05,271 - root - INFO - database writing complete1
2022-01-12 17:30:05,272 - root - INFO - RunState end: Ramp
2022-01-12 17:30:15,254 - root - DEBUG - Entering PID update with parameters SetPoint:997.39, ProcValue:1000.34, IMax:100.00, IMin:0.00,
2022-01-12 17:30:15,254 - root - DEBUG -   Window:10, Kp: 30.000, Ki: 1.000, Kd: 0.600
2022-01-12 17:30:15,254 - root - DEBUG - Exiting PID update with parameters Error:-2.95, ITerm:0.00, DInput:-2.00, Output:0.00
2022-01-12 17:30:15,254 - root - DEBUG - RunID 54, Segment 2 (loop 79) - RunState:Ramp,
                       ReadTmp:1000.34, RampTmp:997.39, TargetTmp:1044.00,
                       Output:0.00, CycleOnSec:0.00, RemainTime:1:01:46
                    
2022-01-12 17:30:15,254 - root - DEBUG - ==>Relay Off
2022-01-12 17:30:15,255 - root - DEBUG - Writing stats to Firing DB table...
2022-01-12 17:30:15,270 - root - INFO - database writing complete1
2022-01-12 17:30:15,271 - root - INFO - RunState end: Ramp
2022-01-12 17:30:25,253 - root - DEBUG - Entering PID update with parameters SetPoint:997.56, ProcValue:998.34, IMax:100.00, IMin:0.00,
2022-01-12 17:30:25,254 - root - DEBUG -   Window:10, Kp: 30.000, Ki: 1.000, Kd: 0.600
2022-01-12 17:30:25,254 - root - DEBUG - Exiting PID update with parameters Error:-0.79, ITerm:0.00, DInput:-2.00, Output:0.00
2022-01-12 17:30:25,254 - root - DEBUG - RunID 54, Segment 2 (loop 80) - RunState:Ramp,
                       ReadTmp:998.34, RampTmp:997.56, TargetTmp:1044.00,
                       Output:0.00, CycleOnSec:0.00, RemainTime:1:01:36
                    
2022-01-12 17:30:25,254 - root - DEBUG - ==>Relay Off
2022-01-12 17:30:25,255 - root - DEBUG - Writing stats to Firing DB table...
2022-01-12 17:30:25,266 - root - INFO - database writing complete1
2022-01-12 17:30:25,267 - root - INFO - RunState end: Ramp
2022-01-12 17:30:35,253 - root - DEBUG - Entering PID update with parameters SetPoint:997.72, ProcValue:996.34, IMax:100.00, IMin:0.00,
2022-01-12 17:30:35,254 - root - DEBUG -   Window:10, Kp: 30.000, Ki: 1.000, Kd: 0.600
2022-01-12 17:30:35,254 - root - DEBUG - Exiting PID update with parameters Error:1.38, ITerm:1.38, DInput:-2.00, Output:44.02
2022-01-12 17:30:35,254 - root - DEBUG - RunID 54, Segment 2 (loop 81) - RunState:Ramp,
                       ReadTmp:996.34, RampTmp:997.72, TargetTmp:1044.00,
                       Output:44.02, CycleOnSec:4.40, RemainTime:1:01:26
                    
2022-01-12 17:30:35,254 - root - DEBUG - ==>Relay On
2022-01-12 17:30:39,660 - root - DEBUG - ==>Relay Off
2022-01-12 17:30:39,662 - root - DEBUG - Writing stats to Firing DB table...
2022-01-12 17:30:39,678 - root - INFO - database writing complete1
2022-01-12 17:30:39,678 - root - INFO - RunState end: Ramp
2022-01-12 17:30:45,253 - root - DEBUG - Entering PID update with parameters SetPoint:997.89, ProcValue:1016.35, IMax:100.00, IMin:0.00,
2022-01-12 17:30:45,254 - root - DEBUG -   Window:10, Kp: 30.000, Ki: 1.000, Kd: 0.600
2022-01-12 17:30:45,254 - root - DEBUG - Exiting PID update with parameters Error:-18.46, ITerm:0.00, DInput:20.01, Output:0.00
2022-01-12 17:30:45,254 - root - DEBUG - RunID 54, Segment 2 (loop 82) - RunState:Ramp,
                       ReadTmp:1016.35, RampTmp:997.89, TargetTmp:1044.00,
                       Output:0.00, CycleOnSec:0.00, RemainTime:1:01:16
                    
2022-01-12 17:30:45,254 - root - DEBUG - ==>Relay Off
2022-01-12 17:30:45,260 - root - DEBUG - Writing stats to Firing DB table...
2022-01-12 17:30:45,272 - root - INFO - database writing complete1
2022-01-12 17:30:45,272 - root - INFO - RunState end: Ramp
2022-01-12 17:30:55,253 - root - DEBUG - Entering PID update with parameters SetPoint:998.06, ProcValue:1014.35, IMax:100.00, IMin:0.00,
2022-01-12 17:30:55,254 - root - DEBUG -   Window:10, Kp: 30.000, Ki: 1.000, Kd: 0.600
2022-01-12 17:30:55,254 - root - DEBUG - Exiting PID update with parameters Error:-16.29, ITerm:0.00, DInput:-2.00, Output:0.00
2022-01-12 17:30:55,254 - root - DEBUG - RunID 54, Segment 2 (loop 83) - RunState:Ramp,
                       ReadTmp:1014.35, RampTmp:998.06, TargetTmp:1044.00,
                       Output:0.00, CycleOnSec:0.00, RemainTime:1:01:06
                    
2022-01-12 17:30:55,254 - root - DEBUG - ==>Relay Off
2022-01-12 17:30:55,255 - root - DEBUG - Writing stats to Firing DB table...
2022-01-12 17:30:55,266 - root - INFO - database writing complete1
2022-01-12 17:30:55,267 - root - INFO - RunState end: Ramp
2022-01-12 17:31:05,253 - root - DEBUG - Entering PID update with parameters SetPoint:998.22, ProcValue:1012.35, IMax:100.00, IMin:0.00,
2022-01-12 17:31:05,254 - root - DEBUG -   Window:10, Kp: 30.000, Ki: 1.000, Kd: 0.600
2022-01-12 17:31:05,254 - root - DEBUG - Exiting PID update with parameters Error:-14.13, ITerm:0.00, DInput:-2.00, Output:0.00
2022-01-12 17:31:05,254 - root - DEBUG - RunID 54, Segment 2 (loop 84) - RunState:Ramp,
                       ReadTmp:1012.35, RampTmp:998.22, TargetTmp:1044.00,
                       Output:0.00, CycleOnSec:0.00, RemainTime:1:00:56
                    
2022-01-12 17:31:05,254 - root - DEBUG - ==>Relay Off
2022-01-12 17:31:05,254 - root - DEBUG - Writing stats to Firing DB table...
2022-01-12 17:31:05,266 - root - INFO - database writing complete1
2022-01-12 17:31:05,266 - root - INFO - RunState end: Ramp
2022-01-12 17:31:15,254 - root - DEBUG - Entering PID update with parameters SetPoint:998.39, ProcValue:1010.35, IMax:100.00, IMin:0.00,
2022-01-12 17:31:15,254 - root - DEBUG -   Window:10, Kp: 30.000, Ki: 1.000, Kd: 0.600
2022-01-12 17:31:15,254 - root - DEBUG - Exiting PID update with parameters Error:-11.96, ITerm:0.00, DInput:-2.00, Output:0.00
2022-01-12 17:31:15,254 - root - DEBUG - RunID 54, Segment 2 (loop 85) - RunState:Ramp,
                       ReadTmp:1010.35, RampTmp:998.39, TargetTmp:1044.00,
                       Output:0.00, CycleOnSec:0.00, RemainTime:1:00:46
                    
2022-01-12 17:31:15,254 - root - DEBUG - ==>Relay Off
2022-01-12 17:31:15,255 - root - DEBUG - Writing stats to Firing DB table...
2022-01-12 17:31:15,268 - root - INFO - database writing complete1
2022-01-12 17:31:15,269 - root - INFO - RunState end: Ramp
2022-01-12 17:31:25,253 - root - DEBUG - Entering PID update with parameters SetPoint:998.56, ProcValue:1008.35, IMax:100.00, IMin:0.00,
2022-01-12 17:31:25,254 - root - DEBUG -   Window:10, Kp: 30.000, Ki: 1.000, Kd: 0.600
2022-01-12 17:31:25,254 - root - DEBUG - Exiting PID update with parameters Error:-9.79, ITerm:0.00, DInput:-2.00, Output:0.00
2022-01-12 17:31:25,254 - root - DEBUG - RunID 54, Segment 2 (loop 86) - RunState:Ramp,
                       ReadTmp:1008.35, RampTmp:998.56, TargetTmp:1044.00,
                       Output:0.00, CycleOnSec:0.00, RemainTime:1:00:36
                    
2022-01-12 17:31:25,254 - root - DEBUG - ==>Relay Off
2022-01-12 17:31:25,254 - root - DEBUG - Writing stats to Firing DB table...
2022-01-12 17:31:25,266 - root - INFO - database writing complete1
2022-01-12 17:31:25,267 - root - INFO - RunState end: Ramp
2022-01-12 17:31:35,253 - root - DEBUG - Entering PID update with parameters SetPoint:998.72, ProcValue:1006.35, IMax:100.00, IMin:0.00,
2022-01-12 17:31:35,254 - root - DEBUG -   Window:10, Kp: 30.000, Ki: 1.000, Kd: 0.600
2022-01-12 17:31:35,254 - root - DEBUG - Exiting PID update with parameters Error:-7.63, ITerm:0.00, DInput:-2.00, Output:0.00
2022-01-12 17:31:35,254 - root - DEBUG - RunID 54, Segment 2 (loop 87) - RunState:Ramp,
                       ReadTmp:1006.35, RampTmp:998.72, TargetTmp:1044.00,
                       Output:0.00, CycleOnSec:0.00, RemainTime:1:00:26
                    
2022-01-12 17:31:35,254 - root - DEBUG - ==>Relay Off
2022-01-12 17:31:35,255 - root - DEBUG - Writing stats to Firing DB table...
2022-01-12 17:31:35,267 - root - INFO - database writing complete1
2022-01-12 17:31:35,268 - root - INFO - RunState end: Ramp
2022-01-12 17:31:45,253 - root - DEBUG - Entering PID update with parameters SetPoint:998.89, ProcValue:1004.35, IMax:100.00, IMin:0.00,
2022-01-12 17:31:45,254 - root - DEBUG -   Window:10, Kp: 30.000, Ki: 1.000, Kd: 0.600
2022-01-12 17:31:45,254 - root - DEBUG - Exiting PID update with parameters Error:-5.46, ITerm:0.00, DInput:-2.00, Output:0.00
2022-01-12 17:31:45,254 - root - DEBUG - RunID 54, Segment 2 (loop 88) - RunState:Ramp,
                       ReadTmp:1004.35, RampTmp:998.89, TargetTmp:1044.00,
                       Output:0.00, CycleOnSec:0.00, RemainTime:1:00:16
                    
2022-01-12 17:31:45,254 - root - DEBUG - ==>Relay Off
2022-01-12 17:31:45,255 - root - DEBUG - Writing stats to Firing DB table...
2022-01-12 17:31:45,269 - root - INFO - database writing complete1
2022-01-12 17:31:45,270 - root - INFO - RunState end: Ramp
2022-01-12 17:31:55,253 - root - DEBUG - Entering PID update with parameters SetPoint:999.06, ProcValue:1002.35, IMax:100.00, IMin:0.00,
2022-01-12 17:31:55,254 - root - DEBUG -   Window:10, Kp: 30.000, Ki: 1.000, Kd: 0.600
2022-01-12 17:31:55,254 - root - DEBUG - Exiting PID update with parameters Error:-3.29, ITerm:0.00, DInput:-2.00, Output:0.00
2022-01-12 17:31:55,254 - root - DEBUG - RunID 54, Segment 2 (loop 89) - RunState:Ramp,
                       ReadTmp:1002.35, RampTmp:999.06, TargetTmp:1044.00,
                       Output:0.00, CycleOnSec:0.00, RemainTime:1:00:06
                    
2022-01-12 17:31:55,254 - root - DEBUG - ==>Relay Off
2022-01-12 17:31:55,254 - root - DEBUG - Writing stats to Firing DB table...
2022-01-12 17:31:55,266 - root - INFO - database writing complete1
2022-01-12 17:31:55,266 - root - INFO - RunState end: Ramp
2022-01-12 17:32:05,253 - root - DEBUG - Entering PID update with parameters SetPoint:999.22, ProcValue:1000.35, IMax:100.00, IMin:0.00,
2022-01-12 17:32:05,254 - root - DEBUG -   Window:10, Kp: 30.000, Ki: 1.000, Kd: 0.600
2022-01-12 17:32:05,254 - root - DEBUG - Exiting PID update with parameters Error:-1.13, ITerm:0.00, DInput:-2.00, Output:0.00
2022-01-12 17:32:05,254 - root - DEBUG - RunID 54, Segment 2 (loop 90) - RunState:Ramp,
                       ReadTmp:1000.35, RampTmp:999.22, TargetTmp:1044.00,
                       Output:0.00, CycleOnSec:0.00, RemainTime:0:59:56
                    
2022-01-12 17:32:05,254 - root - DEBUG - ==>Relay Off
2022-01-12 17:32:05,255 - root - DEBUG - Writing stats to Firing DB table...
2022-01-12 17:32:05,269 - root - INFO - database writing complete1
2022-01-12 17:32:05,269 - root - INFO - RunState end: Ramp
2022-01-12 17:32:15,254 - root - DEBUG - Entering PID update with parameters SetPoint:999.39, ProcValue:998.35, IMax:100.00, IMin:0.00,
2022-01-12 17:32:15,254 - root - DEBUG -   Window:10, Kp: 30.000, Ki: 1.000, Kd: 0.600
2022-01-12 17:32:15,254 - root - DEBUG - Exiting PID update with parameters Error:1.04, ITerm:1.04, DInput:-2.00, Output:33.43
2022-01-12 17:32:15,254 - root - DEBUG - RunID 54, Segment 2 (loop 91) - RunState:Ramp,
                       ReadTmp:998.35, RampTmp:999.39, TargetTmp:1044.00,
                       Output:33.43, CycleOnSec:3.34, RemainTime:0:59:46
                    
2022-01-12 17:32:15,254 - root - DEBUG - ==>Relay On
2022-01-12 17:32:18,601 - root - DEBUG - ==>Relay Off
2022-01-12 17:32:18,602 - root - DEBUG - Writing stats to Firing DB table...
2022-01-12 17:32:18,619 - root - INFO - database writing complete1
2022-01-12 17:32:18,619 - root - INFO - RunState end: Ramp
2022-01-12 17:32:25,253 - root - DEBUG - Entering PID update with parameters SetPoint:999.56, ProcValue:1013.06, IMax:100.00, IMin:0.00,
2022-01-12 17:32:25,254 - root - DEBUG -   Window:10, Kp: 30.000, Ki: 1.000, Kd: 0.600
2022-01-12 17:32:25,254 - root - DEBUG - Exiting PID update with parameters Error:-13.51, ITerm:0.00, DInput:14.71, Output:0.00
2022-01-12 17:32:25,254 - root - DEBUG - RunID 54, Segment 2 (loop 92) - RunState:Ramp,
                       ReadTmp:1013.06, RampTmp:999.56, TargetTmp:1044.00,
                       Output:0.00, CycleOnSec:0.00, RemainTime:0:59:36
                    
2022-01-12 17:32:25,254 - root - DEBUG - ==>Relay Off
2022-01-12 17:32:25,255 - root - DEBUG - Writing stats to Firing DB table...
2022-01-12 17:32:25,271 - root - INFO - database writing complete1
2022-01-12 17:32:25,271 - root - INFO - RunState end: Ramp
2022-01-12 17:32:35,253 - root - DEBUG - Entering PID update with parameters SetPoint:999.72, ProcValue:1011.06, IMax:100.00, IMin:0.00,
2022-01-12 17:32:35,254 - root - DEBUG -   Window:10, Kp: 30.000, Ki: 1.000, Kd: 0.600
2022-01-12 17:32:35,254 - root - DEBUG - Exiting PID update with parameters Error:-11.34, ITerm:0.00, DInput:-2.00, Output:0.00
2022-01-12 17:32:35,254 - root - DEBUG - RunID 54, Segment 2 (loop 93) - RunState:Ramp,
                       ReadTmp:1011.06, RampTmp:999.72, TargetTmp:1044.00,
                       Output:0.00, CycleOnSec:0.00, RemainTime:0:59:26
                    
2022-01-12 17:32:35,254 - root - DEBUG - ==>Relay Off
2022-01-12 17:32:35,255 - root - DEBUG - Writing stats to Firing DB table...
2022-01-12 17:32:35,268 - root - INFO - database writing complete1
2022-01-12 17:32:35,269 - root - INFO - RunState end: Ramp
2022-01-12 17:32:45,254 - root - DEBUG - Entering PID update with parameters SetPoint:999.89, ProcValue:1009.06, IMax:100.00, IMin:0.00,
2022-01-12 17:32:45,254 - root - DEBUG -   Window:10, Kp: 30.000, Ki: 1.000, Kd: 0.600
2022-01-12 17:32:45,254 - root - DEBUG - Exiting PID update with parameters Error:-9.17, ITerm:0.00, DInput:-2.00, Output:0.00
2022-01-12 17:32:45,254 - root - DEBUG - RunID 54, Segment 2 (loop 94) - RunState:Ramp,
                       ReadTmp:1009.06, RampTmp:999.89, TargetTmp:1044.00,
                       Output:0.00, CycleOnSec:0.00, RemainTime:0:59:16
                    
2022-01-12 17:32:45,254 - root - DEBUG - ==>Relay Off
2022-01-12 17:32:45,255 - root - DEBUG - Writing stats to Firing DB table...
2022-01-12 17:32:45,267 - root - INFO - database writing complete1
2022-01-12 17:32:45,267 - root - INFO - RunState end: Ramp
2022-01-12 17:32:55,253 - root - DEBUG - Entering PID update with parameters SetPoint:1000.06, ProcValue:1007.06, IMax:100.00, IMin:0.00,
2022-01-12 17:32:55,254 - root - DEBUG -   Window:10, Kp: 30.000, Ki: 1.000, Kd: 0.600
2022-01-12 17:32:55,254 - root - DEBUG - Exiting PID update with parameters Error:-7.01, ITerm:0.00, DInput:-2.00, Output:0.00
2022-01-12 17:32:55,254 - root - DEBUG - RunID 54, Segment 2 (loop 95) - RunState:Ramp,
                       ReadTmp:1007.06, RampTmp:1000.06, TargetTmp:1044.00,
                       Output:0.00, CycleOnSec:0.00, RemainTime:0:59:06
                    
2022-01-12 17:32:55,254 - root - DEBUG - ==>Relay Off
2022-01-12 17:32:55,255 - root - DEBUG - Writing stats to Firing DB table...
2022-01-12 17:32:55,266 - root - INFO - database writing complete1
2022-01-12 17:32:55,267 - root - INFO - RunState end: Ramp
2022-01-12 17:33:05,254 - root - DEBUG - Entering PID update with parameters SetPoint:1000.22, ProcValue:1005.06, IMax:100.00, IMin:0.00,
2022-01-12 17:33:05,254 - root - DEBUG -   Window:10, Kp: 30.000, Ki: 1.000, Kd: 0.600
2022-01-12 17:33:05,254 - root - DEBUG - Exiting PID update with parameters Error:-4.84, ITerm:0.00, DInput:-2.00, Output:0.00
2022-01-12 17:33:05,254 - root - DEBUG - RunID 54, Segment 2 (loop 96) - RunState:Ramp,
                       ReadTmp:1005.06, RampTmp:1000.22, TargetTmp:1044.00,
                       Output:0.00, CycleOnSec:0.00, RemainTime:0:58:56
                    
2022-01-12 17:33:05,254 - root - DEBUG - ==>Relay Off
2022-01-12 17:33:05,255 - root - DEBUG - Writing stats to Firing DB table...
2022-01-12 17:33:05,266 - root - INFO - database writing complete1
2022-01-12 17:33:05,266 - root - INFO - RunState end: Ramp
2022-01-12 17:33:15,254 - root - DEBUG - Entering PID update with parameters SetPoint:1000.39, ProcValue:1003.06, IMax:100.00, IMin:0.00,
2022-01-12 17:33:15,254 - root - DEBUG -   Window:10, Kp: 30.000, Ki: 1.000, Kd: 0.600
2022-01-12 17:33:15,254 - root - DEBUG - Exiting PID update with parameters Error:-2.67, ITerm:0.00, DInput:-2.00, Output:0.00
2022-01-12 17:33:15,254 - root - DEBUG - RunID 54, Segment 2 (loop 97) - RunState:Ramp,
                       ReadTmp:1003.06, RampTmp:1000.39, TargetTmp:1044.00,
                       Output:0.00, CycleOnSec:0.00, RemainTime:0:58:46
                    
2022-01-12 17:33:15,254 - root - DEBUG - ==>Relay Off
2022-01-12 17:33:15,255 - root - DEBUG - Writing stats to Firing DB table...
2022-01-12 17:33:15,267 - root - INFO - database writing complete1
2022-01-12 17:33:15,267 - root - INFO - RunState end: Ramp
2022-01-12 17:33:25,253 - root - DEBUG - Entering PID update with parameters SetPoint:1000.56, ProcValue:1001.06, IMax:100.00, IMin:0.00,
2022-01-12 17:33:25,254 - root - DEBUG -   Window:10, Kp: 30.000, Ki: 1.000, Kd: 0.600
2022-01-12 17:33:25,254 - root - DEBUG - Exiting PID update with parameters Error:-0.51, ITerm:0.00, DInput:-2.00, Output:0.00
2022-01-12 17:33:25,254 - root - DEBUG - RunID 54, Segment 2 (loop 98) - RunState:Ramp,
                       ReadTmp:1001.06, RampTmp:1000.56, TargetTmp:1044.00,
                       Output:0.00, CycleOnSec:0.00, RemainTime:0:58:36
                    
2022-01-12 17:33:25,254 - root - DEBUG - ==>Relay Off
2022-01-12 17:33:25,255 - root - DEBUG - Writing stats to Firing DB table...
2022-01-12 17:33:25,266 - root - INFO - database writing complete1
2022-01-12 17:33:25,266 - root - INFO - RunState end: Ramp
2022-01-12 17:33:35,254 - root - DEBUG - Entering PID update with parameters SetPoint:1000.72, ProcValue:999.06, IMax:100.00, IMin:0.00,
2022-01-12 17:33:35,254 - root - DEBUG -   Window:10, Kp: 30.000, Ki: 1.000, Kd: 0.600
2022-01-12 17:33:35,254 - root - DEBUG - Exiting PID update with parameters Error:1.66, ITerm:1.66, DInput:-2.00, Output:52.64
2022-01-12 17:33:35,254 - root - DEBUG - RunID 54, Segment 2 (loop 99) - RunState:Ramp,
                       ReadTmp:999.06, RampTmp:1000.72, TargetTmp:1044.00,
                       Output:52.64, CycleOnSec:5.26, RemainTime:0:58:26
                    
2022-01-12 17:33:35,254 - root - DEBUG - ==>Relay On
2022-01-12 17:33:40,522 - root - DEBUG - ==>Relay Off
2022-01-12 17:33:40,523 - root - DEBUG - Writing stats to Firing DB table...
2022-01-12 17:33:40,675 - root - INFO - database writing complete1
2022-01-12 17:33:40,676 - root - INFO - RunState end: Ramp
2022-01-12 17:33:45,253 - root - DEBUG - Entering PID update with parameters SetPoint:1000.89, ProcValue:1023.38, IMax:100.00, IMin:0.00,
2022-01-12 17:33:45,254 - root - DEBUG -   Window:10, Kp: 30.000, Ki: 1.000, Kd: 0.600
2022-01-12 17:33:45,254 - root - DEBUG - Exiting PID update with parameters Error:-22.49, ITerm:0.00, DInput:24.32, Output:0.00
2022-01-12 17:33:45,254 - root - DEBUG - RunID 54, Segment 2 (loop 100) - RunState:Ramp,
                       ReadTmp:1023.38, RampTmp:1000.89, TargetTmp:1044.00,
                       Output:0.00, CycleOnSec:0.00, RemainTime:0:58:16
                    
2022-01-12 17:33:45,254 - root - DEBUG - ==>Relay Off
2022-01-12 17:33:45,255 - root - DEBUG - Writing stats to Firing DB table...
2022-01-12 17:33:45,281 - root - INFO - database writing complete1
2022-01-12 17:33:45,282 - root - INFO - RunState end: Ramp
2022-01-12 17:33:55,253 - root - DEBUG - Entering PID update with parameters SetPoint:1001.06, ProcValue:1021.38, IMax:100.00, IMin:0.00,
2022-01-12 17:33:55,254 - root - DEBUG -   Window:10, Kp: 30.000, Ki: 1.000, Kd: 0.600
2022-01-12 17:33:55,254 - root - DEBUG - Exiting PID update with parameters Error:-20.33, ITerm:0.00, DInput:-2.00, Output:0.00
2022-01-12 17:33:55,254 - root - DEBUG - RunID 54, Segment 2 (loop 101) - RunState:Ramp,
                       ReadTmp:1021.38, RampTmp:1001.06, TargetTmp:1044.00,
                       Output:0.00, CycleOnSec:0.00, RemainTime:0:58:06
                    
2022-01-12 17:33:55,254 - root - DEBUG - ==>Relay Off
2022-01-12 17:33:55,255 - root - DEBUG - Writing stats to Firing DB table...
2022-01-12 17:33:55,302 - root - INFO - database writing complete1
2022-01-12 17:33:55,303 - root - INFO - RunState end: Ramp
2022-01-12 17:34:05,253 - root - DEBUG - Entering PID update with parameters SetPoint:1001.22, ProcValue:1019.38, IMax:100.00, IMin:0.00,
2022-01-12 17:34:05,254 - root - DEBUG -   Window:10, Kp: 30.000, Ki: 1.000, Kd: 0.600
2022-01-12 17:34:05,254 - root - DEBUG - Exiting PID update with parameters Error:-18.16, ITerm:0.00, DInput:-2.00, Output:0.00
2022-01-12 17:34:05,254 - root - DEBUG - RunID 54, Segment 2 (loop 102) - RunState:Ramp,
                       ReadTmp:1019.38, RampTmp:1001.22, TargetTmp:1044.00,
                       Output:0.00, CycleOnSec:0.00, RemainTime:0:57:56
                    
2022-01-12 17:34:05,254 - root - DEBUG - ==>Relay Off
2022-01-12 17:34:05,255 - root - DEBUG - Writing stats to Firing DB table...
2022-01-12 17:34:05,291 - root - INFO - database writing complete1
2022-01-12 17:34:05,292 - root - INFO - RunState end: Ramp
2022-01-12 17:34:15,254 - root - DEBUG - Entering PID update with parameters SetPoint:1001.39, ProcValue:1017.38, IMax:100.00, IMin:0.00,
2022-01-12 17:34:15,254 - root - DEBUG -   Window:10, Kp: 30.000, Ki: 1.000, Kd: 0.600
2022-01-12 17:34:15,254 - root - DEBUG - Exiting PID update with parameters Error:-15.99, ITerm:0.00, DInput:-2.00, Output:0.00
2022-01-12 17:34:15,254 - root - DEBUG - RunID 54, Segment 2 (loop 103) - RunState:Ramp,
                       ReadTmp:1017.38, RampTmp:1001.39, TargetTmp:1044.00,
                       Output:0.00, CycleOnSec:0.00, RemainTime:0:57:46
                    
2022-01-12 17:34:15,254 - root - DEBUG - ==>Relay Off
2022-01-12 17:34:15,255 - root - DEBUG - Writing stats to Firing DB table...
2022-01-12 17:34:15,292 - root - INFO - database writing complete1
2022-01-12 17:34:15,293 - root - INFO - RunState end: Ramp
2022-01-12 17:34:25,253 - root - DEBUG - Entering PID update with parameters SetPoint:1001.56, ProcValue:1015.38, IMax:100.00, IMin:0.00,
2022-01-12 17:34:25,254 - root - DEBUG -   Window:10, Kp: 30.000, Ki: 1.000, Kd: 0.600
2022-01-12 17:34:25,254 - root - DEBUG - Exiting PID update with parameters Error:-13.83, ITerm:0.00, DInput:-2.00, Output:0.00
2022-01-12 17:34:25,254 - root - DEBUG - RunID 54, Segment 2 (loop 104) - RunState:Ramp,
                       ReadTmp:1015.38, RampTmp:1001.56, TargetTmp:1044.00,
                       Output:0.00, CycleOnSec:0.00, RemainTime:0:57:36
                    
2022-01-12 17:34:25,254 - root - DEBUG - ==>Relay Off
2022-01-12 17:34:25,255 - root - DEBUG - Writing stats to Firing DB table...
2022-01-12 17:34:25,284 - root - INFO - database writing complete1
2022-01-12 17:34:25,285 - root - INFO - RunState end: Ramp
2022-01-12 17:34:35,253 - root - DEBUG - Entering PID update with parameters SetPoint:1001.72, ProcValue:1013.38, IMax:100.00, IMin:0.00,
2022-01-12 17:34:35,254 - root - DEBUG -   Window:10, Kp: 30.000, Ki: 1.000, Kd: 0.600
2022-01-12 17:34:35,254 - root - DEBUG - Exiting PID update with parameters Error:-11.66, ITerm:0.00, DInput:-2.00, Output:0.00
2022-01-12 17:34:35,254 - root - DEBUG - RunID 54, Segment 2 (loop 105) - RunState:Ramp,
                       ReadTmp:1013.38, RampTmp:1001.72, TargetTmp:1044.00,
                       Output:0.00, CycleOnSec:0.00, RemainTime:0:57:26
                    
2022-01-12 17:34:35,254 - root - DEBUG - ==>Relay Off
2022-01-12 17:34:35,255 - root - DEBUG - Writing stats to Firing DB table...
2022-01-12 17:34:35,289 - root - INFO - database writing complete1
2022-01-12 17:34:35,289 - root - INFO - RunState end: Ramp
2022-01-12 17:34:45,254 - root - DEBUG - Entering PID update with parameters SetPoint:1001.89, ProcValue:1011.38, IMax:100.00, IMin:0.00,
2022-01-12 17:34:45,254 - root - DEBUG -   Window:10, Kp: 30.000, Ki: 1.000, Kd: 0.600
2022-01-12 17:34:45,254 - root - DEBUG - Exiting PID update with parameters Error:-9.49, ITerm:0.00, DInput:-2.00, Output:0.00
2022-01-12 17:34:45,254 - root - DEBUG - RunID 54, Segment 2 (loop 106) - RunState:Ramp,
                       ReadTmp:1011.38, RampTmp:1001.89, TargetTmp:1044.00,
                       Output:0.00, CycleOnSec:0.00, RemainTime:0:57:16
                    
2022-01-12 17:34:45,254 - root - DEBUG - ==>Relay Off
2022-01-12 17:34:45,255 - root - DEBUG - Writing stats to Firing DB table...
2022-01-12 17:34:45,285 - root - INFO - database writing complete1
2022-01-12 17:34:45,285 - root - INFO - RunState end: Ramp
2022-01-12 17:34:55,254 - root - DEBUG - Entering PID update with parameters SetPoint:1002.06, ProcValue:1009.38, IMax:100.00, IMin:0.00,
2022-01-12 17:34:55,254 - root - DEBUG -   Window:10, Kp: 30.000, Ki: 1.000, Kd: 0.600
2022-01-12 17:34:55,254 - root - DEBUG - Exiting PID update with parameters Error:-7.33, ITerm:0.00, DInput:-2.00, Output:0.00
2022-01-12 17:34:55,254 - root - DEBUG - RunID 54, Segment 2 (loop 107) - RunState:Ramp,
                       ReadTmp:1009.38, RampTmp:1002.06, TargetTmp:1044.00,
                       Output:0.00, CycleOnSec:0.00, RemainTime:0:57:06
                    
2022-01-12 17:34:55,254 - root - DEBUG - ==>Relay Off
2022-01-12 17:34:55,255 - root - DEBUG - Writing stats to Firing DB table...
2022-01-12 17:34:55,285 - root - INFO - database writing complete1
2022-01-12 17:34:55,286 - root - INFO - RunState end: Ramp
2022-01-12 17:35:05,254 - root - DEBUG - Entering PID update with parameters SetPoint:1002.22, ProcValue:1007.38, IMax:100.00, IMin:0.00,
2022-01-12 17:35:05,254 - root - DEBUG -   Window:10, Kp: 30.000, Ki: 1.000, Kd: 0.600
2022-01-12 17:35:05,254 - root - DEBUG - Exiting PID update with parameters Error:-5.16, ITerm:0.00, DInput:-2.00, Output:0.00
2022-01-12 17:35:05,254 - root - DEBUG - RunID 54, Segment 2 (loop 108) - RunState:Ramp,
                       ReadTmp:1007.38, RampTmp:1002.22, TargetTmp:1044.00,
                       Output:0.00, CycleOnSec:0.00, RemainTime:0:56:56
                    
2022-01-12 17:35:05,254 - root - DEBUG - ==>Relay Off
2022-01-12 17:35:05,255 - root - DEBUG - Writing stats to Firing DB table...
2022-01-12 17:35:05,280 - root - INFO - database writing complete1
2022-01-12 17:35:05,280 - root - INFO - RunState end: Ramp
2022-01-12 17:35:15,254 - root - DEBUG - Entering PID update with parameters SetPoint:1002.39, ProcValue:1005.38, IMax:100.00, IMin:0.00,
2022-01-12 17:35:15,254 - root - DEBUG -   Window:10, Kp: 30.000, Ki: 1.000, Kd: 0.600
2022-01-12 17:35:15,254 - root - DEBUG - Exiting PID update with parameters Error:-2.99, ITerm:0.00, DInput:-2.00, Output:0.00
2022-01-12 17:35:15,254 - root - DEBUG - RunID 54, Segment 2 (loop 109) - RunState:Ramp,
                       ReadTmp:1005.38, RampTmp:1002.39, TargetTmp:1044.00,
                       Output:0.00, CycleOnSec:0.00, RemainTime:0:56:46
                    
2022-01-12 17:35:15,254 - root - DEBUG - ==>Relay Off
2022-01-12 17:35:15,255 - root - DEBUG - Writing stats to Firing DB table...
2022-01-12 17:35:15,267 - root - INFO - database writing complete1
2022-01-12 17:35:15,267 - root - INFO - RunState end: Ramp
2022-01-12 17:35:25,253 - root - DEBUG - Entering PID update with parameters SetPoint:1002.56, ProcValue:1003.38, IMax:100.00, IMin:0.00,
2022-01-12 17:35:25,254 - root - DEBUG -   Window:10, Kp: 30.000, Ki: 1.000, Kd: 0.600
2022-01-12 17:35:25,254 - root - DEBUG - Exiting PID update with parameters Error:-0.83, ITerm:0.00, DInput:-2.00, Output:0.00
2022-01-12 17:35:25,254 - root - DEBUG - RunID 54, Segment 2 (loop 110) - RunState:Ramp,
                       ReadTmp:1003.38, RampTmp:1002.56, TargetTmp:1044.00,
                       Output:0.00, CycleOnSec:0.00, RemainTime:0:56:36
                    
2022-01-12 17:35:25,254 - root - DEBUG - ==>Relay Off
2022-01-12 17:35:25,255 - root - DEBUG - Writing stats to Firing DB table...
2022-01-12 17:35:25,265 - root - INFO - database writing complete1
2022-01-12 17:35:25,265 - root - INFO - RunState end: Ramp
2022-01-12 17:35:35,254 - root - DEBUG - Entering PID update with parameters SetPoint:1002.72, ProcValue:1001.38, IMax:100.00, IMin:0.00,
2022-01-12 17:35:35,254 - root - DEBUG -   Window:10, Kp: 30.000, Ki: 1.000, Kd: 0.600
2022-01-12 17:35:35,254 - root - DEBUG - Exiting PID update with parameters Error:1.34, ITerm:1.34, DInput:-2.00, Output:42.77
2022-01-12 17:35:35,254 - root - DEBUG - RunID 54, Segment 2 (loop 111) - RunState:Ramp,
                       ReadTmp:1001.38, RampTmp:1002.72, TargetTmp:1044.00,
                       Output:42.77, CycleOnSec:4.28, RemainTime:0:56:26
                    
2022-01-12 17:35:35,254 - root - DEBUG - ==>Relay On
2022-01-12 17:35:39,536 - root - DEBUG - ==>Relay Off
2022-01-12 17:35:39,537 - root - DEBUG - Writing stats to Firing DB table...
2022-01-12 17:35:39,549 - root - INFO - database writing complete1
2022-01-12 17:35:39,550 - root - INFO - RunState end: Ramp
2022-01-12 17:35:45,254 - root - DEBUG - Entering PID update with parameters SetPoint:1002.89, ProcValue:1020.77, IMax:100.00, IMin:0.00,
2022-01-12 17:35:45,254 - root - DEBUG -   Window:10, Kp: 30.000, Ki: 1.000, Kd: 0.600
2022-01-12 17:35:45,254 - root - DEBUG - Exiting PID update with parameters Error:-17.88, ITerm:0.00, DInput:19.38, Output:0.00
2022-01-12 17:35:45,254 - root - DEBUG - RunID 54, Segment 2 (loop 112) - RunState:Ramp,
                       ReadTmp:1020.77, RampTmp:1002.89, TargetTmp:1044.00,
                       Output:0.00, CycleOnSec:0.00, RemainTime:0:56:16
                    
2022-01-12 17:35:45,254 - root - DEBUG - ==>Relay Off
2022-01-12 17:35:45,259 - root - DEBUG - Writing stats to Firing DB table...
2022-01-12 17:35:45,267 - root - INFO - database writing complete1
2022-01-12 17:35:45,268 - root - INFO - RunState end: Ramp
2022-01-12 17:35:55,253 - root - DEBUG - Entering PID update with parameters SetPoint:1003.06, ProcValue:1018.77, IMax:100.00, IMin:0.00,
2022-01-12 17:35:55,254 - root - DEBUG -   Window:10, Kp: 30.000, Ki: 1.000, Kd: 0.600
2022-01-12 17:35:55,254 - root - DEBUG - Exiting PID update with parameters Error:-15.71, ITerm:0.00, DInput:-2.00, Output:0.00
2022-01-12 17:35:55,254 - root - DEBUG - RunID 54, Segment 2 (loop 113) - RunState:Ramp,
                       ReadTmp:1018.77, RampTmp:1003.06, TargetTmp:1044.00,
                       Output:0.00, CycleOnSec:0.00, RemainTime:0:56:06
                    
2022-01-12 17:35:55,254 - root - DEBUG - ==>Relay Off
2022-01-12 17:35:55,255 - root - DEBUG - Writing stats to Firing DB table...
2022-01-12 17:35:55,265 - root - INFO - database writing complete1
2022-01-12 17:35:55,266 - root - INFO - RunState end: Ramp
2022-01-12 17:36:05,253 - root - DEBUG - Entering PID update with parameters SetPoint:1003.22, ProcValue:1016.77, IMax:100.00, IMin:0.00,
2022-01-12 17:36:05,254 - root - DEBUG -   Window:10, Kp: 30.000, Ki: 1.000, Kd: 0.600
2022-01-12 17:36:05,254 - root - DEBUG - Exiting PID update with parameters Error:-13.54, ITerm:0.00, DInput:-2.00, Output:0.00
2022-01-12 17:36:05,254 - root - DEBUG - RunID 54, Segment 2 (loop 114) - RunState:Ramp,
                       ReadTmp:1016.77, RampTmp:1003.22, TargetTmp:1044.00,
                       Output:0.00, CycleOnSec:0.00, RemainTime:0:55:56
                    
2022-01-12 17:36:05,254 - root - DEBUG - ==>Relay Off
2022-01-12 17:36:05,255 - root - DEBUG - Writing stats to Firing DB table...
2022-01-12 17:36:05,266 - root - INFO - database writing complete1
2022-01-12 17:36:05,266 - root - INFO - RunState end: Ramp
2022-01-12 17:36:15,254 - root - DEBUG - Entering PID update with parameters SetPoint:1003.39, ProcValue:1014.77, IMax:100.00, IMin:0.00,
2022-01-12 17:36:15,254 - root - DEBUG -   Window:10, Kp: 30.000, Ki: 1.000, Kd: 0.600
2022-01-12 17:36:15,254 - root - DEBUG - Exiting PID update with parameters Error:-11.38, ITerm:0.00, DInput:-2.00, Output:0.00
2022-01-12 17:36:15,254 - root - DEBUG - RunID 54, Segment 2 (loop 115) - RunState:Ramp,
                       ReadTmp:1014.77, RampTmp:1003.39, TargetTmp:1044.00,
                       Output:0.00, CycleOnSec:0.00, RemainTime:0:55:46
                    
2022-01-12 17:36:15,254 - root - DEBUG - ==>Relay Off
2022-01-12 17:36:15,255 - root - DEBUG - Writing stats to Firing DB table...
2022-01-12 17:36:15,266 - root - INFO - database writing complete1
2022-01-12 17:36:15,266 - root - INFO - RunState end: Ramp
2022-01-12 17:36:25,253 - root - DEBUG - Entering PID update with parameters SetPoint:1003.56, ProcValue:1012.77, IMax:100.00, IMin:0.00,
2022-01-12 17:36:25,254 - root - DEBUG -   Window:10, Kp: 30.000, Ki: 1.000, Kd: 0.600
2022-01-12 17:36:25,254 - root - DEBUG - Exiting PID update with parameters Error:-9.21, ITerm:0.00, DInput:-2.00, Output:0.00
2022-01-12 17:36:25,254 - root - DEBUG - RunID 54, Segment 2 (loop 116) - RunState:Ramp,
                       ReadTmp:1012.77, RampTmp:1003.56, TargetTmp:1044.00,
                       Output:0.00, CycleOnSec:0.00, RemainTime:0:55:36
                    
2022-01-12 17:36:25,254 - root - DEBUG - ==>Relay Off
2022-01-12 17:36:25,255 - root - DEBUG - Writing stats to Firing DB table...
2022-01-12 17:36:25,266 - root - INFO - database writing complete1
2022-01-12 17:36:25,266 - root - INFO - RunState end: Ramp
2022-01-12 17:36:35,253 - root - DEBUG - Entering PID update with parameters SetPoint:1003.72, ProcValue:1010.77, IMax:100.00, IMin:0.00,
2022-01-12 17:36:35,254 - root - DEBUG -   Window:10, Kp: 30.000, Ki: 1.000, Kd: 0.600
2022-01-12 17:36:35,254 - root - DEBUG - Exiting PID update with parameters Error:-7.04, ITerm:0.00, DInput:-2.00, Output:0.00
2022-01-12 17:36:35,254 - root - DEBUG - RunID 54, Segment 2 (loop 117) - RunState:Ramp,
                       ReadTmp:1010.77, RampTmp:1003.72, TargetTmp:1044.00,
                       Output:0.00, CycleOnSec:0.00, RemainTime:0:55:26
                    
2022-01-12 17:36:35,254 - root - DEBUG - ==>Relay Off
2022-01-12 17:36:35,255 - root - DEBUG - Writing stats to Firing DB table...
2022-01-12 17:36:35,265 - root - INFO - database writing complete1
2022-01-12 17:36:35,265 - root - INFO - RunState end: Ramp
2022-01-12 17:36:45,254 - root - DEBUG - Entering PID update with parameters SetPoint:1003.89, ProcValue:1008.77, IMax:100.00, IMin:0.00,
2022-01-12 17:36:45,254 - root - DEBUG -   Window:10, Kp: 30.000, Ki: 1.000, Kd: 0.600
2022-01-12 17:36:45,254 - root - DEBUG - Exiting PID update with parameters Error:-4.88, ITerm:0.00, DInput:-2.00, Output:0.00
2022-01-12 17:36:45,254 - root - DEBUG - RunID 54, Segment 2 (loop 118) - RunState:Ramp,
                       ReadTmp:1008.77, RampTmp:1003.89, TargetTmp:1044.00,
                       Output:0.00, CycleOnSec:0.00, RemainTime:0:55:16
                    
2022-01-12 17:36:45,254 - root - DEBUG - ==>Relay Off
2022-01-12 17:36:45,255 - root - DEBUG - Writing stats to Firing DB table...
2022-01-12 17:36:45,266 - root - INFO - database writing complete1
2022-01-12 17:36:45,267 - root - INFO - RunState end: Ramp
2022-01-12 17:36:55,254 - root - DEBUG - Entering PID update with parameters SetPoint:1004.06, ProcValue:1006.77, IMax:100.00, IMin:0.00,
2022-01-12 17:36:55,254 - root - DEBUG -   Window:10, Kp: 30.000, Ki: 1.000, Kd: 0.600
2022-01-12 17:36:55,254 - root - DEBUG - Exiting PID update with parameters Error:-2.71, ITerm:0.00, DInput:-2.00, Output:0.00
2022-01-12 17:36:55,254 - root - DEBUG - RunID 54, Segment 2 (loop 119) - RunState:Ramp,
                       ReadTmp:1006.77, RampTmp:1004.06, TargetTmp:1044.00,
                       Output:0.00, CycleOnSec:0.00, RemainTime:0:55:06
                    
2022-01-12 17:36:55,254 - root - DEBUG - ==>Relay Off
2022-01-12 17:36:55,255 - root - DEBUG - Writing stats to Firing DB table...
2022-01-12 17:36:55,269 - root - INFO - database writing complete1
2022-01-12 17:36:55,269 - root - INFO - RunState end: Ramp
2022-01-12 17:37:05,253 - root - DEBUG - Entering PID update with parameters SetPoint:1004.22, ProcValue:1004.77, IMax:100.00, IMin:0.00,
2022-01-12 17:37:05,254 - root - DEBUG -   Window:10, Kp: 30.000, Ki: 1.000, Kd: 0.600
2022-01-12 17:37:05,254 - root - DEBUG - Exiting PID update with parameters Error:-0.54, ITerm:0.00, DInput:-2.00, Output:0.00
2022-01-12 17:37:05,254 - root - DEBUG - RunID 54, Segment 2 (loop 120) - RunState:Ramp,
                       ReadTmp:1004.77, RampTmp:1004.22, TargetTmp:1044.00,
                       Output:0.00, CycleOnSec:0.00, RemainTime:0:54:56
                    
2022-01-12 17:37:05,254 - root - DEBUG - ==>Relay Off
2022-01-12 17:37:05,255 - root - DEBUG - Writing stats to Firing DB table...
2022-01-12 17:37:05,266 - root - INFO - database writing complete1
2022-01-12 17:37:05,266 - root - INFO - RunState end: Ramp
2022-01-12 17:37:15,254 - root - DEBUG - Entering PID update with parameters SetPoint:1004.39, ProcValue:1002.77, IMax:100.00, IMin:0.00,
2022-01-12 17:37:15,254 - root - DEBUG -   Window:10, Kp: 30.000, Ki: 1.000, Kd: 0.600
2022-01-12 17:37:15,254 - root - DEBUG - Exiting PID update with parameters Error:1.62, ITerm:1.62, DInput:-2.00, Output:51.51
2022-01-12 17:37:15,254 - root - DEBUG - RunID 54, Segment 2 (loop 121) - RunState:Ramp,
                       ReadTmp:1002.77, RampTmp:1004.39, TargetTmp:1044.00,
                       Output:51.51, CycleOnSec:5.15, RemainTime:0:54:46
                    
2022-01-12 17:37:15,254 - root - DEBUG - ==>Relay On
2022-01-12 17:37:20,410 - root - DEBUG - ==>Relay Off
2022-01-12 17:37:20,411 - root - DEBUG - Writing stats to Firing DB table...
2022-01-12 17:37:20,424 - root - INFO - database writing complete1
2022-01-12 17:37:20,425 - root - INFO - RunState end: Ramp
2022-01-12 17:37:25,253 - root - DEBUG - Entering PID update with parameters SetPoint:1004.56, ProcValue:1026.52, IMax:100.00, IMin:0.00,
2022-01-12 17:37:25,254 - root - DEBUG -   Window:10, Kp: 30.000, Ki: 1.000, Kd: 0.600
2022-01-12 17:37:25,254 - root - DEBUG - Exiting PID update with parameters Error:-21.96, ITerm:0.00, DInput:23.75, Output:0.00
2022-01-12 17:37:25,254 - root - DEBUG - RunID 54, Segment 2 (loop 122) - RunState:Ramp,
                       ReadTmp:1026.52, RampTmp:1004.56, TargetTmp:1044.00,
                       Output:0.00, CycleOnSec:0.00, RemainTime:0:54:36
                    
2022-01-12 17:37:25,254 - root - DEBUG - ==>Relay Off
2022-01-12 17:37:25,255 - root - DEBUG - Writing stats to Firing DB table...
2022-01-12 17:37:25,265 - root - INFO - database writing complete1
2022-01-12 17:37:25,266 - root - INFO - RunState end: Ramp
2022-01-12 17:37:35,253 - root - DEBUG - Entering PID update with parameters SetPoint:1004.72, ProcValue:1024.52, IMax:100.00, IMin:0.00,
2022-01-12 17:37:35,254 - root - DEBUG -   Window:10, Kp: 30.000, Ki: 1.000, Kd: 0.600
2022-01-12 17:37:35,254 - root - DEBUG - Exiting PID update with parameters Error:-19.80, ITerm:0.00, DInput:-2.00, Output:0.00
2022-01-12 17:37:35,254 - root - DEBUG - RunID 54, Segment 2 (loop 123) - RunState:Ramp,
                       ReadTmp:1024.52, RampTmp:1004.72, TargetTmp:1044.00,
                       Output:0.00, CycleOnSec:0.00, RemainTime:0:54:26
                    
2022-01-12 17:37:35,254 - root - DEBUG - ==>Relay Off
2022-01-12 17:37:35,255 - root - DEBUG - Writing stats to Firing DB table...
2022-01-12 17:37:35,266 - root - INFO - database writing complete1
2022-01-12 17:37:35,266 - root - INFO - RunState end: Ramp
2022-01-12 17:37:45,254 - root - DEBUG - Entering PID update with parameters SetPoint:1004.89, ProcValue:1022.52, IMax:100.00, IMin:0.00,
2022-01-12 17:37:45,254 - root - DEBUG -   Window:10, Kp: 30.000, Ki: 1.000, Kd: 0.600
2022-01-12 17:37:45,254 - root - DEBUG - Exiting PID update with parameters Error:-17.63, ITerm:0.00, DInput:-2.00, Output:0.00
2022-01-12 17:37:45,254 - root - DEBUG - RunID 54, Segment 2 (loop 124) - RunState:Ramp,
                       ReadTmp:1022.52, RampTmp:1004.89, TargetTmp:1044.00,
                       Output:0.00, CycleOnSec:0.00, RemainTime:0:54:16
                    
2022-01-12 17:37:45,254 - root - DEBUG - ==>Relay Off
2022-01-12 17:37:45,255 - root - DEBUG - Writing stats to Firing DB table...
2022-01-12 17:37:45,267 - root - INFO - database writing complete1
2022-01-12 17:37:45,268 - root - INFO - RunState end: Ramp
2022-01-12 17:37:55,254 - root - DEBUG - Entering PID update with parameters SetPoint:1005.06, ProcValue:1020.52, IMax:100.00, IMin:0.00,
2022-01-12 17:37:55,254 - root - DEBUG -   Window:10, Kp: 30.000, Ki: 1.000, Kd: 0.600
2022-01-12 17:37:55,254 - root - DEBUG - Exiting PID update with parameters Error:-15.46, ITerm:0.00, DInput:-2.00, Output:0.00
2022-01-12 17:37:55,254 - root - DEBUG - RunID 54, Segment 2 (loop 125) - RunState:Ramp,
                       ReadTmp:1020.52, RampTmp:1005.06, TargetTmp:1044.00,
                       Output:0.00, CycleOnSec:0.00, RemainTime:0:54:06
                    
2022-01-12 17:37:55,254 - root - DEBUG - ==>Relay Off
2022-01-12 17:37:55,255 - root - DEBUG - Writing stats to Firing DB table...
2022-01-12 17:37:55,266 - root - INFO - database writing complete1
2022-01-12 17:37:55,266 - root - INFO - RunState end: Ramp
2022-01-12 17:38:05,253 - root - DEBUG - Entering PID update with parameters SetPoint:1005.22, ProcValue:1018.52, IMax:100.00, IMin:0.00,
2022-01-12 17:38:05,254 - root - DEBUG -   Window:10, Kp: 30.000, Ki: 1.000, Kd: 0.600
2022-01-12 17:38:05,254 - root - DEBUG - Exiting PID update with parameters Error:-13.30, ITerm:0.00, DInput:-2.00, Output:0.00
2022-01-12 17:38:05,254 - root - DEBUG - RunID 54, Segment 2 (loop 126) - RunState:Ramp,
                       ReadTmp:1018.52, RampTmp:1005.22, TargetTmp:1044.00,
                       Output:0.00, CycleOnSec:0.00, RemainTime:0:53:56
                    
2022-01-12 17:38:05,254 - root - DEBUG - ==>Relay Off
2022-01-12 17:38:05,255 - root - DEBUG - Writing stats to Firing DB table...
2022-01-12 17:38:05,266 - root - INFO - database writing complete1
2022-01-12 17:38:05,266 - root - INFO - RunState end: Ramp
2022-01-12 17:38:15,254 - root - DEBUG - Entering PID update with parameters SetPoint:1005.39, ProcValue:1016.52, IMax:100.00, IMin:0.00,
2022-01-12 17:38:15,254 - root - DEBUG -   Window:10, Kp: 30.000, Ki: 1.000, Kd: 0.600
2022-01-12 17:38:15,254 - root - DEBUG - Exiting PID update with parameters Error:-11.13, ITerm:0.00, DInput:-2.00, Output:0.00
2022-01-12 17:38:15,254 - root - DEBUG - RunID 54, Segment 2 (loop 127) - RunState:Ramp,
                       ReadTmp:1016.52, RampTmp:1005.39, TargetTmp:1044.00,
                       Output:0.00, CycleOnSec:0.00, RemainTime:0:53:46
                    
2022-01-12 17:38:15,254 - root - DEBUG - ==>Relay Off
2022-01-12 17:38:15,255 - root - DEBUG - Writing stats to Firing DB table...
2022-01-12 17:38:15,266 - root - INFO - database writing complete1
2022-01-12 17:38:15,266 - root - INFO - RunState end: Ramp
2022-01-12 17:38:25,254 - root - DEBUG - Entering PID update with parameters SetPoint:1005.56, ProcValue:1014.52, IMax:100.00, IMin:0.00,
2022-01-12 17:38:25,254 - root - DEBUG -   Window:10, Kp: 30.000, Ki: 1.000, Kd: 0.600
2022-01-12 17:38:25,254 - root - DEBUG - Exiting PID update with parameters Error:-8.96, ITerm:0.00, DInput:-2.00, Output:0.00
2022-01-12 17:38:25,254 - root - DEBUG - RunID 54, Segment 2 (loop 128) - RunState:Ramp,
                       ReadTmp:1014.52, RampTmp:1005.56, TargetTmp:1044.00,
                       Output:0.00, CycleOnSec:0.00, RemainTime:0:53:36
                    
2022-01-12 17:38:25,254 - root - DEBUG - ==>Relay Off
2022-01-12 17:38:25,255 - root - DEBUG - Writing stats to Firing DB table...
2022-01-12 17:38:25,266 - root - INFO - database writing complete1
2022-01-12 17:38:25,266 - root - INFO - RunState end: Ramp
2022-01-12 17:38:35,254 - root - DEBUG - Entering PID update with parameters SetPoint:1005.72, ProcValue:1012.52, IMax:100.00, IMin:0.00,
2022-01-12 17:38:35,254 - root - DEBUG -   Window:10, Kp: 30.000, Ki: 1.000, Kd: 0.600
2022-01-12 17:38:35,254 - root - DEBUG - Exiting PID update with parameters Error:-6.80, ITerm:0.00, DInput:-2.00, Output:0.00
2022-01-12 17:38:35,254 - root - DEBUG - RunID 54, Segment 2 (loop 129) - RunState:Ramp,
                       ReadTmp:1012.52, RampTmp:1005.72, TargetTmp:1044.00,
                       Output:0.00, CycleOnSec:0.00, RemainTime:0:53:26
                    
2022-01-12 17:38:35,254 - root - DEBUG - ==>Relay Off
2022-01-12 17:38:35,255 - root - DEBUG - Writing stats to Firing DB table...
2022-01-12 17:38:35,266 - root - INFO - database writing complete1
2022-01-12 17:38:35,266 - root - INFO - RunState end: Ramp
2022-01-12 17:38:45,254 - root - DEBUG - Entering PID update with parameters SetPoint:1005.89, ProcValue:1010.52, IMax:100.00, IMin:0.00,
2022-01-12 17:38:45,254 - root - DEBUG -   Window:10, Kp: 30.000, Ki: 1.000, Kd: 0.600
2022-01-12 17:38:45,254 - root - DEBUG - Exiting PID update with parameters Error:-4.63, ITerm:0.00, DInput:-2.00, Output:0.00
2022-01-12 17:38:45,254 - root - DEBUG - RunID 54, Segment 2 (loop 130) - RunState:Ramp,
                       ReadTmp:1010.52, RampTmp:1005.89, TargetTmp:1044.00,
                       Output:0.00, CycleOnSec:0.00, RemainTime:0:53:16
                    
2022-01-12 17:38:45,254 - root - DEBUG - ==>Relay Off
2022-01-12 17:38:45,255 - root - DEBUG - Writing stats to Firing DB table...
2022-01-12 17:38:45,266 - root - INFO - database writing complete1
2022-01-12 17:38:45,266 - root - INFO - RunState end: Ramp
2022-01-12 17:38:55,254 - root - DEBUG - Entering PID update with parameters SetPoint:1006.06, ProcValue:1008.52, IMax:100.00, IMin:0.00,
2022-01-12 17:38:55,254 - root - DEBUG -   Window:10, Kp: 30.000, Ki: 1.000, Kd: 0.600
2022-01-12 17:38:55,254 - root - DEBUG - Exiting PID update with parameters Error:-2.46, ITerm:0.00, DInput:-2.00, Output:0.00
2022-01-12 17:38:55,254 - root - DEBUG - RunID 54, Segment 2 (loop 131) - RunState:Ramp,
                       ReadTmp:1008.52, RampTmp:1006.06, TargetTmp:1044.00,
                       Output:0.00, CycleOnSec:0.00, RemainTime:0:53:06
                    
2022-01-12 17:38:55,254 - root - DEBUG - ==>Relay Off
2022-01-12 17:38:55,255 - root - DEBUG - Writing stats to Firing DB table...
2022-01-12 17:38:55,266 - root - INFO - database writing complete1
2022-01-12 17:38:55,266 - root - INFO - RunState end: Ramp
2022-01-12 17:39:05,254 - root - DEBUG - Entering PID update with parameters SetPoint:1006.22, ProcValue:1006.52, IMax:100.00, IMin:0.00,
2022-01-12 17:39:05,254 - root - DEBUG -   Window:10, Kp: 30.000, Ki: 1.000, Kd: 0.600
2022-01-12 17:39:05,254 - root - DEBUG - Exiting PID update with parameters Error:-0.30, ITerm:0.00, DInput:-2.00, Output:0.00
2022-01-12 17:39:05,254 - root - DEBUG - RunID 54, Segment 2 (loop 132) - RunState:Ramp,
                       ReadTmp:1006.52, RampTmp:1006.22, TargetTmp:1044.00,
                       Output:0.00, CycleOnSec:0.00, RemainTime:0:52:56
                    
2022-01-12 17:39:05,254 - root - DEBUG - ==>Relay Off
2022-01-12 17:39:05,255 - root - DEBUG - Writing stats to Firing DB table...
2022-01-12 17:39:05,266 - root - INFO - database writing complete1
2022-01-12 17:39:05,266 - root - INFO - RunState end: Ramp
2022-01-12 17:39:15,254 - root - DEBUG - Entering PID update with parameters SetPoint:1006.39, ProcValue:1004.52, IMax:100.00, IMin:0.00,
2022-01-12 17:39:15,254 - root - DEBUG -   Window:10, Kp: 30.000, Ki: 1.000, Kd: 0.600
2022-01-12 17:39:15,254 - root - DEBUG - Exiting PID update with parameters Error:1.87, ITerm:1.87, DInput:-2.00, Output:59.18
2022-01-12 17:39:15,254 - root - DEBUG - RunID 54, Segment 2 (loop 133) - RunState:Ramp,
                       ReadTmp:1004.52, RampTmp:1006.39, TargetTmp:1044.00,
                       Output:59.18, CycleOnSec:5.92, RemainTime:0:52:46
                    
2022-01-12 17:39:15,254 - root - DEBUG - ==>Relay On
2022-01-12 17:39:21,178 - root - DEBUG - ==>Relay Off
2022-01-12 17:39:21,179 - root - DEBUG - Writing stats to Firing DB table...
2022-01-12 17:39:21,190 - root - INFO - database writing complete1
2022-01-12 17:39:21,190 - root - INFO - RunState end: Ramp
2022-01-12 17:39:25,253 - root - DEBUG - Entering PID update with parameters SetPoint:1006.56, ProcValue:1032.11, IMax:100.00, IMin:0.00,
2022-01-12 17:39:25,254 - root - DEBUG -   Window:10, Kp: 30.000, Ki: 1.000, Kd: 0.600
2022-01-12 17:39:25,254 - root - DEBUG - Exiting PID update with parameters Error:-25.55, ITerm:0.00, DInput:27.59, Output:0.00
2022-01-12 17:39:25,254 - root - DEBUG - RunID 54, Segment 2 (loop 134) - RunState:Ramp,
                       ReadTmp:1032.11, RampTmp:1006.56, TargetTmp:1044.00,
                       Output:0.00, CycleOnSec:0.00, RemainTime:0:52:36
                    
2022-01-12 17:39:25,254 - root - DEBUG - ==>Relay Off
2022-01-12 17:39:25,255 - root - DEBUG - Writing stats to Firing DB table...
2022-01-12 17:39:25,265 - root - INFO - database writing complete1
2022-01-12 17:39:25,265 - root - INFO - RunState end: Ramp
2022-01-12 17:39:35,254 - root - DEBUG - Entering PID update with parameters SetPoint:1006.72, ProcValue:1030.11, IMax:100.00, IMin:0.00,
2022-01-12 17:39:35,254 - root - DEBUG -   Window:10, Kp: 30.000, Ki: 1.000, Kd: 0.600
2022-01-12 17:39:35,254 - root - DEBUG - Exiting PID update with parameters Error:-23.38, ITerm:0.00, DInput:-2.00, Output:0.00
2022-01-12 17:39:35,254 - root - DEBUG - RunID 54, Segment 2 (loop 135) - RunState:Ramp,
                       ReadTmp:1030.11, RampTmp:1006.72, TargetTmp:1044.00,
                       Output:0.00, CycleOnSec:0.00, RemainTime:0:52:26
                    
2022-01-12 17:39:35,254 - root - DEBUG - ==>Relay Off
2022-01-12 17:39:35,255 - root - DEBUG - Writing stats to Firing DB table...
2022-01-12 17:39:35,267 - root - INFO - database writing complete1
2022-01-12 17:39:35,267 - root - INFO - RunState end: Ramp
2022-01-12 17:39:45,254 - root - DEBUG - Entering PID update with parameters SetPoint:1006.89, ProcValue:1028.11, IMax:100.00, IMin:0.00,
2022-01-12 17:39:45,254 - root - DEBUG -   Window:10, Kp: 30.000, Ki: 1.000, Kd: 0.600
2022-01-12 17:39:45,254 - root - DEBUG - Exiting PID update with parameters Error:-21.22, ITerm:0.00, DInput:-2.00, Output:0.00
2022-01-12 17:39:45,254 - root - DEBUG - RunID 54, Segment 2 (loop 136) - RunState:Ramp,
                       ReadTmp:1028.11, RampTmp:1006.89, TargetTmp:1044.00,
                       Output:0.00, CycleOnSec:0.00, RemainTime:0:52:16
                    
2022-01-12 17:39:45,254 - root - DEBUG - ==>Relay Off
2022-01-12 17:39:45,255 - root - DEBUG - Writing stats to Firing DB table...
2022-01-12 17:39:45,266 - root - INFO - database writing complete1
2022-01-12 17:39:45,266 - root - INFO - RunState end: Ramp
2022-01-12 17:39:55,254 - root - DEBUG - Entering PID update with parameters SetPoint:1007.06, ProcValue:1026.11, IMax:100.00, IMin:0.00,
2022-01-12 17:39:55,254 - root - DEBUG -   Window:10, Kp: 30.000, Ki: 1.000, Kd: 0.600
2022-01-12 17:39:55,254 - root - DEBUG - Exiting PID update with parameters Error:-19.05, ITerm:0.00, DInput:-2.00, Output:0.00
2022-01-12 17:39:55,254 - root - DEBUG - RunID 54, Segment 2 (loop 137) - RunState:Ramp,
                       ReadTmp:1026.11, RampTmp:1007.06, TargetTmp:1044.00,
                       Output:0.00, CycleOnSec:0.00, RemainTime:0:52:06
                    
2022-01-12 17:39:55,254 - root - DEBUG - ==>Relay Off
2022-01-12 17:39:55,255 - root - DEBUG - Writing stats to Firing DB table...
2022-01-12 17:39:55,266 - root - INFO - database writing complete1
2022-01-12 17:39:55,267 - root - INFO - RunState end: Ramp
2022-01-12 17:40:05,254 - root - DEBUG - Entering PID update with parameters SetPoint:1007.22, ProcValue:1024.11, IMax:100.00, IMin:0.00,
2022-01-12 17:40:05,254 - root - DEBUG -   Window:10, Kp: 30.000, Ki: 1.000, Kd: 0.600
2022-01-12 17:40:05,254 - root - DEBUG - Exiting PID update with parameters Error:-16.88, ITerm:0.00, DInput:-2.00, Output:0.00
2022-01-12 17:40:05,254 - root - DEBUG - RunID 54, Segment 2 (loop 138) - RunState:Ramp,
                       ReadTmp:1024.11, RampTmp:1007.22, TargetTmp:1044.00,
                       Output:0.00, CycleOnSec:0.00, RemainTime:0:51:56
                    
2022-01-12 17:40:05,254 - root - DEBUG - ==>Relay Off
2022-01-12 17:40:05,255 - root - DEBUG - Writing stats to Firing DB table...
2022-01-12 17:40:05,266 - root - INFO - database writing complete1
2022-01-12 17:40:05,266 - root - INFO - RunState end: Ramp
2022-01-12 17:40:15,254 - root - DEBUG - Entering PID update with parameters SetPoint:1007.39, ProcValue:1022.11, IMax:100.00, IMin:0.00,
2022-01-12 17:40:15,254 - root - DEBUG -   Window:10, Kp: 30.000, Ki: 1.000, Kd: 0.600
2022-01-12 17:40:15,254 - root - DEBUG - Exiting PID update with parameters Error:-14.72, ITerm:0.00, DInput:-2.00, Output:0.00
2022-01-12 17:40:15,254 - root - DEBUG - RunID 54, Segment 2 (loop 139) - RunState:Ramp,
                       ReadTmp:1022.11, RampTmp:1007.39, TargetTmp:1044.00,
                       Output:0.00, CycleOnSec:0.00, RemainTime:0:51:46
                    
2022-01-12 17:40:15,256 - root - DEBUG - ==>Relay Off
2022-01-12 17:40:15,257 - root - DEBUG - Writing stats to Firing DB table...
2022-01-12 17:40:15,272 - root - INFO - database writing complete1
2022-01-12 17:40:15,273 - root - INFO - RunState end: Ramp
2022-01-12 17:40:25,254 - root - DEBUG - Entering PID update with parameters SetPoint:1007.56, ProcValue:1020.11, IMax:100.00, IMin:0.00,
2022-01-12 17:40:25,254 - root - DEBUG -   Window:10, Kp: 30.000, Ki: 1.000, Kd: 0.600
2022-01-12 17:40:25,254 - root - DEBUG - Exiting PID update with parameters Error:-12.55, ITerm:0.00, DInput:-2.00, Output:0.00
2022-01-12 17:40:25,254 - root - DEBUG - RunID 54, Segment 2 (loop 140) - RunState:Ramp,
                       ReadTmp:1020.11, RampTmp:1007.56, TargetTmp:1044.00,
                       Output:0.00, CycleOnSec:0.00, RemainTime:0:51:36
                    
2022-01-12 17:40:25,254 - root - DEBUG - ==>Relay Off
2022-01-12 17:40:25,255 - root - DEBUG - Writing stats to Firing DB table...
2022-01-12 17:40:25,269 - root - INFO - database writing complete1
2022-01-12 17:40:25,269 - root - INFO - RunState end: Ramp
2022-01-12 17:40:35,254 - root - DEBUG - Entering PID update with parameters SetPoint:1007.72, ProcValue:1018.11, IMax:100.00, IMin:0.00,
2022-01-12 17:40:35,254 - root - DEBUG -   Window:10, Kp: 30.000, Ki: 1.000, Kd: 0.600
2022-01-12 17:40:35,254 - root - DEBUG - Exiting PID update with parameters Error:-10.38, ITerm:0.00, DInput:-2.00, Output:0.00
2022-01-12 17:40:35,254 - root - DEBUG - RunID 54, Segment 2 (loop 141) - RunState:Ramp,
                       ReadTmp:1018.11, RampTmp:1007.72, TargetTmp:1044.00,
                       Output:0.00, CycleOnSec:0.00, RemainTime:0:51:26
                    
2022-01-12 17:40:35,254 - root - DEBUG - ==>Relay Off
2022-01-12 17:40:35,255 - root - DEBUG - Writing stats to Firing DB table...
2022-01-12 17:40:35,266 - root - INFO - database writing complete1
2022-01-12 17:40:35,266 - root - INFO - RunState end: Ramp
2022-01-12 17:40:45,254 - root - DEBUG - Entering PID update with parameters SetPoint:1007.89, ProcValue:1016.11, IMax:100.00, IMin:0.00,
2022-01-12 17:40:45,254 - root - DEBUG -   Window:10, Kp: 30.000, Ki: 1.000, Kd: 0.600
2022-01-12 17:40:45,254 - root - DEBUG - Exiting PID update with parameters Error:-8.22, ITerm:0.00, DInput:-2.00, Output:0.00
2022-01-12 17:40:45,254 - root - DEBUG - RunID 54, Segment 2 (loop 142) - RunState:Ramp,
                       ReadTmp:1016.11, RampTmp:1007.89, TargetTmp:1044.00,
                       Output:0.00, CycleOnSec:0.00, RemainTime:0:51:16
                    
2022-01-12 17:40:45,254 - root - DEBUG - ==>Relay Off
2022-01-12 17:40:45,255 - root - DEBUG - Writing stats to Firing DB table...
2022-01-12 17:40:45,266 - root - INFO - database writing complete1
2022-01-12 17:40:45,267 - root - INFO - RunState end: Ramp
2022-01-12 17:40:55,254 - root - DEBUG - Entering PID update with parameters SetPoint:1008.06, ProcValue:1014.11, IMax:100.00, IMin:0.00,
2022-01-12 17:40:55,254 - root - DEBUG -   Window:10, Kp: 30.000, Ki: 1.000, Kd: 0.600
2022-01-12 17:40:55,254 - root - DEBUG - Exiting PID update with parameters Error:-6.05, ITerm:0.00, DInput:-2.00, Output:0.00
2022-01-12 17:40:55,254 - root - DEBUG - RunID 54, Segment 2 (loop 143) - RunState:Ramp,
                       ReadTmp:1014.11, RampTmp:1008.06, TargetTmp:1044.00,
                       Output:0.00, CycleOnSec:0.00, RemainTime:0:51:06
                    
2022-01-12 17:40:55,254 - root - DEBUG - ==>Relay Off
2022-01-12 17:40:55,255 - root - DEBUG - Writing stats to Firing DB table...
2022-01-12 17:40:55,265 - root - INFO - database writing complete1
2022-01-12 17:40:55,266 - root - INFO - RunState end: Ramp
2022-01-12 17:41:05,254 - root - DEBUG - Entering PID update with parameters SetPoint:1008.22, ProcValue:1012.11, IMax:100.00, IMin:0.00,
2022-01-12 17:41:05,254 - root - DEBUG -   Window:10, Kp: 30.000, Ki: 1.000, Kd: 0.600
2022-01-12 17:41:05,254 - root - DEBUG - Exiting PID update with parameters Error:-3.88, ITerm:0.00, DInput:-2.00, Output:0.00
2022-01-12 17:41:05,254 - root - DEBUG - RunID 54, Segment 2 (loop 144) - RunState:Ramp,
                       ReadTmp:1012.11, RampTmp:1008.22, TargetTmp:1044.00,
                       Output:0.00, CycleOnSec:0.00, RemainTime:0:50:56
                    
2022-01-12 17:41:05,254 - root - DEBUG - ==>Relay Off
2022-01-12 17:41:05,255 - root - DEBUG - Writing stats to Firing DB table...
2022-01-12 17:41:05,266 - root - INFO - database writing complete1
2022-01-12 17:41:05,266 - root - INFO - RunState end: Ramp
2022-01-12 17:41:15,254 - root - DEBUG - Entering PID update with parameters SetPoint:1008.39, ProcValue:1010.11, IMax:100.00, IMin:0.00,
2022-01-12 17:41:15,254 - root - DEBUG -   Window:10, Kp: 30.000, Ki: 1.000, Kd: 0.600
2022-01-12 17:41:15,254 - root - DEBUG - Exiting PID update with parameters Error:-1.72, ITerm:0.00, DInput:-2.00, Output:0.00
2022-01-12 17:41:15,254 - root - DEBUG - RunID 54, Segment 2 (loop 145) - RunState:Ramp,
                       ReadTmp:1010.11, RampTmp:1008.39, TargetTmp:1044.00,
                       Output:0.00, CycleOnSec:0.00, RemainTime:0:50:46
                    
2022-01-12 17:41:15,254 - root - DEBUG - ==>Relay Off
2022-01-12 17:41:15,255 - root - DEBUG - Writing stats to Firing DB table...
2022-01-12 17:41:15,266 - root - INFO - database writing complete1
2022-01-12 17:41:15,267 - root - INFO - RunState end: Ramp
2022-01-12 17:41:25,254 - root - DEBUG - Entering PID update with parameters SetPoint:1008.56, ProcValue:1008.11, IMax:100.00, IMin:0.00,
2022-01-12 17:41:25,254 - root - DEBUG -   Window:10, Kp: 30.000, Ki: 1.000, Kd: 0.600
2022-01-12 17:41:25,254 - root - DEBUG - Exiting PID update with parameters Error:0.45, ITerm:0.45, DInput:-2.00, Output:15.13
2022-01-12 17:41:25,254 - root - DEBUG - RunID 54, Segment 2 (loop 146) - RunState:Ramp,
                       ReadTmp:1008.11, RampTmp:1008.56, TargetTmp:1044.00,
                       Output:15.13, CycleOnSec:1.51, RemainTime:0:50:36
                    
2022-01-12 17:41:25,254 - root - DEBUG - ==>Relay On
2022-01-12 17:41:26,768 - root - DEBUG - ==>Relay Off
2022-01-12 17:41:26,770 - root - DEBUG - Writing stats to Firing DB table...
2022-01-12 17:41:26,785 - root - INFO - database writing complete1
2022-01-12 17:41:26,786 - root - INFO - RunState end: Ramp
2022-01-12 17:41:35,254 - root - DEBUG - Entering PID update with parameters SetPoint:1008.72, ProcValue:1013.67, IMax:100.00, IMin:0.00,
2022-01-12 17:41:35,254 - root - DEBUG -   Window:10, Kp: 30.000, Ki: 1.000, Kd: 0.600
2022-01-12 17:41:35,254 - root - DEBUG - Exiting PID update with parameters Error:-4.95, ITerm:0.00, DInput:5.56, Output:0.00
2022-01-12 17:41:35,254 - root - DEBUG - RunID 54, Segment 2 (loop 147) - RunState:Ramp,
                       ReadTmp:1013.67, RampTmp:1008.72, TargetTmp:1044.00,
                       Output:0.00, CycleOnSec:0.00, RemainTime:0:50:26
                    
2022-01-12 17:41:35,254 - root - DEBUG - ==>Relay Off
2022-01-12 17:41:35,255 - root - DEBUG - Writing stats to Firing DB table...
2022-01-12 17:41:35,265 - root - INFO - database writing complete1
2022-01-12 17:41:35,266 - root - INFO - RunState end: Ramp
2022-01-12 17:41:45,254 - root - DEBUG - Entering PID update with parameters SetPoint:1008.89, ProcValue:1011.67, IMax:100.00, IMin:0.00,
2022-01-12 17:41:45,254 - root - DEBUG -   Window:10, Kp: 30.000, Ki: 1.000, Kd: 0.600
2022-01-12 17:41:45,254 - root - DEBUG - Exiting PID update with parameters Error:-2.78, ITerm:0.00, DInput:-2.00, Output:0.00
2022-01-12 17:41:45,254 - root - DEBUG - RunID 54, Segment 2 (loop 148) - RunState:Ramp,
                       ReadTmp:1011.67, RampTmp:1008.89, TargetTmp:1044.00,
                       Output:0.00, CycleOnSec:0.00, RemainTime:0:50:16
                    
2022-01-12 17:41:45,254 - root - DEBUG - ==>Relay Off
2022-01-12 17:41:45,255 - root - DEBUG - Writing stats to Firing DB table...
2022-01-12 17:41:45,267 - root - INFO - database writing complete1
2022-01-12 17:41:45,267 - root - INFO - RunState end: Ramp
2022-01-12 17:41:55,254 - root - DEBUG - Entering PID update with parameters SetPoint:1009.06, ProcValue:1009.67, IMax:100.00, IMin:0.00,
2022-01-12 17:41:55,254 - root - DEBUG -   Window:10, Kp: 30.000, Ki: 1.000, Kd: 0.600
2022-01-12 17:41:55,254 - root - DEBUG - Exiting PID update with parameters Error:-0.61, ITerm:0.00, DInput:-2.00, Output:0.00
2022-01-12 17:41:55,254 - root - DEBUG - RunID 54, Segment 2 (loop 149) - RunState:Ramp,
                       ReadTmp:1009.67, RampTmp:1009.06, TargetTmp:1044.00,
                       Output:0.00, CycleOnSec:0.00, RemainTime:0:50:06
                    
2022-01-12 17:41:55,254 - root - DEBUG - ==>Relay Off
2022-01-12 17:41:55,255 - root - DEBUG - Writing stats to Firing DB table...
2022-01-12 17:41:55,267 - root - INFO - database writing complete1
2022-01-12 17:41:55,267 - root - INFO - RunState end: Ramp
2022-01-12 17:42:05,254 - root - DEBUG - Entering PID update with parameters SetPoint:1009.22, ProcValue:1007.67, IMax:100.00, IMin:0.00,
2022-01-12 17:42:05,254 - root - DEBUG -   Window:10, Kp: 30.000, Ki: 1.000, Kd: 0.600
2022-01-12 17:42:05,254 - root - DEBUG - Exiting PID update with parameters Error:1.55, ITerm:1.55, DInput:-2.00, Output:49.34
2022-01-12 17:42:05,254 - root - DEBUG - RunID 54, Segment 2 (loop 150) - RunState:Ramp,
                       ReadTmp:1007.67, RampTmp:1009.22, TargetTmp:1044.00,
                       Output:49.34, CycleOnSec:4.93, RemainTime:0:49:56
                    
2022-01-12 17:42:05,254 - root - DEBUG - ==>Relay On
2022-01-12 17:42:10,194 - root - DEBUG - ==>Relay Off
2022-01-12 17:42:10,195 - root - DEBUG - Writing stats to Firing DB table...
2022-01-12 17:42:10,208 - root - INFO - database writing complete1
2022-01-12 17:42:10,208 - root - INFO - RunState end: Ramp
2022-01-12 17:42:15,254 - root - DEBUG - Entering PID update with parameters SetPoint:1009.39, ProcValue:1030.34, IMax:100.00, IMin:0.00,
2022-01-12 17:42:15,254 - root - DEBUG -   Window:10, Kp: 30.000, Ki: 1.000, Kd: 0.600
2022-01-12 17:42:15,254 - root - DEBUG - Exiting PID update with parameters Error:-20.95, ITerm:0.00, DInput:22.67, Output:0.00
2022-01-12 17:42:15,254 - root - DEBUG - RunID 54, Segment 2 (loop 151) - RunState:Ramp,
                       ReadTmp:1030.34, RampTmp:1009.39, TargetTmp:1044.00,
                       Output:0.00, CycleOnSec:0.00, RemainTime:0:49:46
                    
2022-01-12 17:42:15,254 - root - DEBUG - ==>Relay Off
2022-01-12 17:42:15,260 - root - DEBUG - Writing stats to Firing DB table...
2022-01-12 17:42:15,269 - root - INFO - database writing complete1
2022-01-12 17:42:15,269 - root - INFO - RunState end: Ramp
2022-01-12 17:42:25,254 - root - DEBUG - Entering PID update with parameters SetPoint:1009.56, ProcValue:1028.34, IMax:100.00, IMin:0.00,
2022-01-12 17:42:25,254 - root - DEBUG -   Window:10, Kp: 30.000, Ki: 1.000, Kd: 0.600
2022-01-12 17:42:25,254 - root - DEBUG - Exiting PID update with parameters Error:-18.79, ITerm:0.00, DInput:-2.00, Output:0.00
2022-01-12 17:42:25,254 - root - DEBUG - RunID 54, Segment 2 (loop 152) - RunState:Ramp,
                       ReadTmp:1028.34, RampTmp:1009.56, TargetTmp:1044.00,
                       Output:0.00, CycleOnSec:0.00, RemainTime:0:49:36
                    
2022-01-12 17:42:25,254 - root - DEBUG - ==>Relay Off
2022-01-12 17:42:25,255 - root - DEBUG - Writing stats to Firing DB table...
2022-01-12 17:42:25,268 - root - INFO - database writing complete1
2022-01-12 17:42:25,269 - root - INFO - RunState end: Ramp
2022-01-12 17:42:35,254 - root - DEBUG - Entering PID update with parameters SetPoint:1009.72, ProcValue:1026.34, IMax:100.00, IMin:0.00,
2022-01-12 17:42:35,254 - root - DEBUG -   Window:10, Kp: 30.000, Ki: 1.000, Kd: 0.600
2022-01-12 17:42:35,254 - root - DEBUG - Exiting PID update with parameters Error:-16.62, ITerm:0.00, DInput:-2.00, Output:0.00
2022-01-12 17:42:35,254 - root - DEBUG - RunID 54, Segment 2 (loop 153) - RunState:Ramp,
                       ReadTmp:1026.34, RampTmp:1009.72, TargetTmp:1044.00,
                       Output:0.00, CycleOnSec:0.00, RemainTime:0:49:26
                    
2022-01-12 17:42:35,254 - root - DEBUG - ==>Relay Off
2022-01-12 17:42:35,255 - root - DEBUG - Writing stats to Firing DB table...
2022-01-12 17:42:35,266 - root - INFO - database writing complete1
2022-01-12 17:42:35,267 - root - INFO - RunState end: Ramp
2022-01-12 17:42:45,254 - root - DEBUG - Entering PID update with parameters SetPoint:1009.89, ProcValue:1024.34, IMax:100.00, IMin:0.00,
2022-01-12 17:42:45,254 - root - DEBUG -   Window:10, Kp: 30.000, Ki: 1.000, Kd: 0.600
2022-01-12 17:42:45,254 - root - DEBUG - Exiting PID update with parameters Error:-14.45, ITerm:0.00, DInput:-2.00, Output:0.00
2022-01-12 17:42:45,254 - root - DEBUG - RunID 54, Segment 2 (loop 154) - RunState:Ramp,
                       ReadTmp:1024.34, RampTmp:1009.89, TargetTmp:1044.00,
                       Output:0.00, CycleOnSec:0.00, RemainTime:0:49:16
                    
2022-01-12 17:42:45,254 - root - DEBUG - ==>Relay Off
2022-01-12 17:42:45,255 - root - DEBUG - Writing stats to Firing DB table...
2022-01-12 17:42:45,266 - root - INFO - database writing complete1
2022-01-12 17:42:45,267 - root - INFO - RunState end: Ramp
2022-01-12 17:42:55,254 - root - DEBUG - Entering PID update with parameters SetPoint:1010.06, ProcValue:1022.34, IMax:100.00, IMin:0.00,
2022-01-12 17:42:55,254 - root - DEBUG -   Window:10, Kp: 30.000, Ki: 1.000, Kd: 0.600
2022-01-12 17:42:55,254 - root - DEBUG - Exiting PID update with parameters Error:-12.29, ITerm:0.00, DInput:-2.00, Output:0.00
2022-01-12 17:42:55,254 - root - DEBUG - RunID 54, Segment 2 (loop 155) - RunState:Ramp,
                       ReadTmp:1022.34, RampTmp:1010.06, TargetTmp:1044.00,
                       Output:0.00, CycleOnSec:0.00, RemainTime:0:49:06
                    
2022-01-12 17:42:55,254 - root - DEBUG - ==>Relay Off
2022-01-12 17:42:55,255 - root - DEBUG - Writing stats to Firing DB table...
2022-01-12 17:42:55,266 - root - INFO - database writing complete1
2022-01-12 17:42:55,266 - root - INFO - RunState end: Ramp
2022-01-12 17:43:05,254 - root - DEBUG - Entering PID update with parameters SetPoint:1010.22, ProcValue:1020.34, IMax:100.00, IMin:0.00,
2022-01-12 17:43:05,254 - root - DEBUG -   Window:10, Kp: 30.000, Ki: 1.000, Kd: 0.600
2022-01-12 17:43:05,254 - root - DEBUG - Exiting PID update with parameters Error:-10.12, ITerm:0.00, DInput:-2.00, Output:0.00
2022-01-12 17:43:05,254 - root - DEBUG - RunID 54, Segment 2 (loop 156) - RunState:Ramp,
                       ReadTmp:1020.34, RampTmp:1010.22, TargetTmp:1044.00,
                       Output:0.00, CycleOnSec:0.00, RemainTime:0:48:56
                    
2022-01-12 17:43:05,254 - root - DEBUG - ==>Relay Off
2022-01-12 17:43:05,255 - root - DEBUG - Writing stats to Firing DB table...
2022-01-12 17:43:05,267 - root - INFO - database writing complete1
2022-01-12 17:43:05,267 - root - INFO - RunState end: Ramp
2022-01-12 17:43:15,254 - root - DEBUG - Entering PID update with parameters SetPoint:1010.39, ProcValue:1018.34, IMax:100.00, IMin:0.00,
2022-01-12 17:43:15,254 - root - DEBUG -   Window:10, Kp: 30.000, Ki: 1.000, Kd: 0.600
2022-01-12 17:43:15,254 - root - DEBUG - Exiting PID update with parameters Error:-7.95, ITerm:0.00, DInput:-2.00, Output:0.00
2022-01-12 17:43:15,254 - root - DEBUG - RunID 54, Segment 2 (loop 157) - RunState:Ramp,
                       ReadTmp:1018.34, RampTmp:1010.39, TargetTmp:1044.00,
                       Output:0.00, CycleOnSec:0.00, RemainTime:0:48:46
                    
2022-01-12 17:43:15,254 - root - DEBUG - ==>Relay Off
2022-01-12 17:43:15,255 - root - DEBUG - Writing stats to Firing DB table...
2022-01-12 17:43:15,274 - root - INFO - database writing complete1
2022-01-12 17:43:15,274 - root - INFO - RunState end: Ramp
2022-01-12 17:43:25,254 - root - DEBUG - Entering PID update with parameters SetPoint:1010.56, ProcValue:1016.34, IMax:100.00, IMin:0.00,
2022-01-12 17:43:25,254 - root - DEBUG -   Window:10, Kp: 30.000, Ki: 1.000, Kd: 0.600
2022-01-12 17:43:25,254 - root - DEBUG - Exiting PID update with parameters Error:-5.79, ITerm:0.00, DInput:-2.00, Output:0.00
2022-01-12 17:43:25,254 - root - DEBUG - RunID 54, Segment 2 (loop 158) - RunState:Ramp,
                       ReadTmp:1016.34, RampTmp:1010.56, TargetTmp:1044.00,
                       Output:0.00, CycleOnSec:0.00, RemainTime:0:48:36
                    
2022-01-12 17:43:25,254 - root - DEBUG - ==>Relay Off
2022-01-12 17:43:25,255 - root - DEBUG - Writing stats to Firing DB table...
2022-01-12 17:43:25,266 - root - INFO - database writing complete1
2022-01-12 17:43:25,267 - root - INFO - RunState end: Ramp
2022-01-12 17:43:35,254 - root - DEBUG - Entering PID update with parameters SetPoint:1010.72, ProcValue:1014.34, IMax:100.00, IMin:0.00,
2022-01-12 17:43:35,254 - root - DEBUG -   Window:10, Kp: 30.000, Ki: 1.000, Kd: 0.600
2022-01-12 17:43:35,254 - root - DEBUG - Exiting PID update with parameters Error:-3.62, ITerm:0.00, DInput:-2.00, Output:0.00
2022-01-12 17:43:35,254 - root - DEBUG - RunID 54, Segment 2 (loop 159) - RunState:Ramp,
                       ReadTmp:1014.34, RampTmp:1010.72, TargetTmp:1044.00,
                       Output:0.00, CycleOnSec:0.00, RemainTime:0:48:26
                    
2022-01-12 17:43:35,254 - root - DEBUG - ==>Relay Off
2022-01-12 17:43:35,255 - root - DEBUG - Writing stats to Firing DB table...
2022-01-12 17:43:35,266 - root - INFO - database writing complete1
2022-01-12 17:43:35,266 - root - INFO - RunState end: Ramp
2022-01-12 17:43:45,254 - root - DEBUG - Entering PID update with parameters SetPoint:1010.89, ProcValue:1012.34, IMax:100.00, IMin:0.00,
2022-01-12 17:43:45,254 - root - DEBUG -   Window:10, Kp: 30.000, Ki: 1.000, Kd: 0.600
2022-01-12 17:43:45,254 - root - DEBUG - Exiting PID update with parameters Error:-1.45, ITerm:0.00, DInput:-2.00, Output:0.00
2022-01-12 17:43:45,254 - root - DEBUG - RunID 54, Segment 2 (loop 160) - RunState:Ramp,
                       ReadTmp:1012.34, RampTmp:1010.89, TargetTmp:1044.00,
                       Output:0.00, CycleOnSec:0.00, RemainTime:0:48:16
                    
2022-01-12 17:43:45,254 - root - DEBUG - ==>Relay Off
2022-01-12 17:43:45,255 - root - DEBUG - Writing stats to Firing DB table...
2022-01-12 17:43:45,288 - root - INFO - database writing complete1
2022-01-12 17:43:45,288 - root - INFO - RunState end: Ramp
2022-01-12 17:43:55,254 - root - DEBUG - Entering PID update with parameters SetPoint:1011.06, ProcValue:1010.34, IMax:100.00, IMin:0.00,
2022-01-12 17:43:55,254 - root - DEBUG -   Window:10, Kp: 30.000, Ki: 1.000, Kd: 0.600
2022-01-12 17:43:55,254 - root - DEBUG - Exiting PID update with parameters Error:0.71, ITerm:0.71, DInput:-2.00, Output:23.34
2022-01-12 17:43:55,254 - root - DEBUG - RunID 54, Segment 2 (loop 161) - RunState:Ramp,
                       ReadTmp:1010.34, RampTmp:1011.06, TargetTmp:1044.00,
                       Output:23.34, CycleOnSec:2.33, RemainTime:0:48:06
                    
2022-01-12 17:43:55,254 - root - DEBUG - ==>Relay On
2022-01-12 17:43:57,591 - root - DEBUG - ==>Relay Off
2022-01-12 17:43:57,593 - root - DEBUG - Writing stats to Firing DB table...
2022-01-12 17:43:57,622 - root - INFO - database writing complete1
2022-01-12 17:43:57,623 - root - INFO - RunState end: Ramp
2022-01-12 17:44:05,254 - root - DEBUG - Entering PID update with parameters SetPoint:1011.22, ProcValue:1020.02, IMax:100.00, IMin:0.00,
2022-01-12 17:44:05,254 - root - DEBUG -   Window:10, Kp: 30.000, Ki: 1.000, Kd: 0.600
2022-01-12 17:44:05,254 - root - DEBUG - Exiting PID update with parameters Error:-8.79, ITerm:0.00, DInput:9.67, Output:0.00
2022-01-12 17:44:05,254 - root - DEBUG - RunID 54, Segment 2 (loop 162) - RunState:Ramp,
                       ReadTmp:1020.02, RampTmp:1011.22, TargetTmp:1044.00,
                       Output:0.00, CycleOnSec:0.00, RemainTime:0:47:56
                    
2022-01-12 17:44:05,254 - root - DEBUG - ==>Relay Off
2022-01-12 17:44:05,255 - root - DEBUG - Writing stats to Firing DB table...
2022-01-12 17:44:05,280 - root - INFO - database writing complete1
2022-01-12 17:44:05,280 - root - INFO - RunState end: Ramp
2022-01-12 17:44:15,254 - root - DEBUG - Entering PID update with parameters SetPoint:1011.39, ProcValue:1018.02, IMax:100.00, IMin:0.00,
2022-01-12 17:44:15,254 - root - DEBUG -   Window:10, Kp: 30.000, Ki: 1.000, Kd: 0.600
2022-01-12 17:44:15,254 - root - DEBUG - Exiting PID update with parameters Error:-6.62, ITerm:0.00, DInput:-2.00, Output:0.00
2022-01-12 17:44:15,254 - root - DEBUG - RunID 54, Segment 2 (loop 163) - RunState:Ramp,
                       ReadTmp:1018.02, RampTmp:1011.39, TargetTmp:1044.00,
                       Output:0.00, CycleOnSec:0.00, RemainTime:0:47:46
                    
2022-01-12 17:44:15,254 - root - DEBUG - ==>Relay Off
2022-01-12 17:44:15,255 - root - DEBUG - Writing stats to Firing DB table...
2022-01-12 17:44:15,284 - root - INFO - database writing complete1
2022-01-12 17:44:15,284 - root - INFO - RunState end: Ramp
2022-01-12 17:44:25,254 - root - DEBUG - Entering PID update with parameters SetPoint:1011.56, ProcValue:1016.02, IMax:100.00, IMin:0.00,
2022-01-12 17:44:25,254 - root - DEBUG -   Window:10, Kp: 30.000, Ki: 1.000, Kd: 0.600
2022-01-12 17:44:25,254 - root - DEBUG - Exiting PID update with parameters Error:-4.46, ITerm:0.00, DInput:-2.00, Output:0.00
2022-01-12 17:44:25,254 - root - DEBUG - RunID 54, Segment 2 (loop 164) - RunState:Ramp,
                       ReadTmp:1016.02, RampTmp:1011.56, TargetTmp:1044.00,
                       Output:0.00, CycleOnSec:0.00, RemainTime:0:47:36
                    
2022-01-12 17:44:25,254 - root - DEBUG - ==>Relay Off
2022-01-12 17:44:25,255 - root - DEBUG - Writing stats to Firing DB table...
2022-01-12 17:44:25,266 - root - INFO - database writing complete1
2022-01-12 17:44:25,267 - root - INFO - RunState end: Ramp
2022-01-12 17:44:35,254 - root - DEBUG - Entering PID update with parameters SetPoint:1011.72, ProcValue:1014.02, IMax:100.00, IMin:0.00,
2022-01-12 17:44:35,254 - root - DEBUG -   Window:10, Kp: 30.000, Ki: 1.000, Kd: 0.600
2022-01-12 17:44:35,254 - root - DEBUG - Exiting PID update with parameters Error:-2.29, ITerm:0.00, DInput:-2.00, Output:0.00
2022-01-12 17:44:35,254 - root - DEBUG - RunID 54, Segment 2 (loop 165) - RunState:Ramp,
                       ReadTmp:1014.02, RampTmp:1011.72, TargetTmp:1044.00,
                       Output:0.00, CycleOnSec:0.00, RemainTime:0:47:26
                    
2022-01-12 17:44:35,254 - root - DEBUG - ==>Relay Off
2022-01-12 17:44:35,255 - root - DEBUG - Writing stats to Firing DB table...
2022-01-12 17:44:35,266 - root - INFO - database writing complete1
2022-01-12 17:44:35,266 - root - INFO - RunState end: Ramp
2022-01-12 17:44:45,254 - root - DEBUG - Entering PID update with parameters SetPoint:1011.89, ProcValue:1012.02, IMax:100.00, IMin:0.00,
2022-01-12 17:44:45,254 - root - DEBUG -   Window:10, Kp: 30.000, Ki: 1.000, Kd: 0.600
2022-01-12 17:44:45,254 - root - DEBUG - Exiting PID update with parameters Error:-0.12, ITerm:0.00, DInput:-2.00, Output:0.00
2022-01-12 17:44:45,254 - root - DEBUG - RunID 54, Segment 2 (loop 166) - RunState:Ramp,
                       ReadTmp:1012.02, RampTmp:1011.89, TargetTmp:1044.00,
                       Output:0.00, CycleOnSec:0.00, RemainTime:0:47:16
                    
2022-01-12 17:44:45,254 - root - DEBUG - ==>Relay Off
2022-01-12 17:44:45,255 - root - DEBUG - Writing stats to Firing DB table...
2022-01-12 17:44:45,266 - root - INFO - database writing complete1
2022-01-12 17:44:45,267 - root - INFO - RunState end: Ramp
2022-01-12 17:44:55,254 - root - DEBUG - Entering PID update with parameters SetPoint:1012.06, ProcValue:1010.02, IMax:100.00, IMin:0.00,
2022-01-12 17:44:55,254 - root - DEBUG -   Window:10, Kp: 30.000, Ki: 1.000, Kd: 0.600
2022-01-12 17:44:55,254 - root - DEBUG - Exiting PID update with parameters Error:2.04, ITerm:2.04, DInput:-2.00, Output:64.50
2022-01-12 17:44:55,254 - root - DEBUG - RunID 54, Segment 2 (loop 167) - RunState:Ramp,
                       ReadTmp:1010.02, RampTmp:1012.06, TargetTmp:1044.00,
                       Output:64.50, CycleOnSec:6.45, RemainTime:0:47:06
                    
2022-01-12 17:44:55,254 - root - DEBUG - ==>Relay On
2022-01-12 17:45:01,711 - root - DEBUG - ==>Relay Off
2022-01-12 17:45:01,713 - root - DEBUG - Writing stats to Firing DB table...
2022-01-12 17:45:01,725 - root - INFO - database writing complete1
2022-01-12 17:45:01,726 - root - INFO - RunState end: Ramp
2022-01-12 17:45:05,254 - root - DEBUG - Entering PID update with parameters SetPoint:1012.22, ProcValue:1040.27, IMax:100.00, IMin:0.00,
2022-01-12 17:45:05,254 - root - DEBUG -   Window:10, Kp: 30.000, Ki: 1.000, Kd: 0.600
2022-01-12 17:45:05,254 - root - DEBUG - Exiting PID update with parameters Error:-28.04, ITerm:0.00, DInput:30.25, Output:0.00
2022-01-12 17:45:05,254 - root - DEBUG - RunID 54, Segment 2 (loop 168) - RunState:Ramp,
                       ReadTmp:1040.27, RampTmp:1012.22, TargetTmp:1044.00,
                       Output:0.00, CycleOnSec:0.00, RemainTime:0:46:56
                    
2022-01-12 17:45:05,254 - root - DEBUG - ==>Relay Off
2022-01-12 17:45:05,255 - root - DEBUG - Writing stats to Firing DB table...
2022-01-12 17:45:05,265 - root - INFO - database writing complete1
2022-01-12 17:45:05,265 - root - INFO - RunState end: Ramp
2022-01-12 17:45:15,254 - root - DEBUG - Entering PID update with parameters SetPoint:1012.39, ProcValue:1038.27, IMax:100.00, IMin:0.00,
2022-01-12 17:45:15,254 - root - DEBUG -   Window:10, Kp: 30.000, Ki: 1.000, Kd: 0.600
2022-01-12 17:45:15,254 - root - DEBUG - Exiting PID update with parameters Error:-25.88, ITerm:0.00, DInput:-2.00, Output:0.00
2022-01-12 17:45:15,254 - root - DEBUG - RunID 54, Segment 2 (loop 169) - RunState:Ramp,
                       ReadTmp:1038.27, RampTmp:1012.39, TargetTmp:1044.00,
                       Output:0.00, CycleOnSec:0.00, RemainTime:0:46:46
                    
2022-01-12 17:45:15,254 - root - DEBUG - ==>Relay Off
2022-01-12 17:45:15,255 - root - DEBUG - Writing stats to Firing DB table...
2022-01-12 17:45:15,266 - root - INFO - database writing complete1
2022-01-12 17:45:15,266 - root - INFO - RunState end: Ramp
2022-01-12 17:45:25,254 - root - DEBUG - Entering PID update with parameters SetPoint:1012.56, ProcValue:1036.27, IMax:100.00, IMin:0.00,
2022-01-12 17:45:25,254 - root - DEBUG -   Window:10, Kp: 30.000, Ki: 1.000, Kd: 0.600
2022-01-12 17:45:25,254 - root - DEBUG - Exiting PID update with parameters Error:-23.71, ITerm:0.00, DInput:-2.00, Output:0.00
2022-01-12 17:45:25,254 - root - DEBUG - RunID 54, Segment 2 (loop 170) - RunState:Ramp,
                       ReadTmp:1036.27, RampTmp:1012.56, TargetTmp:1044.00,
                       Output:0.00, CycleOnSec:0.00, RemainTime:0:46:36
                    
2022-01-12 17:45:25,254 - root - DEBUG - ==>Relay Off
2022-01-12 17:45:25,255 - root - DEBUG - Writing stats to Firing DB table...
2022-01-12 17:45:25,266 - root - INFO - database writing complete1
2022-01-12 17:45:25,266 - root - INFO - RunState end: Ramp
2022-01-12 17:45:35,254 - root - DEBUG - Entering PID update with parameters SetPoint:1012.72, ProcValue:1034.27, IMax:100.00, IMin:0.00,
2022-01-12 17:45:35,254 - root - DEBUG -   Window:10, Kp: 30.000, Ki: 1.000, Kd: 0.600
2022-01-12 17:45:35,254 - root - DEBUG - Exiting PID update with parameters Error:-21.54, ITerm:0.00, DInput:-2.00, Output:0.00
2022-01-12 17:45:35,254 - root - DEBUG - RunID 54, Segment 2 (loop 171) - RunState:Ramp,
                       ReadTmp:1034.27, RampTmp:1012.72, TargetTmp:1044.00,
                       Output:0.00, CycleOnSec:0.00, RemainTime:0:46:26
                    
2022-01-12 17:45:35,254 - root - DEBUG - ==>Relay Off
2022-01-12 17:45:35,255 - root - DEBUG - Writing stats to Firing DB table...
2022-01-12 17:45:35,266 - root - INFO - database writing complete1
2022-01-12 17:45:35,266 - root - INFO - RunState end: Ramp
2022-01-12 17:45:45,254 - root - DEBUG - Entering PID update with parameters SetPoint:1012.89, ProcValue:1032.27, IMax:100.00, IMin:0.00,
2022-01-12 17:45:45,254 - root - DEBUG -   Window:10, Kp: 30.000, Ki: 1.000, Kd: 0.600
2022-01-12 17:45:45,254 - root - DEBUG - Exiting PID update with parameters Error:-19.38, ITerm:0.00, DInput:-2.00, Output:0.00
2022-01-12 17:45:45,254 - root - DEBUG - RunID 54, Segment 2 (loop 172) - RunState:Ramp,
                       ReadTmp:1032.27, RampTmp:1012.89, TargetTmp:1044.00,
                       Output:0.00, CycleOnSec:0.00, RemainTime:0:46:16
                    
2022-01-12 17:45:45,254 - root - DEBUG - ==>Relay Off
2022-01-12 17:45:45,255 - root - DEBUG - Writing stats to Firing DB table...
2022-01-12 17:45:45,265 - root - INFO - database writing complete1
2022-01-12 17:45:45,266 - root - INFO - RunState end: Ramp
2022-01-12 17:45:55,254 - root - DEBUG - Entering PID update with parameters SetPoint:1013.06, ProcValue:1030.27, IMax:100.00, IMin:0.00,
2022-01-12 17:45:55,254 - root - DEBUG -   Window:10, Kp: 30.000, Ki: 1.000, Kd: 0.600
2022-01-12 17:45:55,254 - root - DEBUG - Exiting PID update with parameters Error:-17.21, ITerm:0.00, DInput:-2.00, Output:0.00
2022-01-12 17:45:55,254 - root - DEBUG - RunID 54, Segment 2 (loop 173) - RunState:Ramp,
                       ReadTmp:1030.27, RampTmp:1013.06, TargetTmp:1044.00,
                       Output:0.00, CycleOnSec:0.00, RemainTime:0:46:06
                    
2022-01-12 17:45:55,254 - root - DEBUG - ==>Relay Off
2022-01-12 17:45:55,255 - root - DEBUG - Writing stats to Firing DB table...
2022-01-12 17:45:55,266 - root - INFO - database writing complete1
2022-01-12 17:45:55,267 - root - INFO - RunState end: Ramp
2022-01-12 17:46:05,254 - root - DEBUG - Entering PID update with parameters SetPoint:1013.22, ProcValue:1028.27, IMax:100.00, IMin:0.00,
2022-01-12 17:46:05,254 - root - DEBUG -   Window:10, Kp: 30.000, Ki: 1.000, Kd: 0.600
2022-01-12 17:46:05,254 - root - DEBUG - Exiting PID update with parameters Error:-15.04, ITerm:0.00, DInput:-2.00, Output:0.00
2022-01-12 17:46:05,254 - root - DEBUG - RunID 54, Segment 2 (loop 174) - RunState:Ramp,
                       ReadTmp:1028.27, RampTmp:1013.22, TargetTmp:1044.00,
                       Output:0.00, CycleOnSec:0.00, RemainTime:0:45:56
                    
2022-01-12 17:46:05,254 - root - DEBUG - ==>Relay Off
2022-01-12 17:46:05,255 - root - DEBUG - Writing stats to Firing DB table...
2022-01-12 17:46:05,266 - root - INFO - database writing complete1
2022-01-12 17:46:05,266 - root - INFO - RunState end: Ramp
2022-01-12 17:46:15,254 - root - DEBUG - Entering PID update with parameters SetPoint:1013.39, ProcValue:1026.27, IMax:100.00, IMin:0.00,
2022-01-12 17:46:15,254 - root - DEBUG -   Window:10, Kp: 30.000, Ki: 1.000, Kd: 0.600
2022-01-12 17:46:15,254 - root - DEBUG - Exiting PID update with parameters Error:-12.88, ITerm:0.00, DInput:-2.00, Output:0.00
2022-01-12 17:46:15,254 - root - DEBUG - RunID 54, Segment 2 (loop 175) - RunState:Ramp,
                       ReadTmp:1026.27, RampTmp:1013.39, TargetTmp:1044.00,
                       Output:0.00, CycleOnSec:0.00, RemainTime:0:45:46
                    
2022-01-12 17:46:15,254 - root - DEBUG - ==>Relay Off
2022-01-12 17:46:15,255 - root - DEBUG - Writing stats to Firing DB table...
2022-01-12 17:46:15,268 - root - INFO - database writing complete1
2022-01-12 17:46:15,269 - root - INFO - RunState end: Ramp
2022-01-12 17:46:25,254 - root - DEBUG - Entering PID update with parameters SetPoint:1013.56, ProcValue:1024.27, IMax:100.00, IMin:0.00,
2022-01-12 17:46:25,254 - root - DEBUG -   Window:10, Kp: 30.000, Ki: 1.000, Kd: 0.600
2022-01-12 17:46:25,254 - root - DEBUG - Exiting PID update with parameters Error:-10.71, ITerm:0.00, DInput:-2.00, Output:0.00
2022-01-12 17:46:25,254 - root - DEBUG - RunID 54, Segment 2 (loop 176) - RunState:Ramp,
                       ReadTmp:1024.27, RampTmp:1013.56, TargetTmp:1044.00,
                       Output:0.00, CycleOnSec:0.00, RemainTime:0:45:36
                    
2022-01-12 17:46:25,254 - root - DEBUG - ==>Relay Off
2022-01-12 17:46:25,255 - root - DEBUG - Writing stats to Firing DB table...
2022-01-12 17:46:25,265 - root - INFO - database writing complete1
2022-01-12 17:46:25,266 - root - INFO - RunState end: Ramp
2022-01-12 17:46:35,254 - root - DEBUG - Entering PID update with parameters SetPoint:1013.72, ProcValue:1022.27, IMax:100.00, IMin:0.00,
2022-01-12 17:46:35,254 - root - DEBUG -   Window:10, Kp: 30.000, Ki: 1.000, Kd: 0.600
2022-01-12 17:46:35,254 - root - DEBUG - Exiting PID update with parameters Error:-8.54, ITerm:0.00, DInput:-2.00, Output:0.00
2022-01-12 17:46:35,254 - root - DEBUG - RunID 54, Segment 2 (loop 177) - RunState:Ramp,
                       ReadTmp:1022.27, RampTmp:1013.72, TargetTmp:1044.00,
                       Output:0.00, CycleOnSec:0.00, RemainTime:0:45:26
                    
2022-01-12 17:46:35,254 - root - DEBUG - ==>Relay Off
2022-01-12 17:46:35,255 - root - DEBUG - Writing stats to Firing DB table...
2022-01-12 17:46:35,273 - root - INFO - database writing complete1
2022-01-12 17:46:35,273 - root - INFO - RunState end: Ramp
2022-01-12 17:46:45,254 - root - DEBUG - Entering PID update with parameters SetPoint:1013.89, ProcValue:1020.27, IMax:100.00, IMin:0.00,
2022-01-12 17:46:45,254 - root - DEBUG -   Window:10, Kp: 30.000, Ki: 1.000, Kd: 0.600
2022-01-12 17:46:45,254 - root - DEBUG - Exiting PID update with parameters Error:-6.38, ITerm:0.00, DInput:-2.00, Output:0.00
2022-01-12 17:46:45,254 - root - DEBUG - RunID 54, Segment 2 (loop 178) - RunState:Ramp,
                       ReadTmp:1020.27, RampTmp:1013.89, TargetTmp:1044.00,
                       Output:0.00, CycleOnSec:0.00, RemainTime:0:45:16
                    
2022-01-12 17:46:45,254 - root - DEBUG - ==>Relay Off
2022-01-12 17:46:45,255 - root - DEBUG - Writing stats to Firing DB table...
2022-01-12 17:46:45,266 - root - INFO - database writing complete1
2022-01-12 17:46:45,266 - root - INFO - RunState end: Ramp
2022-01-12 17:46:55,254 - root - DEBUG - Entering PID update with parameters SetPoint:1014.06, ProcValue:1018.27, IMax:100.00, IMin:0.00,
2022-01-12 17:46:55,254 - root - DEBUG -   Window:10, Kp: 30.000, Ki: 1.000, Kd: 0.600
2022-01-12 17:46:55,254 - root - DEBUG - Exiting PID update with parameters Error:-4.21, ITerm:0.00, DInput:-2.00, Output:0.00
2022-01-12 17:46:55,254 - root - DEBUG - RunID 54, Segment 2 (loop 179) - RunState:Ramp,
                       ReadTmp:1018.27, RampTmp:1014.06, TargetTmp:1044.00,
                       Output:0.00, CycleOnSec:0.00, RemainTime:0:45:06
                    
2022-01-12 17:46:55,254 - root - DEBUG - ==>Relay Off
2022-01-12 17:46:55,255 - root - DEBUG - Writing stats to Firing DB table...
2022-01-12 17:46:55,265 - root - INFO - database writing complete1
2022-01-12 17:46:55,266 - root - INFO - RunState end: Ramp
2022-01-12 17:47:05,254 - root - DEBUG - Entering PID update with parameters SetPoint:1014.22, ProcValue:1016.27, IMax:100.00, IMin:0.00,
2022-01-12 17:47:05,254 - root - DEBUG -   Window:10, Kp: 30.000, Ki: 1.000, Kd: 0.600
2022-01-12 17:47:05,254 - root - DEBUG - Exiting PID update with parameters Error:-2.04, ITerm:0.00, DInput:-2.00, Output:0.00
2022-01-12 17:47:05,254 - root - DEBUG - RunID 54, Segment 2 (loop 180) - RunState:Ramp,
                       ReadTmp:1016.27, RampTmp:1014.22, TargetTmp:1044.00,
                       Output:0.00, CycleOnSec:0.00, RemainTime:0:44:56
                    
2022-01-12 17:47:05,254 - root - DEBUG - ==>Relay Off
2022-01-12 17:47:05,255 - root - DEBUG - Writing stats to Firing DB table...
2022-01-12 17:47:05,267 - root - INFO - database writing complete1
2022-01-12 17:47:05,267 - root - INFO - RunState end: Ramp
2022-01-12 17:47:15,254 - root - DEBUG - Entering PID update with parameters SetPoint:1014.39, ProcValue:1014.27, IMax:100.00, IMin:0.00,
2022-01-12 17:47:15,254 - root - DEBUG -   Window:10, Kp: 30.000, Ki: 1.000, Kd: 0.600
2022-01-12 17:47:15,254 - root - DEBUG - Exiting PID update with parameters Error:0.12, ITerm:0.12, DInput:-2.00, Output:5.06
2022-01-12 17:47:15,254 - root - DEBUG - RunID 54, Segment 2 (loop 181) - RunState:Ramp,
                       ReadTmp:1014.27, RampTmp:1014.39, TargetTmp:1044.00,
                       Output:5.06, CycleOnSec:0.51, RemainTime:0:44:46
                    
2022-01-12 17:47:15,254 - root - DEBUG - ==>Relay On
2022-01-12 17:47:15,761 - root - DEBUG - ==>Relay Off
2022-01-12 17:47:15,762 - root - DEBUG - Writing stats to Firing DB table...
2022-01-12 17:47:15,773 - root - INFO - database writing complete1
2022-01-12 17:47:15,774 - root - INFO - RunState end: Ramp
2022-01-12 17:47:25,254 - root - DEBUG - Entering PID update with parameters SetPoint:1014.56, ProcValue:1014.80, IMax:100.00, IMin:0.00,
2022-01-12 17:47:25,254 - root - DEBUG -   Window:10, Kp: 30.000, Ki: 1.000, Kd: 0.600
2022-01-12 17:47:25,254 - root - DEBUG - Exiting PID update with parameters Error:-0.24, ITerm:0.00, DInput:0.53, Output:0.00
2022-01-12 17:47:25,254 - root - DEBUG - RunID 54, Segment 2 (loop 182) - RunState:Ramp,
                       ReadTmp:1014.80, RampTmp:1014.56, TargetTmp:1044.00,
                       Output:0.00, CycleOnSec:0.00, RemainTime:0:44:36
                    
2022-01-12 17:47:25,254 - root - DEBUG - ==>Relay Off
2022-01-12 17:47:25,255 - root - DEBUG - Writing stats to Firing DB table...
2022-01-12 17:47:25,269 - root - INFO - database writing complete1
2022-01-12 17:47:25,270 - root - INFO - RunState end: Ramp
2022-01-12 17:47:35,254 - root - DEBUG - Entering PID update with parameters SetPoint:1014.72, ProcValue:1012.80, IMax:100.00, IMin:0.00,
2022-01-12 17:47:35,254 - root - DEBUG -   Window:10, Kp: 30.000, Ki: 1.000, Kd: 0.600
2022-01-12 17:47:35,254 - root - DEBUG - Exiting PID update with parameters Error:1.93, ITerm:1.93, DInput:-2.00, Output:60.99
2022-01-12 17:47:35,254 - root - DEBUG - RunID 54, Segment 2 (loop 183) - RunState:Ramp,
                       ReadTmp:1012.80, RampTmp:1014.72, TargetTmp:1044.00,
                       Output:60.99, CycleOnSec:6.10, RemainTime:0:44:26
                    
2022-01-12 17:47:35,254 - root - DEBUG - ==>Relay On
2022-01-12 17:47:41,360 - root - DEBUG - ==>Relay Off
2022-01-12 17:47:41,361 - root - DEBUG - Writing stats to Firing DB table...
2022-01-12 17:47:41,372 - root - INFO - database writing complete1
2022-01-12 17:47:41,372 - root - INFO - RunState end: Ramp
2022-01-12 17:47:45,254 - root - DEBUG - Entering PID update with parameters SetPoint:1014.89, ProcValue:1041.29, IMax:100.00, IMin:0.00,
2022-01-12 17:47:45,254 - root - DEBUG -   Window:10, Kp: 30.000, Ki: 1.000, Kd: 0.600
2022-01-12 17:47:45,255 - root - DEBUG - Exiting PID update with parameters Error:-26.40, ITerm:0.00, DInput:28.50, Output:0.00
2022-01-12 17:47:45,255 - root - DEBUG - RunID 54, Segment 2 (loop 184) - RunState:Ramp,
                       ReadTmp:1041.29, RampTmp:1014.89, TargetTmp:1044.00,
                       Output:0.00, CycleOnSec:0.00, RemainTime:0:44:16
                    
2022-01-12 17:47:45,255 - root - DEBUG - ==>Relay Off
2022-01-12 17:47:45,255 - root - DEBUG - Writing stats to Firing DB table...
2022-01-12 17:47:45,268 - root - INFO - database writing complete1
2022-01-12 17:47:45,269 - root - INFO - RunState end: Ramp
2022-01-12 17:47:55,254 - root - DEBUG - Entering PID update with parameters SetPoint:1015.06, ProcValue:1039.29, IMax:100.00, IMin:0.00,
2022-01-12 17:47:55,254 - root - DEBUG -   Window:10, Kp: 30.000, Ki: 1.000, Kd: 0.600
2022-01-12 17:47:55,255 - root - DEBUG - Exiting PID update with parameters Error:-24.23, ITerm:0.00, DInput:-2.00, Output:0.00
2022-01-12 17:47:55,255 - root - DEBUG - RunID 54, Segment 2 (loop 185) - RunState:Ramp,
                       ReadTmp:1039.29, RampTmp:1015.06, TargetTmp:1044.00,
                       Output:0.00, CycleOnSec:0.00, RemainTime:0:44:06
                    
2022-01-12 17:47:55,255 - root - DEBUG - ==>Relay Off
2022-01-12 17:47:55,255 - root - DEBUG - Writing stats to Firing DB table...
2022-01-12 17:47:55,270 - root - INFO - database writing complete1
2022-01-12 17:47:55,270 - root - INFO - RunState end: Ramp
2022-01-12 17:48:05,256 - root - DEBUG - Entering PID update with parameters SetPoint:1015.22, ProcValue:1037.29, IMax:100.00, IMin:0.00,
2022-01-12 17:48:06,301 - root - DEBUG -   Window:10, Kp: 30.000, Ki: 1.000, Kd: 0.600
2022-01-12 17:48:06,301 - root - DEBUG - Exiting PID update with parameters Error:-22.07, ITerm:0.00, DInput:-2.00, Output:0.00
2022-01-12 17:48:06,302 - root - DEBUG - RunID 54, Segment 2 (loop 186) - RunState:Ramp,
                       ReadTmp:1037.29, RampTmp:1015.22, TargetTmp:1044.00,
                       Output:0.00, CycleOnSec:0.00, RemainTime:0:43:55
                    
2022-01-12 17:48:06,302 - root - DEBUG - ==>Relay Off
2022-01-12 17:48:06,303 - root - DEBUG - Writing stats to Firing DB table...
2022-01-12 17:48:06,391 - root - INFO - database writing complete1
2022-01-12 17:48:06,392 - root - INFO - RunState end: Ramp
2022-01-12 17:48:15,255 - root - DEBUG - Entering PID update with parameters SetPoint:1015.39, ProcValue:1035.29, IMax:100.00, IMin:0.00,
2022-01-12 17:48:15,255 - root - DEBUG -   Window:10, Kp: 30.000, Ki: 1.000, Kd: 0.600
2022-01-12 17:48:15,255 - root - DEBUG - Exiting PID update with parameters Error:-19.90, ITerm:0.00, DInput:-2.00, Output:0.00
2022-01-12 17:48:15,255 - root - DEBUG - RunID 54, Segment 2 (loop 187) - RunState:Ramp,
                       ReadTmp:1035.29, RampTmp:1015.39, TargetTmp:1044.00,
                       Output:0.00, CycleOnSec:0.00, RemainTime:0:43:46
                    
2022-01-12 17:48:15,255 - root - DEBUG - ==>Relay Off
2022-01-12 17:48:15,256 - root - DEBUG - Writing stats to Firing DB table...
2022-01-12 17:48:17,310 - root - INFO - database writing complete1
2022-01-12 17:48:17,311 - root - INFO - RunState end: Ramp
2022-01-12 17:48:25,254 - root - DEBUG - Entering PID update with parameters SetPoint:1015.56, ProcValue:1033.29, IMax:100.00, IMin:0.00,
2022-01-12 17:48:25,254 - root - DEBUG -   Window:10, Kp: 30.000, Ki: 1.000, Kd: 0.600
2022-01-12 17:48:25,254 - root - DEBUG - Exiting PID update with parameters Error:-17.73, ITerm:0.00, DInput:-2.00, Output:0.00
2022-01-12 17:48:25,254 - root - DEBUG - RunID 54, Segment 2 (loop 188) - RunState:Ramp,
                       ReadTmp:1033.29, RampTmp:1015.56, TargetTmp:1044.00,
                       Output:0.00, CycleOnSec:0.00, RemainTime:0:43:36
                    
2022-01-12 17:48:25,254 - root - DEBUG - ==>Relay Off
2022-01-12 17:48:25,255 - root - DEBUG - Writing stats to Firing DB table...
2022-01-12 17:48:25,281 - root - INFO - database writing complete1
2022-01-12 17:48:25,281 - root - INFO - RunState end: Ramp
2022-01-12 17:48:35,254 - root - DEBUG - Entering PID update with parameters SetPoint:1015.72, ProcValue:1031.29, IMax:100.00, IMin:0.00,
2022-01-12 17:48:35,254 - root - DEBUG -   Window:10, Kp: 30.000, Ki: 1.000, Kd: 0.600
2022-01-12 17:48:35,254 - root - DEBUG - Exiting PID update with parameters Error:-15.57, ITerm:0.00, DInput:-2.00, Output:0.00
2022-01-12 17:48:35,254 - root - DEBUG - RunID 54, Segment 2 (loop 189) - RunState:Ramp,
                       ReadTmp:1031.29, RampTmp:1015.72, TargetTmp:1044.00,
                       Output:0.00, CycleOnSec:0.00, RemainTime:0:43:26
                    
2022-01-12 17:48:35,254 - root - DEBUG - ==>Relay Off
2022-01-12 17:48:35,255 - root - DEBUG - Writing stats to Firing DB table...
2022-01-12 17:48:35,283 - root - INFO - database writing complete1
2022-01-12 17:48:35,284 - root - INFO - RunState end: Ramp
2022-01-12 17:48:45,254 - root - DEBUG - Entering PID update with parameters SetPoint:1015.89, ProcValue:1029.29, IMax:100.00, IMin:0.00,
2022-01-12 17:48:45,254 - root - DEBUG -   Window:10, Kp: 30.000, Ki: 1.000, Kd: 0.600
2022-01-12 17:48:45,254 - root - DEBUG - Exiting PID update with parameters Error:-13.40, ITerm:0.00, DInput:-2.00, Output:0.00
2022-01-12 17:48:45,254 - root - DEBUG - RunID 54, Segment 2 (loop 190) - RunState:Ramp,
                       ReadTmp:1029.29, RampTmp:1015.89, TargetTmp:1044.00,
                       Output:0.00, CycleOnSec:0.00, RemainTime:0:43:16
                    
2022-01-12 17:48:45,255 - root - DEBUG - ==>Relay Off
2022-01-12 17:48:45,255 - root - DEBUG - Writing stats to Firing DB table...
2022-01-12 17:48:45,284 - root - INFO - database writing complete1
2022-01-12 17:48:45,285 - root - INFO - RunState end: Ramp
2022-01-12 17:48:55,254 - root - DEBUG - Entering PID update with parameters SetPoint:1016.06, ProcValue:1027.29, IMax:100.00, IMin:0.00,
2022-01-12 17:48:55,254 - root - DEBUG -   Window:10, Kp: 30.000, Ki: 1.000, Kd: 0.600
2022-01-12 17:48:55,254 - root - DEBUG - Exiting PID update with parameters Error:-11.23, ITerm:0.00, DInput:-2.00, Output:0.00
2022-01-12 17:48:55,254 - root - DEBUG - RunID 54, Segment 2 (loop 191) - RunState:Ramp,
                       ReadTmp:1027.29, RampTmp:1016.06, TargetTmp:1044.00,
                       Output:0.00, CycleOnSec:0.00, RemainTime:0:43:06
                    
2022-01-12 17:48:55,254 - root - DEBUG - ==>Relay Off
2022-01-12 17:48:55,255 - root - DEBUG - Writing stats to Firing DB table...
2022-01-12 17:48:55,267 - root - INFO - database writing complete1
2022-01-12 17:48:55,267 - root - INFO - RunState end: Ramp
2022-01-12 17:49:05,254 - root - DEBUG - Entering PID update with parameters SetPoint:1016.22, ProcValue:1025.29, IMax:100.00, IMin:0.00,
2022-01-12 17:49:05,254 - root - DEBUG -   Window:10, Kp: 30.000, Ki: 1.000, Kd: 0.600
2022-01-12 17:49:05,254 - root - DEBUG - Exiting PID update with parameters Error:-9.07, ITerm:0.00, DInput:-2.00, Output:0.00
2022-01-12 17:49:05,254 - root - DEBUG - RunID 54, Segment 2 (loop 192) - RunState:Ramp,
                       ReadTmp:1025.29, RampTmp:1016.22, TargetTmp:1044.00,
                       Output:0.00, CycleOnSec:0.00, RemainTime:0:42:56
                    
2022-01-12 17:49:05,254 - root - DEBUG - ==>Relay Off
2022-01-12 17:49:05,255 - root - DEBUG - Writing stats to Firing DB table...
2022-01-12 17:49:05,266 - root - INFO - database writing complete1
2022-01-12 17:49:05,267 - root - INFO - RunState end: Ramp
2022-01-12 17:49:15,254 - root - DEBUG - Entering PID update with parameters SetPoint:1016.39, ProcValue:1023.29, IMax:100.00, IMin:0.00,
2022-01-12 17:49:15,254 - root - DEBUG -   Window:10, Kp: 30.000, Ki: 1.000, Kd: 0.600
2022-01-12 17:49:15,254 - root - DEBUG - Exiting PID update with parameters Error:-6.90, ITerm:0.00, DInput:-2.00, Output:0.00
2022-01-12 17:49:15,254 - root - DEBUG - RunID 54, Segment 2 (loop 193) - RunState:Ramp,
                       ReadTmp:1023.29, RampTmp:1016.39, TargetTmp:1044.00,
                       Output:0.00, CycleOnSec:0.00, RemainTime:0:42:46
                    
2022-01-12 17:49:15,255 - root - DEBUG - ==>Relay Off
2022-01-12 17:49:15,255 - root - DEBUG - Writing stats to Firing DB table...
2022-01-12 17:49:15,269 - root - INFO - database writing complete1
2022-01-12 17:49:15,269 - root - INFO - RunState end: Ramp
2022-01-12 17:49:25,254 - root - DEBUG - Entering PID update with parameters SetPoint:1016.56, ProcValue:1021.29, IMax:100.00, IMin:0.00,
2022-01-12 17:49:25,254 - root - DEBUG -   Window:10, Kp: 30.000, Ki: 1.000, Kd: 0.600
2022-01-12 17:49:25,254 - root - DEBUG - Exiting PID update with parameters Error:-4.73, ITerm:0.00, DInput:-2.00, Output:0.00
2022-01-12 17:49:25,254 - root - DEBUG - RunID 54, Segment 2 (loop 194) - RunState:Ramp,
                       ReadTmp:1021.29, RampTmp:1016.56, TargetTmp:1044.00,
                       Output:0.00, CycleOnSec:0.00, RemainTime:0:42:36
                    
2022-01-12 17:49:25,254 - root - DEBUG - ==>Relay Off
2022-01-12 17:49:25,255 - root - DEBUG - Writing stats to Firing DB table...
2022-01-12 17:49:25,269 - root - INFO - database writing complete1
2022-01-12 17:49:25,270 - root - INFO - RunState end: Ramp
2022-01-12 17:49:35,254 - root - DEBUG - Entering PID update with parameters SetPoint:1016.72, ProcValue:1019.29, IMax:100.00, IMin:0.00,
2022-01-12 17:49:35,254 - root - DEBUG -   Window:10, Kp: 30.000, Ki: 1.000, Kd: 0.600
2022-01-12 17:49:35,254 - root - DEBUG - Exiting PID update with parameters Error:-2.57, ITerm:0.00, DInput:-2.00, Output:0.00
2022-01-12 17:49:35,254 - root - DEBUG - RunID 54, Segment 2 (loop 195) - RunState:Ramp,
                       ReadTmp:1019.29, RampTmp:1016.72, TargetTmp:1044.00,
                       Output:0.00, CycleOnSec:0.00, RemainTime:0:42:26
                    
2022-01-12 17:49:35,254 - root - DEBUG - ==>Relay Off
2022-01-12 17:49:35,255 - root - DEBUG - Writing stats to Firing DB table...
2022-01-12 17:49:35,266 - root - INFO - database writing complete1
2022-01-12 17:49:35,267 - root - INFO - RunState end: Ramp
2022-01-12 17:49:45,254 - root - DEBUG - Entering PID update with parameters SetPoint:1016.89, ProcValue:1017.29, IMax:100.00, IMin:0.00,
2022-01-12 17:49:45,254 - root - DEBUG -   Window:10, Kp: 30.000, Ki: 1.000, Kd: 0.600
2022-01-12 17:49:45,254 - root - DEBUG - Exiting PID update with parameters Error:-0.40, ITerm:0.00, DInput:-2.00, Output:0.00
2022-01-12 17:49:45,254 - root - DEBUG - RunID 54, Segment 2 (loop 196) - RunState:Ramp,
                       ReadTmp:1017.29, RampTmp:1016.89, TargetTmp:1044.00,
                       Output:0.00, CycleOnSec:0.00, RemainTime:0:42:16
                    
2022-01-12 17:49:45,255 - root - DEBUG - ==>Relay Off
2022-01-12 17:49:45,255 - root - DEBUG - Writing stats to Firing DB table...
2022-01-12 17:49:45,298 - root - INFO - database writing complete1
2022-01-12 17:49:45,298 - root - INFO - RunState end: Ramp
2022-01-12 17:49:55,254 - root - DEBUG - Entering PID update with parameters SetPoint:1017.06, ProcValue:1015.29, IMax:100.00, IMin:0.00,
2022-01-12 17:49:55,254 - root - DEBUG -   Window:10, Kp: 30.000, Ki: 1.000, Kd: 0.600
2022-01-12 17:49:55,254 - root - DEBUG - Exiting PID update with parameters Error:1.77, ITerm:1.77, DInput:-2.00, Output:55.92
2022-01-12 17:49:55,254 - root - DEBUG - RunID 54, Segment 2 (loop 197) - RunState:Ramp,
                       ReadTmp:1015.29, RampTmp:1017.06, TargetTmp:1044.00,
                       Output:55.92, CycleOnSec:5.59, RemainTime:0:42:06
                    
2022-01-12 17:49:55,254 - root - DEBUG - ==>Relay On
2022-01-12 17:50:00,853 - root - DEBUG - ==>Relay Off
2022-01-12 17:50:00,854 - root - DEBUG - Writing stats to Firing DB table...
2022-01-12 17:50:00,866 - root - INFO - database writing complete1
2022-01-12 17:50:00,867 - root - INFO - RunState end: Ramp
2022-01-12 17:50:05,254 - root - DEBUG - Entering PID update with parameters SetPoint:1017.22, ProcValue:1041.25, IMax:100.00, IMin:0.00,
2022-01-12 17:50:05,254 - root - DEBUG -   Window:10, Kp: 30.000, Ki: 1.000, Kd: 0.600
2022-01-12 17:50:05,254 - root - DEBUG - Exiting PID update with parameters Error:-24.03, ITerm:0.00, DInput:25.96, Output:0.00
2022-01-12 17:50:05,254 - root - DEBUG - RunID 54, Segment 2 (loop 198) - RunState:Ramp,
                       ReadTmp:1041.25, RampTmp:1017.22, TargetTmp:1044.00,
                       Output:0.00, CycleOnSec:0.00, RemainTime:0:41:56
                    
2022-01-12 17:50:05,254 - root - DEBUG - ==>Relay Off
2022-01-12 17:50:05,255 - root - DEBUG - Writing stats to Firing DB table...
2022-01-12 17:50:05,266 - root - INFO - database writing complete1
2022-01-12 17:50:05,267 - root - INFO - RunState end: Ramp
2022-01-12 17:50:15,254 - root - DEBUG - Entering PID update with parameters SetPoint:1017.39, ProcValue:1039.25, IMax:100.00, IMin:0.00,
2022-01-12 17:50:15,254 - root - DEBUG -   Window:10, Kp: 30.000, Ki: 1.000, Kd: 0.600
2022-01-12 17:50:15,254 - root - DEBUG - Exiting PID update with parameters Error:-21.86, ITerm:0.00, DInput:-2.00, Output:0.00
2022-01-12 17:50:15,254 - root - DEBUG - RunID 54, Segment 2 (loop 199) - RunState:Ramp,
                       ReadTmp:1039.25, RampTmp:1017.39, TargetTmp:1044.00,
                       Output:0.00, CycleOnSec:0.00, RemainTime:0:41:46
                    
2022-01-12 17:50:15,255 - root - DEBUG - ==>Relay Off
2022-01-12 17:50:15,255 - root - DEBUG - Writing stats to Firing DB table...
2022-01-12 17:50:15,266 - root - INFO - database writing complete1
2022-01-12 17:50:15,267 - root - INFO - RunState end: Ramp
2022-01-12 17:50:25,254 - root - DEBUG - Entering PID update with parameters SetPoint:1017.56, ProcValue:1037.25, IMax:100.00, IMin:0.00,
2022-01-12 17:50:25,254 - root - DEBUG -   Window:10, Kp: 30.000, Ki: 1.000, Kd: 0.600
2022-01-12 17:50:25,254 - root - DEBUG - Exiting PID update with parameters Error:-19.70, ITerm:0.00, DInput:-2.00, Output:0.00
2022-01-12 17:50:25,254 - root - DEBUG - RunID 54, Segment 2 (loop 200) - RunState:Ramp,
                       ReadTmp:1037.25, RampTmp:1017.56, TargetTmp:1044.00,
                       Output:0.00, CycleOnSec:0.00, RemainTime:0:41:36
                    
2022-01-12 17:50:25,254 - root - DEBUG - ==>Relay Off
2022-01-12 17:50:25,255 - root - DEBUG - Writing stats to Firing DB table...
2022-01-12 17:50:25,272 - root - INFO - database writing complete1
2022-01-12 17:50:25,272 - root - INFO - RunState end: Ramp
2022-01-12 17:50:35,254 - root - DEBUG - Entering PID update with parameters SetPoint:1017.72, ProcValue:1035.25, IMax:100.00, IMin:0.00,
2022-01-12 17:50:35,254 - root - DEBUG -   Window:10, Kp: 30.000, Ki: 1.000, Kd: 0.600
2022-01-12 17:50:35,254 - root - DEBUG - Exiting PID update with parameters Error:-17.53, ITerm:0.00, DInput:-2.00, Output:0.00
2022-01-12 17:50:35,254 - root - DEBUG - RunID 54, Segment 2 (loop 201) - RunState:Ramp,
                       ReadTmp:1035.25, RampTmp:1017.72, TargetTmp:1044.00,
                       Output:0.00, CycleOnSec:0.00, RemainTime:0:41:26
                    
2022-01-12 17:50:35,254 - root - DEBUG - ==>Relay Off
2022-01-12 17:50:35,255 - root - DEBUG - Writing stats to Firing DB table...
2022-01-12 17:50:35,266 - root - INFO - database writing complete1
2022-01-12 17:50:35,266 - root - INFO - RunState end: Ramp
2022-01-12 17:50:45,254 - root - DEBUG - Entering PID update with parameters SetPoint:1017.89, ProcValue:1033.25, IMax:100.00, IMin:0.00,
2022-01-12 17:50:45,254 - root - DEBUG -   Window:10, Kp: 30.000, Ki: 1.000, Kd: 0.600
2022-01-12 17:50:45,254 - root - DEBUG - Exiting PID update with parameters Error:-15.36, ITerm:0.00, DInput:-2.00, Output:0.00
2022-01-12 17:50:45,254 - root - DEBUG - RunID 54, Segment 2 (loop 202) - RunState:Ramp,
                       ReadTmp:1033.25, RampTmp:1017.89, TargetTmp:1044.00,
                       Output:0.00, CycleOnSec:0.00, RemainTime:0:41:16
                    
2022-01-12 17:50:45,255 - root - DEBUG - ==>Relay Off
2022-01-12 17:50:45,255 - root - DEBUG - Writing stats to Firing DB table...
2022-01-12 17:50:45,269 - root - INFO - database writing complete1
2022-01-12 17:50:45,269 - root - INFO - RunState end: Ramp
2022-01-12 17:50:55,254 - root - DEBUG - Entering PID update with parameters SetPoint:1018.06, ProcValue:1031.25, IMax:100.00, IMin:0.00,
2022-01-12 17:50:55,254 - root - DEBUG -   Window:10, Kp: 30.000, Ki: 1.000, Kd: 0.600
2022-01-12 17:50:55,254 - root - DEBUG - Exiting PID update with parameters Error:-13.20, ITerm:0.00, DInput:-2.00, Output:0.00
2022-01-12 17:50:55,254 - root - DEBUG - RunID 54, Segment 2 (loop 203) - RunState:Ramp,
                       ReadTmp:1031.25, RampTmp:1018.06, TargetTmp:1044.00,
                       Output:0.00, CycleOnSec:0.00, RemainTime:0:41:06
                    
2022-01-12 17:50:55,254 - root - DEBUG - ==>Relay Off
2022-01-12 17:50:55,255 - root - DEBUG - Writing stats to Firing DB table...
2022-01-12 17:50:55,269 - root - INFO - database writing complete1
2022-01-12 17:50:55,270 - root - INFO - RunState end: Ramp
2022-01-12 17:51:05,254 - root - DEBUG - Entering PID update with parameters SetPoint:1018.22, ProcValue:1029.25, IMax:100.00, IMin:0.00,
2022-01-12 17:51:05,254 - root - DEBUG -   Window:10, Kp: 30.000, Ki: 1.000, Kd: 0.600
2022-01-12 17:51:05,254 - root - DEBUG - Exiting PID update with parameters Error:-11.03, ITerm:0.00, DInput:-2.00, Output:0.00
2022-01-12 17:51:05,254 - root - DEBUG - RunID 54, Segment 2 (loop 204) - RunState:Ramp,
                       ReadTmp:1029.25, RampTmp:1018.22, TargetTmp:1044.00,
                       Output:0.00, CycleOnSec:0.00, RemainTime:0:40:56
                    
2022-01-12 17:51:05,254 - root - DEBUG - ==>Relay Off
2022-01-12 17:51:05,255 - root - DEBUG - Writing stats to Firing DB table...
2022-01-12 17:51:05,268 - root - INFO - database writing complete1
2022-01-12 17:51:05,268 - root - INFO - RunState end: Ramp
2022-01-12 17:51:15,254 - root - DEBUG - Entering PID update with parameters SetPoint:1018.39, ProcValue:1027.25, IMax:100.00, IMin:0.00,
2022-01-12 17:51:15,254 - root - DEBUG -   Window:10, Kp: 30.000, Ki: 1.000, Kd: 0.600
2022-01-12 17:51:15,254 - root - DEBUG - Exiting PID update with parameters Error:-8.86, ITerm:0.00, DInput:-2.00, Output:0.00
2022-01-12 17:51:15,254 - root - DEBUG - RunID 54, Segment 2 (loop 205) - RunState:Ramp,
                       ReadTmp:1027.25, RampTmp:1018.39, TargetTmp:1044.00,
                       Output:0.00, CycleOnSec:0.00, RemainTime:0:40:46
                    
2022-01-12 17:51:15,255 - root - DEBUG - ==>Relay Off
2022-01-12 17:51:15,255 - root - DEBUG - Writing stats to Firing DB table...
2022-01-12 17:51:15,272 - root - INFO - database writing complete1
2022-01-12 17:51:15,272 - root - INFO - RunState end: Ramp
2022-01-12 17:51:25,254 - root - DEBUG - Entering PID update with parameters SetPoint:1018.56, ProcValue:1025.25, IMax:100.00, IMin:0.00,
2022-01-12 17:51:25,254 - root - DEBUG -   Window:10, Kp: 30.000, Ki: 1.000, Kd: 0.600
2022-01-12 17:51:25,254 - root - DEBUG - Exiting PID update with parameters Error:-6.70, ITerm:0.00, DInput:-2.00, Output:0.00
2022-01-12 17:51:25,254 - root - DEBUG - RunID 54, Segment 2 (loop 206) - RunState:Ramp,
                       ReadTmp:1025.25, RampTmp:1018.56, TargetTmp:1044.00,
                       Output:0.00, CycleOnSec:0.00, RemainTime:0:40:36
                    
2022-01-12 17:51:25,254 - root - DEBUG - ==>Relay Off
2022-01-12 17:51:25,255 - root - DEBUG - Writing stats to Firing DB table...
2022-01-12 17:51:25,266 - root - INFO - database writing complete1
2022-01-12 17:51:25,267 - root - INFO - RunState end: Ramp
2022-01-12 17:51:35,254 - root - DEBUG - Entering PID update with parameters SetPoint:1018.72, ProcValue:1023.25, IMax:100.00, IMin:0.00,
2022-01-12 17:51:35,254 - root - DEBUG -   Window:10, Kp: 30.000, Ki: 1.000, Kd: 0.600
2022-01-12 17:51:35,254 - root - DEBUG - Exiting PID update with parameters Error:-4.53, ITerm:0.00, DInput:-2.00, Output:0.00
2022-01-12 17:51:35,254 - root - DEBUG - RunID 54, Segment 2 (loop 207) - RunState:Ramp,
                       ReadTmp:1023.25, RampTmp:1018.72, TargetTmp:1044.00,
                       Output:0.00, CycleOnSec:0.00, RemainTime:0:40:26
                    
2022-01-12 17:51:35,254 - root - DEBUG - ==>Relay Off
2022-01-12 17:51:35,255 - root - DEBUG - Writing stats to Firing DB table...
2022-01-12 17:51:35,266 - root - INFO - database writing complete1
2022-01-12 17:51:35,266 - root - INFO - RunState end: Ramp
2022-01-12 17:51:45,254 - root - DEBUG - Entering PID update with parameters SetPoint:1018.89, ProcValue:1021.25, IMax:100.00, IMin:0.00,
2022-01-12 17:51:45,254 - root - DEBUG -   Window:10, Kp: 30.000, Ki: 1.000, Kd: 0.600
2022-01-12 17:51:45,254 - root - DEBUG - Exiting PID update with parameters Error:-2.36, ITerm:0.00, DInput:-2.00, Output:0.00
2022-01-12 17:51:45,254 - root - DEBUG - RunID 54, Segment 2 (loop 208) - RunState:Ramp,
                       ReadTmp:1021.25, RampTmp:1018.89, TargetTmp:1044.00,
                       Output:0.00, CycleOnSec:0.00, RemainTime:0:40:16
                    
2022-01-12 17:51:45,254 - root - DEBUG - ==>Relay Off
2022-01-12 17:51:45,255 - root - DEBUG - Writing stats to Firing DB table...
2022-01-12 17:51:45,269 - root - INFO - database writing complete1
2022-01-12 17:51:45,269 - root - INFO - RunState end: Ramp
2022-01-12 17:51:55,254 - root - DEBUG - Entering PID update with parameters SetPoint:1019.06, ProcValue:1019.25, IMax:100.00, IMin:0.00,
2022-01-12 17:51:55,254 - root - DEBUG -   Window:10, Kp: 30.000, Ki: 1.000, Kd: 0.600
2022-01-12 17:51:55,254 - root - DEBUG - Exiting PID update with parameters Error:-0.20, ITerm:0.00, DInput:-2.00, Output:0.00
2022-01-12 17:51:55,254 - root - DEBUG - RunID 54, Segment 2 (loop 209) - RunState:Ramp,
                       ReadTmp:1019.25, RampTmp:1019.06, TargetTmp:1044.00,
                       Output:0.00, CycleOnSec:0.00, RemainTime:0:40:06
                    
2022-01-12 17:51:55,254 - root - DEBUG - ==>Relay Off
2022-01-12 17:51:55,255 - root - DEBUG - Writing stats to Firing DB table...
2022-01-12 17:51:55,268 - root - INFO - database writing complete1
2022-01-12 17:51:55,268 - root - INFO - RunState end: Ramp
2022-01-12 17:52:05,254 - root - DEBUG - Entering PID update with parameters SetPoint:1019.22, ProcValue:1017.25, IMax:100.00, IMin:0.00,
2022-01-12 17:52:05,254 - root - DEBUG -   Window:10, Kp: 30.000, Ki: 1.000, Kd: 0.600
2022-01-12 17:52:05,254 - root - DEBUG - Exiting PID update with parameters Error:1.97, ITerm:1.97, DInput:-2.00, Output:62.28
2022-01-12 17:52:05,254 - root - DEBUG - RunID 54, Segment 2 (loop 210) - RunState:Ramp,
                       ReadTmp:1017.25, RampTmp:1019.22, TargetTmp:1044.00,
                       Output:62.28, CycleOnSec:6.23, RemainTime:0:39:56
                    
2022-01-12 17:52:05,254 - root - DEBUG - ==>Relay On
2022-01-12 17:52:11,489 - root - DEBUG - ==>Relay Off
2022-01-12 17:52:11,490 - root - DEBUG - Writing stats to Firing DB table...
2022-01-12 17:52:11,501 - root - INFO - database writing complete1
2022-01-12 17:52:11,502 - root - INFO - RunState end: Ramp
2022-01-12 17:52:15,254 - root - INFO - Set temp reached - End seconds set to 1642032435
2022-01-12 17:52:15,254 - root - DEBUG - Entering PID update with parameters SetPoint:1019.39, ProcValue:1046.40, IMax:100.00, IMin:0.00,
2022-01-12 17:52:15,254 - root - DEBUG -   Window:10, Kp: 30.000, Ki: 1.000, Kd: 0.600
2022-01-12 17:52:15,254 - root - DEBUG - Exiting PID update with parameters Error:-27.00, ITerm:0.00, DInput:29.14, Output:0.00
2022-01-12 17:52:15,255 - root - DEBUG - RunID 54, Segment 2 (loop 211) - RunState:Target Reached,
                       ReadTmp:1046.40, RampTmp:1019.39, TargetTmp:1044.00,
                       Output:0.00, CycleOnSec:0.00, RemainTime:0:15:00
                    
2022-01-12 17:52:15,255 - root - DEBUG - ==>Relay Off
2022-01-12 17:52:15,255 - root - DEBUG - Writing stats to Firing DB table...
2022-01-12 17:52:15,268 - root - INFO - database writing complete1
2022-01-12 17:52:15,268 - root - INFO - RunState end: Target Reached
2022-01-12 17:52:25,254 - root - DEBUG - Entering PID update with parameters SetPoint:1019.56, ProcValue:1044.40, IMax:100.00, IMin:0.00,
2022-01-12 17:52:25,254 - root - DEBUG -   Window:10, Kp: 30.000, Ki: 1.000, Kd: 0.600
2022-01-12 17:52:25,254 - root - DEBUG - Exiting PID update with parameters Error:-24.84, ITerm:0.00, DInput:-2.00, Output:0.00
2022-01-12 17:52:25,254 - root - DEBUG - RunID 54, Segment 2 (loop 212) - RunState:Target Reached,
                       ReadTmp:1044.40, RampTmp:1019.56, TargetTmp:1044.00,
                       Output:0.00, CycleOnSec:0.00, RemainTime:0:14:50
                    
2022-01-12 17:52:25,254 - root - DEBUG - ==>Relay Off
2022-01-12 17:52:25,255 - root - DEBUG - Writing stats to Firing DB table...
2022-01-12 17:52:25,266 - root - INFO - database writing complete1
2022-01-12 17:52:25,266 - root - INFO - RunState end: Target Reached
2022-01-12 17:52:35,254 - root - DEBUG - Entering PID update with parameters SetPoint:1019.72, ProcValue:1042.40, IMax:100.00, IMin:0.00,
2022-01-12 17:52:35,254 - root - DEBUG -   Window:10, Kp: 30.000, Ki: 1.000, Kd: 0.600
2022-01-12 17:52:35,254 - root - DEBUG - Exiting PID update with parameters Error:-22.67, ITerm:0.00, DInput:-2.00, Output:0.00
2022-01-12 17:52:35,254 - root - DEBUG - RunID 54, Segment 2 (loop 213) - RunState:Target Reached,
                       ReadTmp:1042.40, RampTmp:1019.72, TargetTmp:1044.00,
                       Output:0.00, CycleOnSec:0.00, RemainTime:0:14:40
                    
2022-01-12 17:52:35,254 - root - DEBUG - ==>Relay Off
2022-01-12 17:52:35,255 - root - DEBUG - Writing stats to Firing DB table...
2022-01-12 17:52:35,266 - root - INFO - database writing complete1
2022-01-12 17:52:35,266 - root - INFO - RunState end: Target Reached
2022-01-12 17:52:45,254 - root - DEBUG - Entering PID update with parameters SetPoint:1019.89, ProcValue:1040.40, IMax:100.00, IMin:0.00,
2022-01-12 17:52:45,254 - root - DEBUG -   Window:10, Kp: 30.000, Ki: 1.000, Kd: 0.600
2022-01-12 17:52:45,254 - root - DEBUG - Exiting PID update with parameters Error:-20.50, ITerm:0.00, DInput:-2.00, Output:0.00
2022-01-12 17:52:45,254 - root - DEBUG - RunID 54, Segment 2 (loop 214) - RunState:Target Reached,
                       ReadTmp:1040.40, RampTmp:1019.89, TargetTmp:1044.00,
                       Output:0.00, CycleOnSec:0.00, RemainTime:0:14:30
                    
2022-01-12 17:52:45,255 - root - DEBUG - ==>Relay Off
2022-01-12 17:52:45,255 - root - DEBUG - Writing stats to Firing DB table...
2022-01-12 17:52:45,266 - root - INFO - database writing complete1
2022-01-12 17:52:45,267 - root - INFO - RunState end: Target Reached
2022-01-12 17:52:55,254 - root - DEBUG - Entering PID update with parameters SetPoint:1020.06, ProcValue:1038.40, IMax:100.00, IMin:0.00,
2022-01-12 17:52:55,254 - root - DEBUG -   Window:10, Kp: 30.000, Ki: 1.000, Kd: 0.600
2022-01-12 17:52:55,254 - root - DEBUG - Exiting PID update with parameters Error:-18.34, ITerm:0.00, DInput:-2.00, Output:0.00
2022-01-12 17:52:55,254 - root - DEBUG - RunID 54, Segment 2 (loop 215) - RunState:Target Reached,
                       ReadTmp:1038.40, RampTmp:1020.06, TargetTmp:1044.00,
                       Output:0.00, CycleOnSec:0.00, RemainTime:0:14:20
                    
2022-01-12 17:52:55,254 - root - DEBUG - ==>Relay Off
2022-01-12 17:52:55,255 - root - DEBUG - Writing stats to Firing DB table...
2022-01-12 17:52:55,300 - root - INFO - database writing complete1
2022-01-12 17:52:55,300 - root - INFO - RunState end: Target Reached
2022-01-12 17:53:05,254 - root - DEBUG - Entering PID update with parameters SetPoint:1020.22, ProcValue:1036.40, IMax:100.00, IMin:0.00,
2022-01-12 17:53:05,254 - root - DEBUG -   Window:10, Kp: 30.000, Ki: 1.000, Kd: 0.600
2022-01-12 17:53:05,254 - root - DEBUG - Exiting PID update with parameters Error:-16.17, ITerm:0.00, DInput:-2.00, Output:0.00
2022-01-12 17:53:05,254 - root - DEBUG - RunID 54, Segment 2 (loop 216) - RunState:Target Reached,
                       ReadTmp:1036.40, RampTmp:1020.22, TargetTmp:1044.00,
                       Output:0.00, CycleOnSec:0.00, RemainTime:0:14:10
                    
2022-01-12 17:53:05,254 - root - DEBUG - ==>Relay Off
2022-01-12 17:53:05,255 - root - DEBUG - Writing stats to Firing DB table...
2022-01-12 17:53:05,266 - root - INFO - database writing complete1
2022-01-12 17:53:05,266 - root - INFO - RunState end: Target Reached
2022-01-12 17:53:15,254 - root - DEBUG - Entering PID update with parameters SetPoint:1020.39, ProcValue:1034.40, IMax:100.00, IMin:0.00,
2022-01-12 17:53:15,254 - root - DEBUG -   Window:10, Kp: 30.000, Ki: 1.000, Kd: 0.600
2022-01-12 17:53:15,254 - root - DEBUG - Exiting PID update with parameters Error:-14.00, ITerm:0.00, DInput:-2.00, Output:0.00
2022-01-12 17:53:15,254 - root - DEBUG - RunID 54, Segment 2 (loop 217) - RunState:Target Reached,
                       ReadTmp:1034.40, RampTmp:1020.39, TargetTmp:1044.00,
                       Output:0.00, CycleOnSec:0.00, RemainTime:0:14:00
                    
2022-01-12 17:53:15,255 - root - DEBUG - ==>Relay Off
2022-01-12 17:53:15,255 - root - DEBUG - Writing stats to Firing DB table...
2022-01-12 17:53:15,282 - root - INFO - database writing complete1
2022-01-12 17:53:15,282 - root - INFO - RunState end: Target Reached
2022-01-12 17:53:25,254 - root - DEBUG - Entering PID update with parameters SetPoint:1020.56, ProcValue:1032.40, IMax:100.00, IMin:0.00,
2022-01-12 17:53:25,254 - root - DEBUG -   Window:10, Kp: 30.000, Ki: 1.000, Kd: 0.600
2022-01-12 17:53:25,254 - root - DEBUG - Exiting PID update with parameters Error:-11.84, ITerm:0.00, DInput:-2.00, Output:0.00
2022-01-12 17:53:25,254 - root - DEBUG - RunID 54, Segment 2 (loop 218) - RunState:Target Reached,
                       ReadTmp:1032.40, RampTmp:1020.56, TargetTmp:1044.00,
                       Output:0.00, CycleOnSec:0.00, RemainTime:0:13:50
                    
2022-01-12 17:53:25,254 - root - DEBUG - ==>Relay Off
2022-01-12 17:53:25,255 - root - DEBUG - Writing stats to Firing DB table...
2022-01-12 17:53:25,284 - root - INFO - database writing complete1
2022-01-12 17:53:25,285 - root - INFO - RunState end: Target Reached
2022-01-12 17:53:35,254 - root - DEBUG - Entering PID update with parameters SetPoint:1020.72, ProcValue:1030.40, IMax:100.00, IMin:0.00,
2022-01-12 17:53:35,254 - root - DEBUG -   Window:10, Kp: 30.000, Ki: 1.000, Kd: 0.600
2022-01-12 17:53:35,254 - root - DEBUG - Exiting PID update with parameters Error:-9.67, ITerm:0.00, DInput:-2.00, Output:0.00
2022-01-12 17:53:35,254 - root - DEBUG - RunID 54, Segment 2 (loop 219) - RunState:Target Reached,
                       ReadTmp:1030.40, RampTmp:1020.72, TargetTmp:1044.00,
                       Output:0.00, CycleOnSec:0.00, RemainTime:0:13:40
                    
2022-01-12 17:53:35,254 - root - DEBUG - ==>Relay Off
2022-01-12 17:53:35,255 - root - DEBUG - Writing stats to Firing DB table...
2022-01-12 17:53:35,284 - root - INFO - database writing complete1
2022-01-12 17:53:35,285 - root - INFO - RunState end: Target Reached
2022-01-12 17:53:45,254 - root - DEBUG - Entering PID update with parameters SetPoint:1020.89, ProcValue:1028.40, IMax:100.00, IMin:0.00,
2022-01-12 17:53:45,254 - root - DEBUG -   Window:10, Kp: 30.000, Ki: 1.000, Kd: 0.600
2022-01-12 17:53:45,254 - root - DEBUG - Exiting PID update with parameters Error:-7.50, ITerm:0.00, DInput:-2.00, Output:0.00
2022-01-12 17:53:45,254 - root - DEBUG - RunID 54, Segment 2 (loop 220) - RunState:Target Reached,
                       ReadTmp:1028.40, RampTmp:1020.89, TargetTmp:1044.00,
                       Output:0.00, CycleOnSec:0.00, RemainTime:0:13:30
                    
2022-01-12 17:53:45,255 - root - DEBUG - ==>Relay Off
2022-01-12 17:53:45,255 - root - DEBUG - Writing stats to Firing DB table...
2022-01-12 17:53:45,283 - root - INFO - database writing complete1
2022-01-12 17:53:45,284 - root - INFO - RunState end: Target Reached
2022-01-12 17:53:55,254 - root - DEBUG - Entering PID update with parameters SetPoint:1021.06, ProcValue:1026.40, IMax:100.00, IMin:0.00,
2022-01-12 17:53:55,254 - root - DEBUG -   Window:10, Kp: 30.000, Ki: 1.000, Kd: 0.600
2022-01-12 17:53:55,254 - root - DEBUG - Exiting PID update with parameters Error:-5.34, ITerm:0.00, DInput:-2.00, Output:0.00
2022-01-12 17:53:55,254 - root - DEBUG - RunID 54, Segment 2 (loop 221) - RunState:Target Reached,
                       ReadTmp:1026.40, RampTmp:1021.06, TargetTmp:1044.00,
                       Output:0.00, CycleOnSec:0.00, RemainTime:0:13:20
                    
2022-01-12 17:53:55,254 - root - DEBUG - ==>Relay Off
2022-01-12 17:53:55,255 - root - DEBUG - Writing stats to Firing DB table...
2022-01-12 17:53:55,284 - root - INFO - database writing complete1
2022-01-12 17:53:55,284 - root - INFO - RunState end: Target Reached
2022-01-12 17:54:05,254 - root - DEBUG - Entering PID update with parameters SetPoint:1021.22, ProcValue:1024.40, IMax:100.00, IMin:0.00,
2022-01-12 17:54:05,254 - root - DEBUG -   Window:10, Kp: 30.000, Ki: 1.000, Kd: 0.600
2022-01-12 17:54:05,254 - root - DEBUG - Exiting PID update with parameters Error:-3.17, ITerm:0.00, DInput:-2.00, Output:0.00
2022-01-12 17:54:05,254 - root - DEBUG - RunID 54, Segment 2 (loop 222) - RunState:Target Reached,
                       ReadTmp:1024.40, RampTmp:1021.22, TargetTmp:1044.00,
                       Output:0.00, CycleOnSec:0.00, RemainTime:0:13:10
                    
2022-01-12 17:54:05,254 - root - DEBUG - ==>Relay Off
2022-01-12 17:54:05,255 - root - DEBUG - Writing stats to Firing DB table...
2022-01-12 17:54:05,282 - root - INFO - database writing complete1
2022-01-12 17:54:05,282 - root - INFO - RunState end: Target Reached
2022-01-12 17:54:15,254 - root - DEBUG - Entering PID update with parameters SetPoint:1021.39, ProcValue:1022.40, IMax:100.00, IMin:0.00,
2022-01-12 17:54:15,254 - root - DEBUG -   Window:10, Kp: 30.000, Ki: 1.000, Kd: 0.600
2022-01-12 17:54:15,254 - root - DEBUG - Exiting PID update with parameters Error:-1.00, ITerm:0.00, DInput:-2.00, Output:0.00
2022-01-12 17:54:15,254 - root - DEBUG - RunID 54, Segment 2 (loop 223) - RunState:Target Reached,
                       ReadTmp:1022.40, RampTmp:1021.39, TargetTmp:1044.00,
                       Output:0.00, CycleOnSec:0.00, RemainTime:0:13:00
                    
2022-01-12 17:54:15,255 - root - DEBUG - ==>Relay Off
2022-01-12 17:54:15,255 - root - DEBUG - Writing stats to Firing DB table...
2022-01-12 17:54:15,282 - root - INFO - database writing complete1
2022-01-12 17:54:15,282 - root - INFO - RunState end: Target Reached
2022-01-12 17:54:25,254 - root - DEBUG - Entering PID update with parameters SetPoint:1021.56, ProcValue:1020.40, IMax:100.00, IMin:0.00,
2022-01-12 17:54:25,254 - root - DEBUG -   Window:10, Kp: 30.000, Ki: 1.000, Kd: 0.600
2022-01-12 17:54:25,254 - root - DEBUG - Exiting PID update with parameters Error:1.16, ITerm:1.16, DInput:-2.00, Output:37.23
2022-01-12 17:54:25,254 - root - DEBUG - RunID 54, Segment 2 (loop 224) - RunState:Target Reached,
                       ReadTmp:1020.40, RampTmp:1021.56, TargetTmp:1044.00,
                       Output:37.23, CycleOnSec:3.72, RemainTime:0:12:50
                    
2022-01-12 17:54:25,254 - root - DEBUG - ==>Relay On
2022-01-12 17:54:28,981 - root - DEBUG - ==>Relay Off
2022-01-12 17:54:28,983 - root - DEBUG - Writing stats to Firing DB table...
2022-01-12 17:54:28,996 - root - INFO - database writing complete1
2022-01-12 17:54:28,996 - root - INFO - RunState end: Target Reached
2022-01-12 17:54:35,254 - root - DEBUG - Entering PID update with parameters SetPoint:1021.72, ProcValue:1037.01, IMax:100.00, IMin:0.00,
2022-01-12 17:54:35,254 - root - DEBUG -   Window:10, Kp: 30.000, Ki: 1.000, Kd: 0.600
2022-01-12 17:54:35,254 - root - DEBUG - Exiting PID update with parameters Error:-15.29, ITerm:0.00, DInput:16.61, Output:0.00
2022-01-12 17:54:35,254 - root - DEBUG - RunID 54, Segment 2 (loop 225) - RunState:Target Reached,
                       ReadTmp:1037.01, RampTmp:1021.72, TargetTmp:1044.00,
                       Output:0.00, CycleOnSec:0.00, RemainTime:0:12:40
                    
2022-01-12 17:54:35,254 - root - DEBUG - ==>Relay Off
2022-01-12 17:54:35,255 - root - DEBUG - Writing stats to Firing DB table...
2022-01-12 17:54:35,265 - root - INFO - database writing complete1
2022-01-12 17:54:35,266 - root - INFO - RunState end: Target Reached
2022-01-12 17:54:45,254 - root - DEBUG - Entering PID update with parameters SetPoint:1021.89, ProcValue:1035.01, IMax:100.00, IMin:0.00,
2022-01-12 17:54:45,254 - root - DEBUG -   Window:10, Kp: 30.000, Ki: 1.000, Kd: 0.600
2022-01-12 17:54:45,254 - root - DEBUG - Exiting PID update with parameters Error:-13.12, ITerm:0.00, DInput:-2.00, Output:0.00
2022-01-12 17:54:45,254 - root - DEBUG - RunID 54, Segment 2 (loop 226) - RunState:Target Reached,
                       ReadTmp:1035.01, RampTmp:1021.89, TargetTmp:1044.00,
                       Output:0.00, CycleOnSec:0.00, RemainTime:0:12:30
                    
2022-01-12 17:54:45,255 - root - DEBUG - ==>Relay Off
2022-01-12 17:54:45,255 - root - DEBUG - Writing stats to Firing DB table...
2022-01-12 17:54:45,267 - root - INFO - database writing complete1
2022-01-12 17:54:45,267 - root - INFO - RunState end: Target Reached
2022-01-12 17:54:55,254 - root - DEBUG - Entering PID update with parameters SetPoint:1022.06, ProcValue:1033.01, IMax:100.00, IMin:0.00,
2022-01-12 17:54:55,254 - root - DEBUG -   Window:10, Kp: 30.000, Ki: 1.000, Kd: 0.600
2022-01-12 17:54:55,254 - root - DEBUG - Exiting PID update with parameters Error:-10.95, ITerm:0.00, DInput:-2.00, Output:0.00
2022-01-12 17:54:55,254 - root - DEBUG - RunID 54, Segment 2 (loop 227) - RunState:Target Reached,
                       ReadTmp:1033.01, RampTmp:1022.06, TargetTmp:1044.00,
                       Output:0.00, CycleOnSec:0.00, RemainTime:0:12:20
                    
2022-01-12 17:54:55,254 - root - DEBUG - ==>Relay Off
2022-01-12 17:54:55,255 - root - DEBUG - Writing stats to Firing DB table...
2022-01-12 17:54:55,267 - root - INFO - database writing complete1
2022-01-12 17:54:55,267 - root - INFO - RunState end: Target Reached
2022-01-12 17:55:05,254 - root - DEBUG - Entering PID update with parameters SetPoint:1022.22, ProcValue:1031.01, IMax:100.00, IMin:0.00,
2022-01-12 17:55:05,254 - root - DEBUG -   Window:10, Kp: 30.000, Ki: 1.000, Kd: 0.600
2022-01-12 17:55:05,254 - root - DEBUG - Exiting PID update with parameters Error:-8.79, ITerm:0.00, DInput:-2.00, Output:0.00
2022-01-12 17:55:05,254 - root - DEBUG - RunID 54, Segment 2 (loop 228) - RunState:Target Reached,
                       ReadTmp:1031.01, RampTmp:1022.22, TargetTmp:1044.00,
                       Output:0.00, CycleOnSec:0.00, RemainTime:0:12:10
                    
2022-01-12 17:55:05,255 - root - DEBUG - ==>Relay Off
2022-01-12 17:55:05,255 - root - DEBUG - Writing stats to Firing DB table...
2022-01-12 17:55:05,267 - root - INFO - database writing complete1
2022-01-12 17:55:05,267 - root - INFO - RunState end: Target Reached
2022-01-12 17:55:15,254 - root - DEBUG - Entering PID update with parameters SetPoint:1022.39, ProcValue:1029.01, IMax:100.00, IMin:0.00,
2022-01-12 17:55:15,254 - root - DEBUG -   Window:10, Kp: 30.000, Ki: 1.000, Kd: 0.600
2022-01-12 17:55:15,254 - root - DEBUG - Exiting PID update with parameters Error:-6.62, ITerm:0.00, DInput:-2.00, Output:0.00
2022-01-12 17:55:15,254 - root - DEBUG - RunID 54, Segment 2 (loop 229) - RunState:Target Reached,
                       ReadTmp:1029.01, RampTmp:1022.39, TargetTmp:1044.00,
                       Output:0.00, CycleOnSec:0.00, RemainTime:0:12:00
                    
2022-01-12 17:55:15,255 - root - DEBUG - ==>Relay Off
2022-01-12 17:55:15,255 - root - DEBUG - Writing stats to Firing DB table...
2022-01-12 17:55:15,269 - root - INFO - database writing complete1
2022-01-12 17:55:15,269 - root - INFO - RunState end: Target Reached
2022-01-12 17:55:25,254 - root - DEBUG - Entering PID update with parameters SetPoint:1022.56, ProcValue:1027.01, IMax:100.00, IMin:0.00,
2022-01-12 17:55:25,254 - root - DEBUG -   Window:10, Kp: 30.000, Ki: 1.000, Kd: 0.600
2022-01-12 17:55:25,254 - root - DEBUG - Exiting PID update with parameters Error:-4.45, ITerm:0.00, DInput:-2.00, Output:0.00
2022-01-12 17:55:25,254 - root - DEBUG - RunID 54, Segment 2 (loop 230) - RunState:Target Reached,
                       ReadTmp:1027.01, RampTmp:1022.56, TargetTmp:1044.00,
                       Output:0.00, CycleOnSec:0.00, RemainTime:0:11:50
                    
2022-01-12 17:55:25,254 - root - DEBUG - ==>Relay Off
2022-01-12 17:55:25,255 - root - DEBUG - Writing stats to Firing DB table...
2022-01-12 17:55:25,265 - root - INFO - database writing complete1
2022-01-12 17:55:25,266 - root - INFO - RunState end: Target Reached
2022-01-12 17:55:35,254 - root - DEBUG - Entering PID update with parameters SetPoint:1022.72, ProcValue:1025.01, IMax:100.00, IMin:0.00,
2022-01-12 17:55:35,254 - root - DEBUG -   Window:10, Kp: 30.000, Ki: 1.000, Kd: 0.600
2022-01-12 17:55:35,254 - root - DEBUG - Exiting PID update with parameters Error:-2.29, ITerm:0.00, DInput:-2.00, Output:0.00
2022-01-12 17:55:35,254 - root - DEBUG - RunID 54, Segment 2 (loop 231) - RunState:Target Reached,
                       ReadTmp:1025.01, RampTmp:1022.72, TargetTmp:1044.00,
                       Output:0.00, CycleOnSec:0.00, RemainTime:0:11:40
                    
2022-01-12 17:55:35,254 - root - DEBUG - ==>Relay Off
2022-01-12 17:55:35,255 - root - DEBUG - Writing stats to Firing DB table...
2022-01-12 17:55:35,267 - root - INFO - database writing complete1
2022-01-12 17:55:35,267 - root - INFO - RunState end: Target Reached
2022-01-12 17:55:45,254 - root - DEBUG - Entering PID update with parameters SetPoint:1022.89, ProcValue:1023.01, IMax:100.00, IMin:0.00,
2022-01-12 17:55:45,254 - root - DEBUG -   Window:10, Kp: 30.000, Ki: 1.000, Kd: 0.600
2022-01-12 17:55:45,254 - root - DEBUG - Exiting PID update with parameters Error:-0.12, ITerm:0.00, DInput:-2.00, Output:0.00
2022-01-12 17:55:45,254 - root - DEBUG - RunID 54, Segment 2 (loop 232) - RunState:Target Reached,
                       ReadTmp:1023.01, RampTmp:1022.89, TargetTmp:1044.00,
                       Output:0.00, CycleOnSec:0.00, RemainTime:0:11:30
                    
2022-01-12 17:55:45,255 - root - DEBUG - ==>Relay Off
2022-01-12 17:55:45,255 - root - DEBUG - Writing stats to Firing DB table...
2022-01-12 17:55:45,267 - root - INFO - database writing complete1
2022-01-12 17:55:45,267 - root - INFO - RunState end: Target Reached
2022-01-12 17:55:55,254 - root - DEBUG - Entering PID update with parameters SetPoint:1023.06, ProcValue:1021.01, IMax:100.00, IMin:0.00,
2022-01-12 17:55:55,254 - root - DEBUG -   Window:10, Kp: 30.000, Ki: 1.000, Kd: 0.600
2022-01-12 17:55:55,254 - root - DEBUG - Exiting PID update with parameters Error:2.05, ITerm:2.05, DInput:-2.00, Output:64.67
2022-01-12 17:55:55,254 - root - DEBUG - RunID 54, Segment 2 (loop 233) - RunState:Target Reached,
                       ReadTmp:1021.01, RampTmp:1023.06, TargetTmp:1044.00,
                       Output:64.67, CycleOnSec:6.47, RemainTime:0:11:20
                    
2022-01-12 17:55:55,255 - root - DEBUG - ==>Relay On
2022-01-12 17:56:01,728 - root - DEBUG - ==>Relay Off
2022-01-12 17:56:01,729 - root - DEBUG - Writing stats to Firing DB table...
2022-01-12 17:56:01,740 - root - INFO - database writing complete1
2022-01-12 17:56:01,741 - root - INFO - RunState end: Target Reached
2022-01-12 17:56:05,254 - root - DEBUG - Entering PID update with parameters SetPoint:1023.22, ProcValue:1051.35, IMax:100.00, IMin:0.00,
2022-01-12 17:56:05,254 - root - DEBUG -   Window:10, Kp: 30.000, Ki: 1.000, Kd: 0.600
2022-01-12 17:56:05,254 - root - DEBUG - Exiting PID update with parameters Error:-28.12, ITerm:0.00, DInput:30.34, Output:0.00
2022-01-12 17:56:05,254 - root - DEBUG - RunID 54, Segment 2 (loop 234) - RunState:Target Reached,
                       ReadTmp:1051.35, RampTmp:1023.22, TargetTmp:1044.00,
                       Output:0.00, CycleOnSec:0.00, RemainTime:0:11:10
                    
2022-01-12 17:56:05,255 - root - DEBUG - ==>Relay Off
2022-01-12 17:56:05,255 - root - DEBUG - Writing stats to Firing DB table...
2022-01-12 17:56:05,268 - root - INFO - database writing complete1
2022-01-12 17:56:05,268 - root - INFO - RunState end: Target Reached
2022-01-12 17:56:15,254 - root - DEBUG - Entering PID update with parameters SetPoint:1023.39, ProcValue:1049.35, IMax:100.00, IMin:0.00,
2022-01-12 17:56:15,254 - root - DEBUG -   Window:10, Kp: 30.000, Ki: 1.000, Kd: 0.600
2022-01-12 17:56:15,254 - root - DEBUG - Exiting PID update with parameters Error:-25.95, ITerm:0.00, DInput:-2.00, Output:0.00
2022-01-12 17:56:15,255 - root - DEBUG - RunID 54, Segment 2 (loop 235) - RunState:Target Reached,
                       ReadTmp:1049.35, RampTmp:1023.39, TargetTmp:1044.00,
                       Output:0.00, CycleOnSec:0.00, RemainTime:0:11:00
                    
2022-01-12 17:56:15,255 - root - DEBUG - ==>Relay Off
2022-01-12 17:56:15,255 - root - DEBUG - Writing stats to Firing DB table...
2022-01-12 17:56:15,266 - root - INFO - database writing complete1
2022-01-12 17:56:15,266 - root - INFO - RunState end: Target Reached
2022-01-12 17:56:25,254 - root - DEBUG - Entering PID update with parameters SetPoint:1023.56, ProcValue:1047.35, IMax:100.00, IMin:0.00,
2022-01-12 17:56:25,254 - root - DEBUG -   Window:10, Kp: 30.000, Ki: 1.000, Kd: 0.600
2022-01-12 17:56:25,254 - root - DEBUG - Exiting PID update with parameters Error:-23.79, ITerm:0.00, DInput:-2.00, Output:0.00
2022-01-12 17:56:25,254 - root - DEBUG - RunID 54, Segment 2 (loop 236) - RunState:Target Reached,
                       ReadTmp:1047.35, RampTmp:1023.56, TargetTmp:1044.00,
                       Output:0.00, CycleOnSec:0.00, RemainTime:0:10:50
                    
2022-01-12 17:56:25,254 - root - DEBUG - ==>Relay Off
2022-01-12 17:56:25,255 - root - DEBUG - Writing stats to Firing DB table...
2022-01-12 17:56:25,266 - root - INFO - database writing complete1
2022-01-12 17:56:25,267 - root - INFO - RunState end: Target Reached
2022-01-12 17:56:35,254 - root - DEBUG - Entering PID update with parameters SetPoint:1023.72, ProcValue:1045.35, IMax:100.00, IMin:0.00,
2022-01-12 17:56:35,254 - root - DEBUG -   Window:10, Kp: 30.000, Ki: 1.000, Kd: 0.600
2022-01-12 17:56:35,254 - root - DEBUG - Exiting PID update with parameters Error:-21.62, ITerm:0.00, DInput:-2.00, Output:0.00
2022-01-12 17:56:35,254 - root - DEBUG - RunID 54, Segment 2 (loop 237) - RunState:Target Reached,
                       ReadTmp:1045.35, RampTmp:1023.72, TargetTmp:1044.00,
                       Output:0.00, CycleOnSec:0.00, RemainTime:0:10:40
                    
2022-01-12 17:56:35,255 - root - DEBUG - ==>Relay Off
2022-01-12 17:56:35,255 - root - DEBUG - Writing stats to Firing DB table...
2022-01-12 17:56:35,266 - root - INFO - database writing complete1
2022-01-12 17:56:35,266 - root - INFO - RunState end: Target Reached
2022-01-12 17:56:45,254 - root - DEBUG - Entering PID update with parameters SetPoint:1023.89, ProcValue:1043.35, IMax:100.00, IMin:0.00,
2022-01-12 17:56:45,254 - root - DEBUG -   Window:10, Kp: 30.000, Ki: 1.000, Kd: 0.600
2022-01-12 17:56:45,254 - root - DEBUG - Exiting PID update with parameters Error:-19.45, ITerm:0.00, DInput:-2.00, Output:0.00
2022-01-12 17:56:45,254 - root - DEBUG - RunID 54, Segment 2 (loop 238) - RunState:Target Reached,
                       ReadTmp:1043.35, RampTmp:1023.89, TargetTmp:1044.00,
                       Output:0.00, CycleOnSec:0.00, RemainTime:0:10:30
                    
2022-01-12 17:56:45,255 - root - DEBUG - ==>Relay Off
2022-01-12 17:56:45,255 - root - DEBUG - Writing stats to Firing DB table...
2022-01-12 17:56:45,266 - root - INFO - database writing complete1
2022-01-12 17:56:45,267 - root - INFO - RunState end: Target Reached
2022-01-12 17:56:55,254 - root - DEBUG - Entering PID update with parameters SetPoint:1024.06, ProcValue:1041.35, IMax:100.00, IMin:0.00,
2022-01-12 17:56:55,254 - root - DEBUG -   Window:10, Kp: 30.000, Ki: 1.000, Kd: 0.600
2022-01-12 17:56:55,254 - root - DEBUG - Exiting PID update with parameters Error:-17.29, ITerm:0.00, DInput:-2.00, Output:0.00
2022-01-12 17:56:55,255 - root - DEBUG - RunID 54, Segment 2 (loop 239) - RunState:Target Reached,
                       ReadTmp:1041.35, RampTmp:1024.06, TargetTmp:1044.00,
                       Output:0.00, CycleOnSec:0.00, RemainTime:0:10:20
                    
2022-01-12 17:56:55,255 - root - DEBUG - ==>Relay Off
2022-01-12 17:56:55,255 - root - DEBUG - Writing stats to Firing DB table...
2022-01-12 17:56:55,269 - root - INFO - database writing complete1
2022-01-12 17:56:55,269 - root - INFO - RunState end: Target Reached
2022-01-12 17:57:05,254 - root - DEBUG - Entering PID update with parameters SetPoint:1024.22, ProcValue:1039.35, IMax:100.00, IMin:0.00,
2022-01-12 17:57:05,254 - root - DEBUG -   Window:10, Kp: 30.000, Ki: 1.000, Kd: 0.600
2022-01-12 17:57:05,254 - root - DEBUG - Exiting PID update with parameters Error:-15.12, ITerm:0.00, DInput:-2.00, Output:0.00
2022-01-12 17:57:05,255 - root - DEBUG - RunID 54, Segment 2 (loop 240) - RunState:Target Reached,
                       ReadTmp:1039.35, RampTmp:1024.22, TargetTmp:1044.00,
                       Output:0.00, CycleOnSec:0.00, RemainTime:0:10:10
                    
2022-01-12 17:57:05,255 - root - DEBUG - ==>Relay Off
2022-01-12 17:57:05,255 - root - DEBUG - Writing stats to Firing DB table...
2022-01-12 17:57:05,266 - root - INFO - database writing complete1
2022-01-12 17:57:05,267 - root - INFO - RunState end: Target Reached
2022-01-12 17:57:15,254 - root - DEBUG - Entering PID update with parameters SetPoint:1024.39, ProcValue:1037.35, IMax:100.00, IMin:0.00,
2022-01-12 17:57:15,254 - root - DEBUG -   Window:10, Kp: 30.000, Ki: 1.000, Kd: 0.600
2022-01-12 17:57:15,255 - root - DEBUG - Exiting PID update with parameters Error:-12.95, ITerm:0.00, DInput:-2.00, Output:0.00
2022-01-12 17:57:15,255 - root - DEBUG - RunID 54, Segment 2 (loop 241) - RunState:Target Reached,
                       ReadTmp:1037.35, RampTmp:1024.39, TargetTmp:1044.00,
                       Output:0.00, CycleOnSec:0.00, RemainTime:0:10:00
                    
2022-01-12 17:57:15,255 - root - DEBUG - ==>Relay Off
2022-01-12 17:57:15,255 - root - DEBUG - Writing stats to Firing DB table...
2022-01-12 17:57:15,268 - root - INFO - database writing complete1
2022-01-12 17:57:15,268 - root - INFO - RunState end: Target Reached
2022-01-12 17:57:25,254 - root - DEBUG - Entering PID update with parameters SetPoint:1024.56, ProcValue:1035.35, IMax:100.00, IMin:0.00,
2022-01-12 17:57:25,254 - root - DEBUG -   Window:10, Kp: 30.000, Ki: 1.000, Kd: 0.600
2022-01-12 17:57:25,254 - root - DEBUG - Exiting PID update with parameters Error:-10.79, ITerm:0.00, DInput:-2.00, Output:0.00
2022-01-12 17:57:25,254 - root - DEBUG - RunID 54, Segment 2 (loop 242) - RunState:Target Reached,
                       ReadTmp:1035.35, RampTmp:1024.56, TargetTmp:1044.00,
                       Output:0.00, CycleOnSec:0.00, RemainTime:0:09:50
                    
2022-01-12 17:57:25,255 - root - DEBUG - ==>Relay Off
2022-01-12 17:57:25,255 - root - DEBUG - Writing stats to Firing DB table...
2022-01-12 17:57:25,266 - root - INFO - database writing complete1
2022-01-12 17:57:25,266 - root - INFO - RunState end: Target Reached
2022-01-12 17:57:35,254 - root - DEBUG - Entering PID update with parameters SetPoint:1024.72, ProcValue:1033.35, IMax:100.00, IMin:0.00,
2022-01-12 17:57:35,254 - root - DEBUG -   Window:10, Kp: 30.000, Ki: 1.000, Kd: 0.600
2022-01-12 17:57:35,254 - root - DEBUG - Exiting PID update with parameters Error:-8.62, ITerm:0.00, DInput:-2.00, Output:0.00
2022-01-12 17:57:35,255 - root - DEBUG - RunID 54, Segment 2 (loop 243) - RunState:Target Reached,
                       ReadTmp:1033.35, RampTmp:1024.72, TargetTmp:1044.00,
                       Output:0.00, CycleOnSec:0.00, RemainTime:0:09:40
                    
2022-01-12 17:57:35,255 - root - DEBUG - ==>Relay Off
2022-01-12 17:57:35,255 - root - DEBUG - Writing stats to Firing DB table...
2022-01-12 17:57:35,267 - root - INFO - database writing complete1
2022-01-12 17:57:35,267 - root - INFO - RunState end: Target Reached
2022-01-12 17:57:45,254 - root - DEBUG - Entering PID update with parameters SetPoint:1024.89, ProcValue:1031.35, IMax:100.00, IMin:0.00,
2022-01-12 17:57:45,254 - root - DEBUG -   Window:10, Kp: 30.000, Ki: 1.000, Kd: 0.600
2022-01-12 17:57:45,254 - root - DEBUG - Exiting PID update with parameters Error:-6.45, ITerm:0.00, DInput:-2.00, Output:0.00
2022-01-12 17:57:45,255 - root - DEBUG - RunID 54, Segment 2 (loop 244) - RunState:Target Reached,
                       ReadTmp:1031.35, RampTmp:1024.89, TargetTmp:1044.00,
                       Output:0.00, CycleOnSec:0.00, RemainTime:0:09:30
                    
2022-01-12 17:57:45,255 - root - DEBUG - ==>Relay Off
2022-01-12 17:57:45,255 - root - DEBUG - Writing stats to Firing DB table...
2022-01-12 17:57:45,266 - root - INFO - database writing complete1
2022-01-12 17:57:45,266 - root - INFO - RunState end: Target Reached
2022-01-12 17:57:55,254 - root - DEBUG - Entering PID update with parameters SetPoint:1025.06, ProcValue:1029.35, IMax:100.00, IMin:0.00,
2022-01-12 17:57:55,254 - root - DEBUG -   Window:10, Kp: 30.000, Ki: 1.000, Kd: 0.600
2022-01-12 17:57:55,254 - root - DEBUG - Exiting PID update with parameters Error:-4.29, ITerm:0.00, DInput:-2.00, Output:0.00
2022-01-12 17:57:55,254 - root - DEBUG - RunID 54, Segment 2 (loop 245) - RunState:Target Reached,
                       ReadTmp:1029.35, RampTmp:1025.06, TargetTmp:1044.00,
                       Output:0.00, CycleOnSec:0.00, RemainTime:0:09:20
                    
2022-01-12 17:57:55,255 - root - DEBUG - ==>Relay Off
2022-01-12 17:57:55,255 - root - DEBUG - Writing stats to Firing DB table...
2022-01-12 17:57:55,266 - root - INFO - database writing complete1
2022-01-12 17:57:55,266 - root - INFO - RunState end: Target Reached
2022-01-12 17:58:05,254 - root - DEBUG - Entering PID update with parameters SetPoint:1025.22, ProcValue:1027.35, IMax:100.00, IMin:0.00,
2022-01-12 17:58:05,254 - root - DEBUG -   Window:10, Kp: 30.000, Ki: 1.000, Kd: 0.600
2022-01-12 17:58:05,254 - root - DEBUG - Exiting PID update with parameters Error:-2.12, ITerm:0.00, DInput:-2.00, Output:0.00
2022-01-12 17:58:05,254 - root - DEBUG - RunID 54, Segment 2 (loop 246) - RunState:Target Reached,
                       ReadTmp:1027.35, RampTmp:1025.22, TargetTmp:1044.00,
                       Output:0.00, CycleOnSec:0.00, RemainTime:0:09:10
                    
2022-01-12 17:58:05,255 - root - DEBUG - ==>Relay Off
2022-01-12 17:58:05,255 - root - DEBUG - Writing stats to Firing DB table...
2022-01-12 17:58:05,265 - root - INFO - database writing complete1
2022-01-12 17:58:05,265 - root - INFO - RunState end: Target Reached
2022-01-12 17:58:15,254 - root - DEBUG - Entering PID update with parameters SetPoint:1025.39, ProcValue:1025.35, IMax:100.00, IMin:0.00,
2022-01-12 17:58:15,254 - root - DEBUG -   Window:10, Kp: 30.000, Ki: 1.000, Kd: 0.600
2022-01-12 17:58:15,254 - root - DEBUG - Exiting PID update with parameters Error:0.05, ITerm:0.05, DInput:-2.00, Output:2.60
2022-01-12 17:58:15,255 - root - DEBUG - RunID 54, Segment 2 (loop 247) - RunState:Target Reached,
                       ReadTmp:1025.35, RampTmp:1025.39, TargetTmp:1044.00,
                       Output:2.60, CycleOnSec:0.26, RemainTime:0:09:00
                    
2022-01-12 17:58:15,255 - root - DEBUG - ==>Relay On
2022-01-12 17:58:15,515 - root - DEBUG - ==>Relay Off
2022-01-12 17:58:15,516 - root - DEBUG - Writing stats to Firing DB table...
2022-01-12 17:58:15,526 - root - INFO - database writing complete1
2022-01-12 17:58:15,526 - root - INFO - RunState end: Target Reached
2022-01-12 17:58:25,254 - root - DEBUG - Entering PID update with parameters SetPoint:1025.56, ProcValue:1024.65, IMax:100.00, IMin:0.00,
2022-01-12 17:58:25,254 - root - DEBUG -   Window:10, Kp: 30.000, Ki: 1.000, Kd: 0.600
2022-01-12 17:58:25,254 - root - DEBUG - Exiting PID update with parameters Error:0.91, ITerm:0.96, DInput:-0.70, Output:28.71
2022-01-12 17:58:25,254 - root - DEBUG - RunID 54, Segment 2 (loop 248) - RunState:Target Reached,
                       ReadTmp:1024.65, RampTmp:1025.56, TargetTmp:1044.00,
                       Output:28.71, CycleOnSec:2.87, RemainTime:0:08:50
                    
2022-01-12 17:58:25,255 - root - DEBUG - ==>Relay On
2022-01-12 17:58:28,129 - root - DEBUG - ==>Relay Off
2022-01-12 17:58:28,130 - root - DEBUG - Writing stats to Firing DB table...
2022-01-12 17:58:28,145 - root - INFO - database writing complete1
2022-01-12 17:58:28,146 - root - INFO - RunState end: Target Reached
2022-01-12 17:58:35,254 - root - DEBUG - Entering PID update with parameters SetPoint:1025.72, ProcValue:1037.00, IMax:100.00, IMin:0.00,
2022-01-12 17:58:35,254 - root - DEBUG -   Window:10, Kp: 30.000, Ki: 1.000, Kd: 0.600
2022-01-12 17:58:35,254 - root - DEBUG - Exiting PID update with parameters Error:-11.28, ITerm:0.00, DInput:12.35, Output:0.00
2022-01-12 17:58:35,254 - root - DEBUG - RunID 54, Segment 2 (loop 249) - RunState:Target Reached,
                       ReadTmp:1037.00, RampTmp:1025.72, TargetTmp:1044.00,
                       Output:0.00, CycleOnSec:0.00, RemainTime:0:08:40
                    
2022-01-12 17:58:35,255 - root - DEBUG - ==>Relay Off
2022-01-12 17:58:35,255 - root - DEBUG - Writing stats to Firing DB table...
2022-01-12 17:58:35,265 - root - INFO - database writing complete1
2022-01-12 17:58:35,266 - root - INFO - RunState end: Target Reached
2022-01-12 17:58:45,254 - root - DEBUG - Entering PID update with parameters SetPoint:1025.89, ProcValue:1035.00, IMax:100.00, IMin:0.00,
2022-01-12 17:58:45,254 - root - DEBUG -   Window:10, Kp: 30.000, Ki: 1.000, Kd: 0.600
2022-01-12 17:58:45,254 - root - DEBUG - Exiting PID update with parameters Error:-9.11, ITerm:0.00, DInput:-2.00, Output:0.00
2022-01-12 17:58:45,254 - root - DEBUG - RunID 54, Segment 2 (loop 250) - RunState:Target Reached,
                       ReadTmp:1035.00, RampTmp:1025.89, TargetTmp:1044.00,
                       Output:0.00, CycleOnSec:0.00, RemainTime:0:08:30
                    
2022-01-12 17:58:45,255 - root - DEBUG - ==>Relay Off
2022-01-12 17:58:45,255 - root - DEBUG - Writing stats to Firing DB table...
2022-01-12 17:58:45,267 - root - INFO - database writing complete1
2022-01-12 17:58:45,267 - root - INFO - RunState end: Target Reached
2022-01-12 17:58:55,254 - root - DEBUG - Entering PID update with parameters SetPoint:1026.06, ProcValue:1033.00, IMax:100.00, IMin:0.00,
2022-01-12 17:58:55,254 - root - DEBUG -   Window:10, Kp: 30.000, Ki: 1.000, Kd: 0.600
2022-01-12 17:58:55,254 - root - DEBUG - Exiting PID update with parameters Error:-6.94, ITerm:0.00, DInput:-2.00, Output:0.00
2022-01-12 17:58:55,254 - root - DEBUG - RunID 54, Segment 2 (loop 251) - RunState:Target Reached,
                       ReadTmp:1033.00, RampTmp:1026.06, TargetTmp:1044.00,
                       Output:0.00, CycleOnSec:0.00, RemainTime:0:08:20
                    
2022-01-12 17:58:55,255 - root - DEBUG - ==>Relay Off
2022-01-12 17:58:55,255 - root - DEBUG - Writing stats to Firing DB table...
2022-01-12 17:58:55,284 - root - INFO - database writing complete1
2022-01-12 17:58:55,284 - root - INFO - RunState end: Target Reached
2022-01-12 17:59:05,254 - root - DEBUG - Entering PID update with parameters SetPoint:1026.22, ProcValue:1031.00, IMax:100.00, IMin:0.00,
2022-01-12 17:59:05,254 - root - DEBUG -   Window:10, Kp: 30.000, Ki: 1.000, Kd: 0.600
2022-01-12 17:59:05,254 - root - DEBUG - Exiting PID update with parameters Error:-4.78, ITerm:0.00, DInput:-2.00, Output:0.00
2022-01-12 17:59:05,254 - root - DEBUG - RunID 54, Segment 2 (loop 252) - RunState:Target Reached,
                       ReadTmp:1031.00, RampTmp:1026.22, TargetTmp:1044.00,
                       Output:0.00, CycleOnSec:0.00, RemainTime:0:08:10
                    
2022-01-12 17:59:05,256 - root - DEBUG - ==>Relay Off
2022-01-12 17:59:05,257 - root - DEBUG - Writing stats to Firing DB table...
2022-01-12 17:59:05,309 - root - INFO - database writing complete1
2022-01-12 17:59:05,310 - root - INFO - RunState end: Target Reached
2022-01-12 17:59:15,254 - root - DEBUG - Entering PID update with parameters SetPoint:1026.39, ProcValue:1029.00, IMax:100.00, IMin:0.00,
2022-01-12 17:59:15,254 - root - DEBUG -   Window:10, Kp: 30.000, Ki: 1.000, Kd: 0.600
2022-01-12 17:59:15,254 - root - DEBUG - Exiting PID update with parameters Error:-2.61, ITerm:0.00, DInput:-2.00, Output:0.00
2022-01-12 17:59:15,254 - root - DEBUG - RunID 54, Segment 2 (loop 253) - RunState:Target Reached,
                       ReadTmp:1029.00, RampTmp:1026.39, TargetTmp:1044.00,
                       Output:0.00, CycleOnSec:0.00, RemainTime:0:08:00
                    
2022-01-12 17:59:15,255 - root - DEBUG - ==>Relay Off
2022-01-12 17:59:15,255 - root - DEBUG - Writing stats to Firing DB table...
2022-01-12 17:59:15,284 - root - INFO - database writing complete1
2022-01-12 17:59:15,285 - root - INFO - RunState end: Target Reached
2022-01-12 17:59:25,254 - root - DEBUG - Entering PID update with parameters SetPoint:1026.56, ProcValue:1027.00, IMax:100.00, IMin:0.00,
2022-01-12 17:59:25,254 - root - DEBUG -   Window:10, Kp: 30.000, Ki: 1.000, Kd: 0.600
2022-01-12 17:59:25,254 - root - DEBUG - Exiting PID update with parameters Error:-0.44, ITerm:0.00, DInput:-2.00, Output:0.00
2022-01-12 17:59:25,254 - root - DEBUG - RunID 54, Segment 2 (loop 254) - RunState:Target Reached,
                       ReadTmp:1027.00, RampTmp:1026.56, TargetTmp:1044.00,
                       Output:0.00, CycleOnSec:0.00, RemainTime:0:07:50
                    
2022-01-12 17:59:25,255 - root - DEBUG - ==>Relay Off
2022-01-12 17:59:25,255 - root - DEBUG - Writing stats to Firing DB table...
2022-01-12 17:59:25,285 - root - INFO - database writing complete1
2022-01-12 17:59:25,286 - root - INFO - RunState end: Target Reached
2022-01-12 17:59:35,254 - root - DEBUG - Entering PID update with parameters SetPoint:1026.72, ProcValue:1025.00, IMax:100.00, IMin:0.00,
2022-01-12 17:59:35,254 - root - DEBUG -   Window:10, Kp: 30.000, Ki: 1.000, Kd: 0.600
2022-01-12 17:59:35,254 - root - DEBUG - Exiting PID update with parameters Error:1.72, ITerm:1.72, DInput:-2.00, Output:54.63
2022-01-12 17:59:35,254 - root - DEBUG - RunID 54, Segment 2 (loop 255) - RunState:Target Reached,
                       ReadTmp:1025.00, RampTmp:1026.72, TargetTmp:1044.00,
                       Output:54.63, CycleOnSec:5.46, RemainTime:0:07:40
                    
2022-01-12 17:59:35,255 - root - DEBUG - ==>Relay On
2022-01-12 17:59:40,724 - root - DEBUG - ==>Relay Off
2022-01-12 17:59:40,725 - root - DEBUG - Writing stats to Firing DB table...
2022-01-12 17:59:40,738 - root - INFO - database writing complete1
2022-01-12 17:59:40,738 - root - INFO - RunState end: Target Reached
2022-01-12 17:59:45,254 - root - DEBUG - Entering PID update with parameters SetPoint:1026.89, ProcValue:1050.32, IMax:100.00, IMin:0.00,
2022-01-12 17:59:45,254 - root - DEBUG -   Window:10, Kp: 30.000, Ki: 1.000, Kd: 0.600
2022-01-12 17:59:45,254 - root - DEBUG - Exiting PID update with parameters Error:-23.43, ITerm:0.00, DInput:25.32, Output:0.00
2022-01-12 17:59:45,255 - root - DEBUG - RunID 54, Segment 2 (loop 256) - RunState:Target Reached,
                       ReadTmp:1050.32, RampTmp:1026.89, TargetTmp:1044.00,
                       Output:0.00, CycleOnSec:0.00, RemainTime:0:07:30
                    
2022-01-12 17:59:45,255 - root - DEBUG - ==>Relay Off
2022-01-12 17:59:45,255 - root - DEBUG - Writing stats to Firing DB table...
2022-01-12 17:59:45,267 - root - INFO - database writing complete1
2022-01-12 17:59:45,267 - root - INFO - RunState end: Target Reached
2022-01-12 17:59:55,254 - root - DEBUG - Entering PID update with parameters SetPoint:1027.06, ProcValue:1048.32, IMax:100.00, IMin:0.00,
2022-01-12 17:59:55,254 - root - DEBUG -   Window:10, Kp: 30.000, Ki: 1.000, Kd: 0.600
2022-01-12 17:59:55,254 - root - DEBUG - Exiting PID update with parameters Error:-21.26, ITerm:0.00, DInput:-2.00, Output:0.00
2022-01-12 17:59:55,255 - root - DEBUG - RunID 54, Segment 2 (loop 257) - RunState:Target Reached,
                       ReadTmp:1048.32, RampTmp:1027.06, TargetTmp:1044.00,
                       Output:0.00, CycleOnSec:0.00, RemainTime:0:07:20
                    
2022-01-12 17:59:55,255 - root - DEBUG - ==>Relay Off
2022-01-12 17:59:55,255 - root - DEBUG - Writing stats to Firing DB table...
2022-01-12 17:59:55,267 - root - INFO - database writing complete1
2022-01-12 17:59:55,267 - root - INFO - RunState end: Target Reached
2022-01-12 18:00:05,254 - root - DEBUG - Entering PID update with parameters SetPoint:1027.22, ProcValue:1046.32, IMax:100.00, IMin:0.00,
2022-01-12 18:00:05,254 - root - DEBUG -   Window:10, Kp: 30.000, Ki: 1.000, Kd: 0.600
2022-01-12 18:00:05,254 - root - DEBUG - Exiting PID update with parameters Error:-19.09, ITerm:0.00, DInput:-2.00, Output:0.00
2022-01-12 18:00:05,254 - root - DEBUG - RunID 54, Segment 2 (loop 258) - RunState:Target Reached,
                       ReadTmp:1046.32, RampTmp:1027.22, TargetTmp:1044.00,
                       Output:0.00, CycleOnSec:0.00, RemainTime:0:07:10
                    
2022-01-12 18:00:05,255 - root - DEBUG - ==>Relay Off
2022-01-12 18:00:05,255 - root - DEBUG - Writing stats to Firing DB table...
2022-01-12 18:00:05,267 - root - INFO - database writing complete1
2022-01-12 18:00:05,267 - root - INFO - RunState end: Target Reached
2022-01-12 18:00:15,254 - root - DEBUG - Entering PID update with parameters SetPoint:1027.39, ProcValue:1044.32, IMax:100.00, IMin:0.00,
2022-01-12 18:00:15,254 - root - DEBUG -   Window:10, Kp: 30.000, Ki: 1.000, Kd: 0.600
2022-01-12 18:00:15,254 - root - DEBUG - Exiting PID update with parameters Error:-16.93, ITerm:0.00, DInput:-2.00, Output:0.00
2022-01-12 18:00:15,255 - root - DEBUG - RunID 54, Segment 2 (loop 259) - RunState:Target Reached,
                       ReadTmp:1044.32, RampTmp:1027.39, TargetTmp:1044.00,
                       Output:0.00, CycleOnSec:0.00, RemainTime:0:07:00
                    
2022-01-12 18:00:15,255 - root - DEBUG - ==>Relay Off
2022-01-12 18:00:15,255 - root - DEBUG - Writing stats to Firing DB table...
2022-01-12 18:00:15,270 - root - INFO - database writing complete1
2022-01-12 18:00:15,270 - root - INFO - RunState end: Target Reached
2022-01-12 18:00:25,254 - root - DEBUG - Entering PID update with parameters SetPoint:1027.56, ProcValue:1042.32, IMax:100.00, IMin:0.00,
2022-01-12 18:00:25,254 - root - DEBUG -   Window:10, Kp: 30.000, Ki: 1.000, Kd: 0.600
2022-01-12 18:00:25,254 - root - DEBUG - Exiting PID update with parameters Error:-14.76, ITerm:0.00, DInput:-2.00, Output:0.00
2022-01-12 18:00:25,255 - root - DEBUG - RunID 54, Segment 2 (loop 260) - RunState:Target Reached,
                       ReadTmp:1042.32, RampTmp:1027.56, TargetTmp:1044.00,
                       Output:0.00, CycleOnSec:0.00, RemainTime:0:06:50
                    
2022-01-12 18:00:25,255 - root - DEBUG - ==>Relay Off
2022-01-12 18:00:25,255 - root - DEBUG - Writing stats to Firing DB table...
2022-01-12 18:00:25,267 - root - INFO - database writing complete1
2022-01-12 18:00:25,267 - root - INFO - RunState end: Target Reached
2022-01-12 18:00:35,254 - root - DEBUG - Entering PID update with parameters SetPoint:1027.72, ProcValue:1040.32, IMax:100.00, IMin:0.00,
2022-01-12 18:00:35,255 - root - DEBUG -   Window:10, Kp: 30.000, Ki: 1.000, Kd: 0.600
2022-01-12 18:00:35,255 - root - DEBUG - Exiting PID update with parameters Error:-12.59, ITerm:0.00, DInput:-2.00, Output:0.00
2022-01-12 18:00:35,255 - root - DEBUG - RunID 54, Segment 2 (loop 261) - RunState:Target Reached,
                       ReadTmp:1040.32, RampTmp:1027.72, TargetTmp:1044.00,
                       Output:0.00, CycleOnSec:0.00, RemainTime:0:06:40
                    
2022-01-12 18:00:35,255 - root - DEBUG - ==>Relay Off
2022-01-12 18:00:35,256 - root - DEBUG - Writing stats to Firing DB table...
2022-01-12 18:00:35,267 - root - INFO - database writing complete1
2022-01-12 18:00:35,267 - root - INFO - RunState end: Target Reached
2022-01-12 18:00:45,254 - root - DEBUG - Entering PID update with parameters SetPoint:1027.89, ProcValue:1038.32, IMax:100.00, IMin:0.00,
2022-01-12 18:00:45,254 - root - DEBUG -   Window:10, Kp: 30.000, Ki: 1.000, Kd: 0.600
2022-01-12 18:00:45,254 - root - DEBUG - Exiting PID update with parameters Error:-10.43, ITerm:0.00, DInput:-2.00, Output:0.00
2022-01-12 18:00:45,255 - root - DEBUG - RunID 54, Segment 2 (loop 262) - RunState:Target Reached,
                       ReadTmp:1038.32, RampTmp:1027.89, TargetTmp:1044.00,
                       Output:0.00, CycleOnSec:0.00, RemainTime:0:06:30
                    
2022-01-12 18:00:45,255 - root - DEBUG - ==>Relay Off
2022-01-12 18:00:45,255 - root - DEBUG - Writing stats to Firing DB table...
2022-01-12 18:00:45,267 - root - INFO - database writing complete1
2022-01-12 18:00:45,267 - root - INFO - RunState end: Target Reached
2022-01-12 18:00:55,254 - root - DEBUG - Entering PID update with parameters SetPoint:1028.06, ProcValue:1036.32, IMax:100.00, IMin:0.00,
2022-01-12 18:00:55,254 - root - DEBUG -   Window:10, Kp: 30.000, Ki: 1.000, Kd: 0.600
2022-01-12 18:00:55,254 - root - DEBUG - Exiting PID update with parameters Error:-8.26, ITerm:0.00, DInput:-2.00, Output:0.00
2022-01-12 18:00:55,254 - root - DEBUG - RunID 54, Segment 2 (loop 263) - RunState:Target Reached,
                       ReadTmp:1036.32, RampTmp:1028.06, TargetTmp:1044.00,
                       Output:0.00, CycleOnSec:0.00, RemainTime:0:06:20
                    
2022-01-12 18:00:55,255 - root - DEBUG - ==>Relay Off
2022-01-12 18:00:55,255 - root - DEBUG - Writing stats to Firing DB table...
2022-01-12 18:00:55,267 - root - INFO - database writing complete1
2022-01-12 18:00:55,267 - root - INFO - RunState end: Target Reached
2022-01-12 18:01:05,255 - root - DEBUG - Entering PID update with parameters SetPoint:1028.22, ProcValue:1034.32, IMax:100.00, IMin:0.00,
2022-01-12 18:01:05,255 - root - DEBUG -   Window:10, Kp: 30.000, Ki: 1.000, Kd: 0.600
2022-01-12 18:01:05,255 - root - DEBUG - Exiting PID update with parameters Error:-6.09, ITerm:0.00, DInput:-2.00, Output:0.00
2022-01-12 18:01:05,255 - root - DEBUG - RunID 54, Segment 2 (loop 264) - RunState:Target Reached,
                       ReadTmp:1034.32, RampTmp:1028.22, TargetTmp:1044.00,
                       Output:0.00, CycleOnSec:0.00, RemainTime:0:06:10
                    
2022-01-12 18:01:05,255 - root - DEBUG - ==>Relay Off
2022-01-12 18:01:05,256 - root - DEBUG - Writing stats to Firing DB table...
2022-01-12 18:01:05,266 - root - INFO - database writing complete1
2022-01-12 18:01:05,267 - root - INFO - RunState end: Target Reached
2022-01-12 18:01:15,254 - root - DEBUG - Entering PID update with parameters SetPoint:1028.39, ProcValue:1032.32, IMax:100.00, IMin:0.00,
2022-01-12 18:01:15,254 - root - DEBUG -   Window:10, Kp: 30.000, Ki: 1.000, Kd: 0.600
2022-01-12 18:01:15,254 - root - DEBUG - Exiting PID update with parameters Error:-3.93, ITerm:0.00, DInput:-2.00, Output:0.00
2022-01-12 18:01:15,255 - root - DEBUG - RunID 54, Segment 2 (loop 265) - RunState:Target Reached,
                       ReadTmp:1032.32, RampTmp:1028.39, TargetTmp:1044.00,
                       Output:0.00, CycleOnSec:0.00, RemainTime:0:06:00
                    
2022-01-12 18:01:15,255 - root - DEBUG - ==>Relay Off
2022-01-12 18:01:15,255 - root - DEBUG - Writing stats to Firing DB table...
2022-01-12 18:01:15,267 - root - INFO - database writing complete1
2022-01-12 18:01:15,267 - root - INFO - RunState end: Target Reached
2022-01-12 18:01:25,254 - root - DEBUG - Entering PID update with parameters SetPoint:1028.56, ProcValue:1030.32, IMax:100.00, IMin:0.00,
2022-01-12 18:01:25,254 - root - DEBUG -   Window:10, Kp: 30.000, Ki: 1.000, Kd: 0.600
2022-01-12 18:01:25,254 - root - DEBUG - Exiting PID update with parameters Error:-1.76, ITerm:0.00, DInput:-2.00, Output:0.00
2022-01-12 18:01:25,255 - root - DEBUG - RunID 54, Segment 2 (loop 266) - RunState:Target Reached,
                       ReadTmp:1030.32, RampTmp:1028.56, TargetTmp:1044.00,
                       Output:0.00, CycleOnSec:0.00, RemainTime:0:05:50
                    
2022-01-12 18:01:25,255 - root - DEBUG - ==>Relay Off
2022-01-12 18:01:25,255 - root - DEBUG - Writing stats to Firing DB table...
2022-01-12 18:01:25,267 - root - INFO - database writing complete1
2022-01-12 18:01:25,267 - root - INFO - RunState end: Target Reached
2022-01-12 18:01:35,254 - root - DEBUG - Entering PID update with parameters SetPoint:1028.72, ProcValue:1028.32, IMax:100.00, IMin:0.00,
2022-01-12 18:01:35,254 - root - DEBUG -   Window:10, Kp: 30.000, Ki: 1.000, Kd: 0.600
2022-01-12 18:01:35,254 - root - DEBUG - Exiting PID update with parameters Error:0.41, ITerm:0.41, DInput:-2.00, Output:13.80
2022-01-12 18:01:35,254 - root - DEBUG - RunID 54, Segment 2 (loop 267) - RunState:Target Reached,
                       ReadTmp:1028.32, RampTmp:1028.72, TargetTmp:1044.00,
                       Output:13.80, CycleOnSec:1.38, RemainTime:0:05:40
                    
2022-01-12 18:01:35,255 - root - DEBUG - ==>Relay On
2022-01-12 18:01:36,636 - root - DEBUG - ==>Relay Off
2022-01-12 18:01:36,637 - root - DEBUG - Writing stats to Firing DB table...
2022-01-12 18:01:36,669 - root - INFO - database writing complete1
2022-01-12 18:01:36,670 - root - INFO - RunState end: Target Reached
2022-01-12 18:01:45,254 - root - DEBUG - Entering PID update with parameters SetPoint:1028.89, ProcValue:1033.22, IMax:100.00, IMin:0.00,
2022-01-12 18:01:45,254 - root - DEBUG -   Window:10, Kp: 30.000, Ki: 1.000, Kd: 0.600
2022-01-12 18:01:45,254 - root - DEBUG - Exiting PID update with parameters Error:-4.33, ITerm:0.00, DInput:4.90, Output:0.00
2022-01-12 18:01:45,255 - root - DEBUG - RunID 54, Segment 2 (loop 268) - RunState:Target Reached,
                       ReadTmp:1033.22, RampTmp:1028.89, TargetTmp:1044.00,
                       Output:0.00, CycleOnSec:0.00, RemainTime:0:05:30
                    
2022-01-12 18:01:45,255 - root - DEBUG - ==>Relay Off
2022-01-12 18:01:45,255 - root - DEBUG - Writing stats to Firing DB table...
2022-01-12 18:01:45,266 - root - INFO - database writing complete1
2022-01-12 18:01:45,266 - root - INFO - RunState end: Target Reached
2022-01-12 18:01:55,255 - root - DEBUG - Entering PID update with parameters SetPoint:1029.06, ProcValue:1031.22, IMax:100.00, IMin:0.00,
2022-01-12 18:01:55,255 - root - DEBUG -   Window:10, Kp: 30.000, Ki: 1.000, Kd: 0.600
2022-01-12 18:01:55,255 - root - DEBUG - Exiting PID update with parameters Error:-2.16, ITerm:0.00, DInput:-2.00, Output:0.00
2022-01-12 18:01:55,255 - root - DEBUG - RunID 54, Segment 2 (loop 269) - RunState:Target Reached,
                       ReadTmp:1031.22, RampTmp:1029.06, TargetTmp:1044.00,
                       Output:0.00, CycleOnSec:0.00, RemainTime:0:05:20
                    
2022-01-12 18:01:55,255 - root - DEBUG - ==>Relay Off
2022-01-12 18:01:55,256 - root - DEBUG - Writing stats to Firing DB table...
2022-01-12 18:01:55,267 - root - INFO - database writing complete1
2022-01-12 18:01:55,267 - root - INFO - RunState end: Target Reached
2022-01-12 18:02:05,254 - root - DEBUG - Entering PID update with parameters SetPoint:1029.22, ProcValue:1029.22, IMax:100.00, IMin:0.00,
2022-01-12 18:02:05,254 - root - DEBUG -   Window:10, Kp: 30.000, Ki: 1.000, Kd: 0.600
2022-01-12 18:02:05,254 - root - DEBUG - Exiting PID update with parameters Error:0.01, ITerm:0.01, DInput:-2.00, Output:1.40
2022-01-12 18:02:05,255 - root - DEBUG - RunID 54, Segment 2 (loop 270) - RunState:Target Reached,
                       ReadTmp:1029.22, RampTmp:1029.22, TargetTmp:1044.00,
                       Output:1.40, CycleOnSec:0.14, RemainTime:0:05:10
                    
2022-01-12 18:02:05,255 - root - DEBUG - ==>Relay On
2022-01-12 18:02:05,395 - root - DEBUG - ==>Relay Off
2022-01-12 18:02:05,395 - root - DEBUG - Writing stats to Firing DB table...
2022-01-12 18:02:05,409 - root - INFO - database writing complete1
2022-01-12 18:02:05,410 - root - INFO - RunState end: Target Reached
2022-01-12 18:02:15,254 - root - DEBUG - Entering PID update with parameters SetPoint:1029.39, ProcValue:1027.92, IMax:100.00, IMin:0.00,
2022-01-12 18:02:15,254 - root - DEBUG -   Window:10, Kp: 30.000, Ki: 1.000, Kd: 0.600
2022-01-12 18:02:15,255 - root - DEBUG - Exiting PID update with parameters Error:1.47, ITerm:1.48, DInput:-1.30, Output:46.49
2022-01-12 18:02:15,255 - root - DEBUG - RunID 54, Segment 2 (loop 271) - RunState:Target Reached,
                       ReadTmp:1027.92, RampTmp:1029.39, TargetTmp:1044.00,
                       Output:46.49, CycleOnSec:4.65, RemainTime:0:05:00
                    
2022-01-12 18:02:15,255 - root - DEBUG - ==>Relay On
2022-01-12 18:02:19,909 - root - DEBUG - ==>Relay Off
2022-01-12 18:02:19,911 - root - DEBUG - Writing stats to Firing DB table...
2022-01-12 18:02:19,922 - root - INFO - database writing complete1
2022-01-12 18:02:19,923 - root - INFO - RunState end: Target Reached
2022-01-12 18:02:25,254 - root - DEBUG - Entering PID update with parameters SetPoint:1029.56, ProcValue:1049.16, IMax:100.00, IMin:0.00,
2022-01-12 18:02:25,255 - root - DEBUG -   Window:10, Kp: 30.000, Ki: 1.000, Kd: 0.600
2022-01-12 18:02:25,260 - root - DEBUG - Exiting PID update with parameters Error:-19.61, ITerm:0.00, DInput:21.25, Output:0.00
2022-01-12 18:02:25,260 - root - DEBUG - RunID 54, Segment 2 (loop 272) - RunState:Target Reached,
                       ReadTmp:1049.16, RampTmp:1029.56, TargetTmp:1044.00,
                       Output:0.00, CycleOnSec:0.00, RemainTime:0:04:50
                    
2022-01-12 18:02:25,260 - root - DEBUG - ==>Relay Off
2022-01-12 18:02:25,261 - root - DEBUG - Writing stats to Firing DB table...
2022-01-12 18:02:25,270 - root - INFO - database writing complete1
2022-01-12 18:02:25,270 - root - INFO - RunState end: Target Reached
2022-01-12 18:02:35,254 - root - DEBUG - Entering PID update with parameters SetPoint:1029.72, ProcValue:1047.16, IMax:100.00, IMin:0.00,
2022-01-12 18:02:35,254 - root - DEBUG -   Window:10, Kp: 30.000, Ki: 1.000, Kd: 0.600
2022-01-12 18:02:35,254 - root - DEBUG - Exiting PID update with parameters Error:-17.44, ITerm:0.00, DInput:-2.00, Output:0.00
2022-01-12 18:02:35,255 - root - DEBUG - RunID 54, Segment 2 (loop 273) - RunState:Target Reached,
                       ReadTmp:1047.16, RampTmp:1029.72, TargetTmp:1044.00,
                       Output:0.00, CycleOnSec:0.00, RemainTime:0:04:40
                    
2022-01-12 18:02:35,255 - root - DEBUG - ==>Relay Off
2022-01-12 18:02:35,255 - root - DEBUG - Writing stats to Firing DB table...
2022-01-12 18:02:35,269 - root - INFO - database writing complete1
2022-01-12 18:02:35,269 - root - INFO - RunState end: Target Reached
2022-01-12 18:02:45,254 - root - DEBUG - Entering PID update with parameters SetPoint:1029.89, ProcValue:1045.16, IMax:100.00, IMin:0.00,
2022-01-12 18:02:45,254 - root - DEBUG -   Window:10, Kp: 30.000, Ki: 1.000, Kd: 0.600
2022-01-12 18:02:45,255 - root - DEBUG - Exiting PID update with parameters Error:-15.27, ITerm:0.00, DInput:-2.00, Output:0.00
2022-01-12 18:02:45,255 - root - DEBUG - RunID 54, Segment 2 (loop 274) - RunState:Target Reached,
                       ReadTmp:1045.16, RampTmp:1029.89, TargetTmp:1044.00,
                       Output:0.00, CycleOnSec:0.00, RemainTime:0:04:30
                    
2022-01-12 18:02:45,255 - root - DEBUG - ==>Relay Off
2022-01-12 18:02:45,255 - root - DEBUG - Writing stats to Firing DB table...
2022-01-12 18:02:45,267 - root - INFO - database writing complete1
2022-01-12 18:02:45,267 - root - INFO - RunState end: Target Reached
2022-01-12 18:02:55,254 - root - DEBUG - Entering PID update with parameters SetPoint:1030.06, ProcValue:1043.16, IMax:100.00, IMin:0.00,
2022-01-12 18:02:55,254 - root - DEBUG -   Window:10, Kp: 30.000, Ki: 1.000, Kd: 0.600
2022-01-12 18:02:55,254 - root - DEBUG - Exiting PID update with parameters Error:-13.11, ITerm:0.00, DInput:-2.00, Output:0.00
2022-01-12 18:02:55,255 - root - DEBUG - RunID 54, Segment 2 (loop 275) - RunState:Target Reached,
                       ReadTmp:1043.16, RampTmp:1030.06, TargetTmp:1044.00,
                       Output:0.00, CycleOnSec:0.00, RemainTime:0:04:20
                    
2022-01-12 18:02:55,255 - root - DEBUG - ==>Relay Off
2022-01-12 18:02:55,255 - root - DEBUG - Writing stats to Firing DB table...
2022-01-12 18:02:55,266 - root - INFO - database writing complete1
2022-01-12 18:02:55,267 - root - INFO - RunState end: Target Reached
2022-01-12 18:03:05,254 - root - DEBUG - Entering PID update with parameters SetPoint:1030.22, ProcValue:1041.16, IMax:100.00, IMin:0.00,
2022-01-12 18:03:05,255 - root - DEBUG -   Window:10, Kp: 30.000, Ki: 1.000, Kd: 0.600
2022-01-12 18:03:05,255 - root - DEBUG - Exiting PID update with parameters Error:-10.94, ITerm:0.00, DInput:-2.00, Output:0.00
2022-01-12 18:03:05,255 - root - DEBUG - RunID 54, Segment 2 (loop 276) - RunState:Target Reached,
                       ReadTmp:1041.16, RampTmp:1030.22, TargetTmp:1044.00,
                       Output:0.00, CycleOnSec:0.00, RemainTime:0:04:10
                    
2022-01-12 18:03:05,255 - root - DEBUG - ==>Relay Off
2022-01-12 18:03:05,256 - root - DEBUG - Writing stats to Firing DB table...
2022-01-12 18:03:05,269 - root - INFO - database writing complete1
2022-01-12 18:03:05,270 - root - INFO - RunState end: Target Reached
2022-01-12 18:03:15,255 - root - DEBUG - Entering PID update with parameters SetPoint:1030.39, ProcValue:1039.16, IMax:100.00, IMin:0.00,
2022-01-12 18:03:15,255 - root - DEBUG -   Window:10, Kp: 30.000, Ki: 1.000, Kd: 0.600
2022-01-12 18:03:15,255 - root - DEBUG - Exiting PID update with parameters Error:-8.77, ITerm:0.00, DInput:-2.00, Output:0.00
2022-01-12 18:03:15,255 - root - DEBUG - RunID 54, Segment 2 (loop 277) - RunState:Target Reached,
                       ReadTmp:1039.16, RampTmp:1030.39, TargetTmp:1044.00,
                       Output:0.00, CycleOnSec:0.00, RemainTime:0:04:00
                    
2022-01-12 18:03:15,255 - root - DEBUG - ==>Relay Off
2022-01-12 18:03:15,261 - root - DEBUG - Writing stats to Firing DB table...
2022-01-12 18:03:15,269 - root - INFO - database writing complete1
2022-01-12 18:03:15,270 - root - INFO - RunState end: Target Reached
2022-01-12 18:03:25,255 - root - DEBUG - Entering PID update with parameters SetPoint:1030.56, ProcValue:1037.16, IMax:100.00, IMin:0.00,
2022-01-12 18:03:25,255 - root - DEBUG -   Window:10, Kp: 30.000, Ki: 1.000, Kd: 0.600
2022-01-12 18:03:25,255 - root - DEBUG - Exiting PID update with parameters Error:-6.61, ITerm:0.00, DInput:-2.00, Output:0.00
2022-01-12 18:03:25,255 - root - DEBUG - RunID 54, Segment 2 (loop 278) - RunState:Target Reached,
                       ReadTmp:1037.16, RampTmp:1030.56, TargetTmp:1044.00,
                       Output:0.00, CycleOnSec:0.00, RemainTime:0:03:50
                    
2022-01-12 18:03:25,255 - root - DEBUG - ==>Relay Off
2022-01-12 18:03:25,256 - root - DEBUG - Writing stats to Firing DB table...
2022-01-12 18:03:25,267 - root - INFO - database writing complete1
2022-01-12 18:03:25,268 - root - INFO - RunState end: Target Reached
2022-01-12 18:03:35,254 - root - DEBUG - Entering PID update with parameters SetPoint:1030.72, ProcValue:1035.16, IMax:100.00, IMin:0.00,
2022-01-12 18:03:35,254 - root - DEBUG -   Window:10, Kp: 30.000, Ki: 1.000, Kd: 0.600
2022-01-12 18:03:35,254 - root - DEBUG - Exiting PID update with parameters Error:-4.44, ITerm:0.00, DInput:-2.00, Output:0.00
2022-01-12 18:03:35,255 - root - DEBUG - RunID 54, Segment 2 (loop 279) - RunState:Target Reached,
                       ReadTmp:1035.16, RampTmp:1030.72, TargetTmp:1044.00,
                       Output:0.00, CycleOnSec:0.00, RemainTime:0:03:40
                    
2022-01-12 18:03:35,255 - root - DEBUG - ==>Relay Off
2022-01-12 18:03:35,255 - root - DEBUG - Writing stats to Firing DB table...
2022-01-12 18:03:35,267 - root - INFO - database writing complete1
2022-01-12 18:03:35,268 - root - INFO - RunState end: Target Reached
2022-01-12 18:03:45,254 - root - DEBUG - Entering PID update with parameters SetPoint:1030.89, ProcValue:1033.16, IMax:100.00, IMin:0.00,
2022-01-12 18:03:45,255 - root - DEBUG -   Window:10, Kp: 30.000, Ki: 1.000, Kd: 0.600
2022-01-12 18:03:45,255 - root - DEBUG - Exiting PID update with parameters Error:-2.27, ITerm:0.00, DInput:-2.00, Output:0.00
2022-01-12 18:03:45,255 - root - DEBUG - RunID 54, Segment 2 (loop 280) - RunState:Target Reached,
                       ReadTmp:1033.16, RampTmp:1030.89, TargetTmp:1044.00,
                       Output:0.00, CycleOnSec:0.00, RemainTime:0:03:30
                    
2022-01-12 18:03:45,255 - root - DEBUG - ==>Relay Off
2022-01-12 18:03:45,255 - root - DEBUG - Writing stats to Firing DB table...
2022-01-12 18:03:45,269 - root - INFO - database writing complete1
2022-01-12 18:03:45,270 - root - INFO - RunState end: Target Reached
2022-01-12 18:03:55,254 - root - DEBUG - Entering PID update with parameters SetPoint:1031.06, ProcValue:1031.16, IMax:100.00, IMin:0.00,
2022-01-12 18:03:55,254 - root - DEBUG -   Window:10, Kp: 30.000, Ki: 1.000, Kd: 0.600
2022-01-12 18:03:55,255 - root - DEBUG - Exiting PID update with parameters Error:-0.11, ITerm:0.00, DInput:-2.00, Output:0.00
2022-01-12 18:03:55,255 - root - DEBUG - RunID 54, Segment 2 (loop 281) - RunState:Target Reached,
                       ReadTmp:1031.16, RampTmp:1031.06, TargetTmp:1044.00,
                       Output:0.00, CycleOnSec:0.00, RemainTime:0:03:20
                    
2022-01-12 18:03:55,255 - root - DEBUG - ==>Relay Off
2022-01-12 18:03:55,255 - root - DEBUG - Writing stats to Firing DB table...
2022-01-12 18:03:55,273 - root - INFO - database writing complete1
2022-01-12 18:03:55,273 - root - INFO - RunState end: Target Reached
2022-01-12 18:04:05,254 - root - DEBUG - Entering PID update with parameters SetPoint:1031.22, ProcValue:1029.16, IMax:100.00, IMin:0.00,
2022-01-12 18:04:05,254 - root - DEBUG -   Window:10, Kp: 30.000, Ki: 1.000, Kd: 0.600
2022-01-12 18:04:05,255 - root - DEBUG - Exiting PID update with parameters Error:2.06, ITerm:2.06, DInput:-2.00, Output:65.10
2022-01-12 18:04:05,255 - root - DEBUG - RunID 54, Segment 2 (loop 282) - RunState:Target Reached,
                       ReadTmp:1029.16, RampTmp:1031.22, TargetTmp:1044.00,
                       Output:65.10, CycleOnSec:6.51, RemainTime:0:03:10
                    
2022-01-12 18:04:05,255 - root - DEBUG - ==>Relay On
2022-01-12 18:04:11,771 - root - DEBUG - ==>Relay Off
2022-01-12 18:04:11,773 - root - DEBUG - Writing stats to Firing DB table...
2022-01-12 18:04:11,794 - root - INFO - database writing complete1
2022-01-12 18:04:11,795 - root - INFO - RunState end: Target Reached
2022-01-12 18:04:15,254 - root - DEBUG - Entering PID update with parameters SetPoint:1031.39, ProcValue:1059.71, IMax:100.00, IMin:0.00,
2022-01-12 18:04:15,255 - root - DEBUG -   Window:10, Kp: 30.000, Ki: 1.000, Kd: 0.600
2022-01-12 18:04:15,255 - root - DEBUG - Exiting PID update with parameters Error:-28.32, ITerm:0.00, DInput:30.55, Output:0.00
2022-01-12 18:04:15,255 - root - DEBUG - RunID 54, Segment 2 (loop 283) - RunState:Target Reached,
                       ReadTmp:1059.71, RampTmp:1031.39, TargetTmp:1044.00,
                       Output:0.00, CycleOnSec:0.00, RemainTime:0:03:00
                    
2022-01-12 18:04:15,255 - root - DEBUG - ==>Relay Off
2022-01-12 18:04:15,255 - root - DEBUG - Writing stats to Firing DB table...
2022-01-12 18:04:15,267 - root - INFO - database writing complete1
2022-01-12 18:04:15,267 - root - INFO - RunState end: Target Reached
2022-01-12 18:04:25,255 - root - DEBUG - Entering PID update with parameters SetPoint:1031.56, ProcValue:1057.71, IMax:100.00, IMin:0.00,
2022-01-12 18:04:25,255 - root - DEBUG -   Window:10, Kp: 30.000, Ki: 1.000, Kd: 0.600
2022-01-12 18:04:25,255 - root - DEBUG - Exiting PID update with parameters Error:-26.15, ITerm:0.00, DInput:-2.00, Output:0.00
2022-01-12 18:04:25,255 - root - DEBUG - RunID 54, Segment 2 (loop 284) - RunState:Target Reached,
                       ReadTmp:1057.71, RampTmp:1031.56, TargetTmp:1044.00,
                       Output:0.00, CycleOnSec:0.00, RemainTime:0:02:50
                    
2022-01-12 18:04:25,255 - root - DEBUG - ==>Relay Off
2022-01-12 18:04:25,256 - root - DEBUG - Writing stats to Firing DB table...
2022-01-12 18:04:25,268 - root - INFO - database writing complete1
2022-01-12 18:04:25,268 - root - INFO - RunState end: Target Reached
2022-01-12 18:04:35,255 - root - DEBUG - Entering PID update with parameters SetPoint:1031.72, ProcValue:1055.71, IMax:100.00, IMin:0.00,
2022-01-12 18:04:35,255 - root - DEBUG -   Window:10, Kp: 30.000, Ki: 1.000, Kd: 0.600
2022-01-12 18:04:35,255 - root - DEBUG - Exiting PID update with parameters Error:-23.99, ITerm:0.00, DInput:-2.00, Output:0.00
2022-01-12 18:04:35,255 - root - DEBUG - RunID 54, Segment 2 (loop 285) - RunState:Target Reached,
                       ReadTmp:1055.71, RampTmp:1031.72, TargetTmp:1044.00,
                       Output:0.00, CycleOnSec:0.00, RemainTime:0:02:40
                    
2022-01-12 18:04:35,255 - root - DEBUG - ==>Relay Off
2022-01-12 18:04:35,256 - root - DEBUG - Writing stats to Firing DB table...
2022-01-12 18:04:35,267 - root - INFO - database writing complete1
2022-01-12 18:04:35,268 - root - INFO - RunState end: Target Reached
2022-01-12 18:04:45,255 - root - DEBUG - Entering PID update with parameters SetPoint:1031.89, ProcValue:1053.71, IMax:100.00, IMin:0.00,
2022-01-12 18:04:45,255 - root - DEBUG -   Window:10, Kp: 30.000, Ki: 1.000, Kd: 0.600
2022-01-12 18:04:45,255 - root - DEBUG - Exiting PID update with parameters Error:-21.82, ITerm:0.00, DInput:-2.00, Output:0.00
2022-01-12 18:04:45,255 - root - DEBUG - RunID 54, Segment 2 (loop 286) - RunState:Target Reached,
                       ReadTmp:1053.71, RampTmp:1031.89, TargetTmp:1044.00,
                       Output:0.00, CycleOnSec:0.00, RemainTime:0:02:30
                    
2022-01-12 18:04:45,255 - root - DEBUG - ==>Relay Off
2022-01-12 18:04:45,256 - root - DEBUG - Writing stats to Firing DB table...
2022-01-12 18:04:45,269 - root - INFO - database writing complete1
2022-01-12 18:04:45,269 - root - INFO - RunState end: Target Reached
2022-01-12 18:04:55,255 - root - DEBUG - Entering PID update with parameters SetPoint:1032.06, ProcValue:1051.71, IMax:100.00, IMin:0.00,
2022-01-12 18:04:55,255 - root - DEBUG -   Window:10, Kp: 30.000, Ki: 1.000, Kd: 0.600
2022-01-12 18:04:55,255 - root - DEBUG - Exiting PID update with parameters Error:-19.65, ITerm:0.00, DInput:-2.00, Output:0.00
2022-01-12 18:04:55,255 - root - DEBUG - RunID 54, Segment 2 (loop 287) - RunState:Target Reached,
                       ReadTmp:1051.71, RampTmp:1032.06, TargetTmp:1044.00,
                       Output:0.00, CycleOnSec:0.00, RemainTime:0:02:20
                    
2022-01-12 18:04:55,255 - root - DEBUG - ==>Relay Off
2022-01-12 18:04:55,256 - root - DEBUG - Writing stats to Firing DB table...
2022-01-12 18:04:55,267 - root - INFO - database writing complete1
2022-01-12 18:04:55,267 - root - INFO - RunState end: Target Reached
2022-01-12 18:05:05,255 - root - DEBUG - Entering PID update with parameters SetPoint:1032.22, ProcValue:1049.71, IMax:100.00, IMin:0.00,
2022-01-12 18:05:05,255 - root - DEBUG -   Window:10, Kp: 30.000, Ki: 1.000, Kd: 0.600
2022-01-12 18:05:05,255 - root - DEBUG - Exiting PID update with parameters Error:-17.49, ITerm:0.00, DInput:-2.00, Output:0.00
2022-01-12 18:05:05,255 - root - DEBUG - RunID 54, Segment 2 (loop 288) - RunState:Target Reached,
                       ReadTmp:1049.71, RampTmp:1032.22, TargetTmp:1044.00,
                       Output:0.00, CycleOnSec:0.00, RemainTime:0:02:10
                    
2022-01-12 18:05:05,255 - root - DEBUG - ==>Relay Off
2022-01-12 18:05:05,256 - root - DEBUG - Writing stats to Firing DB table...
2022-01-12 18:05:05,267 - root - INFO - database writing complete1
2022-01-12 18:05:05,268 - root - INFO - RunState end: Target Reached
2022-01-12 18:05:15,255 - root - DEBUG - Entering PID update with parameters SetPoint:1032.39, ProcValue:1047.71, IMax:100.00, IMin:0.00,
2022-01-12 18:05:15,255 - root - DEBUG -   Window:10, Kp: 30.000, Ki: 1.000, Kd: 0.600
2022-01-12 18:05:15,255 - root - DEBUG - Exiting PID update with parameters Error:-15.32, ITerm:0.00, DInput:-2.00, Output:0.00
2022-01-12 18:05:15,255 - root - DEBUG - RunID 54, Segment 2 (loop 289) - RunState:Target Reached,
                       ReadTmp:1047.71, RampTmp:1032.39, TargetTmp:1044.00,
                       Output:0.00, CycleOnSec:0.00, RemainTime:0:02:00
                    
2022-01-12 18:05:15,255 - root - DEBUG - ==>Relay Off
2022-01-12 18:05:15,256 - root - DEBUG - Writing stats to Firing DB table...
2022-01-12 18:05:15,276 - root - INFO - database writing complete1
2022-01-12 18:05:15,276 - root - INFO - RunState end: Target Reached
2022-01-12 18:05:25,255 - root - DEBUG - Entering PID update with parameters SetPoint:1032.56, ProcValue:1045.71, IMax:100.00, IMin:0.00,
2022-01-12 18:05:25,255 - root - DEBUG -   Window:10, Kp: 30.000, Ki: 1.000, Kd: 0.600
2022-01-12 18:05:25,255 - root - DEBUG - Exiting PID update with parameters Error:-13.15, ITerm:0.00, DInput:-2.00, Output:0.00
2022-01-12 18:05:25,255 - root - DEBUG - RunID 54, Segment 2 (loop 290) - RunState:Target Reached,
                       ReadTmp:1045.71, RampTmp:1032.56, TargetTmp:1044.00,
                       Output:0.00, CycleOnSec:0.00, RemainTime:0:01:50
                    
2022-01-12 18:05:25,255 - root - DEBUG - ==>Relay Off
2022-01-12 18:05:25,256 - root - DEBUG - Writing stats to Firing DB table...
2022-01-12 18:05:25,268 - root - INFO - database writing complete1
2022-01-12 18:05:25,268 - root - INFO - RunState end: Target Reached
2022-01-12 18:05:35,255 - root - DEBUG - Entering PID update with parameters SetPoint:1032.72, ProcValue:1043.71, IMax:100.00, IMin:0.00,
2022-01-12 18:05:35,255 - root - DEBUG -   Window:10, Kp: 30.000, Ki: 1.000, Kd: 0.600
2022-01-12 18:05:35,255 - root - DEBUG - Exiting PID update with parameters Error:-10.99, ITerm:0.00, DInput:-2.00, Output:0.00
2022-01-12 18:05:35,255 - root - DEBUG - RunID 54, Segment 2 (loop 291) - RunState:Target Reached,
                       ReadTmp:1043.71, RampTmp:1032.72, TargetTmp:1044.00,
                       Output:0.00, CycleOnSec:0.00, RemainTime:0:01:40
                    
2022-01-12 18:05:35,255 - root - DEBUG - ==>Relay Off
2022-01-12 18:05:35,256 - root - DEBUG - Writing stats to Firing DB table...
2022-01-12 18:05:35,268 - root - INFO - database writing complete1
2022-01-12 18:05:35,268 - root - INFO - RunState end: Target Reached
2022-01-12 18:05:45,255 - root - DEBUG - Entering PID update with parameters SetPoint:1032.89, ProcValue:1041.71, IMax:100.00, IMin:0.00,
2022-01-12 18:05:45,255 - root - DEBUG -   Window:10, Kp: 30.000, Ki: 1.000, Kd: 0.600
2022-01-12 18:05:45,255 - root - DEBUG - Exiting PID update with parameters Error:-8.82, ITerm:0.00, DInput:-2.00, Output:0.00
2022-01-12 18:05:45,255 - root - DEBUG - RunID 54, Segment 2 (loop 292) - RunState:Target Reached,
                       ReadTmp:1041.71, RampTmp:1032.89, TargetTmp:1044.00,
                       Output:0.00, CycleOnSec:0.00, RemainTime:0:01:30
                    
2022-01-12 18:05:45,255 - root - DEBUG - ==>Relay Off
2022-01-12 18:05:45,256 - root - DEBUG - Writing stats to Firing DB table...
2022-01-12 18:05:45,268 - root - INFO - database writing complete1
2022-01-12 18:05:45,268 - root - INFO - RunState end: Target Reached
2022-01-12 18:05:55,255 - root - DEBUG - Entering PID update with parameters SetPoint:1033.06, ProcValue:1039.71, IMax:100.00, IMin:0.00,
2022-01-12 18:05:55,255 - root - DEBUG -   Window:10, Kp: 30.000, Ki: 1.000, Kd: 0.600
2022-01-12 18:05:55,255 - root - DEBUG - Exiting PID update with parameters Error:-6.65, ITerm:0.00, DInput:-2.00, Output:0.00
2022-01-12 18:05:55,255 - root - DEBUG - RunID 54, Segment 2 (loop 293) - RunState:Target Reached,
                       ReadTmp:1039.71, RampTmp:1033.06, TargetTmp:1044.00,
                       Output:0.00, CycleOnSec:0.00, RemainTime:0:01:20
                    
2022-01-12 18:05:55,255 - root - DEBUG - ==>Relay Off
2022-01-12 18:05:55,256 - root - DEBUG - Writing stats to Firing DB table...
2022-01-12 18:05:55,269 - root - INFO - database writing complete1
2022-01-12 18:05:55,269 - root - INFO - RunState end: Target Reached
2022-01-12 18:06:05,254 - root - DEBUG - Entering PID update with parameters SetPoint:1033.22, ProcValue:1037.71, IMax:100.00, IMin:0.00,
2022-01-12 18:06:05,255 - root - DEBUG -   Window:10, Kp: 30.000, Ki: 1.000, Kd: 0.600
2022-01-12 18:06:05,255 - root - DEBUG - Exiting PID update with parameters Error:-4.49, ITerm:0.00, DInput:-2.00, Output:0.00
2022-01-12 18:06:05,255 - root - DEBUG - RunID 54, Segment 2 (loop 294) - RunState:Target Reached,
                       ReadTmp:1037.71, RampTmp:1033.22, TargetTmp:1044.00,
                       Output:0.00, CycleOnSec:0.00, RemainTime:0:01:10
                    
2022-01-12 18:06:05,255 - root - DEBUG - ==>Relay Off
2022-01-12 18:06:05,256 - root - DEBUG - Writing stats to Firing DB table...
2022-01-12 18:06:05,268 - root - INFO - database writing complete1
2022-01-12 18:06:05,269 - root - INFO - RunState end: Target Reached
2022-01-12 18:06:15,254 - root - DEBUG - Entering PID update with parameters SetPoint:1033.39, ProcValue:1035.71, IMax:100.00, IMin:0.00,
2022-01-12 18:06:15,255 - root - DEBUG -   Window:10, Kp: 30.000, Ki: 1.000, Kd: 0.600
2022-01-12 18:06:15,255 - root - DEBUG - Exiting PID update with parameters Error:-2.32, ITerm:0.00, DInput:-2.00, Output:0.00
2022-01-12 18:06:15,255 - root - DEBUG - RunID 54, Segment 2 (loop 295) - RunState:Target Reached,
                       ReadTmp:1035.71, RampTmp:1033.39, TargetTmp:1044.00,
                       Output:0.00, CycleOnSec:0.00, RemainTime:0:01:00
                    
2022-01-12 18:06:15,255 - root - DEBUG - ==>Relay Off
2022-01-12 18:06:15,256 - root - DEBUG - Writing stats to Firing DB table...
2022-01-12 18:06:15,271 - root - INFO - database writing complete1
2022-01-12 18:06:15,271 - root - INFO - RunState end: Target Reached
2022-01-12 18:06:25,254 - root - DEBUG - Entering PID update with parameters SetPoint:1033.56, ProcValue:1033.71, IMax:100.00, IMin:0.00,
2022-01-12 18:06:25,255 - root - DEBUG -   Window:10, Kp: 30.000, Ki: 1.000, Kd: 0.600
2022-01-12 18:06:25,255 - root - DEBUG - Exiting PID update with parameters Error:-0.15, ITerm:0.00, DInput:-2.00, Output:0.00
2022-01-12 18:06:25,255 - root - DEBUG - RunID 54, Segment 2 (loop 296) - RunState:Target Reached,
                       ReadTmp:1033.71, RampTmp:1033.56, TargetTmp:1044.00,
                       Output:0.00, CycleOnSec:0.00, RemainTime:0:00:50
                    
2022-01-12 18:06:25,255 - root - DEBUG - ==>Relay Off
2022-01-12 18:06:25,256 - root - DEBUG - Writing stats to Firing DB table...
2022-01-12 18:06:25,299 - root - INFO - database writing complete1
2022-01-12 18:06:25,300 - root - INFO - RunState end: Target Reached
2022-01-12 18:06:35,254 - root - DEBUG - Entering PID update with parameters SetPoint:1033.72, ProcValue:1031.71, IMax:100.00, IMin:0.00,
2022-01-12 18:06:35,255 - root - DEBUG -   Window:10, Kp: 30.000, Ki: 1.000, Kd: 0.600
2022-01-12 18:06:35,255 - root - DEBUG - Exiting PID update with parameters Error:2.01, ITerm:2.01, DInput:-2.00, Output:63.62
2022-01-12 18:06:35,255 - root - DEBUG - RunID 54, Segment 2 (loop 297) - RunState:Target Reached,
                       ReadTmp:1031.71, RampTmp:1033.72, TargetTmp:1044.00,
                       Output:63.62, CycleOnSec:6.36, RemainTime:0:00:40
                    
2022-01-12 18:06:35,255 - root - DEBUG - ==>Relay On
2022-01-12 18:06:41,623 - root - DEBUG - ==>Relay Off
2022-01-12 18:06:41,624 - root - DEBUG - Writing stats to Firing DB table...
2022-01-12 18:06:41,669 - root - INFO - database writing complete1
2022-01-12 18:06:41,670 - root - INFO - RunState end: Target Reached
2022-01-12 18:06:45,254 - root - DEBUG - Entering PID update with parameters SetPoint:1033.89, ProcValue:1061.52, IMax:100.00, IMin:0.00,
2022-01-12 18:06:45,255 - root - DEBUG -   Window:10, Kp: 30.000, Ki: 1.000, Kd: 0.600
2022-01-12 18:06:45,255 - root - DEBUG - Exiting PID update with parameters Error:-27.63, ITerm:0.00, DInput:29.81, Output:0.00
2022-01-12 18:06:45,255 - root - DEBUG - RunID 54, Segment 2 (loop 298) - RunState:Target Reached,
                       ReadTmp:1061.52, RampTmp:1033.89, TargetTmp:1044.00,
                       Output:0.00, CycleOnSec:0.00, RemainTime:0:00:30
                    
2022-01-12 18:06:45,255 - root - DEBUG - ==>Relay Off
2022-01-12 18:06:45,255 - root - DEBUG - Writing stats to Firing DB table...
2022-01-12 18:06:45,300 - root - INFO - database writing complete1
2022-01-12 18:06:45,300 - root - INFO - RunState end: Target Reached
2022-01-12 18:06:55,254 - root - DEBUG - Entering PID update with parameters SetPoint:1034.06, ProcValue:1059.52, IMax:100.00, IMin:0.00,
2022-01-12 18:06:55,255 - root - DEBUG -   Window:10, Kp: 30.000, Ki: 1.000, Kd: 0.600
2022-01-12 18:06:55,255 - root - DEBUG - Exiting PID update with parameters Error:-25.46, ITerm:0.00, DInput:-2.00, Output:0.00
2022-01-12 18:06:55,255 - root - DEBUG - RunID 54, Segment 2 (loop 299) - RunState:Target Reached,
                       ReadTmp:1059.52, RampTmp:1034.06, TargetTmp:1044.00,
                       Output:0.00, CycleOnSec:0.00, RemainTime:0:00:20
                    
2022-01-12 18:06:55,255 - root - DEBUG - ==>Relay Off
2022-01-12 18:06:55,255 - root - DEBUG - Writing stats to Firing DB table...
2022-01-12 18:06:55,284 - root - INFO - database writing complete1
2022-01-12 18:06:55,284 - root - INFO - RunState end: Target Reached
2022-01-12 18:07:05,254 - root - DEBUG - Entering PID update with parameters SetPoint:1034.22, ProcValue:1057.52, IMax:100.00, IMin:0.00,
2022-01-12 18:07:05,255 - root - DEBUG -   Window:10, Kp: 30.000, Ki: 1.000, Kd: 0.600
2022-01-12 18:07:05,255 - root - DEBUG - Exiting PID update with parameters Error:-23.29, ITerm:0.00, DInput:-2.00, Output:0.00
2022-01-12 18:07:05,255 - root - DEBUG - RunID 54, Segment 2 (loop 300) - RunState:Target Reached,
                       ReadTmp:1057.52, RampTmp:1034.22, TargetTmp:1044.00,
                       Output:0.00, CycleOnSec:0.00, RemainTime:0:00:10
                    
2022-01-12 18:07:05,255 - root - DEBUG - ==>Relay Off
2022-01-12 18:07:05,256 - root - DEBUG - Writing stats to Firing DB table...
2022-01-12 18:07:05,284 - root - INFO - database writing complete1
2022-01-12 18:07:05,285 - root - INFO - RunState end: Target Reached
2022-01-12 18:07:15,254 - root - DEBUG - Entering PID update with parameters SetPoint:1034.39, ProcValue:1055.52, IMax:100.00, IMin:0.00,
2022-01-12 18:07:15,255 - root - DEBUG -   Window:10, Kp: 30.000, Ki: 1.000, Kd: 0.600
2022-01-12 18:07:15,255 - root - DEBUG - Exiting PID update with parameters Error:-21.13, ITerm:0.00, DInput:-2.00, Output:0.00
2022-01-12 18:07:15,255 - root - DEBUG - RunID 54, Segment 2 (loop 301) - RunState:Target Reached,
                       ReadTmp:1055.52, RampTmp:1034.39, TargetTmp:1044.00,
                       Output:0.00, CycleOnSec:0.00, RemainTime:0:00:00
                    
2022-01-12 18:07:15,255 - root - DEBUG - ==>Relay Off
2022-01-12 18:07:15,256 - root - DEBUG - Writing stats to Firing DB table...
2022-01-12 18:07:15,267 - root - INFO - database writing complete1
2022-01-12 18:07:15,267 - root - INFO - RunState end: Complete
2022-01-12 18:07:15,267 - root - DEBUG - Update run id 54,
                                   segment 2 end time to 2022-01-12 18:07:15
                                
2022-01-12 18:07:15,267 - root - DEBUG - Update run id 54,
                                   segment 2 end time to 2022-01-12 18:07:15
                                
2022-01-12 18:07:15,267 - root - INFO - Segment 2 Complete
2022-01-12 18:07:15,285 - root - INFO - state updated to Completed
2022-01-12 18:07:15,286 - root - INFO - SegCompStat 0
2022-01-12 18:07:15,286 - root - INFO - Polling for 'Running' firing profiles...
