2022-01-19 12:13:39,953 - root - INFO - TotalSeg: 2
2022-01-19 12:13:39,953 - root - INFO - segment is 1 start time is None endtime is None
2022-01-19 12:13:40,466 - root - INFO - Entering Fire function with parameters RunID:58, Seg:1,
              TargetTmp:1185, Rate:170, HoldMin:0, Window:30
           
2022-01-19 12:13:41,232 - root - INFO - First pass of firing loop - TargetTmp:1185.00,
                          StartTmp:115.86,RampTmp:117.28, TmpDif:1069.14,
                          RampMin:377.34, Steps:754, StepTmp:1.42,
                          Window:30, StartSec:1642616021, EndSec:1642638661
                       
2022-01-19 12:13:41,232 - root - DEBUG - Entering PID update with parameters SetPoint:117.28, ProcValue:115.86, IMax:100.00, IMin:0.00,
2022-01-19 12:13:41,232 - root - DEBUG -   Window:30, Kp: 30.000, Ki: 1.000, Kd: 0.600
2022-01-19 12:13:41,233 - root - DEBUG - Exiting PID update with parameters Error:1.42, ITerm:11.48, DInput:0.62, Output:53.60
2022-01-19 12:13:41,233 - root - DEBUG - RunID 58, Segment 1 (loop 1) - RunState:Ramp,
                       ReadTmp:115.86, RampTmp:117.28, TargetTmp:1185.00,
                       Output:53.60, CycleOnSec:16.08, RemainTime:6:17:20
                    
2022-01-19 12:13:41,233 - root - DEBUG - ==>Relay On
2022-01-19 12:13:57,330 - root - DEBUG - ==>Relay Off
2022-01-19 12:13:57,331 - root - DEBUG - Writing stats to Firing DB table...
2022-01-19 12:13:57,345 - root - INFO - database writing complete1
2022-01-19 12:13:57,346 - root - INFO - RunState end: Ramp
2022-01-19 12:14:11,506 - root - DEBUG - Entering PID update with parameters SetPoint:118.69, ProcValue:118.10, IMax:100.00, IMin:0.00,
2022-01-19 12:14:11,507 - root - DEBUG -   Window:30, Kp: 30.000, Ki: 1.000, Kd: 0.600
2022-01-19 12:14:11,507 - root - DEBUG - Exiting PID update with parameters Error:0.59, ITerm:12.07, DInput:2.24, Output:28.46
2022-01-19 12:14:11,507 - root - DEBUG - RunID 58, Segment 1 (loop 2) - RunState:Ramp,
                       ReadTmp:118.10, RampTmp:118.69, TargetTmp:1185.00,
                       Output:28.46, CycleOnSec:8.54, RemainTime:6:16:50
                    
2022-01-19 12:14:11,507 - root - DEBUG - ==>Relay On
2022-01-19 12:14:20,052 - root - DEBUG - ==>Relay Off
2022-01-19 12:14:20,053 - root - DEBUG - Writing stats to Firing DB table...
2022-01-19 12:14:20,099 - root - INFO - database writing complete1
2022-01-19 12:14:20,099 - root - INFO - RunState end: Ramp
2022-01-19 12:14:41,507 - root - DEBUG - Entering PID update with parameters SetPoint:120.11, ProcValue:120.42, IMax:100.00, IMin:0.00,
2022-01-19 12:14:41,507 - root - DEBUG -   Window:30, Kp: 30.000, Ki: 1.000, Kd: 0.600
2022-01-19 12:14:41,507 - root - DEBUG - Exiting PID update with parameters Error:-0.31, ITerm:11.76, DInput:2.32, Output:0.99
2022-01-19 12:14:41,507 - root - DEBUG - RunID 58, Segment 1 (loop 3) - RunState:Ramp,
                       ReadTmp:120.42, RampTmp:120.11, TargetTmp:1185.00,
                       Output:0.99, CycleOnSec:0.30, RemainTime:6:16:20
                    
2022-01-19 12:14:41,507 - root - DEBUG - ==>Relay On
2022-01-19 12:14:41,804 - root - DEBUG - ==>Relay Off
2022-01-19 12:14:41,805 - root - DEBUG - Writing stats to Firing DB table...
2022-01-19 12:14:41,828 - root - INFO - database writing complete1
2022-01-19 12:14:41,829 - root - INFO - RunState end: Ramp
2022-01-19 12:15:11,506 - root - DEBUG - Entering PID update with parameters SetPoint:121.53, ProcValue:122.07, IMax:100.00, IMin:0.00,
2022-01-19 12:15:11,507 - root - DEBUG -   Window:30, Kp: 30.000, Ki: 1.000, Kd: 0.600
2022-01-19 12:15:11,507 - root - DEBUG - Exiting PID update with parameters Error:-0.54, ITerm:11.21, DInput:1.65, Output:0.00
2022-01-19 12:15:11,507 - root - DEBUG - RunID 58, Segment 1 (loop 4) - RunState:Ramp,
                       ReadTmp:122.07, RampTmp:121.53, TargetTmp:1185.00,
                       Output:0.00, CycleOnSec:0.00, RemainTime:6:15:50
                    
2022-01-19 12:15:11,507 - root - DEBUG - ==>Relay Off
2022-01-19 12:15:11,507 - root - DEBUG - Writing stats to Firing DB table...
2022-01-19 12:15:11,537 - root - INFO - database writing complete1
2022-01-19 12:15:11,537 - root - INFO - RunState end: Ramp
2022-01-19 12:15:41,507 - root - DEBUG - Entering PID update with parameters SetPoint:122.94, ProcValue:123.48, IMax:100.00, IMin:0.00,
2022-01-19 12:15:41,507 - root - DEBUG -   Window:30, Kp: 30.000, Ki: 1.000, Kd: 0.600
2022-01-19 12:15:41,507 - root - DEBUG - Exiting PID update with parameters Error:-0.53, ITerm:10.68, DInput:1.41, Output:0.00
2022-01-19 12:15:41,507 - root - DEBUG - RunID 58, Segment 1 (loop 5) - RunState:Ramp,
                       ReadTmp:123.48, RampTmp:122.94, TargetTmp:1185.00,
                       Output:0.00, CycleOnSec:0.00, RemainTime:6:15:20
                    
2022-01-19 12:15:41,507 - root - DEBUG - ==>Relay Off
2022-01-19 12:15:41,508 - root - DEBUG - Writing stats to Firing DB table...
2022-01-19 12:15:41,523 - root - INFO - database writing complete1
2022-01-19 12:15:41,523 - root - INFO - RunState end: Ramp
2022-01-19 12:16:11,506 - root - DEBUG - Entering PID update with parameters SetPoint:124.36, ProcValue:124.43, IMax:100.00, IMin:0.00,
2022-01-19 12:16:11,507 - root - DEBUG -   Window:30, Kp: 30.000, Ki: 1.000, Kd: 0.600
2022-01-19 12:16:11,507 - root - DEBUG - Exiting PID update with parameters Error:-0.07, ITerm:10.61, DInput:0.95, Output:7.93
2022-01-19 12:16:11,507 - root - DEBUG - RunID 58, Segment 1 (loop 6) - RunState:Ramp,
                       ReadTmp:124.43, RampTmp:124.36, TargetTmp:1185.00,
                       Output:7.93, CycleOnSec:2.38, RemainTime:6:14:50
                    
2022-01-19 12:16:11,507 - root - DEBUG - ==>Relay On
2022-01-19 12:16:13,887 - root - DEBUG - ==>Relay Off
2022-01-19 12:16:13,889 - root - DEBUG - Writing stats to Firing DB table...
2022-01-19 12:16:13,913 - root - INFO - database writing complete1
2022-01-19 12:16:13,914 - root - INFO - RunState end: Ramp
2022-01-19 12:16:41,507 - root - DEBUG - Entering PID update with parameters SetPoint:125.78, ProcValue:125.27, IMax:100.00, IMin:0.00,
2022-01-19 12:16:41,507 - root - DEBUG -   Window:30, Kp: 30.000, Ki: 1.000, Kd: 0.600
2022-01-19 12:16:41,507 - root - DEBUG - Exiting PID update with parameters Error:0.50, ITerm:11.11, DInput:0.84, Output:25.68
2022-01-19 12:16:41,507 - root - DEBUG - RunID 58, Segment 1 (loop 7) - RunState:Ramp,
                       ReadTmp:125.27, RampTmp:125.78, TargetTmp:1185.00,
                       Output:25.68, CycleOnSec:7.70, RemainTime:6:14:20
                    
2022-01-19 12:16:41,507 - root - DEBUG - ==>Relay On
2022-01-19 12:16:49,220 - root - DEBUG - ==>Relay Off
2022-01-19 12:16:49,221 - root - DEBUG - Writing stats to Firing DB table...
2022-01-19 12:16:49,237 - root - INFO - database writing complete1
2022-01-19 12:16:49,238 - root - INFO - RunState end: Ramp
2022-01-19 12:17:11,506 - root - DEBUG - Entering PID update with parameters SetPoint:127.19, ProcValue:125.96, IMax:100.00, IMin:0.00,
2022-01-19 12:17:11,507 - root - DEBUG -   Window:30, Kp: 30.000, Ki: 1.000, Kd: 0.600
2022-01-19 12:17:11,507 - root - DEBUG - Exiting PID update with parameters Error:1.23, ITerm:12.34, DInput:0.69, Output:48.88
2022-01-19 12:17:11,507 - root - DEBUG - RunID 58, Segment 1 (loop 8) - RunState:Ramp,
                       ReadTmp:125.96, RampTmp:127.19, TargetTmp:1185.00,
                       Output:48.88, CycleOnSec:14.66, RemainTime:6:13:50
                    
2022-01-19 12:17:11,507 - root - DEBUG - ==>Relay On
2022-01-19 12:17:26,187 - root - DEBUG - ==>Relay Off
2022-01-19 12:17:26,188 - root - DEBUG - Writing stats to Firing DB table...
2022-01-19 12:17:26,207 - root - INFO - database writing complete1
2022-01-19 12:17:26,208 - root - INFO - RunState end: Ramp
2022-01-19 12:17:41,506 - root - DEBUG - Entering PID update with parameters SetPoint:128.61, ProcValue:127.02, IMax:100.00, IMin:0.00,
2022-01-19 12:17:41,507 - root - DEBUG -   Window:30, Kp: 30.000, Ki: 1.000, Kd: 0.600
2022-01-19 12:17:41,507 - root - DEBUG - Exiting PID update with parameters Error:1.59, ITerm:13.93, DInput:1.06, Output:60.87
2022-01-19 12:17:41,507 - root - DEBUG - RunID 58, Segment 1 (loop 9) - RunState:Ramp,
                       ReadTmp:127.02, RampTmp:128.61, TargetTmp:1185.00,
                       Output:60.87, CycleOnSec:18.26, RemainTime:6:13:20
                    
2022-01-19 12:17:41,507 - root - DEBUG - ==>Relay On
2022-01-19 12:17:59,786 - root - DEBUG - ==>Relay Off
2022-01-19 12:17:59,787 - root - DEBUG - Writing stats to Firing DB table...
2022-01-19 12:17:59,804 - root - INFO - database writing complete1
2022-01-19 12:17:59,804 - root - INFO - RunState end: Ramp
2022-01-19 12:18:11,506 - root - DEBUG - Entering PID update with parameters SetPoint:130.03, ProcValue:128.80, IMax:100.00, IMin:0.00,
2022-01-19 12:18:11,507 - root - DEBUG -   Window:30, Kp: 30.000, Ki: 1.000, Kd: 0.600
2022-01-19 12:18:11,507 - root - DEBUG - Exiting PID update with parameters Error:1.23, ITerm:15.16, DInput:1.77, Output:50.97
2022-01-19 12:18:11,507 - root - DEBUG - RunID 58, Segment 1 (loop 10) - RunState:Ramp,
                       ReadTmp:128.80, RampTmp:130.03, TargetTmp:1185.00,
                       Output:50.97, CycleOnSec:15.29, RemainTime:6:12:50
                    
2022-01-19 12:18:11,507 - root - DEBUG - ==>Relay On
2022-01-19 12:18:26,813 - root - DEBUG - ==>Relay Off
2022-01-19 12:18:26,814 - root - DEBUG - Writing stats to Firing DB table...
2022-01-19 12:18:26,833 - root - INFO - database writing complete1
2022-01-19 12:18:26,834 - root - INFO - RunState end: Ramp
2022-01-19 12:18:41,506 - root - DEBUG - Entering PID update with parameters SetPoint:131.44, ProcValue:131.17, IMax:100.00, IMin:0.00,
2022-01-19 12:18:41,507 - root - DEBUG -   Window:30, Kp: 30.000, Ki: 1.000, Kd: 0.600
2022-01-19 12:18:41,507 - root - DEBUG - Exiting PID update with parameters Error:0.27, ITerm:15.43, DInput:2.38, Output:22.13
2022-01-19 12:18:41,507 - root - DEBUG - RunID 58, Segment 1 (loop 11) - RunState:Ramp,
                       ReadTmp:131.17, RampTmp:131.44, TargetTmp:1185.00,
                       Output:22.13, CycleOnSec:6.64, RemainTime:6:12:20
                    
2022-01-19 12:18:41,507 - root - DEBUG - ==>Relay On
2022-01-19 12:18:48,152 - root - DEBUG - ==>Relay Off
2022-01-19 12:18:48,154 - root - DEBUG - Writing stats to Firing DB table...
2022-01-19 12:18:48,169 - root - INFO - database writing complete1
2022-01-19 12:18:48,170 - root - INFO - RunState end: Ramp
2022-01-19 12:19:11,506 - root - DEBUG - Entering PID update with parameters SetPoint:132.86, ProcValue:133.17, IMax:100.00, IMin:0.00,
2022-01-19 12:19:11,506 - root - DEBUG -   Window:30, Kp: 30.000, Ki: 1.000, Kd: 0.600
2022-01-19 12:19:11,507 - root - DEBUG - Exiting PID update with parameters Error:-0.31, ITerm:15.11, DInput:2.00, Output:4.54
2022-01-19 12:19:11,507 - root - DEBUG - RunID 58, Segment 1 (loop 12) - RunState:Ramp,
                       ReadTmp:133.17, RampTmp:132.86, TargetTmp:1185.00,
                       Output:4.54, CycleOnSec:1.36, RemainTime:6:11:50
                    
2022-01-19 12:19:11,507 - root - DEBUG - ==>Relay On
2022-01-19 12:19:12,870 - root - DEBUG - ==>Relay Off
2022-01-19 12:19:12,872 - root - DEBUG - Writing stats to Firing DB table...
2022-01-19 12:19:12,887 - root - INFO - database writing complete1
2022-01-19 12:19:12,888 - root - INFO - RunState end: Ramp
2022-01-19 12:19:41,507 - root - DEBUG - Entering PID update with parameters SetPoint:134.28, ProcValue:134.80, IMax:100.00, IMin:0.00,
2022-01-19 12:19:41,507 - root - DEBUG -   Window:30, Kp: 30.000, Ki: 1.000, Kd: 0.600
2022-01-19 12:19:41,508 - root - DEBUG - Exiting PID update with parameters Error:-0.52, ITerm:14.59, DInput:1.62, Output:0.00
2022-01-19 12:19:41,508 - root - DEBUG - RunID 58, Segment 1 (loop 13) - RunState:Ramp,
                       ReadTmp:134.80, RampTmp:134.28, TargetTmp:1185.00,
                       Output:0.00, CycleOnSec:0.00, RemainTime:6:11:20
                    
2022-01-19 12:19:41,508 - root - DEBUG - ==>Relay Off
2022-01-19 12:19:41,509 - root - DEBUG - Writing stats to Firing DB table...
2022-01-19 12:19:41,526 - root - INFO - database writing complete1
2022-01-19 12:19:41,527 - root - INFO - RunState end: Ramp
2022-01-19 12:20:11,507 - root - DEBUG - Entering PID update with parameters SetPoint:135.69, ProcValue:135.94, IMax:100.00, IMin:0.00,
2022-01-19 12:20:11,507 - root - DEBUG -   Window:30, Kp: 30.000, Ki: 1.000, Kd: 0.600
2022-01-19 12:20:11,507 - root - DEBUG - Exiting PID update with parameters Error:-0.24, ITerm:14.35, DInput:1.14, Output:6.32
2022-01-19 12:20:11,508 - root - DEBUG - RunID 58, Segment 1 (loop 14) - RunState:Ramp,
                       ReadTmp:135.94, RampTmp:135.69, TargetTmp:1185.00,
                       Output:6.32, CycleOnSec:1.90, RemainTime:6:10:50
                    
2022-01-19 12:20:11,508 - root - DEBUG - ==>Relay On
2022-01-19 12:20:13,406 - root - DEBUG - ==>Relay Off
2022-01-19 12:20:13,408 - root - DEBUG - Writing stats to Firing DB table...
2022-01-19 12:20:13,421 - root - INFO - database writing complete1
2022-01-19 12:20:13,422 - root - INFO - RunState end: Ramp
2022-01-19 12:20:41,509 - root - DEBUG - Entering PID update with parameters SetPoint:137.11, ProcValue:136.94, IMax:100.00, IMin:0.00,
2022-01-19 12:20:41,509 - root - DEBUG -   Window:30, Kp: 30.000, Ki: 1.000, Kd: 0.600
2022-01-19 12:20:41,509 - root - DEBUG - Exiting PID update with parameters Error:0.17, ITerm:14.52, DInput:1.00, Output:19.08
2022-01-19 12:20:41,509 - root - DEBUG - RunID 58, Segment 1 (loop 15) - RunState:Ramp,
                       ReadTmp:136.94, RampTmp:137.11, TargetTmp:1185.00,
                       Output:19.08, CycleOnSec:5.72, RemainTime:6:10:20
                    
2022-01-19 12:20:41,509 - root - DEBUG - ==>Relay On
2022-01-19 12:20:47,238 - root - DEBUG - ==>Relay Off
2022-01-19 12:20:47,240 - root - DEBUG - Writing stats to Firing DB table...
2022-01-19 12:20:47,253 - root - INFO - database writing complete1
2022-01-19 12:20:47,254 - root - INFO - RunState end: Ramp
2022-01-19 12:21:11,507 - root - DEBUG - Entering PID update with parameters SetPoint:138.53, ProcValue:137.89, IMax:100.00, IMin:0.00,
2022-01-19 12:21:11,507 - root - DEBUG -   Window:30, Kp: 30.000, Ki: 1.000, Kd: 0.600
2022-01-19 12:21:11,507 - root - DEBUG - Exiting PID update with parameters Error:0.64, ITerm:15.16, DInput:0.95, Output:33.65
2022-01-19 12:21:11,507 - root - DEBUG - RunID 58, Segment 1 (loop 16) - RunState:Ramp,
                       ReadTmp:137.89, RampTmp:138.53, TargetTmp:1185.00,
                       Output:33.65, CycleOnSec:10.09, RemainTime:6:09:50
                    
2022-01-19 12:21:11,508 - root - DEBUG - ==>Relay On
2022-01-19 12:21:21,612 - root - DEBUG - ==>Relay Off
2022-01-19 12:21:21,613 - root - DEBUG - Writing stats to Firing DB table...
2022-01-19 12:21:21,626 - root - INFO - database writing complete1
2022-01-19 12:21:21,626 - root - INFO - RunState end: Ramp
2022-01-19 12:21:41,507 - root - DEBUG - Entering PID update with parameters SetPoint:139.94, ProcValue:138.91, IMax:100.00, IMin:0.00,
2022-01-19 12:21:41,507 - root - DEBUG -   Window:30, Kp: 30.000, Ki: 1.000, Kd: 0.600
2022-01-19 12:21:41,507 - root - DEBUG - Exiting PID update with parameters Error:1.04, ITerm:16.19, DInput:1.02, Output:46.68
2022-01-19 12:21:41,507 - root - DEBUG - RunID 58, Segment 1 (loop 17) - RunState:Ramp,
                       ReadTmp:138.91, RampTmp:139.94, TargetTmp:1185.00,
                       Output:46.68, CycleOnSec:14.00, RemainTime:6:09:20
                    
2022-01-19 12:21:41,507 - root - DEBUG - ==>Relay On
2022-01-19 12:21:55,522 - root - DEBUG - ==>Relay Off
2022-01-19 12:21:55,522 - root - DEBUG - Writing stats to Firing DB table...
2022-01-19 12:21:55,539 - root - INFO - database writing complete1
2022-01-19 12:21:55,539 - root - INFO - RunState end: Ramp
2022-01-19 12:22:11,506 - root - DEBUG - Entering PID update with parameters SetPoint:141.36, ProcValue:140.30, IMax:100.00, IMin:0.00,
2022-01-19 12:22:11,507 - root - DEBUG -   Window:30, Kp: 30.000, Ki: 1.000, Kd: 0.600
2022-01-19 12:22:11,507 - root - DEBUG - Exiting PID update with parameters Error:1.06, ITerm:17.26, DInput:1.39, Output:48.30
2022-01-19 12:22:11,507 - root - DEBUG - RunID 58, Segment 1 (loop 18) - RunState:Ramp,
                       ReadTmp:140.30, RampTmp:141.36, TargetTmp:1185.00,
                       Output:48.30, CycleOnSec:14.49, RemainTime:6:08:50
                    
2022-01-19 12:22:11,507 - root - DEBUG - ==>Relay On
2022-01-19 12:22:26,010 - root - DEBUG - ==>Relay Off
2022-01-19 12:22:26,011 - root - DEBUG - Writing stats to Firing DB table...
2022-01-19 12:22:26,025 - root - INFO - database writing complete1
2022-01-19 12:22:26,026 - root - INFO - RunState end: Ramp
2022-01-19 12:22:41,507 - root - DEBUG - Entering PID update with parameters SetPoint:142.78, ProcValue:142.19, IMax:100.00, IMin:0.00,
2022-01-19 12:22:41,507 - root - DEBUG -   Window:30, Kp: 30.000, Ki: 1.000, Kd: 0.600
2022-01-19 12:22:41,507 - root - DEBUG - Exiting PID update with parameters Error:0.59, ITerm:17.84, DInput:1.89, Output:34.37
2022-01-19 12:22:41,507 - root - DEBUG - RunID 58, Segment 1 (loop 19) - RunState:Ramp,
                       ReadTmp:142.19, RampTmp:142.78, TargetTmp:1185.00,
                       Output:34.37, CycleOnSec:10.31, RemainTime:6:08:20
                    
2022-01-19 12:22:41,507 - root - DEBUG - ==>Relay On
2022-01-19 12:22:51,827 - root - DEBUG - ==>Relay Off
2022-01-19 12:22:51,828 - root - DEBUG - Writing stats to Firing DB table...
2022-01-19 12:22:51,841 - root - INFO - database writing complete1
2022-01-19 12:22:51,841 - root - INFO - RunState end: Ramp
2022-01-19 12:23:11,507 - root - DEBUG - Entering PID update with parameters SetPoint:144.19, ProcValue:144.17, IMax:100.00, IMin:0.00,
2022-01-19 12:23:11,507 - root - DEBUG -   Window:30, Kp: 30.000, Ki: 1.000, Kd: 0.600
2022-01-19 12:23:11,507 - root - DEBUG - Exiting PID update with parameters Error:0.02, ITerm:17.86, DInput:1.98, Output:17.30
2022-01-19 12:23:11,507 - root - DEBUG - RunID 58, Segment 1 (loop 20) - RunState:Ramp,
                       ReadTmp:144.17, RampTmp:144.19, TargetTmp:1185.00,
                       Output:17.30, CycleOnSec:5.19, RemainTime:6:07:50
                    
2022-01-19 12:23:11,507 - root - DEBUG - ==>Relay On
2022-01-19 12:23:16,702 - root - DEBUG - ==>Relay Off
2022-01-19 12:23:16,704 - root - DEBUG - Writing stats to Firing DB table...
2022-01-19 12:23:16,719 - root - INFO - database writing complete1
2022-01-19 12:23:16,719 - root - INFO - RunState end: Ramp
2022-01-19 12:23:41,507 - root - DEBUG - Entering PID update with parameters SetPoint:145.61, ProcValue:145.83, IMax:100.00, IMin:0.00,
2022-01-19 12:23:41,507 - root - DEBUG -   Window:30, Kp: 30.000, Ki: 1.000, Kd: 0.600
2022-01-19 12:23:41,507 - root - DEBUG - Exiting PID update with parameters Error:-0.22, ITerm:17.65, DInput:1.66, Output:10.09
2022-01-19 12:23:41,507 - root - DEBUG - RunID 58, Segment 1 (loop 21) - RunState:Ramp,
                       ReadTmp:145.83, RampTmp:145.61, TargetTmp:1185.00,
                       Output:10.09, CycleOnSec:3.03, RemainTime:6:07:20
                    
2022-01-19 12:23:41,507 - root - DEBUG - ==>Relay On
2022-01-19 12:23:44,537 - root - DEBUG - ==>Relay Off
2022-01-19 12:23:44,539 - root - DEBUG - Writing stats to Firing DB table...
2022-01-19 12:23:44,692 - root - INFO - database writing complete1
2022-01-19 12:23:44,692 - root - INFO - RunState end: Ramp
2022-01-19 12:24:11,506 - root - DEBUG - Entering PID update with parameters SetPoint:147.03, ProcValue:147.20, IMax:100.00, IMin:0.00,
2022-01-19 12:24:11,507 - root - DEBUG -   Window:30, Kp: 30.000, Ki: 1.000, Kd: 0.600
2022-01-19 12:24:11,507 - root - DEBUG - Exiting PID update with parameters Error:-0.17, ITerm:17.48, DInput:1.37, Output:11.58
2022-01-19 12:24:11,507 - root - DEBUG - RunID 58, Segment 1 (loop 22) - RunState:Ramp,
                       ReadTmp:147.20, RampTmp:147.03, TargetTmp:1185.00,
                       Output:11.58, CycleOnSec:3.47, RemainTime:6:06:50
                    
2022-01-19 12:24:11,507 - root - DEBUG - ==>Relay On
2022-01-19 12:24:14,984 - root - DEBUG - ==>Relay Off
2022-01-19 12:24:14,986 - root - DEBUG - Writing stats to Firing DB table...
2022-01-19 12:24:15,010 - root - INFO - database writing complete1
2022-01-19 12:24:15,010 - root - INFO - RunState end: Ramp
2022-01-19 12:24:41,508 - root - DEBUG - Entering PID update with parameters SetPoint:148.44, ProcValue:148.32, IMax:100.00, IMin:0.00,
2022-01-19 12:24:41,508 - root - DEBUG -   Window:30, Kp: 30.000, Ki: 1.000, Kd: 0.600
2022-01-19 12:24:41,509 - root - DEBUG - Exiting PID update with parameters Error:0.12, ITerm:17.60, DInput:1.12, Output:20.60
2022-01-19 12:24:41,509 - root - DEBUG - RunID 58, Segment 1 (loop 23) - RunState:Ramp,
                       ReadTmp:148.32, RampTmp:148.44, TargetTmp:1185.00,
                       Output:20.60, CycleOnSec:6.18, RemainTime:6:06:20
                    
2022-01-19 12:24:41,509 - root - DEBUG - ==>Relay On
2022-01-19 12:24:47,695 - root - DEBUG - ==>Relay Off
2022-01-19 12:24:47,695 - root - DEBUG - Writing stats to Firing DB table...
2022-01-19 12:24:47,712 - root - INFO - database writing complete1
2022-01-19 12:24:47,713 - root - INFO - RunState end: Ramp
2022-01-19 12:25:11,506 - root - DEBUG - Entering PID update with parameters SetPoint:149.86, ProcValue:149.47, IMax:100.00, IMin:0.00,
2022-01-19 12:25:11,507 - root - DEBUG -   Window:30, Kp: 30.000, Ki: 1.000, Kd: 0.600
2022-01-19 12:25:11,507 - root - DEBUG - Exiting PID update with parameters Error:0.39, ITerm:17.99, DInput:1.15, Output:29.02
2022-01-19 12:25:11,507 - root - DEBUG - RunID 58, Segment 1 (loop 24) - RunState:Ramp,
                       ReadTmp:149.47, RampTmp:149.86, TargetTmp:1185.00,
                       Output:29.02, CycleOnSec:8.71, RemainTime:6:05:50
                    
2022-01-19 12:25:11,507 - root - DEBUG - ==>Relay On
2022-01-19 12:25:20,216 - root - DEBUG - ==>Relay Off
2022-01-19 12:25:20,218 - root - DEBUG - Writing stats to Firing DB table...
2022-01-19 12:25:20,234 - root - INFO - database writing complete1
2022-01-19 12:25:20,235 - root - INFO - RunState end: Ramp
2022-01-19 12:25:41,515 - root - DEBUG - Entering PID update with parameters SetPoint:151.28, ProcValue:150.70, IMax:100.00, IMin:0.00,
2022-01-19 12:25:41,516 - root - DEBUG -   Window:30, Kp: 30.000, Ki: 1.000, Kd: 0.600
2022-01-19 12:25:41,516 - root - DEBUG - Exiting PID update with parameters Error:0.57, ITerm:18.56, DInput:1.23, Output:35.01
2022-01-19 12:25:41,517 - root - DEBUG - RunID 58, Segment 1 (loop 25) - RunState:Ramp,
                       ReadTmp:150.70, RampTmp:151.28, TargetTmp:1185.00,
                       Output:35.01, CycleOnSec:10.50, RemainTime:6:05:20
                    
2022-01-19 12:25:41,517 - root - DEBUG - ==>Relay On
2022-01-19 12:25:52,031 - root - DEBUG - ==>Relay Off
2022-01-19 12:25:52,032 - root - DEBUG - Writing stats to Firing DB table...
2022-01-19 12:25:52,048 - root - INFO - database writing complete1
2022-01-19 12:25:52,049 - root - INFO - RunState end: Ramp
2022-01-19 12:26:11,508 - root - DEBUG - Entering PID update with parameters SetPoint:152.69, ProcValue:152.12, IMax:100.00, IMin:0.00,
2022-01-19 12:26:11,508 - root - DEBUG -   Window:30, Kp: 30.000, Ki: 1.000, Kd: 0.600
2022-01-19 12:26:11,508 - root - DEBUG - Exiting PID update with parameters Error:0.58, ITerm:19.14, DInput:1.41, Output:35.56
2022-01-19 12:26:11,509 - root - DEBUG - RunID 58, Segment 1 (loop 26) - RunState:Ramp,
                       ReadTmp:152.12, RampTmp:152.69, TargetTmp:1185.00,
                       Output:35.56, CycleOnSec:10.67, RemainTime:6:04:50
                    
2022-01-19 12:26:11,509 - root - DEBUG - ==>Relay On
2022-01-19 12:26:22,187 - root - DEBUG - ==>Relay Off
2022-01-19 12:26:22,188 - root - DEBUG - Writing stats to Firing DB table...
2022-01-19 12:26:22,200 - root - INFO - database writing complete1
2022-01-19 12:26:22,201 - root - INFO - RunState end: Ramp
2022-01-19 12:26:41,507 - root - DEBUG - Entering PID update with parameters SetPoint:154.11, ProcValue:153.59, IMax:100.00, IMin:0.00,
2022-01-19 12:26:41,507 - root - DEBUG -   Window:30, Kp: 30.000, Ki: 1.000, Kd: 0.600
2022-01-19 12:26:41,508 - root - DEBUG - Exiting PID update with parameters Error:0.52, ITerm:19.66, DInput:1.47, Output:34.48
2022-01-19 12:26:41,508 - root - DEBUG - RunID 58, Segment 1 (loop 27) - RunState:Ramp,
                       ReadTmp:153.59, RampTmp:154.11, TargetTmp:1185.00,
                       Output:34.48, CycleOnSec:10.34, RemainTime:6:04:20
                    
2022-01-19 12:26:41,508 - root - DEBUG - ==>Relay On
2022-01-19 12:26:51,864 - root - DEBUG - ==>Relay Off
2022-01-19 12:26:51,865 - root - DEBUG - Writing stats to Firing DB table...
2022-01-19 12:26:51,881 - root - INFO - database writing complete1
2022-01-19 12:26:51,882 - root - INFO - RunState end: Ramp
2022-01-19 12:27:11,506 - root - DEBUG - Entering PID update with parameters SetPoint:155.53, ProcValue:155.12, IMax:100.00, IMin:0.00,
2022-01-19 12:27:11,507 - root - DEBUG -   Window:30, Kp: 30.000, Ki: 1.000, Kd: 0.600
2022-01-19 12:27:11,507 - root - DEBUG - Exiting PID update with parameters Error:0.40, ITerm:20.06, DInput:1.54, Output:31.17
2022-01-19 12:27:11,507 - root - DEBUG - RunID 58, Segment 1 (loop 28) - RunState:Ramp,
                       ReadTmp:155.12, RampTmp:155.53, TargetTmp:1185.00,
                       Output:31.17, CycleOnSec:9.35, RemainTime:6:03:50
                    
2022-01-19 12:27:11,507 - root - DEBUG - ==>Relay On
2022-01-19 12:27:20,862 - root - DEBUG - ==>Relay Off
2022-01-19 12:27:20,863 - root - DEBUG - Writing stats to Firing DB table...
2022-01-19 12:27:20,877 - root - INFO - database writing complete1
2022-01-19 12:27:20,877 - root - INFO - RunState end: Ramp
2022-01-19 12:27:41,507 - root - DEBUG - Entering PID update with parameters SetPoint:156.94, ProcValue:156.83, IMax:100.00, IMin:0.00,
2022-01-19 12:27:41,507 - root - DEBUG -   Window:30, Kp: 30.000, Ki: 1.000, Kd: 0.600
2022-01-19 12:27:41,507 - root - DEBUG - Exiting PID update with parameters Error:0.11, ITerm:20.18, DInput:1.70, Output:22.59
2022-01-19 12:27:41,507 - root - DEBUG - RunID 58, Segment 1 (loop 29) - RunState:Ramp,
                       ReadTmp:156.83, RampTmp:156.94, TargetTmp:1185.00,
                       Output:22.59, CycleOnSec:6.78, RemainTime:6:03:20
                    
2022-01-19 12:27:41,507 - root - DEBUG - ==>Relay On
2022-01-19 12:27:48,292 - root - DEBUG - ==>Relay Off
2022-01-19 12:27:48,293 - root - DEBUG - Writing stats to Firing DB table...
2022-01-19 12:27:48,309 - root - INFO - database writing complete1
2022-01-19 12:27:48,310 - root - INFO - RunState end: Ramp
2022-01-19 12:28:11,519 - root - DEBUG - Entering PID update with parameters SetPoint:158.36, ProcValue:158.52, IMax:100.00, IMin:0.00,
2022-01-19 12:28:11,520 - root - DEBUG -   Window:30, Kp: 30.000, Ki: 1.000, Kd: 0.600
2022-01-19 12:28:11,520 - root - DEBUG - Exiting PID update with parameters Error:-0.16, ITerm:20.02, DInput:1.69, Output:14.32
2022-01-19 12:28:11,520 - root - DEBUG - RunID 58, Segment 1 (loop 30) - RunState:Ramp,
                       ReadTmp:158.52, RampTmp:158.36, TargetTmp:1185.00,
                       Output:14.32, CycleOnSec:4.30, RemainTime:6:02:50
                    
2022-01-19 12:28:11,520 - root - DEBUG - ==>Relay On
2022-01-19 12:28:15,821 - root - DEBUG - ==>Relay Off
2022-01-19 12:28:15,823 - root - DEBUG - Writing stats to Firing DB table...
2022-01-19 12:28:15,844 - root - INFO - database writing complete1
2022-01-19 12:28:15,844 - root - INFO - RunState end: Ramp
2022-01-19 12:28:41,509 - root - DEBUG - Entering PID update with parameters SetPoint:159.78, ProcValue:159.85, IMax:100.00, IMin:0.00,
2022-01-19 12:28:41,509 - root - DEBUG -   Window:30, Kp: 30.000, Ki: 1.000, Kd: 0.600
2022-01-19 12:28:41,509 - root - DEBUG - Exiting PID update with parameters Error:-0.08, ITerm:19.95, DInput:1.34, Output:16.88
2022-01-19 12:28:41,509 - root - DEBUG - RunID 58, Segment 1 (loop 31) - RunState:Ramp,
                       ReadTmp:159.85, RampTmp:159.78, TargetTmp:1185.00,
                       Output:16.88, CycleOnSec:5.06, RemainTime:6:02:20
                    
2022-01-19 12:28:41,510 - root - DEBUG - ==>Relay On
2022-01-19 12:28:46,578 - root - DEBUG - ==>Relay Off
2022-01-19 12:28:46,580 - root - DEBUG - Writing stats to Firing DB table...
2022-01-19 12:28:46,595 - root - INFO - database writing complete1
2022-01-19 12:28:46,596 - root - INFO - RunState end: Ramp
2022-01-19 12:29:11,509 - root - DEBUG - Entering PID update with parameters SetPoint:161.19, ProcValue:161.02, IMax:100.00, IMin:0.00,
2022-01-19 12:29:11,510 - root - DEBUG -   Window:30, Kp: 30.000, Ki: 1.000, Kd: 0.600
2022-01-19 12:29:11,510 - root - DEBUG - Exiting PID update with parameters Error:0.18, ITerm:20.12, DInput:1.16, Output:24.74
2022-01-19 12:29:11,510 - root - DEBUG - RunID 58, Segment 1 (loop 32) - RunState:Ramp,
                       ReadTmp:161.02, RampTmp:161.19, TargetTmp:1185.00,
                       Output:24.74, CycleOnSec:7.42, RemainTime:6:01:50
                    
2022-01-19 12:29:11,510 - root - DEBUG - ==>Relay On
2022-01-19 12:29:18,939 - root - DEBUG - ==>Relay Off
2022-01-19 12:29:18,940 - root - DEBUG - Writing stats to Firing DB table...
2022-01-19 12:29:18,957 - root - INFO - database writing complete1
2022-01-19 12:29:18,958 - root - INFO - RunState end: Ramp
2022-01-19 12:29:41,507 - root - DEBUG - Entering PID update with parameters SetPoint:162.61, ProcValue:162.14, IMax:100.00, IMin:0.00,
2022-01-19 12:29:41,507 - root - DEBUG -   Window:30, Kp: 30.000, Ki: 1.000, Kd: 0.600
2022-01-19 12:29:41,508 - root - DEBUG - Exiting PID update with parameters Error:0.47, ITerm:20.59, DInput:1.12, Output:33.98
2022-01-19 12:29:41,508 - root - DEBUG - RunID 58, Segment 1 (loop 33) - RunState:Ramp,
                       ReadTmp:162.14, RampTmp:162.61, TargetTmp:1185.00,
                       Output:33.98, CycleOnSec:10.19, RemainTime:6:01:20
                    
2022-01-19 12:29:41,508 - root - DEBUG - ==>Relay On
2022-01-19 12:29:51,712 - root - DEBUG - ==>Relay Off
2022-01-19 12:29:51,713 - root - DEBUG - Writing stats to Firing DB table...
2022-01-19 12:29:51,728 - root - INFO - database writing complete1
2022-01-19 12:29:51,728 - root - INFO - RunState end: Ramp
2022-01-19 12:30:11,508 - root - DEBUG - Entering PID update with parameters SetPoint:164.03, ProcValue:163.40, IMax:100.00, IMin:0.00,
2022-01-19 12:30:11,511 - root - DEBUG -   Window:30, Kp: 30.000, Ki: 1.000, Kd: 0.600
2022-01-19 12:30:11,511 - root - DEBUG - Exiting PID update with parameters Error:0.63, ITerm:21.22, DInput:1.26, Output:39.29
2022-01-19 12:30:11,511 - root - DEBUG - RunID 58, Segment 1 (loop 34) - RunState:Ramp,
                       ReadTmp:163.40, RampTmp:164.03, TargetTmp:1185.00,
                       Output:39.29, CycleOnSec:11.79, RemainTime:6:00:50
                    
2022-01-19 12:30:11,511 - root - DEBUG - ==>Relay On
2022-01-19 12:30:23,302 - root - DEBUG - ==>Relay Off
2022-01-19 12:30:23,303 - root - DEBUG - Writing stats to Firing DB table...
2022-01-19 12:30:23,318 - root - INFO - database writing complete1
2022-01-19 12:30:23,318 - root - INFO - RunState end: Ramp
2022-01-19 12:58:17,524 - root - DEBUG - Entering PID update with parameters SetPoint:165.44, ProcValue:164.91, IMax:100.00, IMin:0.00,
2022-01-19 12:58:17,524 - root - DEBUG -   Window:30, Kp: 30.000, Ki: 1.000, Kd: 0.600
2022-01-19 12:58:17,524 - root - DEBUG - Exiting PID update with parameters Error:0.53, ITerm:21.75, DInput:1.52, Output:36.70
2022-01-19 12:58:17,524 - root - DEBUG - RunID 58, Segment 1 (loop 35) - RunState:Ramp,
                       ReadTmp:164.91, RampTmp:165.44, TargetTmp:1185.00,
                       Output:36.70, CycleOnSec:11.01, RemainTime:5:32:44
                    
2022-01-19 12:58:17,524 - root - DEBUG - ==>Relay On
2022-01-19 12:58:28,539 - root - DEBUG - ==>Relay Off
2022-01-19 12:58:28,542 - root - DEBUG - Writing stats to Firing DB table...
2022-01-19 12:58:28,556 - root - INFO - database writing complete1
2022-01-19 12:58:28,556 - root - INFO - RunState end: Ramp
2022-01-19 12:58:47,522 - root - DEBUG - Entering PID update with parameters SetPoint:166.86, ProcValue:166.70, IMax:100.00, IMin:0.00,
2022-01-19 12:58:47,522 - root - DEBUG -   Window:30, Kp: 30.000, Ki: 1.000, Kd: 0.600
2022-01-19 12:58:47,522 - root - DEBUG - Exiting PID update with parameters Error:0.16, ITerm:21.90, DInput:1.79, Output:25.52
2022-01-19 12:58:47,523 - root - DEBUG - RunID 58, Segment 1 (loop 36) - RunState:Ramp,
                       ReadTmp:166.70, RampTmp:166.86, TargetTmp:1185.00,
                       Output:25.52, CycleOnSec:7.66, RemainTime:5:32:14
                    
2022-01-19 12:58:47,523 - root - DEBUG - ==>Relay On
2022-01-19 12:58:54,338 - root - DEBUG - ==>Relay Off
2022-01-19 12:58:54,340 - root - DEBUG - Writing stats to Firing DB table...
2022-01-19 12:58:54,357 - root - INFO - database writing complete1
2022-01-19 12:58:54,357 - root - INFO - RunState end: Ramp
2022-01-19 12:59:17,522 - root - DEBUG - Entering PID update with parameters SetPoint:168.28, ProcValue:168.38, IMax:100.00, IMin:0.00,
2022-01-19 12:59:17,522 - root - DEBUG -   Window:30, Kp: 30.000, Ki: 1.000, Kd: 0.600
2022-01-19 12:59:17,522 - root - DEBUG - Exiting PID update with parameters Error:-0.11, ITerm:21.80, DInput:1.68, Output:17.59
2022-01-19 12:59:17,522 - root - DEBUG - RunID 58, Segment 1 (loop 37) - RunState:Ramp,
                       ReadTmp:168.38, RampTmp:168.28, TargetTmp:1185.00,
                       Output:17.59, CycleOnSec:5.28, RemainTime:5:31:44
                    
2022-01-19 12:59:17,522 - root - DEBUG - ==>Relay On
2022-01-19 12:59:22,803 - root - DEBUG - ==>Relay Off
2022-01-19 12:59:22,804 - root - DEBUG - Writing stats to Firing DB table...
2022-01-19 12:59:22,821 - root - INFO - database writing complete1
2022-01-19 12:59:22,821 - root - INFO - RunState end: Ramp
2022-01-19 12:59:47,522 - root - DEBUG - Entering PID update with parameters SetPoint:169.69, ProcValue:169.70, IMax:100.00, IMin:0.00,
2022-01-19 12:59:47,522 - root - DEBUG -   Window:30, Kp: 30.000, Ki: 1.000, Kd: 0.600
2022-01-19 12:59:47,522 - root - DEBUG - Exiting PID update with parameters Error:-0.01, ITerm:21.79, DInput:1.32, Output:20.68
2022-01-19 12:59:47,522 - root - DEBUG - RunID 58, Segment 1 (loop 38) - RunState:Ramp,
                       ReadTmp:169.70, RampTmp:169.69, TargetTmp:1185.00,
                       Output:20.68, CycleOnSec:6.20, RemainTime:5:31:14
                    
2022-01-19 12:59:47,522 - root - DEBUG - ==>Relay On
2022-01-19 12:59:53,733 - root - DEBUG - ==>Relay Off
2022-01-19 12:59:53,735 - root - DEBUG - Writing stats to Firing DB table...
2022-01-19 12:59:53,762 - root - INFO - database writing complete1
2022-01-19 12:59:53,763 - root - INFO - RunState end: Ramp
2022-01-19 13:00:17,522 - root - DEBUG - Entering PID update with parameters SetPoint:171.11, ProcValue:171.04, IMax:100.00, IMin:0.00,
2022-01-19 13:00:17,522 - root - DEBUG -   Window:30, Kp: 30.000, Ki: 1.000, Kd: 0.600
2022-01-19 13:00:17,523 - root - DEBUG - Exiting PID update with parameters Error:0.07, ITerm:21.86, DInput:1.34, Output:23.16
2022-01-19 13:00:17,523 - root - DEBUG - RunID 58, Segment 1 (loop 39) - RunState:Ramp,
                       ReadTmp:171.04, RampTmp:171.11, TargetTmp:1185.00,
                       Output:23.16, CycleOnSec:6.95, RemainTime:5:30:44
                    
2022-01-19 13:00:17,523 - root - DEBUG - ==>Relay On
2022-01-19 13:00:24,475 - root - DEBUG - ==>Relay Off
2022-01-19 13:00:24,476 - root - DEBUG - Writing stats to Firing DB table...
2022-01-19 13:00:24,491 - root - INFO - database writing complete1
2022-01-19 13:00:24,492 - root - INFO - RunState end: Ramp
2022-01-19 13:00:47,521 - root - DEBUG - Entering PID update with parameters SetPoint:172.53, ProcValue:172.23, IMax:100.00, IMin:0.00,
2022-01-19 13:00:47,522 - root - DEBUG -   Window:30, Kp: 30.000, Ki: 1.000, Kd: 0.600
2022-01-19 13:00:47,522 - root - DEBUG - Exiting PID update with parameters Error:0.30, ITerm:22.16, DInput:1.19, Output:30.43
2022-01-19 13:00:47,522 - root - DEBUG - RunID 58, Segment 1 (loop 40) - RunState:Ramp,
                       ReadTmp:172.23, RampTmp:172.53, TargetTmp:1185.00,
                       Output:30.43, CycleOnSec:9.13, RemainTime:5:30:14
                    
2022-01-19 13:00:47,522 - root - DEBUG - ==>Relay On
2022-01-19 13:00:56,655 - root - DEBUG - ==>Relay Off
2022-01-19 13:00:56,656 - root - DEBUG - Writing stats to Firing DB table...
2022-01-19 13:00:56,673 - root - INFO - database writing complete1
2022-01-19 13:00:56,675 - root - INFO - RunState end: Ramp
2022-01-19 13:01:17,522 - root - DEBUG - Entering PID update with parameters SetPoint:173.94, ProcValue:173.49, IMax:100.00, IMin:0.00,
2022-01-19 13:01:17,522 - root - DEBUG -   Window:30, Kp: 30.000, Ki: 1.000, Kd: 0.600
2022-01-19 13:01:17,522 - root - DEBUG - Exiting PID update with parameters Error:0.45, ITerm:22.61, DInput:1.27, Output:35.36
2022-01-19 13:01:17,522 - root - DEBUG - RunID 58, Segment 1 (loop 41) - RunState:Ramp,
                       ReadTmp:173.49, RampTmp:173.94, TargetTmp:1185.00,
                       Output:35.36, CycleOnSec:10.61, RemainTime:5:29:44
                    
2022-01-19 13:01:17,523 - root - DEBUG - ==>Relay On
2022-01-19 13:01:28,142 - root - DEBUG - ==>Relay Off
2022-01-19 13:01:28,144 - root - DEBUG - Writing stats to Firing DB table...
2022-01-19 13:01:28,160 - root - INFO - database writing complete1
2022-01-19 13:01:28,160 - root - INFO - RunState end: Ramp
2022-01-19 13:01:47,525 - root - DEBUG - Entering PID update with parameters SetPoint:175.36, ProcValue:174.97, IMax:100.00, IMin:0.00,
2022-01-19 13:01:47,526 - root - DEBUG -   Window:30, Kp: 30.000, Ki: 1.000, Kd: 0.600
2022-01-19 13:01:47,526 - root - DEBUG - Exiting PID update with parameters Error:0.39, ITerm:23.00, DInput:1.48, Output:33.83
2022-01-19 13:01:47,526 - root - DEBUG - RunID 58, Segment 1 (loop 42) - RunState:Ramp,
                       ReadTmp:174.97, RampTmp:175.36, TargetTmp:1185.00,
                       Output:33.83, CycleOnSec:10.15, RemainTime:5:29:14
                    
2022-01-19 13:01:47,527 - root - DEBUG - ==>Relay On
2022-01-19 13:01:57,686 - root - DEBUG - ==>Relay Off
2022-01-19 13:01:57,688 - root - DEBUG - Writing stats to Firing DB table...
2022-01-19 13:01:57,705 - root - INFO - database writing complete1
2022-01-19 13:01:57,706 - root - INFO - RunState end: Ramp
2022-01-19 13:02:17,522 - root - DEBUG - Entering PID update with parameters SetPoint:176.78, ProcValue:176.54, IMax:100.00, IMin:0.00,
2022-01-19 13:02:17,522 - root - DEBUG -   Window:30, Kp: 30.000, Ki: 1.000, Kd: 0.600
2022-01-19 13:02:17,522 - root - DEBUG - Exiting PID update with parameters Error:0.24, ITerm:23.23, DInput:1.57, Output:29.40
2022-01-19 13:02:17,522 - root - DEBUG - RunID 58, Segment 1 (loop 43) - RunState:Ramp,
                       ReadTmp:176.54, RampTmp:176.78, TargetTmp:1185.00,
                       Output:29.40, CycleOnSec:8.82, RemainTime:5:28:44
                    
2022-01-19 13:02:17,522 - root - DEBUG - ==>Relay On
2022-01-19 13:02:26,352 - root - DEBUG - ==>Relay Off
2022-01-19 13:02:26,353 - root - DEBUG - Writing stats to Firing DB table...
2022-01-19 13:02:26,369 - root - INFO - database writing complete1
2022-01-19 13:02:26,369 - root - INFO - RunState end: Ramp
2022-01-19 13:02:47,523 - root - DEBUG - Entering PID update with parameters SetPoint:178.19, ProcValue:178.09, IMax:100.00, IMin:0.00,
2022-01-19 13:02:47,523 - root - DEBUG -   Window:30, Kp: 30.000, Ki: 1.000, Kd: 0.600
2022-01-19 13:02:47,523 - root - DEBUG - Exiting PID update with parameters Error:0.10, ITerm:23.33, DInput:1.55, Output:25.37
2022-01-19 13:02:47,523 - root - DEBUG - RunID 58, Segment 1 (loop 44) - RunState:Ramp,
                       ReadTmp:178.09, RampTmp:178.19, TargetTmp:1185.00,
                       Output:25.37, CycleOnSec:7.61, RemainTime:5:28:14
                    
2022-01-19 13:02:47,523 - root - DEBUG - ==>Relay On
2022-01-19 13:02:55,142 - root - DEBUG - ==>Relay Off
2022-01-19 13:02:55,189 - root - DEBUG - Writing stats to Firing DB table...
2022-01-19 13:02:55,206 - root - INFO - database writing complete1
2022-01-19 13:02:55,207 - root - INFO - RunState end: Ramp
2022-01-19 13:03:17,521 - root - DEBUG - Entering PID update with parameters SetPoint:179.61, ProcValue:179.59, IMax:100.00, IMin:0.00,
2022-01-19 13:03:17,522 - root - DEBUG -   Window:30, Kp: 30.000, Ki: 1.000, Kd: 0.600
2022-01-19 13:03:17,522 - root - DEBUG - Exiting PID update with parameters Error:0.02, ITerm:23.35, DInput:1.50, Output:22.92
2022-01-19 13:03:17,522 - root - DEBUG - RunID 58, Segment 1 (loop 45) - RunState:Ramp,
                       ReadTmp:179.59, RampTmp:179.61, TargetTmp:1185.00,
                       Output:22.92, CycleOnSec:6.88, RemainTime:5:27:44
                    
2022-01-19 13:03:17,522 - root - DEBUG - ==>Relay On
2022-01-19 13:03:24,405 - root - DEBUG - ==>Relay Off
2022-01-19 13:03:24,406 - root - DEBUG - Writing stats to Firing DB table...
2022-01-19 13:03:24,422 - root - INFO - database writing complete1
2022-01-19 13:03:24,423 - root - INFO - RunState end: Ramp
2022-01-19 13:03:47,521 - root - DEBUG - Entering PID update with parameters SetPoint:181.03, ProcValue:181.02, IMax:100.00, IMin:0.00,
2022-01-19 13:03:47,522 - root - DEBUG -   Window:30, Kp: 30.000, Ki: 1.000, Kd: 0.600
2022-01-19 13:03:47,522 - root - DEBUG - Exiting PID update with parameters Error:0.01, ITerm:23.36, DInput:1.42, Output:22.82
2022-01-19 13:03:47,522 - root - DEBUG - RunID 58, Segment 1 (loop 46) - RunState:Ramp,
                       ReadTmp:181.02, RampTmp:181.03, TargetTmp:1185.00,
                       Output:22.82, CycleOnSec:6.85, RemainTime:5:27:14
                    
2022-01-19 13:03:47,522 - root - DEBUG - ==>Relay On
2022-01-19 13:03:54,375 - root - DEBUG - ==>Relay Off
2022-01-19 13:03:54,376 - root - DEBUG - Writing stats to Firing DB table...
2022-01-19 13:03:54,401 - root - INFO - database writing complete1
2022-01-19 13:03:54,402 - root - INFO - RunState end: Ramp
2022-01-19 13:04:17,521 - root - DEBUG - Entering PID update with parameters SetPoint:182.44, ProcValue:182.23, IMax:100.00, IMin:0.00,
2022-01-19 13:04:17,522 - root - DEBUG -   Window:30, Kp: 30.000, Ki: 1.000, Kd: 0.600
2022-01-19 13:04:17,522 - root - DEBUG - Exiting PID update with parameters Error:0.21, ITerm:23.57, DInput:1.22, Output:29.09
2022-01-19 13:04:17,522 - root - DEBUG - RunID 58, Segment 1 (loop 47) - RunState:Ramp,
                       ReadTmp:182.23, RampTmp:182.44, TargetTmp:1185.00,
                       Output:29.09, CycleOnSec:8.73, RemainTime:5:26:44
                    
2022-01-19 13:04:17,522 - root - DEBUG - ==>Relay On
2022-01-19 13:04:26,257 - root - DEBUG - ==>Relay Off
2022-01-19 13:04:26,258 - root - DEBUG - Writing stats to Firing DB table...
2022-01-19 13:04:26,277 - root - INFO - database writing complete1
2022-01-19 13:04:26,278 - root - INFO - RunState end: Ramp
2022-01-19 13:04:47,521 - root - DEBUG - Entering PID update with parameters SetPoint:183.86, ProcValue:183.52, IMax:100.00, IMin:0.00,
2022-01-19 13:04:47,522 - root - DEBUG -   Window:30, Kp: 30.000, Ki: 1.000, Kd: 0.600
2022-01-19 13:04:47,522 - root - DEBUG - Exiting PID update with parameters Error:0.34, ITerm:23.90, DInput:1.29, Output:33.21
2022-01-19 13:04:47,522 - root - DEBUG - RunID 58, Segment 1 (loop 48) - RunState:Ramp,
                       ReadTmp:183.52, RampTmp:183.86, TargetTmp:1185.00,
                       Output:33.21, CycleOnSec:9.96, RemainTime:5:26:14
                    
2022-01-19 13:04:47,522 - root - DEBUG - ==>Relay On
2022-01-19 13:04:57,495 - root - DEBUG - ==>Relay Off
2022-01-19 13:04:57,496 - root - DEBUG - Writing stats to Firing DB table...
2022-01-19 13:04:57,513 - root - INFO - database writing complete1
2022-01-19 13:04:57,514 - root - INFO - RunState end: Ramp
2022-01-19 13:05:17,522 - root - DEBUG - Entering PID update with parameters SetPoint:185.28, ProcValue:185.02, IMax:100.00, IMin:0.00,
2022-01-19 13:05:17,522 - root - DEBUG -   Window:30, Kp: 30.000, Ki: 1.000, Kd: 0.600
2022-01-19 13:05:17,522 - root - DEBUG - Exiting PID update with parameters Error:0.25, ITerm:24.16, DInput:1.50, Output:30.83
2022-01-19 13:05:17,523 - root - DEBUG - RunID 58, Segment 1 (loop 49) - RunState:Ramp,
                       ReadTmp:185.02, RampTmp:185.28, TargetTmp:1185.00,
                       Output:30.83, CycleOnSec:9.25, RemainTime:5:25:44
                    
2022-01-19 13:05:17,523 - root - DEBUG - ==>Relay On
2022-01-19 13:05:26,783 - root - DEBUG - ==>Relay Off
2022-01-19 13:05:26,783 - root - DEBUG - Writing stats to Firing DB table...
2022-01-19 13:05:26,801 - root - INFO - database writing complete1
2022-01-19 13:05:26,801 - root - INFO - RunState end: Ramp
2022-01-19 13:05:47,521 - root - DEBUG - Entering PID update with parameters SetPoint:186.69, ProcValue:186.34, IMax:100.00, IMin:0.00,
2022-01-19 13:05:47,522 - root - DEBUG -   Window:30, Kp: 30.000, Ki: 1.000, Kd: 0.600
2022-01-19 13:05:47,522 - root - DEBUG - Exiting PID update with parameters Error:0.36, ITerm:24.51, DInput:1.31, Output:34.43
2022-01-19 13:05:47,522 - root - DEBUG - RunID 58, Segment 1 (loop 50) - RunState:Ramp,
                       ReadTmp:186.34, RampTmp:186.69, TargetTmp:1185.00,
                       Output:34.43, CycleOnSec:10.33, RemainTime:5:25:14
                    
2022-01-19 13:05:47,522 - root - DEBUG - ==>Relay On
2022-01-19 13:05:57,853 - root - DEBUG - ==>Relay Off
2022-01-19 13:05:57,855 - root - DEBUG - Writing stats to Firing DB table...
2022-01-19 13:05:57,873 - root - INFO - database writing complete1
2022-01-19 13:05:57,874 - root - INFO - RunState end: Ramp
2022-01-19 13:06:17,521 - root - DEBUG - Entering PID update with parameters SetPoint:188.11, ProcValue:188.00, IMax:100.00, IMin:0.00,
2022-01-19 13:06:17,522 - root - DEBUG -   Window:30, Kp: 30.000, Ki: 1.000, Kd: 0.600
2022-01-19 13:06:17,522 - root - DEBUG - Exiting PID update with parameters Error:0.11, ITerm:24.62, DInput:1.66, Output:26.91
2022-01-19 13:06:17,522 - root - DEBUG - RunID 58, Segment 1 (loop 51) - RunState:Ramp,
                       ReadTmp:188.00, RampTmp:188.11, TargetTmp:1185.00,
                       Output:26.91, CycleOnSec:8.07, RemainTime:5:24:44
                    
2022-01-19 13:06:17,522 - root - DEBUG - ==>Relay On
2022-01-19 13:06:25,602 - root - DEBUG - ==>Relay Off
2022-01-19 13:06:25,603 - root - DEBUG - Writing stats to Firing DB table...
2022-01-19 13:06:25,615 - root - INFO - database writing complete1
2022-01-19 13:06:25,616 - root - INFO - RunState end: Ramp
2022-01-19 13:06:47,521 - root - DEBUG - Entering PID update with parameters SetPoint:189.53, ProcValue:189.41, IMax:100.00, IMin:0.00,
2022-01-19 13:06:47,522 - root - DEBUG -   Window:30, Kp: 30.000, Ki: 1.000, Kd: 0.600
2022-01-19 13:06:47,522 - root - DEBUG - Exiting PID update with parameters Error:0.11, ITerm:24.73, DInput:1.41, Output:27.25
2022-01-19 13:06:47,522 - root - DEBUG - RunID 58, Segment 1 (loop 52) - RunState:Ramp,
                       ReadTmp:189.41, RampTmp:189.53, TargetTmp:1185.00,
                       Output:27.25, CycleOnSec:8.17, RemainTime:5:24:14
                    
2022-01-19 13:06:47,522 - root - DEBUG - ==>Relay On
2022-01-19 13:06:55,704 - root - DEBUG - ==>Relay Off
2022-01-19 13:06:55,706 - root - DEBUG - Writing stats to Firing DB table...
2022-01-19 13:06:55,723 - root - INFO - database writing complete1
2022-01-19 13:06:55,724 - root - INFO - RunState end: Ramp
2022-01-19 13:07:17,521 - root - DEBUG - Entering PID update with parameters SetPoint:190.94, ProcValue:190.98, IMax:100.00, IMin:0.00,
2022-01-19 13:07:17,522 - root - DEBUG -   Window:30, Kp: 30.000, Ki: 1.000, Kd: 0.600
2022-01-19 13:07:17,522 - root - DEBUG - Exiting PID update with parameters Error:-0.04, ITerm:24.69, DInput:1.57, Output:22.50
2022-01-19 13:07:17,522 - root - DEBUG - RunID 58, Segment 1 (loop 53) - RunState:Ramp,
                       ReadTmp:190.98, RampTmp:190.94, TargetTmp:1185.00,
                       Output:22.50, CycleOnSec:6.75, RemainTime:5:23:44
                    
2022-01-19 13:07:17,522 - root - DEBUG - ==>Relay On
2022-01-19 13:07:24,279 - root - DEBUG - ==>Relay Off
2022-01-19 13:07:24,281 - root - DEBUG - Writing stats to Firing DB table...
2022-01-19 13:07:24,297 - root - INFO - database writing complete1
2022-01-19 13:07:24,297 - root - INFO - RunState end: Ramp
2022-01-19 13:07:47,521 - root - DEBUG - Entering PID update with parameters SetPoint:192.36, ProcValue:192.14, IMax:100.00, IMin:0.00,
2022-01-19 13:07:47,522 - root - DEBUG -   Window:30, Kp: 30.000, Ki: 1.000, Kd: 0.600
2022-01-19 13:07:47,522 - root - DEBUG - Exiting PID update with parameters Error:0.22, ITerm:24.91, DInput:1.16, Output:30.78
2022-01-19 13:07:47,522 - root - DEBUG - RunID 58, Segment 1 (loop 54) - RunState:Ramp,
                       ReadTmp:192.14, RampTmp:192.36, TargetTmp:1185.00,
                       Output:30.78, CycleOnSec:9.23, RemainTime:5:23:14
                    
2022-01-19 13:07:47,522 - root - DEBUG - ==>Relay On
2022-01-19 13:07:56,765 - root - DEBUG - ==>Relay Off
2022-01-19 13:07:56,766 - root - DEBUG - Writing stats to Firing DB table...
2022-01-19 13:07:56,786 - root - INFO - database writing complete1
2022-01-19 13:07:56,787 - root - INFO - RunState end: Ramp
2022-01-19 13:08:17,521 - root - DEBUG - Entering PID update with parameters SetPoint:193.78, ProcValue:193.49, IMax:100.00, IMin:0.00,
2022-01-19 13:08:17,522 - root - DEBUG -   Window:30, Kp: 30.000, Ki: 1.000, Kd: 0.600
2022-01-19 13:08:17,522 - root - DEBUG - Exiting PID update with parameters Error:0.28, ITerm:25.20, DInput:1.35, Output:32.90
2022-01-19 13:08:17,522 - root - DEBUG - RunID 58, Segment 1 (loop 55) - RunState:Ramp,
                       ReadTmp:193.49, RampTmp:193.78, TargetTmp:1185.00,
                       Output:32.90, CycleOnSec:9.87, RemainTime:5:22:44
                    
2022-01-19 13:08:17,522 - root - DEBUG - ==>Relay On
2022-01-19 13:08:27,402 - root - DEBUG - ==>Relay Off
2022-01-19 13:08:27,404 - root - DEBUG - Writing stats to Firing DB table...
2022-01-19 13:08:27,424 - root - INFO - database writing complete1
2022-01-19 13:08:27,425 - root - INFO - RunState end: Ramp
2022-01-19 13:08:47,522 - root - DEBUG - Entering PID update with parameters SetPoint:195.19, ProcValue:194.97, IMax:100.00, IMin:0.00,
2022-01-19 13:08:47,522 - root - DEBUG -   Window:30, Kp: 30.000, Ki: 1.000, Kd: 0.600
2022-01-19 13:08:47,522 - root - DEBUG - Exiting PID update with parameters Error:0.22, ITerm:25.42, DInput:1.48, Output:31.25
2022-01-19 13:08:47,523 - root - DEBUG - RunID 58, Segment 1 (loop 56) - RunState:Ramp,
                       ReadTmp:194.97, RampTmp:195.19, TargetTmp:1185.00,
                       Output:31.25, CycleOnSec:9.38, RemainTime:5:22:14
                    
2022-01-19 13:08:47,523 - root - DEBUG - ==>Relay On
2022-01-19 13:08:56,908 - root - DEBUG - ==>Relay Off
2022-01-19 13:08:56,909 - root - DEBUG - Writing stats to Firing DB table...
2022-01-19 13:08:56,923 - root - INFO - database writing complete1
2022-01-19 13:08:56,923 - root - INFO - RunState end: Ramp
2022-01-19 13:09:17,521 - root - DEBUG - Entering PID update with parameters SetPoint:196.61, ProcValue:196.42, IMax:100.00, IMin:0.00,
2022-01-19 13:09:17,522 - root - DEBUG -   Window:30, Kp: 30.000, Ki: 1.000, Kd: 0.600
2022-01-19 13:09:17,522 - root - DEBUG - Exiting PID update with parameters Error:0.19, ITerm:25.61, DInput:1.45, Output:30.36
2022-01-19 13:09:17,522 - root - DEBUG - RunID 58, Segment 1 (loop 57) - RunState:Ramp,
                       ReadTmp:196.42, RampTmp:196.61, TargetTmp:1185.00,
                       Output:30.36, CycleOnSec:9.11, RemainTime:5:21:44
                    
2022-01-19 13:09:17,522 - root - DEBUG - ==>Relay On
2022-01-19 13:09:26,635 - root - DEBUG - ==>Relay Off
2022-01-19 13:09:26,635 - root - DEBUG - Writing stats to Firing DB table...
2022-01-19 13:09:26,657 - root - INFO - database writing complete1
2022-01-19 13:09:26,657 - root - INFO - RunState end: Ramp
2022-01-19 13:09:47,521 - root - DEBUG - Entering PID update with parameters SetPoint:198.03, ProcValue:197.98, IMax:100.00, IMin:0.00,
2022-01-19 13:09:47,521 - root - DEBUG -   Window:30, Kp: 30.000, Ki: 1.000, Kd: 0.600
2022-01-19 13:09:47,522 - root - DEBUG - Exiting PID update with parameters Error:0.05, ITerm:25.66, DInput:1.55, Output:26.21
2022-01-19 13:09:47,522 - root - DEBUG - RunID 58, Segment 1 (loop 58) - RunState:Ramp,
                       ReadTmp:197.98, RampTmp:198.03, TargetTmp:1185.00,
                       Output:26.21, CycleOnSec:7.86, RemainTime:5:21:14
                    
2022-01-19 13:09:47,522 - root - DEBUG - ==>Relay On
2022-01-19 13:09:55,388 - root - DEBUG - ==>Relay Off
2022-01-19 13:09:55,390 - root - DEBUG - Writing stats to Firing DB table...
2022-01-19 13:09:55,409 - root - INFO - database writing complete1
2022-01-19 13:09:55,410 - root - INFO - RunState end: Ramp
2022-01-19 13:10:17,521 - root - DEBUG - Entering PID update with parameters SetPoint:199.44, ProcValue:199.33, IMax:100.00, IMin:0.00,
2022-01-19 13:10:17,522 - root - DEBUG -   Window:30, Kp: 30.000, Ki: 1.000, Kd: 0.600
2022-01-19 13:10:17,522 - root - DEBUG - Exiting PID update with parameters Error:0.11, ITerm:25.77, DInput:1.35, Output:28.40
2022-01-19 13:10:17,522 - root - DEBUG - RunID 58, Segment 1 (loop 59) - RunState:Ramp,
                       ReadTmp:199.33, RampTmp:199.44, TargetTmp:1185.00,
                       Output:28.40, CycleOnSec:8.52, RemainTime:5:20:44
                    
2022-01-19 13:10:17,522 - root - DEBUG - ==>Relay On
2022-01-19 13:10:26,050 - root - DEBUG - ==>Relay Off
2022-01-19 13:10:26,052 - root - DEBUG - Writing stats to Firing DB table...
2022-01-19 13:10:26,073 - root - INFO - database writing complete1
2022-01-19 13:10:26,074 - root - INFO - RunState end: Ramp
2022-01-19 13:10:47,522 - root - DEBUG - Entering PID update with parameters SetPoint:200.86, ProcValue:200.64, IMax:100.00, IMin:0.00,
2022-01-19 13:10:47,522 - root - DEBUG -   Window:30, Kp: 30.000, Ki: 1.000, Kd: 0.600
2022-01-19 13:10:47,522 - root - DEBUG - Exiting PID update with parameters Error:0.22, ITerm:25.99, DInput:1.31, Output:31.76
2022-01-19 13:10:47,522 - root - DEBUG - RunID 58, Segment 1 (loop 60) - RunState:Ramp,
                       ReadTmp:200.64, RampTmp:200.86, TargetTmp:1185.00,
                       Output:31.76, CycleOnSec:9.53, RemainTime:5:20:14
                    
2022-01-19 13:10:47,523 - root - DEBUG - ==>Relay On
2022-01-19 13:10:57,062 - root - DEBUG - ==>Relay Off
2022-01-19 13:10:57,062 - root - DEBUG - Writing stats to Firing DB table...
2022-01-19 13:10:57,076 - root - INFO - database writing complete1
2022-01-19 13:10:57,077 - root - INFO - RunState end: Ramp
2022-01-19 13:11:17,521 - root - DEBUG - Entering PID update with parameters SetPoint:202.28, ProcValue:202.15, IMax:100.00, IMin:0.00,
2022-01-19 13:11:17,521 - root - DEBUG -   Window:30, Kp: 30.000, Ki: 1.000, Kd: 0.600
2022-01-19 13:11:17,521 - root - DEBUG - Exiting PID update with parameters Error:0.13, ITerm:26.12, DInput:1.51, Output:29.04
2022-01-19 13:11:17,522 - root - DEBUG - RunID 58, Segment 1 (loop 61) - RunState:Ramp,
                       ReadTmp:202.15, RampTmp:202.28, TargetTmp:1185.00,
                       Output:29.04, CycleOnSec:8.71, RemainTime:5:19:44
                    
2022-01-19 13:11:17,522 - root - DEBUG - ==>Relay On
2022-01-19 13:11:26,243 - root - DEBUG - ==>Relay Off
2022-01-19 13:11:26,244 - root - DEBUG - Writing stats to Firing DB table...
2022-01-19 13:11:26,259 - root - INFO - database writing complete1
2022-01-19 13:11:26,260 - root - INFO - RunState end: Ramp
2022-01-19 13:11:47,523 - root - DEBUG - Entering PID update with parameters SetPoint:203.69, ProcValue:203.44, IMax:100.00, IMin:0.00,
2022-01-19 13:11:47,523 - root - DEBUG -   Window:30, Kp: 30.000, Ki: 1.000, Kd: 0.600
2022-01-19 13:11:47,524 - root - DEBUG - Exiting PID update with parameters Error:0.26, ITerm:26.37, DInput:1.29, Output:33.26
2022-01-19 13:11:47,524 - root - DEBUG - RunID 58, Segment 1 (loop 62) - RunState:Ramp,
                       ReadTmp:203.44, RampTmp:203.69, TargetTmp:1185.00,
                       Output:33.26, CycleOnSec:9.98, RemainTime:5:19:14
                    
2022-01-19 13:11:47,524 - root - DEBUG - ==>Relay On
2022-01-19 13:11:57,511 - root - DEBUG - ==>Relay Off
2022-01-19 13:11:57,513 - root - DEBUG - Writing stats to Firing DB table...
2022-01-19 13:11:57,528 - root - INFO - database writing complete1
2022-01-19 13:11:57,528 - root - INFO - RunState end: Ramp
2022-01-19 13:12:17,522 - root - DEBUG - Entering PID update with parameters SetPoint:205.11, ProcValue:204.90, IMax:100.00, IMin:0.00,
2022-01-19 13:12:17,523 - root - DEBUG -   Window:30, Kp: 30.000, Ki: 1.000, Kd: 0.600
2022-01-19 13:12:17,523 - root - DEBUG - Exiting PID update with parameters Error:0.21, ITerm:26.58, DInput:1.46, Output:32.03
2022-01-19 13:12:17,523 - root - DEBUG - RunID 58, Segment 1 (loop 63) - RunState:Ramp,
                       ReadTmp:204.90, RampTmp:205.11, TargetTmp:1185.00,
                       Output:32.03, CycleOnSec:9.61, RemainTime:5:18:44
                    
2022-01-19 13:12:17,523 - root - DEBUG - ==>Relay On
2022-01-19 13:12:27,144 - root - DEBUG - ==>Relay Off
2022-01-19 13:12:27,145 - root - DEBUG - Writing stats to Firing DB table...
2022-01-19 13:12:27,159 - root - INFO - database writing complete1
2022-01-19 13:12:27,160 - root - INFO - RunState end: Ramp
2022-01-19 13:12:47,521 - root - DEBUG - Entering PID update with parameters SetPoint:206.53, ProcValue:206.34, IMax:100.00, IMin:0.00,
2022-01-19 13:12:47,522 - root - DEBUG -   Window:30, Kp: 30.000, Ki: 1.000, Kd: 0.600
2022-01-19 13:12:47,522 - root - DEBUG - Exiting PID update with parameters Error:0.19, ITerm:26.77, DInput:1.44, Output:31.61
2022-01-19 13:12:47,522 - root - DEBUG - RunID 58, Segment 1 (loop 64) - RunState:Ramp,
                       ReadTmp:206.34, RampTmp:206.53, TargetTmp:1185.00,
                       Output:31.61, CycleOnSec:9.48, RemainTime:5:18:14
                    
2022-01-19 13:12:47,522 - root - DEBUG - ==>Relay On
2022-01-19 13:12:57,007 - root - DEBUG - ==>Relay Off
2022-01-19 13:12:57,008 - root - DEBUG - Writing stats to Firing DB table...
2022-01-19 13:12:57,021 - root - INFO - database writing complete1
2022-01-19 13:12:57,021 - root - INFO - RunState end: Ramp
2022-01-19 13:13:17,521 - root - DEBUG - Entering PID update with parameters SetPoint:207.94, ProcValue:207.91, IMax:100.00, IMin:0.00,
2022-01-19 13:13:17,521 - root - DEBUG -   Window:30, Kp: 30.000, Ki: 1.000, Kd: 0.600
2022-01-19 13:13:17,521 - root - DEBUG - Exiting PID update with parameters Error:0.03, ITerm:26.80, DInput:1.58, Output:26.71
2022-01-19 13:13:17,521 - root - DEBUG - RunID 58, Segment 1 (loop 65) - RunState:Ramp,
                       ReadTmp:207.91, RampTmp:207.94, TargetTmp:1185.00,
                       Output:26.71, CycleOnSec:8.01, RemainTime:5:17:44
                    
2022-01-19 13:13:17,521 - root - DEBUG - ==>Relay On
2022-01-19 13:13:25,539 - root - DEBUG - ==>Relay Off
2022-01-19 13:13:25,540 - root - DEBUG - Writing stats to Firing DB table...
2022-01-19 13:13:25,557 - root - INFO - database writing complete1
2022-01-19 13:13:25,557 - root - INFO - RunState end: Ramp
2022-01-19 13:13:47,521 - root - DEBUG - Entering PID update with parameters SetPoint:209.36, ProcValue:209.31, IMax:100.00, IMin:0.00,
2022-01-19 13:13:47,522 - root - DEBUG -   Window:30, Kp: 30.000, Ki: 1.000, Kd: 0.600
2022-01-19 13:13:47,522 - root - DEBUG - Exiting PID update with parameters Error:0.05, ITerm:26.85, DInput:1.40, Output:27.42
2022-01-19 13:13:47,522 - root - DEBUG - RunID 58, Segment 1 (loop 66) - RunState:Ramp,
                       ReadTmp:209.31, RampTmp:209.36, TargetTmp:1185.00,
                       Output:27.42, CycleOnSec:8.22, RemainTime:5:17:14
                    
2022-01-19 13:13:47,522 - root - DEBUG - ==>Relay On
2022-01-19 13:13:55,755 - root - DEBUG - ==>Relay Off
2022-01-19 13:13:55,757 - root - DEBUG - Writing stats to Firing DB table...
2022-01-19 13:13:55,774 - root - INFO - database writing complete1
2022-01-19 13:13:55,775 - root - INFO - RunState end: Ramp
2022-01-19 13:14:17,521 - root - DEBUG - Entering PID update with parameters SetPoint:210.78, ProcValue:210.56, IMax:100.00, IMin:0.00,
2022-01-19 13:14:17,522 - root - DEBUG -   Window:30, Kp: 30.000, Ki: 1.000, Kd: 0.600
2022-01-19 13:14:17,522 - root - DEBUG - Exiting PID update with parameters Error:0.21, ITerm:27.06, DInput:1.25, Output:32.72
2022-01-19 13:14:17,522 - root - DEBUG - RunID 58, Segment 1 (loop 67) - RunState:Ramp,
                       ReadTmp:210.56, RampTmp:210.78, TargetTmp:1185.00,
                       Output:32.72, CycleOnSec:9.82, RemainTime:5:16:44
                    
2022-01-19 13:14:17,522 - root - DEBUG - ==>Relay On
2022-01-19 13:14:27,348 - root - DEBUG - ==>Relay Off
2022-01-19 13:14:27,348 - root - DEBUG - Writing stats to Firing DB table...
2022-01-19 13:14:27,363 - root - INFO - database writing complete1
2022-01-19 13:14:27,363 - root - INFO - RunState end: Ramp
2022-01-19 13:14:47,522 - root - DEBUG - Entering PID update with parameters SetPoint:212.19, ProcValue:212.12, IMax:100.00, IMin:0.00,
2022-01-19 13:14:47,522 - root - DEBUG -   Window:30, Kp: 30.000, Ki: 1.000, Kd: 0.600
2022-01-19 13:14:47,522 - root - DEBUG - Exiting PID update with parameters Error:0.08, ITerm:27.14, DInput:1.55, Output:28.47
2022-01-19 13:14:47,523 - root - DEBUG - RunID 58, Segment 1 (loop 68) - RunState:Ramp,
                       ReadTmp:212.12, RampTmp:212.19, TargetTmp:1185.00,
                       Output:28.47, CycleOnSec:8.54, RemainTime:5:16:14
                    
2022-01-19 13:14:47,523 - root - DEBUG - ==>Relay On
2022-01-19 13:14:56,073 - root - DEBUG - ==>Relay Off
2022-01-19 13:14:56,074 - root - DEBUG - Writing stats to Firing DB table...
2022-01-19 13:14:56,090 - root - INFO - database writing complete1
2022-01-19 13:14:56,091 - root - INFO - RunState end: Ramp
2022-01-19 13:15:17,522 - root - DEBUG - Entering PID update with parameters SetPoint:213.61, ProcValue:213.47, IMax:100.00, IMin:0.00,
2022-01-19 13:15:17,522 - root - DEBUG -   Window:30, Kp: 30.000, Ki: 1.000, Kd: 0.600
2022-01-19 13:15:17,522 - root - DEBUG - Exiting PID update with parameters Error:0.14, ITerm:27.28, DInput:1.35, Output:30.69
2022-01-19 13:15:17,522 - root - DEBUG - RunID 58, Segment 1 (loop 69) - RunState:Ramp,
                       ReadTmp:213.47, RampTmp:213.61, TargetTmp:1185.00,
                       Output:30.69, CycleOnSec:9.21, RemainTime:5:15:44
                    
2022-01-19 13:15:17,522 - root - DEBUG - ==>Relay On
2022-01-19 13:15:26,738 - root - DEBUG - ==>Relay Off
2022-01-19 13:15:26,739 - root - DEBUG - Writing stats to Firing DB table...
2022-01-19 13:15:26,758 - root - INFO - database writing complete1
2022-01-19 13:15:26,759 - root - INFO - RunState end: Ramp
2022-01-19 13:15:47,522 - root - DEBUG - Entering PID update with parameters SetPoint:215.03, ProcValue:214.83, IMax:100.00, IMin:0.00,
2022-01-19 13:15:47,522 - root - DEBUG -   Window:30, Kp: 30.000, Ki: 1.000, Kd: 0.600
2022-01-19 13:15:47,522 - root - DEBUG - Exiting PID update with parameters Error:0.20, ITerm:27.48, DInput:1.36, Output:32.60
2022-01-19 13:15:47,523 - root - DEBUG - RunID 58, Segment 1 (loop 70) - RunState:Ramp,
                       ReadTmp:214.83, RampTmp:215.03, TargetTmp:1185.00,
                       Output:32.60, CycleOnSec:9.78, RemainTime:5:15:14
                    
2022-01-19 13:15:47,523 - root - DEBUG - ==>Relay On
2022-01-19 13:15:57,313 - root - DEBUG - ==>Relay Off
2022-01-19 13:15:57,314 - root - DEBUG - Writing stats to Firing DB table...
2022-01-19 13:15:57,331 - root - INFO - database writing complete1
2022-01-19 13:15:57,331 - root - INFO - RunState end: Ramp
2022-01-19 13:16:17,523 - root - DEBUG - Entering PID update with parameters SetPoint:216.44, ProcValue:216.24, IMax:100.00, IMin:0.00,
2022-01-19 13:16:17,523 - root - DEBUG -   Window:30, Kp: 30.000, Ki: 1.000, Kd: 0.600
2022-01-19 13:16:17,523 - root - DEBUG - Exiting PID update with parameters Error:0.20, ITerm:27.68, DInput:1.41, Output:32.84
2022-01-19 13:16:17,523 - root - DEBUG - RunID 58, Segment 1 (loop 71) - RunState:Ramp,
                       ReadTmp:216.24, RampTmp:216.44, TargetTmp:1185.00,
                       Output:32.84, CycleOnSec:9.85, RemainTime:5:14:44
                    
2022-01-19 13:16:17,524 - root - DEBUG - ==>Relay On
2022-01-19 13:16:27,387 - root - DEBUG - ==>Relay Off
2022-01-19 13:16:27,388 - root - DEBUG - Writing stats to Firing DB table...
2022-01-19 13:16:27,416 - root - INFO - database writing complete1
2022-01-19 13:16:27,416 - root - INFO - RunState end: Ramp
2022-01-19 13:16:47,523 - root - DEBUG - Entering PID update with parameters SetPoint:217.86, ProcValue:217.70, IMax:100.00, IMin:0.00,
2022-01-19 13:16:47,524 - root - DEBUG -   Window:30, Kp: 30.000, Ki: 1.000, Kd: 0.600
2022-01-19 13:16:47,524 - root - DEBUG - Exiting PID update with parameters Error:0.16, ITerm:27.84, DInput:1.45, Output:31.89
2022-01-19 13:16:47,524 - root - DEBUG - RunID 58, Segment 1 (loop 72) - RunState:Ramp,
                       ReadTmp:217.70, RampTmp:217.86, TargetTmp:1185.00,
                       Output:31.89, CycleOnSec:9.57, RemainTime:5:14:14
                    
2022-01-19 13:16:47,524 - root - DEBUG - ==>Relay On
2022-01-19 13:16:57,095 - root - DEBUG - ==>Relay Off
2022-01-19 13:16:57,095 - root - DEBUG - Writing stats to Firing DB table...
2022-01-19 13:16:57,116 - root - INFO - database writing complete1
2022-01-19 13:16:57,117 - root - INFO - RunState end: Ramp
2022-01-19 13:17:17,522 - root - DEBUG - Entering PID update with parameters SetPoint:219.28, ProcValue:219.24, IMax:100.00, IMin:0.00,
2022-01-19 13:17:17,522 - root - DEBUG -   Window:30, Kp: 30.000, Ki: 1.000, Kd: 0.600
2022-01-19 13:17:17,523 - root - DEBUG - Exiting PID update with parameters Error:0.03, ITerm:27.87, DInput:1.55, Output:27.96
2022-01-19 13:17:17,523 - root - DEBUG - RunID 58, Segment 1 (loop 73) - RunState:Ramp,
                       ReadTmp:219.24, RampTmp:219.28, TargetTmp:1185.00,
                       Output:27.96, CycleOnSec:8.39, RemainTime:5:13:44
                    
2022-01-19 13:17:17,523 - root - DEBUG - ==>Relay On
2022-01-19 13:17:25,920 - root - DEBUG - ==>Relay Off
2022-01-19 13:17:25,922 - root - DEBUG - Writing stats to Firing DB table...
2022-01-19 13:17:25,937 - root - INFO - database writing complete1
2022-01-19 13:17:25,938 - root - INFO - RunState end: Ramp
2022-01-19 13:17:47,523 - root - DEBUG - Entering PID update with parameters SetPoint:220.69, ProcValue:220.60, IMax:100.00, IMin:0.00,
2022-01-19 13:17:47,523 - root - DEBUG -   Window:30, Kp: 30.000, Ki: 1.000, Kd: 0.600
2022-01-19 13:17:47,523 - root - DEBUG - Exiting PID update with parameters Error:0.09, ITerm:27.97, DInput:1.36, Output:29.88
2022-01-19 13:17:47,523 - root - DEBUG - RunID 58, Segment 1 (loop 74) - RunState:Ramp,
                       ReadTmp:220.60, RampTmp:220.69, TargetTmp:1185.00,
                       Output:29.88, CycleOnSec:8.97, RemainTime:5:13:14
                    
2022-01-19 13:17:47,523 - root - DEBUG - ==>Relay On
2022-01-19 13:17:56,498 - root - DEBUG - ==>Relay Off
2022-01-19 13:17:56,499 - root - DEBUG - Writing stats to Firing DB table...
2022-01-19 13:17:56,556 - root - INFO - database writing complete1
2022-01-19 13:17:56,557 - root - INFO - RunState end: Ramp
2022-01-19 13:18:17,522 - root - DEBUG - Entering PID update with parameters SetPoint:222.11, ProcValue:221.97, IMax:100.00, IMin:0.00,
2022-01-19 13:18:17,522 - root - DEBUG -   Window:30, Kp: 30.000, Ki: 1.000, Kd: 0.600
2022-01-19 13:18:17,522 - root - DEBUG - Exiting PID update with parameters Error:0.14, ITerm:28.11, DInput:1.37, Output:31.51
2022-01-19 13:18:17,522 - root - DEBUG - RunID 58, Segment 1 (loop 75) - RunState:Ramp,
                       ReadTmp:221.97, RampTmp:222.11, TargetTmp:1185.00,
                       Output:31.51, CycleOnSec:9.45, RemainTime:5:12:44
                    
2022-01-19 13:18:17,523 - root - DEBUG - ==>Relay On
2022-01-19 13:18:26,984 - root - DEBUG - ==>Relay Off
2022-01-19 13:18:26,985 - root - DEBUG - Writing stats to Firing DB table...
2022-01-19 13:18:27,000 - root - INFO - database writing complete1
2022-01-19 13:18:27,001 - root - INFO - RunState end: Ramp
2022-01-19 13:18:47,522 - root - DEBUG - Entering PID update with parameters SetPoint:223.53, ProcValue:223.40, IMax:100.00, IMin:0.00,
2022-01-19 13:18:47,522 - root - DEBUG -   Window:30, Kp: 30.000, Ki: 1.000, Kd: 0.600
2022-01-19 13:18:47,522 - root - DEBUG - Exiting PID update with parameters Error:0.13, ITerm:28.23, DInput:1.43, Output:31.20
2022-01-19 13:18:47,522 - root - DEBUG - RunID 58, Segment 1 (loop 76) - RunState:Ramp,
                       ReadTmp:223.40, RampTmp:223.53, TargetTmp:1185.00,
                       Output:31.20, CycleOnSec:9.36, RemainTime:5:12:14
                    
2022-01-19 13:18:47,522 - root - DEBUG - ==>Relay On
2022-01-19 13:18:56,887 - root - DEBUG - ==>Relay Off
2022-01-19 13:18:56,893 - root - DEBUG - Writing stats to Firing DB table...
2022-01-19 13:18:56,920 - root - INFO - database writing complete1
2022-01-19 13:18:56,921 - root - INFO - RunState end: Ramp
2022-01-19 13:19:17,524 - root - DEBUG - Entering PID update with parameters SetPoint:224.94, ProcValue:224.73, IMax:100.00, IMin:0.00,
2022-01-19 13:19:17,524 - root - DEBUG -   Window:30, Kp: 30.000, Ki: 1.000, Kd: 0.600
2022-01-19 13:19:17,524 - root - DEBUG - Exiting PID update with parameters Error:0.22, ITerm:28.45, DInput:1.33, Output:34.14
2022-01-19 13:19:17,524 - root - DEBUG - RunID 58, Segment 1 (loop 77) - RunState:Ramp,
                       ReadTmp:224.73, RampTmp:224.94, TargetTmp:1185.00,
                       Output:34.14, CycleOnSec:10.24, RemainTime:5:11:44
                    
2022-01-19 13:19:17,524 - root - DEBUG - ==>Relay On
2022-01-19 13:19:27,776 - root - DEBUG - ==>Relay Off
2022-01-19 13:19:27,777 - root - DEBUG - Writing stats to Firing DB table...
2022-01-19 13:19:27,794 - root - INFO - database writing complete1
2022-01-19 13:19:27,795 - root - INFO - RunState end: Ramp
2022-01-19 13:19:47,522 - root - DEBUG - Entering PID update with parameters SetPoint:226.36, ProcValue:226.09, IMax:100.00, IMin:0.00,
2022-01-19 13:19:47,522 - root - DEBUG -   Window:30, Kp: 30.000, Ki: 1.000, Kd: 0.600
2022-01-19 13:19:47,522 - root - DEBUG - Exiting PID update with parameters Error:0.27, ITerm:28.72, DInput:1.37, Output:35.86
2022-01-19 13:19:47,523 - root - DEBUG - RunID 58, Segment 1 (loop 78) - RunState:Ramp,
                       ReadTmp:226.09, RampTmp:226.36, TargetTmp:1185.00,
                       Output:35.86, CycleOnSec:10.76, RemainTime:5:11:14
                    
2022-01-19 13:19:47,523 - root - DEBUG - ==>Relay On
2022-01-19 13:19:58,293 - root - DEBUG - ==>Relay Off
2022-01-19 13:19:58,295 - root - DEBUG - Writing stats to Firing DB table...
2022-01-19 13:19:58,309 - root - INFO - database writing complete1
2022-01-19 13:19:58,310 - root - INFO - RunState end: Ramp
2022-01-19 13:20:17,522 - root - DEBUG - Entering PID update with parameters SetPoint:227.78, ProcValue:227.76, IMax:100.00, IMin:0.00,
2022-01-19 13:20:17,522 - root - DEBUG -   Window:30, Kp: 30.000, Ki: 1.000, Kd: 0.600
2022-01-19 13:20:17,522 - root - DEBUG - Exiting PID update with parameters Error:0.02, ITerm:28.73, DInput:1.66, Output:28.28
2022-01-19 13:20:17,522 - root - DEBUG - RunID 58, Segment 1 (loop 79) - RunState:Ramp,
                       ReadTmp:227.76, RampTmp:227.78, TargetTmp:1185.00,
                       Output:28.28, CycleOnSec:8.48, RemainTime:5:10:44
                    
2022-01-19 13:20:17,522 - root - DEBUG - ==>Relay On
2022-01-19 13:20:26,016 - root - DEBUG - ==>Relay Off
2022-01-19 13:20:26,017 - root - DEBUG - Writing stats to Firing DB table...
2022-01-19 13:20:26,032 - root - INFO - database writing complete1
2022-01-19 13:20:26,033 - root - INFO - RunState end: Ramp
2022-01-19 13:20:47,523 - root - DEBUG - Entering PID update with parameters SetPoint:229.19, ProcValue:229.14, IMax:100.00, IMin:0.00,
2022-01-19 13:20:47,523 - root - DEBUG -   Window:30, Kp: 30.000, Ki: 1.000, Kd: 0.600
2022-01-19 13:20:47,523 - root - DEBUG - Exiting PID update with parameters Error:0.05, ITerm:28.79, DInput:1.38, Output:29.52
2022-01-19 13:20:47,523 - root - DEBUG - RunID 58, Segment 1 (loop 80) - RunState:Ramp,
                       ReadTmp:229.14, RampTmp:229.19, TargetTmp:1185.00,
                       Output:29.52, CycleOnSec:8.86, RemainTime:5:10:14
                    
2022-01-19 13:20:47,523 - root - DEBUG - ==>Relay On
2022-01-19 13:20:56,389 - root - DEBUG - ==>Relay Off
2022-01-19 13:20:56,390 - root - DEBUG - Writing stats to Firing DB table...
2022-01-19 13:20:56,405 - root - INFO - database writing complete1
2022-01-19 13:20:56,406 - root - INFO - RunState end: Ramp
2022-01-19 13:21:17,522 - root - DEBUG - Entering PID update with parameters SetPoint:230.61, ProcValue:230.52, IMax:100.00, IMin:0.00,
2022-01-19 13:21:17,522 - root - DEBUG -   Window:30, Kp: 30.000, Ki: 1.000, Kd: 0.600
2022-01-19 13:21:17,522 - root - DEBUG - Exiting PID update with parameters Error:0.09, ITerm:28.88, DInput:1.38, Output:30.87
2022-01-19 13:21:17,523 - root - DEBUG - RunID 58, Segment 1 (loop 81) - RunState:Ramp,
                       ReadTmp:230.52, RampTmp:230.61, TargetTmp:1185.00,
                       Output:30.87, CycleOnSec:9.26, RemainTime:5:09:44
                    
2022-01-19 13:21:17,523 - root - DEBUG - ==>Relay On
2022-01-19 13:21:26,793 - root - DEBUG - ==>Relay Off
2022-01-19 13:21:26,794 - root - DEBUG - Writing stats to Firing DB table...
2022-01-19 13:21:26,809 - root - INFO - database writing complete1
2022-01-19 13:21:26,810 - root - INFO - RunState end: Ramp
2022-01-19 13:21:47,522 - root - DEBUG - Entering PID update with parameters SetPoint:232.03, ProcValue:231.78, IMax:100.00, IMin:0.00,
2022-01-19 13:21:47,522 - root - DEBUG -   Window:30, Kp: 30.000, Ki: 1.000, Kd: 0.600
2022-01-19 13:21:47,522 - root - DEBUG - Exiting PID update with parameters Error:0.24, ITerm:29.12, DInput:1.27, Output:35.71
2022-01-19 13:21:47,522 - root - DEBUG - RunID 58, Segment 1 (loop 82) - RunState:Ramp,
                       ReadTmp:231.78, RampTmp:232.03, TargetTmp:1185.00,
                       Output:35.71, CycleOnSec:10.71, RemainTime:5:09:14
                    
2022-01-19 13:21:47,522 - root - DEBUG - ==>Relay On
2022-01-19 13:21:58,246 - root - DEBUG - ==>Relay Off
2022-01-19 13:21:58,248 - root - DEBUG - Writing stats to Firing DB table...
2022-01-19 13:21:58,271 - root - INFO - database writing complete1
2022-01-19 13:21:58,272 - root - INFO - RunState end: Ramp
2022-01-19 13:22:17,522 - root - DEBUG - Entering PID update with parameters SetPoint:233.44, ProcValue:233.29, IMax:100.00, IMin:0.00,
2022-01-19 13:22:17,522 - root - DEBUG -   Window:30, Kp: 30.000, Ki: 1.000, Kd: 0.600
2022-01-19 13:22:17,522 - root - DEBUG - Exiting PID update with parameters Error:0.15, ITerm:29.28, DInput:1.51, Output:32.98
2022-01-19 13:22:17,522 - root - DEBUG - RunID 58, Segment 1 (loop 83) - RunState:Ramp,
                       ReadTmp:233.29, RampTmp:233.44, TargetTmp:1185.00,
                       Output:32.98, CycleOnSec:9.89, RemainTime:5:08:44
                    
2022-01-19 13:22:17,522 - root - DEBUG - ==>Relay On
2022-01-19 13:22:27,425 - root - DEBUG - ==>Relay Off
2022-01-19 13:22:27,425 - root - DEBUG - Writing stats to Firing DB table...
2022-01-19 13:22:27,440 - root - INFO - database writing complete1
2022-01-19 13:22:27,440 - root - INFO - RunState end: Ramp
2022-01-19 13:22:47,522 - root - DEBUG - Entering PID update with parameters SetPoint:234.86, ProcValue:234.78, IMax:100.00, IMin:0.00,
2022-01-19 13:22:47,523 - root - DEBUG -   Window:30, Kp: 30.000, Ki: 1.000, Kd: 0.600
2022-01-19 13:22:47,523 - root - DEBUG - Exiting PID update with parameters Error:0.08, ITerm:29.36, DInput:1.49, Output:30.81
2022-01-19 13:22:47,523 - root - DEBUG - RunID 58, Segment 1 (loop 84) - RunState:Ramp,
                       ReadTmp:234.78, RampTmp:234.86, TargetTmp:1185.00,
                       Output:30.81, CycleOnSec:9.24, RemainTime:5:08:14
                    
2022-01-19 13:22:47,523 - root - DEBUG - ==>Relay On
2022-01-19 13:22:56,774 - root - DEBUG - ==>Relay Off
2022-01-19 13:22:56,775 - root - DEBUG - Writing stats to Firing DB table...
2022-01-19 13:22:56,791 - root - INFO - database writing complete1
2022-01-19 13:22:56,791 - root - INFO - RunState end: Ramp
2022-01-19 13:23:17,523 - root - DEBUG - Entering PID update with parameters SetPoint:236.28, ProcValue:236.20, IMax:100.00, IMin:0.00,
2022-01-19 13:23:17,523 - root - DEBUG -   Window:30, Kp: 30.000, Ki: 1.000, Kd: 0.600
2022-01-19 13:23:17,523 - root - DEBUG - Exiting PID update with parameters Error:0.07, ITerm:29.43, DInput:1.42, Output:30.76
2022-01-19 13:23:17,524 - root - DEBUG - RunID 58, Segment 1 (loop 85) - RunState:Ramp,
                       ReadTmp:236.20, RampTmp:236.28, TargetTmp:1185.00,
                       Output:30.76, CycleOnSec:9.23, RemainTime:5:07:44
                    
2022-01-19 13:23:17,524 - root - DEBUG - ==>Relay On
2022-01-19 13:23:26,763 - root - DEBUG - ==>Relay Off
2022-01-19 13:23:26,764 - root - DEBUG - Writing stats to Firing DB table...
2022-01-19 13:23:26,782 - root - INFO - database writing complete1
2022-01-19 13:23:26,783 - root - INFO - RunState end: Ramp
2022-01-19 13:23:47,522 - root - DEBUG - Entering PID update with parameters SetPoint:237.69, ProcValue:237.60, IMax:100.00, IMin:0.00,
2022-01-19 13:23:47,522 - root - DEBUG -   Window:30, Kp: 30.000, Ki: 1.000, Kd: 0.600
2022-01-19 13:23:47,523 - root - DEBUG - Exiting PID update with parameters Error:0.09, ITerm:29.52, DInput:1.40, Output:31.42
2022-01-19 13:23:47,523 - root - DEBUG - RunID 58, Segment 1 (loop 86) - RunState:Ramp,
                       ReadTmp:237.60, RampTmp:237.69, TargetTmp:1185.00,
                       Output:31.42, CycleOnSec:9.42, RemainTime:5:07:14
                    
2022-01-19 13:23:47,523 - root - DEBUG - ==>Relay On
2022-01-19 13:23:56,958 - root - DEBUG - ==>Relay Off
2022-01-19 13:23:56,959 - root - DEBUG - Writing stats to Firing DB table...
2022-01-19 13:23:56,979 - root - INFO - database writing complete1
2022-01-19 13:23:56,980 - root - INFO - RunState end: Ramp
2022-01-19 13:24:17,522 - root - DEBUG - Entering PID update with parameters SetPoint:239.11, ProcValue:238.88, IMax:100.00, IMin:0.00,
2022-01-19 13:24:17,522 - root - DEBUG -   Window:30, Kp: 30.000, Ki: 1.000, Kd: 0.600
2022-01-19 13:24:17,522 - root - DEBUG - Exiting PID update with parameters Error:0.23, ITerm:29.76, DInput:1.27, Output:36.02
2022-01-19 13:24:17,522 - root - DEBUG - RunID 58, Segment 1 (loop 87) - RunState:Ramp,
                       ReadTmp:238.88, RampTmp:239.11, TargetTmp:1185.00,
                       Output:36.02, CycleOnSec:10.81, RemainTime:5:06:44
                    
2022-01-19 13:24:17,522 - root - DEBUG - ==>Relay On
2022-01-19 13:24:28,335 - root - DEBUG - ==>Relay Off
2022-01-19 13:24:28,337 - root - DEBUG - Writing stats to Firing DB table...
2022-01-19 13:24:28,352 - root - INFO - database writing complete1
2022-01-19 13:24:28,353 - root - INFO - RunState end: Ramp
2022-01-19 13:24:47,522 - root - DEBUG - Entering PID update with parameters SetPoint:240.53, ProcValue:240.41, IMax:100.00, IMin:0.00,
2022-01-19 13:24:47,522 - root - DEBUG -   Window:30, Kp: 30.000, Ki: 1.000, Kd: 0.600
2022-01-19 13:24:47,522 - root - DEBUG - Exiting PID update with parameters Error:0.12, ITerm:29.87, DInput:1.53, Output:32.55
2022-01-19 13:24:47,523 - root - DEBUG - RunID 58, Segment 1 (loop 88) - RunState:Ramp,
                       ReadTmp:240.41, RampTmp:240.53, TargetTmp:1185.00,
                       Output:32.55, CycleOnSec:9.76, RemainTime:5:06:14
                    
2022-01-19 13:24:47,523 - root - DEBUG - ==>Relay On
2022-01-19 13:24:57,298 - root - DEBUG - ==>Relay Off
2022-01-19 13:24:57,299 - root - DEBUG - Writing stats to Firing DB table...
2022-01-19 13:24:57,321 - root - INFO - database writing complete1
2022-01-19 13:24:57,322 - root - INFO - RunState end: Ramp
2022-01-19 13:25:17,522 - root - DEBUG - Entering PID update with parameters SetPoint:241.94, ProcValue:241.80, IMax:100.00, IMin:0.00,
2022-01-19 13:25:17,522 - root - DEBUG -   Window:30, Kp: 30.000, Ki: 1.000, Kd: 0.600
2022-01-19 13:25:17,522 - root - DEBUG - Exiting PID update with parameters Error:0.14, ITerm:30.01, DInput:1.40, Output:33.31
2022-01-19 13:25:17,522 - root - DEBUG - RunID 58, Segment 1 (loop 89) - RunState:Ramp,
                       ReadTmp:241.80, RampTmp:241.94, TargetTmp:1185.00,
                       Output:33.31, CycleOnSec:9.99, RemainTime:5:05:44
                    
2022-01-19 13:25:17,522 - root - DEBUG - ==>Relay On
2022-01-19 13:25:27,525 - root - DEBUG - ==>Relay Off
2022-01-19 13:25:27,525 - root - DEBUG - Writing stats to Firing DB table...
2022-01-19 13:25:27,540 - root - INFO - database writing complete1
2022-01-19 13:25:27,541 - root - INFO - RunState end: Ramp
2022-01-19 13:25:47,522 - root - DEBUG - Entering PID update with parameters SetPoint:243.36, ProcValue:243.38, IMax:100.00, IMin:0.00,
2022-01-19 13:25:47,522 - root - DEBUG -   Window:30, Kp: 30.000, Ki: 1.000, Kd: 0.600
2022-01-19 13:25:47,522 - root - DEBUG - Exiting PID update with parameters Error:-0.02, ITerm:30.00, DInput:1.57, Output:28.59
2022-01-19 13:25:47,522 - root - DEBUG - RunID 58, Segment 1 (loop 90) - RunState:Ramp,
                       ReadTmp:243.38, RampTmp:243.36, TargetTmp:1185.00,
                       Output:28.59, CycleOnSec:8.58, RemainTime:5:05:14
                    
2022-01-19 13:25:47,522 - root - DEBUG - ==>Relay On
2022-01-19 13:25:56,107 - root - DEBUG - ==>Relay Off
2022-01-19 13:25:56,108 - root - DEBUG - Writing stats to Firing DB table...
2022-01-19 13:25:56,123 - root - INFO - database writing complete1
2022-01-19 13:25:56,124 - root - INFO - RunState end: Ramp
2022-01-19 13:26:17,522 - root - DEBUG - Entering PID update with parameters SetPoint:244.78, ProcValue:244.69, IMax:100.00, IMin:0.00,
2022-01-19 13:26:17,522 - root - DEBUG -   Window:30, Kp: 30.000, Ki: 1.000, Kd: 0.600
2022-01-19 13:26:17,522 - root - DEBUG - Exiting PID update with parameters Error:0.09, ITerm:30.09, DInput:1.31, Output:31.95
2022-01-19 13:26:17,522 - root - DEBUG - RunID 58, Segment 1 (loop 91) - RunState:Ramp,
                       ReadTmp:244.69, RampTmp:244.78, TargetTmp:1185.00,
                       Output:31.95, CycleOnSec:9.59, RemainTime:5:04:44
                    
2022-01-19 13:26:17,522 - root - DEBUG - ==>Relay On
2022-01-19 13:26:27,119 - root - DEBUG - ==>Relay Off
2022-01-19 13:26:27,120 - root - DEBUG - Writing stats to Firing DB table...
2022-01-19 13:26:27,136 - root - INFO - database writing complete1
2022-01-19 13:26:27,136 - root - INFO - RunState end: Ramp
2022-01-19 13:26:47,521 - root - DEBUG - Entering PID update with parameters SetPoint:246.19, ProcValue:245.98, IMax:100.00, IMin:0.00,
2022-01-19 13:26:47,522 - root - DEBUG -   Window:30, Kp: 30.000, Ki: 1.000, Kd: 0.600
2022-01-19 13:26:47,522 - root - DEBUG - Exiting PID update with parameters Error:0.21, ITerm:30.29, DInput:1.30, Output:35.77
2022-01-19 13:26:47,522 - root - DEBUG - RunID 58, Segment 1 (loop 92) - RunState:Ramp,
                       ReadTmp:245.98, RampTmp:246.19, TargetTmp:1185.00,
                       Output:35.77, CycleOnSec:10.73, RemainTime:5:04:14
                    
2022-01-19 13:26:47,522 - root - DEBUG - ==>Relay On
2022-01-19 13:26:58,263 - root - DEBUG - ==>Relay Off
2022-01-19 13:26:58,264 - root - DEBUG - Writing stats to Firing DB table...
2022-01-19 13:26:58,279 - root - INFO - database writing complete1
2022-01-19 13:26:58,280 - root - INFO - RunState end: Ramp
2022-01-19 13:27:17,522 - root - DEBUG - Entering PID update with parameters SetPoint:247.61, ProcValue:247.38, IMax:100.00, IMin:0.00,
2022-01-19 13:27:17,523 - root - DEBUG -   Window:30, Kp: 30.000, Ki: 1.000, Kd: 0.600
2022-01-19 13:27:17,523 - root - DEBUG - Exiting PID update with parameters Error:0.23, ITerm:30.52, DInput:1.40, Output:36.48
2022-01-19 13:27:17,523 - root - DEBUG - RunID 58, Segment 1 (loop 93) - RunState:Ramp,
                       ReadTmp:247.38, RampTmp:247.61, TargetTmp:1185.00,
                       Output:36.48, CycleOnSec:10.94, RemainTime:5:03:44
                    
2022-01-19 13:27:17,524 - root - DEBUG - ==>Relay On
2022-01-19 13:27:28,474 - root - DEBUG - ==>Relay Off
2022-01-19 13:27:28,476 - root - DEBUG - Writing stats to Firing DB table...
2022-01-19 13:27:28,501 - root - INFO - database writing complete1
2022-01-19 13:27:28,502 - root - INFO - RunState end: Ramp
2022-01-19 13:27:47,522 - root - DEBUG - Entering PID update with parameters SetPoint:249.03, ProcValue:248.91, IMax:100.00, IMin:0.00,
2022-01-19 13:27:47,522 - root - DEBUG -   Window:30, Kp: 30.000, Ki: 1.000, Kd: 0.600
2022-01-19 13:27:47,522 - root - DEBUG - Exiting PID update with parameters Error:0.12, ITerm:30.64, DInput:1.52, Output:33.32
2022-01-19 13:27:47,522 - root - DEBUG - RunID 58, Segment 1 (loop 94) - RunState:Ramp,
                       ReadTmp:248.91, RampTmp:249.03, TargetTmp:1185.00,
                       Output:33.32, CycleOnSec:10.00, RemainTime:5:03:14
                    
2022-01-19 13:27:47,522 - root - DEBUG - ==>Relay On
2022-01-19 13:27:57,535 - root - DEBUG - ==>Relay Off
2022-01-19 13:27:57,536 - root - DEBUG - Writing stats to Firing DB table...
2022-01-19 13:27:57,554 - root - INFO - database writing complete1
2022-01-19 13:27:57,555 - root - INFO - RunState end: Ramp
2022-01-19 13:28:17,522 - root - DEBUG - Entering PID update with parameters SetPoint:250.44, ProcValue:250.30, IMax:100.00, IMin:0.00,
2022-01-19 13:28:17,523 - root - DEBUG -   Window:30, Kp: 30.000, Ki: 1.000, Kd: 0.600
2022-01-19 13:28:17,523 - root - DEBUG - Exiting PID update with parameters Error:0.15, ITerm:30.79, DInput:1.39, Output:34.33
2022-01-19 13:28:17,524 - root - DEBUG - RunID 58, Segment 1 (loop 95) - RunState:Ramp,
                       ReadTmp:250.30, RampTmp:250.44, TargetTmp:1185.00,
                       Output:34.33, CycleOnSec:10.30, RemainTime:5:02:44
                    
2022-01-19 13:28:17,524 - root - DEBUG - ==>Relay On
2022-01-19 13:28:27,833 - root - DEBUG - ==>Relay Off
2022-01-19 13:28:27,833 - root - DEBUG - Writing stats to Firing DB table...
2022-01-19 13:28:27,847 - root - INFO - database writing complete1
2022-01-19 13:28:27,848 - root - INFO - RunState end: Ramp
2022-01-19 13:28:47,522 - root - DEBUG - Entering PID update with parameters SetPoint:251.86, ProcValue:251.87, IMax:100.00, IMin:0.00,
2022-01-19 13:28:47,522 - root - DEBUG -   Window:30, Kp: 30.000, Ki: 1.000, Kd: 0.600
2022-01-19 13:28:47,522 - root - DEBUG - Exiting PID update with parameters Error:-0.01, ITerm:30.78, DInput:1.57, Output:29.60
2022-01-19 13:28:47,523 - root - DEBUG - RunID 58, Segment 1 (loop 96) - RunState:Ramp,
                       ReadTmp:251.87, RampTmp:251.86, TargetTmp:1185.00,
                       Output:29.60, CycleOnSec:8.88, RemainTime:5:02:14
                    
2022-01-19 13:28:47,523 - root - DEBUG - ==>Relay On
2022-01-19 13:28:56,413 - root - DEBUG - ==>Relay Off
2022-01-19 13:28:56,414 - root - DEBUG - Writing stats to Firing DB table...
2022-01-19 13:28:56,504 - root - INFO - database writing complete1
2022-01-19 13:28:56,504 - root - INFO - RunState end: Ramp
2022-01-19 13:29:17,521 - root - DEBUG - Entering PID update with parameters SetPoint:253.28, ProcValue:253.17, IMax:100.00, IMin:0.00,
2022-01-19 13:29:17,522 - root - DEBUG -   Window:30, Kp: 30.000, Ki: 1.000, Kd: 0.600
2022-01-19 13:29:17,522 - root - DEBUG - Exiting PID update with parameters Error:0.10, ITerm:30.88, DInput:1.30, Output:33.22
2022-01-19 13:29:17,522 - root - DEBUG - RunID 58, Segment 1 (loop 97) - RunState:Ramp,
                       ReadTmp:253.17, RampTmp:253.28, TargetTmp:1185.00,
                       Output:33.22, CycleOnSec:9.97, RemainTime:5:01:44
                    
2022-01-19 13:29:17,522 - root - DEBUG - ==>Relay On
2022-01-19 13:29:27,500 - root - DEBUG - ==>Relay Off
2022-01-19 13:29:27,501 - root - DEBUG - Writing stats to Firing DB table...
2022-01-19 13:29:27,517 - root - INFO - database writing complete1
2022-01-19 13:29:27,517 - root - INFO - RunState end: Ramp
2022-01-19 13:29:47,521 - root - DEBUG - Entering PID update with parameters SetPoint:254.69, ProcValue:254.55, IMax:100.00, IMin:0.00,
2022-01-19 13:29:47,522 - root - DEBUG -   Window:30, Kp: 30.000, Ki: 1.000, Kd: 0.600
2022-01-19 13:29:47,522 - root - DEBUG - Exiting PID update with parameters Error:0.15, ITerm:31.03, DInput:1.38, Output:34.58
2022-01-19 13:29:47,522 - root - DEBUG - RunID 58, Segment 1 (loop 98) - RunState:Ramp,
                       ReadTmp:254.55, RampTmp:254.69, TargetTmp:1185.00,
                       Output:34.58, CycleOnSec:10.37, RemainTime:5:01:14
                    
2022-01-19 13:29:47,522 - root - DEBUG - ==>Relay On
2022-01-19 13:29:57,906 - root - DEBUG - ==>Relay Off
2022-01-19 13:29:57,907 - root - DEBUG - Writing stats to Firing DB table...
2022-01-19 13:29:57,921 - root - INFO - database writing complete1
2022-01-19 13:29:57,922 - root - INFO - RunState end: Ramp
2022-01-19 13:30:17,521 - root - DEBUG - Entering PID update with parameters SetPoint:256.11, ProcValue:255.94, IMax:100.00, IMin:0.00,
2022-01-19 13:30:17,522 - root - DEBUG -   Window:30, Kp: 30.000, Ki: 1.000, Kd: 0.600
2022-01-19 13:30:17,522 - root - DEBUG - Exiting PID update with parameters Error:0.17, ITerm:31.20, DInput:1.39, Output:35.52
2022-01-19 13:30:17,522 - root - DEBUG - RunID 58, Segment 1 (loop 99) - RunState:Ramp,
                       ReadTmp:255.94, RampTmp:256.11, TargetTmp:1185.00,
                       Output:35.52, CycleOnSec:10.66, RemainTime:5:00:44
                    
2022-01-19 13:30:17,522 - root - DEBUG - ==>Relay On
2022-01-19 13:30:28,190 - root - DEBUG - ==>Relay Off
2022-01-19 13:30:28,190 - root - DEBUG - Writing stats to Firing DB table...
2022-01-19 13:30:28,223 - root - INFO - database writing complete1
2022-01-19 13:30:28,223 - root - INFO - RunState end: Ramp
2022-01-19 13:30:47,522 - root - DEBUG - Entering PID update with parameters SetPoint:257.53, ProcValue:257.37, IMax:100.00, IMin:0.00,
2022-01-19 13:30:47,522 - root - DEBUG -   Window:30, Kp: 30.000, Ki: 1.000, Kd: 0.600
2022-01-19 13:30:47,526 - root - DEBUG - Exiting PID update with parameters Error:0.16, ITerm:31.36, DInput:1.43, Output:35.27
2022-01-19 13:30:47,526 - root - DEBUG - RunID 58, Segment 1 (loop 100) - RunState:Ramp,
                       ReadTmp:257.37, RampTmp:257.53, TargetTmp:1185.00,
                       Output:35.27, CycleOnSec:10.58, RemainTime:5:00:14
                    
2022-01-19 13:30:47,526 - root - DEBUG - ==>Relay On
2022-01-19 13:30:58,117 - root - DEBUG - ==>Relay Off
2022-01-19 13:30:58,118 - root - DEBUG - Writing stats to Firing DB table...
2022-01-19 13:30:58,135 - root - INFO - database writing complete1
2022-01-19 13:30:58,135 - root - INFO - RunState end: Ramp
2022-01-19 13:31:17,521 - root - DEBUG - Entering PID update with parameters SetPoint:258.94, ProcValue:258.89, IMax:100.00, IMin:0.00,
2022-01-19 13:31:17,522 - root - DEBUG -   Window:30, Kp: 30.000, Ki: 1.000, Kd: 0.600
2022-01-19 13:31:17,522 - root - DEBUG - Exiting PID update with parameters Error:0.05, ITerm:31.41, DInput:1.52, Output:32.06
2022-01-19 13:31:17,522 - root - DEBUG - RunID 58, Segment 1 (loop 101) - RunState:Ramp,
                       ReadTmp:258.89, RampTmp:258.94, TargetTmp:1185.00,
                       Output:32.06, CycleOnSec:9.62, RemainTime:4:59:44
                    
2022-01-19 13:31:17,522 - root - DEBUG - ==>Relay On
2022-01-19 13:31:27,150 - root - DEBUG - ==>Relay Off
2022-01-19 13:31:27,151 - root - DEBUG - Writing stats to Firing DB table...
2022-01-19 13:31:27,167 - root - INFO - database writing complete1
2022-01-19 13:31:27,167 - root - INFO - RunState end: Ramp
2022-01-19 13:31:47,521 - root - DEBUG - Entering PID update with parameters SetPoint:260.36, ProcValue:260.23, IMax:100.00, IMin:0.00,
2022-01-19 13:31:47,522 - root - DEBUG -   Window:30, Kp: 30.000, Ki: 1.000, Kd: 0.600
2022-01-19 13:31:47,522 - root - DEBUG - Exiting PID update with parameters Error:0.13, ITerm:31.54, DInput:1.34, Output:34.73
2022-01-19 13:31:47,522 - root - DEBUG - RunID 58, Segment 1 (loop 102) - RunState:Ramp,
                       ReadTmp:260.23, RampTmp:260.36, TargetTmp:1185.00,
                       Output:34.73, CycleOnSec:10.42, RemainTime:4:59:14
                    
2022-01-19 13:31:47,522 - root - DEBUG - ==>Relay On
2022-01-19 13:31:57,945 - root - DEBUG - ==>Relay Off
2022-01-19 13:31:57,945 - root - DEBUG - Writing stats to Firing DB table...
2022-01-19 13:31:57,960 - root - INFO - database writing complete1
2022-01-19 13:31:57,960 - root - INFO - RunState end: Ramp
2022-01-19 13:32:17,522 - root - DEBUG - Entering PID update with parameters SetPoint:261.78, ProcValue:261.62, IMax:100.00, IMin:0.00,
2022-01-19 13:32:17,522 - root - DEBUG -   Window:30, Kp: 30.000, Ki: 1.000, Kd: 0.600
2022-01-19 13:32:17,522 - root - DEBUG - Exiting PID update with parameters Error:0.15, ITerm:31.70, DInput:1.40, Output:35.39
2022-01-19 13:32:17,522 - root - DEBUG - RunID 58, Segment 1 (loop 103) - RunState:Ramp,
                       ReadTmp:261.62, RampTmp:261.78, TargetTmp:1185.00,
                       Output:35.39, CycleOnSec:10.62, RemainTime:4:58:44
                    
2022-01-19 13:32:17,522 - root - DEBUG - ==>Relay On
2022-01-19 13:32:28,149 - root - DEBUG - ==>Relay Off
2022-01-19 13:32:28,150 - root - DEBUG - Writing stats to Firing DB table...
2022-01-19 13:32:28,164 - root - INFO - database writing complete1
2022-01-19 13:32:28,165 - root - INFO - RunState end: Ramp
2022-01-19 13:32:47,522 - root - DEBUG - Entering PID update with parameters SetPoint:263.19, ProcValue:263.09, IMax:100.00, IMin:0.00,
2022-01-19 13:32:47,522 - root - DEBUG -   Window:30, Kp: 30.000, Ki: 1.000, Kd: 0.600
2022-01-19 13:32:47,522 - root - DEBUG - Exiting PID update with parameters Error:0.10, ITerm:31.79, DInput:1.47, Output:33.88
2022-01-19 13:32:47,522 - root - DEBUG - RunID 58, Segment 1 (loop 104) - RunState:Ramp,
                       ReadTmp:263.09, RampTmp:263.19, TargetTmp:1185.00,
                       Output:33.88, CycleOnSec:10.16, RemainTime:4:58:14
                    
2022-01-19 13:32:47,522 - root - DEBUG - ==>Relay On
2022-01-19 13:32:57,697 - root - DEBUG - ==>Relay Off
2022-01-19 13:32:57,699 - root - DEBUG - Writing stats to Firing DB table...
2022-01-19 13:32:57,713 - root - INFO - database writing complete1
2022-01-19 13:32:57,713 - root - INFO - RunState end: Ramp
2022-01-19 13:33:17,521 - root - DEBUG - Entering PID update with parameters SetPoint:264.61, ProcValue:264.48, IMax:100.00, IMin:0.00,
2022-01-19 13:33:17,522 - root - DEBUG -   Window:30, Kp: 30.000, Ki: 1.000, Kd: 0.600
2022-01-19 13:33:17,522 - root - DEBUG - Exiting PID update with parameters Error:0.13, ITerm:31.93, DInput:1.38, Output:35.08
2022-01-19 13:33:17,522 - root - DEBUG - RunID 58, Segment 1 (loop 105) - RunState:Ramp,
                       ReadTmp:264.48, RampTmp:264.61, TargetTmp:1185.00,
                       Output:35.08, CycleOnSec:10.52, RemainTime:4:57:44
                    
2022-01-19 13:33:17,522 - root - DEBUG - ==>Relay On
2022-01-19 13:33:28,055 - root - DEBUG - ==>Relay Off
2022-01-19 13:33:28,055 - root - DEBUG - Writing stats to Firing DB table...
2022-01-19 13:33:28,072 - root - INFO - database writing complete1
2022-01-19 13:33:28,072 - root - INFO - RunState end: Ramp
2022-01-19 13:33:47,521 - root - DEBUG - Entering PID update with parameters SetPoint:266.03, ProcValue:265.88, IMax:100.00, IMin:0.00,
2022-01-19 13:33:47,522 - root - DEBUG -   Window:30, Kp: 30.000, Ki: 1.000, Kd: 0.600
2022-01-19 13:33:47,528 - root - DEBUG - Exiting PID update with parameters Error:0.14, ITerm:32.07, DInput:1.41, Output:35.52
2022-01-19 13:33:47,529 - root - DEBUG - RunID 58, Segment 1 (loop 106) - RunState:Ramp,
                       ReadTmp:265.88, RampTmp:266.03, TargetTmp:1185.00,
                       Output:35.52, CycleOnSec:10.66, RemainTime:4:57:14
                    
2022-01-19 13:33:47,529 - root - DEBUG - ==>Relay On
2022-01-19 13:33:58,197 - root - DEBUG - ==>Relay Off
2022-01-19 13:33:58,198 - root - DEBUG - Writing stats to Firing DB table...
2022-01-19 13:33:58,212 - root - INFO - database writing complete1
2022-01-19 13:33:58,212 - root - INFO - RunState end: Ramp
2022-01-19 13:34:17,521 - root - DEBUG - Entering PID update with parameters SetPoint:267.44, ProcValue:267.38, IMax:100.00, IMin:0.00,
2022-01-19 13:34:17,527 - root - DEBUG -   Window:30, Kp: 30.000, Ki: 1.000, Kd: 0.600
2022-01-19 13:34:17,527 - root - DEBUG - Exiting PID update with parameters Error:0.07, ITerm:32.14, DInput:1.49, Output:33.27
2022-01-19 13:34:17,527 - root - DEBUG - RunID 58, Segment 1 (loop 107) - RunState:Ramp,
                       ReadTmp:267.38, RampTmp:267.44, TargetTmp:1185.00,
                       Output:33.27, CycleOnSec:9.98, RemainTime:4:56:44
                    
2022-01-19 13:34:17,527 - root - DEBUG - ==>Relay On
2022-01-19 13:34:27,520 - root - DEBUG - ==>Relay Off
2022-01-19 13:34:27,521 - root - DEBUG - Writing stats to Firing DB table...
2022-01-19 13:34:27,537 - root - INFO - database writing complete1
2022-01-19 13:34:27,537 - root - INFO - RunState end: Ramp
2022-01-19 13:34:47,522 - root - DEBUG - Entering PID update with parameters SetPoint:268.86, ProcValue:268.72, IMax:100.00, IMin:0.00,
2022-01-19 13:34:47,522 - root - DEBUG -   Window:30, Kp: 30.000, Ki: 1.000, Kd: 0.600
2022-01-19 13:34:47,522 - root - DEBUG - Exiting PID update with parameters Error:0.14, ITerm:32.28, DInput:1.34, Output:35.69
2022-01-19 13:34:47,523 - root - DEBUG - RunID 58, Segment 1 (loop 108) - RunState:Ramp,
                       ReadTmp:268.72, RampTmp:268.86, TargetTmp:1185.00,
                       Output:35.69, CycleOnSec:10.71, RemainTime:4:56:14
                    
2022-01-19 13:34:47,523 - root - DEBUG - ==>Relay On
2022-01-19 13:34:58,232 - root - DEBUG - ==>Relay Off
2022-01-19 13:34:58,232 - root - DEBUG - Writing stats to Firing DB table...
2022-01-19 13:34:58,246 - root - INFO - database writing complete1
2022-01-19 13:34:58,247 - root - INFO - RunState end: Ramp
2022-01-19 13:35:17,522 - root - DEBUG - Entering PID update with parameters SetPoint:270.28, ProcValue:270.12, IMax:100.00, IMin:0.00,
2022-01-19 13:35:17,522 - root - DEBUG -   Window:30, Kp: 30.000, Ki: 1.000, Kd: 0.600
2022-01-19 13:35:17,522 - root - DEBUG - Exiting PID update with parameters Error:0.15, ITerm:32.43, DInput:1.41, Output:36.12
2022-01-19 13:35:17,522 - root - DEBUG - RunID 58, Segment 1 (loop 109) - RunState:Ramp,
                       ReadTmp:270.12, RampTmp:270.28, TargetTmp:1185.00,
                       Output:36.12, CycleOnSec:10.84, RemainTime:4:55:44
                    
2022-01-19 13:35:17,522 - root - DEBUG - ==>Relay On
2022-01-19 13:35:28,369 - root - DEBUG - ==>Relay Off
2022-01-19 13:35:28,369 - root - DEBUG - Writing stats to Firing DB table...
2022-01-19 13:35:28,393 - root - INFO - database writing complete1
2022-01-19 13:35:28,393 - root - INFO - RunState end: Ramp
2022-01-19 13:35:47,521 - root - DEBUG - Entering PID update with parameters SetPoint:271.69, ProcValue:271.55, IMax:100.00, IMin:0.00,
2022-01-19 13:35:47,522 - root - DEBUG -   Window:30, Kp: 30.000, Ki: 1.000, Kd: 0.600
2022-01-19 13:35:47,522 - root - DEBUG - Exiting PID update with parameters Error:0.14, ITerm:32.57, DInput:1.43, Output:35.85
2022-01-19 13:35:47,522 - root - DEBUG - RunID 58, Segment 1 (loop 110) - RunState:Ramp,
                       ReadTmp:271.55, RampTmp:271.69, TargetTmp:1185.00,
                       Output:35.85, CycleOnSec:10.76, RemainTime:4:55:14
                    
2022-01-19 13:35:47,522 - root - DEBUG - ==>Relay On
2022-01-19 13:35:58,288 - root - DEBUG - ==>Relay Off
2022-01-19 13:35:58,289 - root - DEBUG - Writing stats to Firing DB table...
2022-01-19 13:35:58,303 - root - INFO - database writing complete1
2022-01-19 13:35:58,303 - root - INFO - RunState end: Ramp
2022-01-19 13:36:17,521 - root - DEBUG - Entering PID update with parameters SetPoint:273.11, ProcValue:272.95, IMax:100.00, IMin:0.00,
2022-01-19 13:36:17,522 - root - DEBUG -   Window:30, Kp: 30.000, Ki: 1.000, Kd: 0.600
2022-01-19 13:36:17,522 - root - DEBUG - Exiting PID update with parameters Error:0.16, ITerm:32.73, DInput:1.39, Output:36.82
2022-01-19 13:36:17,522 - root - DEBUG - RunID 58, Segment 1 (loop 111) - RunState:Ramp,
                       ReadTmp:272.95, RampTmp:273.11, TargetTmp:1185.00,
                       Output:36.82, CycleOnSec:11.05, RemainTime:4:54:44
                    
2022-01-19 13:36:17,522 - root - DEBUG - ==>Relay On
2022-01-19 13:36:28,579 - root - DEBUG - ==>Relay Off
2022-01-19 13:36:28,580 - root - DEBUG - Writing stats to Firing DB table...
2022-01-19 13:36:28,594 - root - INFO - database writing complete1
2022-01-19 13:36:28,595 - root - INFO - RunState end: Ramp
2022-01-19 13:36:47,521 - root - DEBUG - Entering PID update with parameters SetPoint:274.53, ProcValue:274.54, IMax:100.00, IMin:0.00,
2022-01-19 13:36:47,522 - root - DEBUG -   Window:30, Kp: 30.000, Ki: 1.000, Kd: 0.600
2022-01-19 13:36:47,522 - root - DEBUG - Exiting PID update with parameters Error:-0.01, ITerm:32.72, DInput:1.59, Output:31.37
2022-01-19 13:36:47,522 - root - DEBUG - RunID 58, Segment 1 (loop 112) - RunState:Ramp,
                       ReadTmp:274.54, RampTmp:274.53, TargetTmp:1185.00,
                       Output:31.37, CycleOnSec:9.41, RemainTime:4:54:14
                    
2022-01-19 13:36:47,522 - root - DEBUG - ==>Relay On
2022-01-19 13:36:56,943 - root - DEBUG - ==>Relay Off
2022-01-19 13:36:56,944 - root - DEBUG - Writing stats to Firing DB table...
2022-01-19 13:36:56,969 - root - INFO - database writing complete1
2022-01-19 13:36:56,970 - root - INFO - RunState end: Ramp
2022-01-19 13:37:17,523 - root - DEBUG - Entering PID update with parameters SetPoint:275.94, ProcValue:275.88, IMax:100.00, IMin:0.00,
2022-01-19 13:37:17,523 - root - DEBUG -   Window:30, Kp: 30.000, Ki: 1.000, Kd: 0.600
2022-01-19 13:37:17,523 - root - DEBUG - Exiting PID update with parameters Error:0.07, ITerm:32.79, DInput:1.34, Output:34.02
2022-01-19 13:37:17,524 - root - DEBUG - RunID 58, Segment 1 (loop 113) - RunState:Ramp,
                       ReadTmp:275.88, RampTmp:275.94, TargetTmp:1185.00,
                       Output:34.02, CycleOnSec:10.20, RemainTime:4:53:44
                    
2022-01-19 13:37:17,524 - root - DEBUG - ==>Relay On
2022-01-19 13:37:27,739 - root - DEBUG - ==>Relay Off
2022-01-19 13:37:27,741 - root - DEBUG - Writing stats to Firing DB table...
2022-01-19 13:37:27,765 - root - INFO - database writing complete1
2022-01-19 13:37:27,766 - root - INFO - RunState end: Ramp
2022-01-19 13:37:47,522 - root - DEBUG - Entering PID update with parameters SetPoint:277.36, ProcValue:277.12, IMax:100.00, IMin:0.00,
2022-01-19 13:37:47,522 - root - DEBUG -   Window:30, Kp: 30.000, Ki: 1.000, Kd: 0.600
2022-01-19 13:37:47,522 - root - DEBUG - Exiting PID update with parameters Error:0.23, ITerm:33.02, DInput:1.25, Output:39.30
2022-01-19 13:37:47,522 - root - DEBUG - RunID 58, Segment 1 (loop 114) - RunState:Ramp,
                       ReadTmp:277.12, RampTmp:277.36, TargetTmp:1185.00,
                       Output:39.30, CycleOnSec:11.79, RemainTime:4:53:14
                    
2022-01-19 13:37:47,522 - root - DEBUG - ==>Relay On
2022-01-19 13:37:59,325 - root - DEBUG - ==>Relay Off
2022-01-19 13:37:59,326 - root - DEBUG - Writing stats to Firing DB table...
2022-01-19 13:37:59,342 - root - INFO - database writing complete1
2022-01-19 13:37:59,343 - root - INFO - RunState end: Ramp
2022-01-19 13:38:17,521 - root - DEBUG - Entering PID update with parameters SetPoint:278.78, ProcValue:278.66, IMax:100.00, IMin:0.00,
2022-01-19 13:38:17,527 - root - DEBUG -   Window:30, Kp: 30.000, Ki: 1.000, Kd: 0.600
2022-01-19 13:38:17,527 - root - DEBUG - Exiting PID update with parameters Error:0.11, ITerm:33.13, DInput:1.54, Output:35.57
2022-01-19 13:38:17,527 - root - DEBUG - RunID 58, Segment 1 (loop 115) - RunState:Ramp,
                       ReadTmp:278.66, RampTmp:278.78, TargetTmp:1185.00,
                       Output:35.57, CycleOnSec:10.67, RemainTime:4:52:44
                    
2022-01-19 13:38:17,527 - root - DEBUG - ==>Relay On
2022-01-19 13:38:28,209 - root - DEBUG - ==>Relay Off
2022-01-19 13:38:28,210 - root - DEBUG - Writing stats to Firing DB table...
2022-01-19 13:38:28,225 - root - INFO - database writing complete1
2022-01-19 13:38:28,225 - root - INFO - RunState end: Ramp
2022-01-19 13:38:47,522 - root - DEBUG - Entering PID update with parameters SetPoint:280.19, ProcValue:280.08, IMax:100.00, IMin:0.00,
2022-01-19 13:38:47,522 - root - DEBUG -   Window:30, Kp: 30.000, Ki: 1.000, Kd: 0.600
2022-01-19 13:38:47,522 - root - DEBUG - Exiting PID update with parameters Error:0.11, ITerm:33.25, DInput:1.41, Output:35.84
2022-01-19 13:38:47,522 - root - DEBUG - RunID 58, Segment 1 (loop 116) - RunState:Ramp,
                       ReadTmp:280.08, RampTmp:280.19, TargetTmp:1185.00,
                       Output:35.84, CycleOnSec:10.75, RemainTime:4:52:14
                    
2022-01-19 13:38:47,522 - root - DEBUG - ==>Relay On
2022-01-19 13:38:58,274 - root - DEBUG - ==>Relay Off
2022-01-19 13:38:58,275 - root - DEBUG - Writing stats to Firing DB table...
2022-01-19 13:38:58,301 - root - INFO - database writing complete1
2022-01-19 13:38:58,301 - root - INFO - RunState end: Ramp
2022-01-19 13:39:17,521 - root - DEBUG - Entering PID update with parameters SetPoint:281.61, ProcValue:281.49, IMax:100.00, IMin:0.00,
2022-01-19 13:39:17,522 - root - DEBUG -   Window:30, Kp: 30.000, Ki: 1.000, Kd: 0.600
2022-01-19 13:39:17,522 - root - DEBUG - Exiting PID update with parameters Error:0.12, ITerm:33.36, DInput:1.41, Output:36.03
2022-01-19 13:39:17,522 - root - DEBUG - RunID 58, Segment 1 (loop 117) - RunState:Ramp,
                       ReadTmp:281.49, RampTmp:281.61, TargetTmp:1185.00,
                       Output:36.03, CycleOnSec:10.81, RemainTime:4:51:44
                    
2022-01-19 13:39:17,522 - root - DEBUG - ==>Relay On
2022-01-19 13:39:28,335 - root - DEBUG - ==>Relay Off
2022-01-19 13:39:28,335 - root - DEBUG - Writing stats to Firing DB table...
2022-01-19 13:39:28,348 - root - INFO - database writing complete1
2022-01-19 13:39:28,349 - root - INFO - RunState end: Ramp
2022-01-19 13:39:47,522 - root - DEBUG - Entering PID update with parameters SetPoint:283.03, ProcValue:282.95, IMax:100.00, IMin:0.00,
2022-01-19 13:39:47,522 - root - DEBUG -   Window:30, Kp: 30.000, Ki: 1.000, Kd: 0.600
2022-01-19 13:39:47,522 - root - DEBUG - Exiting PID update with parameters Error:0.08, ITerm:33.45, DInput:1.45, Output:35.00
2022-01-19 13:39:47,522 - root - DEBUG - RunID 58, Segment 1 (loop 118) - RunState:Ramp,
                       ReadTmp:282.95, RampTmp:283.03, TargetTmp:1185.00,
                       Output:35.00, CycleOnSec:10.50, RemainTime:4:51:14
                    
2022-01-19 13:39:47,522 - root - DEBUG - ==>Relay On
2022-01-19 13:39:58,032 - root - DEBUG - ==>Relay Off
2022-01-19 13:39:58,033 - root - DEBUG - Writing stats to Firing DB table...
2022-01-19 13:39:58,052 - root - INFO - database writing complete1
2022-01-19 13:39:58,052 - root - INFO - RunState end: Ramp
2022-01-19 13:40:17,522 - root - DEBUG - Entering PID update with parameters SetPoint:284.44, ProcValue:284.32, IMax:100.00, IMin:0.00,
2022-01-19 13:40:17,522 - root - DEBUG -   Window:30, Kp: 30.000, Ki: 1.000, Kd: 0.600
2022-01-19 13:40:17,522 - root - DEBUG - Exiting PID update with parameters Error:0.12, ITerm:33.57, DInput:1.38, Output:36.41
2022-01-19 13:40:17,522 - root - DEBUG - RunID 58, Segment 1 (loop 119) - RunState:Ramp,
                       ReadTmp:284.32, RampTmp:284.44, TargetTmp:1185.00,
                       Output:36.41, CycleOnSec:10.92, RemainTime:4:50:44
                    
2022-01-19 13:40:17,522 - root - DEBUG - ==>Relay On
2022-01-19 13:40:28,458 - root - DEBUG - ==>Relay Off
2022-01-19 13:40:28,458 - root - DEBUG - Writing stats to Firing DB table...
2022-01-19 13:40:28,472 - root - INFO - database writing complete1
2022-01-19 13:40:28,473 - root - INFO - RunState end: Ramp
2022-01-19 13:40:47,522 - root - DEBUG - Entering PID update with parameters SetPoint:285.86, ProcValue:285.77, IMax:100.00, IMin:0.00,
2022-01-19 13:40:47,522 - root - DEBUG -   Window:30, Kp: 30.000, Ki: 1.000, Kd: 0.600
2022-01-19 13:40:47,522 - root - DEBUG - Exiting PID update with parameters Error:0.09, ITerm:33.65, DInput:1.45, Output:35.36
2022-01-19 13:40:47,522 - root - DEBUG - RunID 58, Segment 1 (loop 120) - RunState:Ramp,
                       ReadTmp:285.77, RampTmp:285.86, TargetTmp:1185.00,
                       Output:35.36, CycleOnSec:10.61, RemainTime:4:50:14
                    
2022-01-19 13:40:47,522 - root - DEBUG - ==>Relay On
2022-01-19 13:40:58,135 - root - DEBUG - ==>Relay Off
2022-01-19 13:40:58,136 - root - DEBUG - Writing stats to Firing DB table...
2022-01-19 13:40:58,161 - root - INFO - database writing complete1
2022-01-19 13:40:58,161 - root - INFO - RunState end: Ramp
2022-01-19 13:41:17,522 - root - DEBUG - Entering PID update with parameters SetPoint:287.28, ProcValue:287.12, IMax:100.00, IMin:0.00,
2022-01-19 13:41:17,522 - root - DEBUG -   Window:30, Kp: 30.000, Ki: 1.000, Kd: 0.600
2022-01-19 13:41:17,522 - root - DEBUG - Exiting PID update with parameters Error:0.16, ITerm:33.81, DInput:1.34, Output:37.77
2022-01-19 13:41:17,522 - root - DEBUG - RunID 58, Segment 1 (loop 121) - RunState:Ramp,
                       ReadTmp:287.12, RampTmp:287.28, TargetTmp:1185.00,
                       Output:37.77, CycleOnSec:11.33, RemainTime:4:49:44
                    
2022-01-19 13:41:17,522 - root - DEBUG - ==>Relay On
2022-01-19 13:41:28,865 - root - DEBUG - ==>Relay Off
2022-01-19 13:41:28,866 - root - DEBUG - Writing stats to Firing DB table...
2022-01-19 13:41:28,882 - root - INFO - database writing complete1
2022-01-19 13:41:28,883 - root - INFO - RunState end: Ramp
2022-01-19 13:41:47,522 - root - DEBUG - Entering PID update with parameters SetPoint:288.69, ProcValue:288.55, IMax:100.00, IMin:0.00,
2022-01-19 13:41:47,522 - root - DEBUG -   Window:30, Kp: 30.000, Ki: 1.000, Kd: 0.600
2022-01-19 13:41:47,523 - root - DEBUG - Exiting PID update with parameters Error:0.15, ITerm:33.96, DInput:1.43, Output:37.48
2022-01-19 13:41:47,523 - root - DEBUG - RunID 58, Segment 1 (loop 122) - RunState:Ramp,
                       ReadTmp:288.55, RampTmp:288.69, TargetTmp:1185.00,
                       Output:37.48, CycleOnSec:11.24, RemainTime:4:49:14
                    
2022-01-19 13:41:47,523 - root - DEBUG - ==>Relay On
2022-01-19 13:41:58,777 - root - DEBUG - ==>Relay Off
2022-01-19 13:41:58,778 - root - DEBUG - Writing stats to Firing DB table...
2022-01-19 13:41:58,805 - root - INFO - database writing complete1
2022-01-19 13:41:58,805 - root - INFO - RunState end: Ramp
2022-01-19 13:42:17,522 - root - DEBUG - Entering PID update with parameters SetPoint:290.11, ProcValue:290.07, IMax:100.00, IMin:0.00,
2022-01-19 13:42:17,522 - root - DEBUG -   Window:30, Kp: 30.000, Ki: 1.000, Kd: 0.600
2022-01-19 13:42:17,523 - root - DEBUG - Exiting PID update with parameters Error:0.04, ITerm:34.00, DInput:1.52, Output:34.26
2022-01-19 13:42:17,523 - root - DEBUG - RunID 58, Segment 1 (loop 123) - RunState:Ramp,
                       ReadTmp:290.07, RampTmp:290.11, TargetTmp:1185.00,
                       Output:34.26, CycleOnSec:10.28, RemainTime:4:48:44
                    
2022-01-19 13:42:17,523 - root - DEBUG - ==>Relay On
2022-01-19 13:42:27,807 - root - DEBUG - ==>Relay Off
2022-01-19 13:42:27,809 - root - DEBUG - Writing stats to Firing DB table...
2022-01-19 13:42:27,824 - root - INFO - database writing complete1
2022-01-19 13:42:27,825 - root - INFO - RunState end: Ramp
2022-01-19 13:42:47,522 - root - DEBUG - Entering PID update with parameters SetPoint:291.53, ProcValue:291.48, IMax:100.00, IMin:0.00,
2022-01-19 13:42:47,522 - root - DEBUG -   Window:30, Kp: 30.000, Ki: 1.000, Kd: 0.600
2022-01-19 13:42:47,522 - root - DEBUG - Exiting PID update with parameters Error:0.04, ITerm:34.04, DInput:1.41, Output:34.44
2022-01-19 13:42:47,522 - root - DEBUG - RunID 58, Segment 1 (loop 124) - RunState:Ramp,
                       ReadTmp:291.48, RampTmp:291.53, TargetTmp:1185.00,
                       Output:34.44, CycleOnSec:10.33, RemainTime:4:48:14
                    
2022-01-19 13:42:47,524 - root - DEBUG - ==>Relay On
2022-01-19 13:42:57,867 - root - DEBUG - ==>Relay Off
2022-01-19 13:42:57,868 - root - DEBUG - Writing stats to Firing DB table...
2022-01-19 13:42:57,883 - root - INFO - database writing complete1
2022-01-19 13:42:57,884 - root - INFO - RunState end: Ramp
2022-01-19 13:43:17,522 - root - DEBUG - Entering PID update with parameters SetPoint:292.94, ProcValue:292.87, IMax:100.00, IMin:0.00,
2022-01-19 13:43:17,523 - root - DEBUG -   Window:30, Kp: 30.000, Ki: 1.000, Kd: 0.600
2022-01-19 13:43:17,523 - root - DEBUG - Exiting PID update with parameters Error:0.08, ITerm:34.11, DInput:1.38, Output:35.55
2022-01-19 13:43:17,523 - root - DEBUG - RunID 58, Segment 1 (loop 125) - RunState:Ramp,
                       ReadTmp:292.87, RampTmp:292.94, TargetTmp:1185.00,
                       Output:35.55, CycleOnSec:10.67, RemainTime:4:47:44
                    
2022-01-19 13:43:17,523 - root - DEBUG - ==>Relay On
2022-01-19 13:43:28,195 - root - DEBUG - ==>Relay Off
2022-01-19 13:43:28,196 - root - DEBUG - Writing stats to Firing DB table...
2022-01-19 13:43:28,212 - root - INFO - database writing complete1
2022-01-19 13:43:28,213 - root - INFO - RunState end: Ramp
2022-01-19 13:43:47,522 - root - DEBUG - Entering PID update with parameters SetPoint:294.36, ProcValue:294.12, IMax:100.00, IMin:0.00,
2022-01-19 13:43:47,522 - root - DEBUG -   Window:30, Kp: 30.000, Ki: 1.000, Kd: 0.600
2022-01-19 13:43:47,523 - root - DEBUG - Exiting PID update with parameters Error:0.23, ITerm:34.35, DInput:1.26, Output:40.63
2022-01-19 13:43:47,523 - root - DEBUG - RunID 58, Segment 1 (loop 126) - RunState:Ramp,
                       ReadTmp:294.12, RampTmp:294.36, TargetTmp:1185.00,
                       Output:40.63, CycleOnSec:12.19, RemainTime:4:47:14
                    
2022-01-19 13:43:47,523 - root - DEBUG - ==>Relay On
2022-01-19 13:43:59,723 - root - DEBUG - ==>Relay Off
2022-01-19 13:43:59,725 - root - DEBUG - Writing stats to Firing DB table...
2022-01-19 13:43:59,742 - root - INFO - database writing complete1
2022-01-19 13:43:59,743 - root - INFO - RunState end: Ramp
2022-01-19 13:44:17,522 - root - DEBUG - Entering PID update with parameters SetPoint:295.78, ProcValue:295.62, IMax:100.00, IMin:0.00,
2022-01-19 13:44:17,522 - root - DEBUG -   Window:30, Kp: 30.000, Ki: 1.000, Kd: 0.600
2022-01-19 13:44:17,522 - root - DEBUG - Exiting PID update with parameters Error:0.16, ITerm:34.51, DInput:1.49, Output:38.38
2022-01-19 13:44:17,522 - root - DEBUG - RunID 58, Segment 1 (loop 127) - RunState:Ramp,
                       ReadTmp:295.62, RampTmp:295.78, TargetTmp:1185.00,
                       Output:38.38, CycleOnSec:11.51, RemainTime:4:46:44
                    
2022-01-19 13:44:17,522 - root - DEBUG - ==>Relay On
2022-01-19 13:44:29,042 - root - DEBUG - ==>Relay Off
2022-01-19 13:44:29,044 - root - DEBUG - Writing stats to Firing DB table...
2022-01-19 13:44:29,056 - root - INFO - database writing complete1
2022-01-19 13:44:29,056 - root - INFO - RunState end: Ramp
2022-01-19 13:44:47,522 - root - DEBUG - Entering PID update with parameters SetPoint:297.19, ProcValue:297.08, IMax:100.00, IMin:0.00,
2022-01-19 13:44:47,522 - root - DEBUG -   Window:30, Kp: 30.000, Ki: 1.000, Kd: 0.600
2022-01-19 13:44:47,522 - root - DEBUG - Exiting PID update with parameters Error:0.11, ITerm:34.62, DInput:1.46, Output:37.18
2022-01-19 13:44:47,522 - root - DEBUG - RunID 58, Segment 1 (loop 128) - RunState:Ramp,
                       ReadTmp:297.08, RampTmp:297.19, TargetTmp:1185.00,
                       Output:37.18, CycleOnSec:11.15, RemainTime:4:46:14
                    
2022-01-19 13:44:47,522 - root - DEBUG - ==>Relay On
2022-01-19 13:44:58,689 - root - DEBUG - ==>Relay Off
2022-01-19 13:44:58,689 - root - DEBUG - Writing stats to Firing DB table...
2022-01-19 13:44:58,706 - root - INFO - database writing complete1
2022-01-19 13:44:58,707 - root - INFO - RunState end: Ramp
2022-01-19 13:45:17,522 - root - DEBUG - Entering PID update with parameters SetPoint:298.61, ProcValue:298.55, IMax:100.00, IMin:0.00,
2022-01-19 13:45:17,522 - root - DEBUG -   Window:30, Kp: 30.000, Ki: 1.000, Kd: 0.600
2022-01-19 13:45:17,523 - root - DEBUG - Exiting PID update with parameters Error:0.06, ITerm:34.68, DInput:1.47, Output:35.68
2022-01-19 13:45:17,523 - root - DEBUG - RunID 58, Segment 1 (loop 129) - RunState:Ramp,
                       ReadTmp:298.55, RampTmp:298.61, TargetTmp:1185.00,
                       Output:35.68, CycleOnSec:10.70, RemainTime:4:45:44
                    
2022-01-19 13:45:17,523 - root - DEBUG - ==>Relay On
2022-01-19 13:45:28,238 - root - DEBUG - ==>Relay Off
2022-01-19 13:45:28,239 - root - DEBUG - Writing stats to Firing DB table...
2022-01-19 13:45:28,254 - root - INFO - database writing complete1
2022-01-19 13:45:28,255 - root - INFO - RunState end: Ramp
2022-01-19 13:45:47,522 - root - DEBUG - Entering PID update with parameters SetPoint:300.03, ProcValue:299.90, IMax:100.00, IMin:0.00,
2022-01-19 13:45:47,522 - root - DEBUG -   Window:30, Kp: 30.000, Ki: 1.000, Kd: 0.600
2022-01-19 13:45:47,523 - root - DEBUG - Exiting PID update with parameters Error:0.13, ITerm:34.81, DInput:1.35, Output:37.83
2022-01-19 13:45:47,523 - root - DEBUG - RunID 58, Segment 1 (loop 130) - RunState:Ramp,
                       ReadTmp:299.90, RampTmp:300.03, TargetTmp:1185.00,
                       Output:37.83, CycleOnSec:11.35, RemainTime:4:45:14
                    
2022-01-19 13:45:47,523 - root - DEBUG - ==>Relay On
2022-01-19 13:45:58,878 - root - DEBUG - ==>Relay Off
2022-01-19 13:45:58,879 - root - DEBUG - Writing stats to Firing DB table...
2022-01-19 13:45:58,898 - root - INFO - database writing complete1
2022-01-19 13:45:58,899 - root - INFO - RunState end: Ramp
2022-01-19 13:46:17,522 - root - DEBUG - Entering PID update with parameters SetPoint:301.44, ProcValue:301.43, IMax:100.00, IMin:0.00,
2022-01-19 13:46:17,522 - root - DEBUG -   Window:30, Kp: 30.000, Ki: 1.000, Kd: 0.600
2022-01-19 13:46:17,526 - root - DEBUG - Exiting PID update with parameters Error:0.01, ITerm:34.83, DInput:1.53, Output:34.30
2022-01-19 13:46:17,526 - root - DEBUG - RunID 58, Segment 1 (loop 131) - RunState:Ramp,
                       ReadTmp:301.43, RampTmp:301.44, TargetTmp:1185.00,
                       Output:34.30, CycleOnSec:10.29, RemainTime:4:44:44
                    
2022-01-19 13:46:17,526 - root - DEBUG - ==>Relay On
2022-01-19 13:46:27,817 - root - DEBUG - ==>Relay Off
2022-01-19 13:46:27,818 - root - DEBUG - Writing stats to Firing DB table...
2022-01-19 13:46:27,844 - root - INFO - database writing complete1
2022-01-19 13:46:27,844 - root - INFO - RunState end: Ramp
2022-01-19 13:46:47,525 - root - DEBUG - Entering PID update with parameters SetPoint:302.86, ProcValue:302.74, IMax:100.00, IMin:0.00,
2022-01-19 13:46:47,525 - root - DEBUG -   Window:30, Kp: 30.000, Ki: 1.000, Kd: 0.600
2022-01-19 13:46:47,526 - root - DEBUG - Exiting PID update with parameters Error:0.12, ITerm:34.94, DInput:1.31, Output:37.67
2022-01-19 13:46:47,526 - root - DEBUG - RunID 58, Segment 1 (loop 132) - RunState:Ramp,
                       ReadTmp:302.74, RampTmp:302.86, TargetTmp:1185.00,
                       Output:37.67, CycleOnSec:11.30, RemainTime:4:44:14
                    
2022-01-19 13:46:47,526 - root - DEBUG - ==>Relay On
2022-01-19 13:46:58,839 - root - DEBUG - ==>Relay Off
2022-01-19 13:46:58,839 - root - DEBUG - Writing stats to Firing DB table...
2022-01-19 13:46:58,854 - root - INFO - database writing complete1
2022-01-19 13:46:58,854 - root - INFO - RunState end: Ramp
2022-01-19 13:47:17,522 - root - DEBUG - Entering PID update with parameters SetPoint:304.28, ProcValue:304.12, IMax:100.00, IMin:0.00,
2022-01-19 13:47:17,522 - root - DEBUG -   Window:30, Kp: 30.000, Ki: 1.000, Kd: 0.600
2022-01-19 13:47:17,522 - root - DEBUG - Exiting PID update with parameters Error:0.16, ITerm:35.10, DInput:1.38, Output:39.04
2022-01-19 13:47:17,522 - root - DEBUG - RunID 58, Segment 1 (loop 133) - RunState:Ramp,
                       ReadTmp:304.12, RampTmp:304.28, TargetTmp:1185.00,
                       Output:39.04, CycleOnSec:11.71, RemainTime:4:43:44
                    
2022-01-19 13:47:17,522 - root - DEBUG - ==>Relay On
2022-01-19 13:47:29,243 - root - DEBUG - ==>Relay Off
2022-01-19 13:47:29,244 - root - DEBUG - Writing stats to Firing DB table...
2022-01-19 13:47:29,259 - root - INFO - database writing complete1
2022-01-19 13:47:29,260 - root - INFO - RunState end: Ramp
2022-01-19 13:47:47,522 - root - DEBUG - Entering PID update with parameters SetPoint:305.69, ProcValue:305.52, IMax:100.00, IMin:0.00,
2022-01-19 13:47:47,522 - root - DEBUG -   Window:30, Kp: 30.000, Ki: 1.000, Kd: 0.600
2022-01-19 13:47:47,522 - root - DEBUG - Exiting PID update with parameters Error:0.17, ITerm:35.27, DInput:1.41, Output:39.51
2022-01-19 13:47:47,522 - root - DEBUG - RunID 58, Segment 1 (loop 134) - RunState:Ramp,
                       ReadTmp:305.52, RampTmp:305.69, TargetTmp:1185.00,
                       Output:39.51, CycleOnSec:11.85, RemainTime:4:43:14
                    
2022-01-19 13:47:47,522 - root - DEBUG - ==>Relay On
2022-01-19 13:47:59,386 - root - DEBUG - ==>Relay Off
2022-01-19 13:47:59,388 - root - DEBUG - Writing stats to Firing DB table...
2022-01-19 13:47:59,403 - root - INFO - database writing complete1
2022-01-19 13:47:59,404 - root - INFO - RunState end: Ramp
2022-01-19 13:48:17,522 - root - DEBUG - Entering PID update with parameters SetPoint:307.11, ProcValue:306.95, IMax:100.00, IMin:0.00,
2022-01-19 13:48:17,522 - root - DEBUG -   Window:30, Kp: 30.000, Ki: 1.000, Kd: 0.600
2022-01-19 13:48:17,522 - root - DEBUG - Exiting PID update with parameters Error:0.16, ITerm:35.43, DInput:1.42, Output:39.50
2022-01-19 13:48:17,522 - root - DEBUG - RunID 58, Segment 1 (loop 135) - RunState:Ramp,
                       ReadTmp:306.95, RampTmp:307.11, TargetTmp:1185.00,
                       Output:39.50, CycleOnSec:11.85, RemainTime:4:42:44
                    
2022-01-19 13:48:17,522 - root - DEBUG - ==>Relay On
2022-01-19 13:48:29,386 - root - DEBUG - ==>Relay Off
2022-01-19 13:48:29,387 - root - DEBUG - Writing stats to Firing DB table...
2022-01-19 13:48:29,410 - root - INFO - database writing complete1
2022-01-19 13:48:29,411 - root - INFO - RunState end: Ramp
2022-01-19 13:48:47,522 - root - DEBUG - Entering PID update with parameters SetPoint:308.53, ProcValue:308.49, IMax:100.00, IMin:0.00,
2022-01-19 13:48:47,522 - root - DEBUG -   Window:30, Kp: 30.000, Ki: 1.000, Kd: 0.600
2022-01-19 13:48:47,522 - root - DEBUG - Exiting PID update with parameters Error:0.03, ITerm:35.47, DInput:1.55, Output:35.56
2022-01-19 13:48:47,522 - root - DEBUG - RunID 58, Segment 1 (loop 136) - RunState:Ramp,
                       ReadTmp:308.49, RampTmp:308.53, TargetTmp:1185.00,
                       Output:35.56, CycleOnSec:10.67, RemainTime:4:42:14
                    
2022-01-19 13:48:47,522 - root - DEBUG - ==>Relay On
2022-01-19 13:48:58,200 - root - DEBUG - ==>Relay Off
2022-01-19 13:48:58,202 - root - DEBUG - Writing stats to Firing DB table...
2022-01-19 13:48:58,227 - root - INFO - database writing complete1
2022-01-19 13:48:58,227 - root - INFO - RunState end: Ramp
2022-01-19 13:49:17,522 - root - DEBUG - Entering PID update with parameters SetPoint:309.94, ProcValue:309.95, IMax:100.00, IMin:0.00,
2022-01-19 13:49:17,522 - root - DEBUG -   Window:30, Kp: 30.000, Ki: 1.000, Kd: 0.600
2022-01-19 13:49:17,523 - root - DEBUG - Exiting PID update with parameters Error:-0.00, ITerm:35.47, DInput:1.45, Output:34.52
2022-01-19 13:49:17,523 - root - DEBUG - RunID 58, Segment 1 (loop 137) - RunState:Ramp,
                       ReadTmp:309.95, RampTmp:309.94, TargetTmp:1185.00,
                       Output:34.52, CycleOnSec:10.35, RemainTime:4:41:44
                    
2022-01-19 13:49:17,523 - root - DEBUG - ==>Relay On
2022-01-19 13:49:27,889 - root - DEBUG - ==>Relay Off
2022-01-19 13:49:27,890 - root - DEBUG - Writing stats to Firing DB table...
2022-01-19 13:49:27,906 - root - INFO - database writing complete1
2022-01-19 13:49:27,906 - root - INFO - RunState end: Ramp
2022-01-19 13:49:47,522 - root - DEBUG - Entering PID update with parameters SetPoint:311.36, ProcValue:311.28, IMax:100.00, IMin:0.00,
2022-01-19 13:49:47,523 - root - DEBUG -   Window:30, Kp: 30.000, Ki: 1.000, Kd: 0.600
2022-01-19 13:49:47,523 - root - DEBUG - Exiting PID update with parameters Error:0.08, ITerm:35.54, DInput:1.34, Output:37.09
2022-01-19 13:49:47,523 - root - DEBUG - RunID 58, Segment 1 (loop 138) - RunState:Ramp,
                       ReadTmp:311.28, RampTmp:311.36, TargetTmp:1185.00,
                       Output:37.09, CycleOnSec:11.13, RemainTime:4:41:14
                    
2022-01-19 13:49:47,523 - root - DEBUG - ==>Relay On
2022-01-19 13:49:58,660 - root - DEBUG - ==>Relay Off
2022-01-19 13:49:58,661 - root - DEBUG - Writing stats to Firing DB table...
2022-01-19 13:49:58,677 - root - INFO - database writing complete1
2022-01-19 13:49:58,677 - root - INFO - RunState end: Ramp
2022-01-19 13:50:17,522 - root - DEBUG - Entering PID update with parameters SetPoint:312.78, ProcValue:312.51, IMax:100.00, IMin:0.00,
2022-01-19 13:50:17,522 - root - DEBUG -   Window:30, Kp: 30.000, Ki: 1.000, Kd: 0.600
2022-01-19 13:50:17,522 - root - DEBUG - Exiting PID update with parameters Error:0.27, ITerm:35.81, DInput:1.23, Output:43.12
2022-01-19 13:50:17,522 - root - DEBUG - RunID 58, Segment 1 (loop 139) - RunState:Ramp,
                       ReadTmp:312.51, RampTmp:312.78, TargetTmp:1185.00,
                       Output:43.12, CycleOnSec:12.94, RemainTime:4:40:44
                    
2022-01-19 13:50:17,523 - root - DEBUG - ==>Relay On
2022-01-19 13:50:30,473 - root - DEBUG - ==>Relay Off
2022-01-19 13:50:30,474 - root - DEBUG - Writing stats to Firing DB table...
2022-01-19 13:50:30,489 - root - INFO - database writing complete1
2022-01-19 13:50:30,490 - root - INFO - RunState end: Ramp
2022-01-19 13:50:47,521 - root - DEBUG - Entering PID update with parameters SetPoint:314.19, ProcValue:314.10, IMax:100.00, IMin:0.00,
2022-01-19 13:50:47,522 - root - DEBUG -   Window:30, Kp: 30.000, Ki: 1.000, Kd: 0.600
2022-01-19 13:50:47,522 - root - DEBUG - Exiting PID update with parameters Error:0.09, ITerm:35.90, DInput:1.59, Output:37.68
2022-01-19 13:50:47,522 - root - DEBUG - RunID 58, Segment 1 (loop 140) - RunState:Ramp,
                       ReadTmp:314.10, RampTmp:314.19, TargetTmp:1185.00,
                       Output:37.68, CycleOnSec:11.30, RemainTime:4:40:14
                    
2022-01-19 13:50:47,522 - root - DEBUG - ==>Relay On
2022-01-19 13:50:58,835 - root - DEBUG - ==>Relay Off
2022-01-19 13:50:58,835 - root - DEBUG - Writing stats to Firing DB table...
2022-01-19 13:50:58,849 - root - INFO - database writing complete1
2022-01-19 13:50:58,850 - root - INFO - RunState end: Ramp
2022-01-19 13:51:17,522 - root - DEBUG - Entering PID update with parameters SetPoint:315.61, ProcValue:315.49, IMax:100.00, IMin:0.00,
2022-01-19 13:51:17,522 - root - DEBUG -   Window:30, Kp: 30.000, Ki: 1.000, Kd: 0.600
2022-01-19 13:51:17,528 - root - DEBUG - Exiting PID update with parameters Error:0.12, ITerm:36.02, DInput:1.39, Output:38.70
2022-01-19 13:51:17,528 - root - DEBUG - RunID 58, Segment 1 (loop 141) - RunState:Ramp,
                       ReadTmp:315.49, RampTmp:315.61, TargetTmp:1185.00,
                       Output:38.70, CycleOnSec:11.61, RemainTime:4:39:44
                    
2022-01-19 13:51:17,528 - root - DEBUG - ==>Relay On
2022-01-19 13:51:29,151 - root - DEBUG - ==>Relay Off
2022-01-19 13:51:29,152 - root - DEBUG - Writing stats to Firing DB table...
2022-01-19 13:51:29,166 - root - INFO - database writing complete1
2022-01-19 13:51:29,167 - root - INFO - RunState end: Ramp
2022-01-19 13:51:47,522 - root - DEBUG - Entering PID update with parameters SetPoint:317.03, ProcValue:317.03, IMax:100.00, IMin:0.00,
2022-01-19 13:51:47,522 - root - DEBUG -   Window:30, Kp: 30.000, Ki: 1.000, Kd: 0.600
2022-01-19 13:51:47,522 - root - DEBUG - Exiting PID update with parameters Error:-0.01, ITerm:36.02, DInput:1.54, Output:34.94
2022-01-19 13:51:47,522 - root - DEBUG - RunID 58, Segment 1 (loop 142) - RunState:Ramp,
                       ReadTmp:317.03, RampTmp:317.03, TargetTmp:1185.00,
                       Output:34.94, CycleOnSec:10.48, RemainTime:4:39:14
                    
2022-01-19 13:51:47,522 - root - DEBUG - ==>Relay On
2022-01-19 13:51:58,014 - root - DEBUG - ==>Relay Off
2022-01-19 13:51:58,015 - root - DEBUG - Writing stats to Firing DB table...
2022-01-19 13:51:58,030 - root - INFO - database writing complete1
2022-01-19 13:51:58,030 - root - INFO - RunState end: Ramp
2022-01-19 13:52:17,521 - root - DEBUG - Entering PID update with parameters SetPoint:318.44, ProcValue:318.38, IMax:100.00, IMin:0.00,
2022-01-19 13:52:17,522 - root - DEBUG -   Window:30, Kp: 30.000, Ki: 1.000, Kd: 0.600
2022-01-19 13:52:17,522 - root - DEBUG - Exiting PID update with parameters Error:0.06, ITerm:36.08, DInput:1.35, Output:37.06
2022-01-19 13:52:17,522 - root - DEBUG - RunID 58, Segment 1 (loop 143) - RunState:Ramp,
                       ReadTmp:318.38, RampTmp:318.44, TargetTmp:1185.00,
                       Output:37.06, CycleOnSec:11.12, RemainTime:4:38:44
                    
2022-01-19 13:52:17,522 - root - DEBUG - ==>Relay On
2022-01-19 13:52:28,652 - root - DEBUG - ==>Relay Off
2022-01-19 13:52:28,653 - root - DEBUG - Writing stats to Firing DB table...
2022-01-19 13:52:28,667 - root - INFO - database writing complete1
2022-01-19 13:52:28,668 - root - INFO - RunState end: Ramp
2022-01-19 13:52:47,522 - root - DEBUG - Entering PID update with parameters SetPoint:319.86, ProcValue:319.71, IMax:100.00, IMin:0.00,
2022-01-19 13:52:47,522 - root - DEBUG -   Window:30, Kp: 30.000, Ki: 1.000, Kd: 0.600
2022-01-19 13:52:47,522 - root - DEBUG - Exiting PID update with parameters Error:0.15, ITerm:36.22, DInput:1.33, Output:39.88
2022-01-19 13:52:47,522 - root - DEBUG - RunID 58, Segment 1 (loop 144) - RunState:Ramp,
                       ReadTmp:319.71, RampTmp:319.86, TargetTmp:1185.00,
                       Output:39.88, CycleOnSec:11.96, RemainTime:4:38:14
                    
2022-01-19 13:52:47,522 - root - DEBUG - ==>Relay On
2022-01-19 13:52:59,498 - root - DEBUG - ==>Relay Off
2022-01-19 13:52:59,500 - root - DEBUG - Writing stats to Firing DB table...
2022-01-19 13:52:59,518 - root - INFO - database writing complete1
2022-01-19 13:52:59,518 - root - INFO - RunState end: Ramp
2022-01-19 13:53:17,523 - root - DEBUG - Entering PID update with parameters SetPoint:321.28, ProcValue:321.09, IMax:100.00, IMin:0.00,
2022-01-19 13:53:17,523 - root - DEBUG -   Window:30, Kp: 30.000, Ki: 1.000, Kd: 0.600
2022-01-19 13:53:17,524 - root - DEBUG - Exiting PID update with parameters Error:0.18, ITerm:36.41, DInput:1.38, Output:41.05
2022-01-19 13:53:17,524 - root - DEBUG - RunID 58, Segment 1 (loop 145) - RunState:Ramp,
                       ReadTmp:321.09, RampTmp:321.28, TargetTmp:1185.00,
                       Output:41.05, CycleOnSec:12.31, RemainTime:4:37:44
                    
2022-01-19 13:53:17,524 - root - DEBUG - ==>Relay On
2022-01-19 13:53:29,845 - root - DEBUG - ==>Relay Off
2022-01-19 13:53:29,846 - root - DEBUG - Writing stats to Firing DB table...
2022-01-19 13:53:29,862 - root - INFO - database writing complete1
2022-01-19 13:53:29,863 - root - INFO - RunState end: Ramp
2022-01-19 13:53:47,522 - root - DEBUG - Entering PID update with parameters SetPoint:322.69, ProcValue:322.56, IMax:100.00, IMin:0.00,
2022-01-19 13:53:47,522 - root - DEBUG -   Window:30, Kp: 30.000, Ki: 1.000, Kd: 0.600
2022-01-19 13:53:47,522 - root - DEBUG - Exiting PID update with parameters Error:0.13, ITerm:36.54, DInput:1.47, Output:39.56
2022-01-19 13:53:47,522 - root - DEBUG - RunID 58, Segment 1 (loop 146) - RunState:Ramp,
                       ReadTmp:322.56, RampTmp:322.69, TargetTmp:1185.00,
                       Output:39.56, CycleOnSec:11.87, RemainTime:4:37:14
                    
2022-01-19 13:53:47,522 - root - DEBUG - ==>Relay On
2022-01-19 13:53:59,391 - root - DEBUG - ==>Relay Off
2022-01-19 13:53:59,392 - root - DEBUG - Writing stats to Firing DB table...
2022-01-19 13:53:59,406 - root - INFO - database writing complete1
2022-01-19 13:53:59,407 - root - INFO - RunState end: Ramp
2022-01-19 13:54:17,522 - root - DEBUG - Entering PID update with parameters SetPoint:324.11, ProcValue:324.10, IMax:100.00, IMin:0.00,
2022-01-19 13:54:17,522 - root - DEBUG -   Window:30, Kp: 30.000, Ki: 1.000, Kd: 0.600
2022-01-19 13:54:17,522 - root - DEBUG - Exiting PID update with parameters Error:0.01, ITerm:36.54, DInput:1.54, Output:35.86
2022-01-19 13:54:17,522 - root - DEBUG - RunID 58, Segment 1 (loop 147) - RunState:Ramp,
                       ReadTmp:324.10, RampTmp:324.11, TargetTmp:1185.00,
                       Output:35.86, CycleOnSec:10.76, RemainTime:4:36:44
                    
2022-01-19 13:54:17,522 - root - DEBUG - ==>Relay On
2022-01-19 13:54:28,290 - root - DEBUG - ==>Relay Off
2022-01-19 13:54:28,291 - root - DEBUG - Writing stats to Firing DB table...
2022-01-19 13:54:28,336 - root - INFO - database writing complete1
2022-01-19 13:54:28,337 - root - INFO - RunState end: Ramp
2022-01-19 13:54:47,522 - root - DEBUG - Entering PID update with parameters SetPoint:325.53, ProcValue:325.38, IMax:100.00, IMin:0.00,
2022-01-19 13:54:47,522 - root - DEBUG -   Window:30, Kp: 30.000, Ki: 1.000, Kd: 0.600
2022-01-19 13:54:47,522 - root - DEBUG - Exiting PID update with parameters Error:0.15, ITerm:36.70, DInput:1.27, Output:40.46
2022-01-19 13:54:47,522 - root - DEBUG - RunID 58, Segment 1 (loop 148) - RunState:Ramp,
                       ReadTmp:325.38, RampTmp:325.53, TargetTmp:1185.00,
                       Output:40.46, CycleOnSec:12.14, RemainTime:4:36:14
                    
2022-01-19 13:54:47,522 - root - DEBUG - ==>Relay On
2022-01-19 13:54:59,673 - root - DEBUG - ==>Relay Off
2022-01-19 13:54:59,674 - root - DEBUG - Writing stats to Firing DB table...
2022-01-19 13:54:59,690 - root - INFO - database writing complete1
2022-01-19 13:54:59,691 - root - INFO - RunState end: Ramp
2022-01-19 13:55:17,522 - root - DEBUG - Entering PID update with parameters SetPoint:326.94, ProcValue:326.84, IMax:100.00, IMin:0.00,
2022-01-19 13:55:17,522 - root - DEBUG -   Window:30, Kp: 30.000, Ki: 1.000, Kd: 0.600
2022-01-19 13:55:17,522 - root - DEBUG - Exiting PID update with parameters Error:0.10, ITerm:36.79, DInput:1.47, Output:38.88
2022-01-19 13:55:17,522 - root - DEBUG - RunID 58, Segment 1 (loop 149) - RunState:Ramp,
                       ReadTmp:326.84, RampTmp:326.94, TargetTmp:1185.00,
                       Output:38.88, CycleOnSec:11.66, RemainTime:4:35:44
                    
2022-01-19 13:55:17,522 - root - DEBUG - ==>Relay On
2022-01-19 13:55:29,199 - root - DEBUG - ==>Relay Off
2022-01-19 13:55:29,200 - root - DEBUG - Writing stats to Firing DB table...
2022-01-19 13:55:29,217 - root - INFO - database writing complete1
2022-01-19 13:55:29,218 - root - INFO - RunState end: Ramp
2022-01-19 13:55:47,522 - root - DEBUG - Entering PID update with parameters SetPoint:328.36, ProcValue:328.29, IMax:100.00, IMin:0.00,
2022-01-19 13:55:47,522 - root - DEBUG -   Window:30, Kp: 30.000, Ki: 1.000, Kd: 0.600
2022-01-19 13:55:47,522 - root - DEBUG - Exiting PID update with parameters Error:0.07, ITerm:36.86, DInput:1.45, Output:38.11
2022-01-19 13:55:47,522 - root - DEBUG - RunID 58, Segment 1 (loop 150) - RunState:Ramp,
                       ReadTmp:328.29, RampTmp:328.36, TargetTmp:1185.00,
                       Output:38.11, CycleOnSec:11.43, RemainTime:4:35:14
                    
2022-01-19 13:55:47,522 - root - DEBUG - ==>Relay On
2022-01-19 13:55:58,966 - root - DEBUG - ==>Relay Off
2022-01-19 13:55:58,967 - root - DEBUG - Writing stats to Firing DB table...
2022-01-19 13:55:58,980 - root - INFO - database writing complete1
2022-01-19 13:55:58,981 - root - INFO - RunState end: Ramp
2022-01-19 13:56:17,522 - root - DEBUG - Entering PID update with parameters SetPoint:329.78, ProcValue:329.66, IMax:100.00, IMin:0.00,
2022-01-19 13:56:17,522 - root - DEBUG -   Window:30, Kp: 30.000, Ki: 1.000, Kd: 0.600
2022-01-19 13:56:17,522 - root - DEBUG - Exiting PID update with parameters Error:0.12, ITerm:36.98, DInput:1.37, Output:39.76
2022-01-19 13:56:17,522 - root - DEBUG - RunID 58, Segment 1 (loop 151) - RunState:Ramp,
                       ReadTmp:329.66, RampTmp:329.78, TargetTmp:1185.00,
                       Output:39.76, CycleOnSec:11.93, RemainTime:4:34:44
                    
2022-01-19 13:56:17,522 - root - DEBUG - ==>Relay On
2022-01-19 13:56:29,462 - root - DEBUG - ==>Relay Off
2022-01-19 13:56:29,462 - root - DEBUG - Writing stats to Firing DB table...
2022-01-19 13:56:29,475 - root - INFO - database writing complete1
2022-01-19 13:56:29,476 - root - INFO - RunState end: Ramp
2022-01-19 13:56:47,523 - root - DEBUG - Entering PID update with parameters SetPoint:331.19, ProcValue:331.07, IMax:100.00, IMin:0.00,
2022-01-19 13:56:47,523 - root - DEBUG -   Window:30, Kp: 30.000, Ki: 1.000, Kd: 0.600
2022-01-19 13:56:47,524 - root - DEBUG - Exiting PID update with parameters Error:0.12, ITerm:37.11, DInput:1.41, Output:39.93
2022-01-19 13:56:47,524 - root - DEBUG - RunID 58, Segment 1 (loop 152) - RunState:Ramp,
                       ReadTmp:331.07, RampTmp:331.19, TargetTmp:1185.00,
                       Output:39.93, CycleOnSec:11.98, RemainTime:4:34:14
                    
2022-01-19 13:56:47,525 - root - DEBUG - ==>Relay On
2022-01-19 13:56:59,516 - root - DEBUG - ==>Relay Off
2022-01-19 13:56:59,517 - root - DEBUG - Writing stats to Firing DB table...
2022-01-19 13:56:59,537 - root - INFO - database writing complete1
2022-01-19 13:56:59,538 - root - INFO - RunState end: Ramp
2022-01-19 13:57:17,523 - root - DEBUG - Entering PID update with parameters SetPoint:332.61, ProcValue:332.54, IMax:100.00, IMin:0.00,
2022-01-19 13:57:17,523 - root - DEBUG -   Window:30, Kp: 30.000, Ki: 1.000, Kd: 0.600
2022-01-19 13:57:17,523 - root - DEBUG - Exiting PID update with parameters Error:0.07, ITerm:37.18, DInput:1.47, Output:38.41
2022-01-19 13:57:17,524 - root - DEBUG - RunID 58, Segment 1 (loop 153) - RunState:Ramp,
                       ReadTmp:332.54, RampTmp:332.61, TargetTmp:1185.00,
                       Output:38.41, CycleOnSec:11.52, RemainTime:4:33:44
                    
2022-01-19 13:57:17,524 - root - DEBUG - ==>Relay On
2022-01-19 13:57:29,054 - root - DEBUG - ==>Relay Off
2022-01-19 13:57:29,055 - root - DEBUG - Writing stats to Firing DB table...
2022-01-19 13:57:29,069 - root - INFO - database writing complete1
2022-01-19 13:57:29,070 - root - INFO - RunState end: Ramp
2022-01-19 13:57:47,523 - root - DEBUG - Entering PID update with parameters SetPoint:334.03, ProcValue:333.83, IMax:100.00, IMin:0.00,
2022-01-19 13:57:47,523 - root - DEBUG -   Window:30, Kp: 30.000, Ki: 1.000, Kd: 0.600
2022-01-19 13:57:47,524 - root - DEBUG - Exiting PID update with parameters Error:0.20, ITerm:37.37, DInput:1.29, Output:42.54
2022-01-19 13:57:47,524 - root - DEBUG - RunID 58, Segment 1 (loop 154) - RunState:Ramp,
                       ReadTmp:333.83, RampTmp:334.03, TargetTmp:1185.00,
                       Output:42.54, CycleOnSec:12.76, RemainTime:4:33:14
                    
2022-01-19 13:57:47,524 - root - DEBUG - ==>Relay On
2022-01-19 13:58:00,299 - root - DEBUG - ==>Relay Off
2022-01-19 13:58:00,301 - root - DEBUG - Writing stats to Firing DB table...
2022-01-19 13:58:00,318 - root - INFO - database writing complete1
2022-01-19 13:58:00,319 - root - INFO - RunState end: Ramp
2022-01-19 13:58:17,522 - root - DEBUG - Entering PID update with parameters SetPoint:335.44, ProcValue:335.28, IMax:100.00, IMin:0.00,
2022-01-19 13:58:17,522 - root - DEBUG -   Window:30, Kp: 30.000, Ki: 1.000, Kd: 0.600
2022-01-19 13:58:17,523 - root - DEBUG - Exiting PID update with parameters Error:0.16, ITerm:37.54, DInput:1.45, Output:41.51
2022-01-19 13:58:17,523 - root - DEBUG - RunID 58, Segment 1 (loop 155) - RunState:Ramp,
                       ReadTmp:335.28, RampTmp:335.44, TargetTmp:1185.00,
                       Output:41.51, CycleOnSec:12.45, RemainTime:4:32:44
                    
2022-01-19 13:58:17,523 - root - DEBUG - ==>Relay On
2022-01-19 13:58:29,988 - root - DEBUG - ==>Relay Off
2022-01-19 13:58:29,990 - root - DEBUG - Writing stats to Firing DB table...
2022-01-19 13:58:30,006 - root - INFO - database writing complete1
2022-01-19 13:58:30,006 - root - INFO - RunState end: Ramp
2022-01-19 13:58:47,522 - root - DEBUG - Entering PID update with parameters SetPoint:336.86, ProcValue:336.91, IMax:100.00, IMin:0.00,
2022-01-19 13:58:47,522 - root - DEBUG -   Window:30, Kp: 30.000, Ki: 1.000, Kd: 0.600
2022-01-19 13:58:47,522 - root - DEBUG - Exiting PID update with parameters Error:-0.05, ITerm:37.49, DInput:1.62, Output:35.11
2022-01-19 13:58:47,522 - root - DEBUG - RunID 58, Segment 1 (loop 156) - RunState:Ramp,
                       ReadTmp:336.91, RampTmp:336.86, TargetTmp:1185.00,
                       Output:35.11, CycleOnSec:10.53, RemainTime:4:32:14
                    
2022-01-19 13:58:47,522 - root - DEBUG - ==>Relay On
2022-01-19 13:58:58,066 - root - DEBUG - ==>Relay Off
2022-01-19 13:58:58,067 - root - DEBUG - Writing stats to Firing DB table...
2022-01-19 13:58:58,340 - root - INFO - database writing complete1
2022-01-19 13:58:58,341 - root - INFO - RunState end: Ramp
2022-01-19 13:59:17,522 - root - DEBUG - Entering PID update with parameters SetPoint:338.28, ProcValue:338.20, IMax:100.00, IMin:0.00,
2022-01-19 13:59:17,522 - root - DEBUG -   Window:30, Kp: 30.000, Ki: 1.000, Kd: 0.600
2022-01-19 13:59:17,522 - root - DEBUG - Exiting PID update with parameters Error:0.07, ITerm:37.56, DInput:1.30, Output:38.97
2022-01-19 13:59:17,522 - root - DEBUG - RunID 58, Segment 1 (loop 157) - RunState:Ramp,
                       ReadTmp:338.20, RampTmp:338.28, TargetTmp:1185.00,
                       Output:38.97, CycleOnSec:11.69, RemainTime:4:31:44
                    
2022-01-19 13:59:17,522 - root - DEBUG - ==>Relay On
2022-01-19 13:59:29,226 - root - DEBUG - ==>Relay Off
2022-01-19 13:59:29,226 - root - DEBUG - Writing stats to Firing DB table...
2022-01-19 13:59:29,241 - root - INFO - database writing complete1
2022-01-19 13:59:29,241 - root - INFO - RunState end: Ramp
2022-01-19 13:59:47,522 - root - DEBUG - Entering PID update with parameters SetPoint:339.69, ProcValue:339.55, IMax:100.00, IMin:0.00,
2022-01-19 13:59:47,522 - root - DEBUG -   Window:30, Kp: 30.000, Ki: 1.000, Kd: 0.600
2022-01-19 13:59:47,523 - root - DEBUG - Exiting PID update with parameters Error:0.14, ITerm:37.70, DInput:1.35, Output:41.03
2022-01-19 13:59:47,523 - root - DEBUG - RunID 58, Segment 1 (loop 158) - RunState:Ramp,
                       ReadTmp:339.55, RampTmp:339.69, TargetTmp:1185.00,
                       Output:41.03, CycleOnSec:12.31, RemainTime:4:31:14
                    
2022-01-19 13:59:47,523 - root - DEBUG - ==>Relay On
2022-01-19 13:59:59,845 - root - DEBUG - ==>Relay Off
2022-01-19 13:59:59,846 - root - DEBUG - Writing stats to Firing DB table...
2022-01-19 13:59:59,865 - root - INFO - database writing complete1
2022-01-19 13:59:59,866 - root - INFO - RunState end: Ramp
2022-01-19 14:00:17,522 - root - DEBUG - Entering PID update with parameters SetPoint:341.11, ProcValue:340.97, IMax:100.00, IMin:0.00,
2022-01-19 14:00:17,522 - root - DEBUG -   Window:30, Kp: 30.000, Ki: 1.000, Kd: 0.600
2022-01-19 14:00:17,522 - root - DEBUG - Exiting PID update with parameters Error:0.14, ITerm:37.84, DInput:1.41, Output:41.21
2022-01-19 14:00:17,522 - root - DEBUG - RunID 58, Segment 1 (loop 159) - RunState:Ramp,
                       ReadTmp:340.97, RampTmp:341.11, TargetTmp:1185.00,
                       Output:41.21, CycleOnSec:12.36, RemainTime:4:30:44
                    
2022-01-19 14:00:17,522 - root - DEBUG - ==>Relay On
2022-01-19 14:00:29,895 - root - DEBUG - ==>Relay Off
2022-01-19 14:00:29,895 - root - DEBUG - Writing stats to Firing DB table...
2022-01-19 14:00:29,912 - root - INFO - database writing complete1
2022-01-19 14:00:29,913 - root - INFO - RunState end: Ramp
2022-01-19 14:00:47,522 - root - DEBUG - Entering PID update with parameters SetPoint:342.53, ProcValue:342.43, IMax:100.00, IMin:0.00,
2022-01-19 14:00:47,522 - root - DEBUG -   Window:30, Kp: 30.000, Ki: 1.000, Kd: 0.600
2022-01-19 14:00:47,523 - root - DEBUG - Exiting PID update with parameters Error:0.10, ITerm:37.94, DInput:1.46, Output:39.95
2022-01-19 14:00:47,523 - root - DEBUG - RunID 58, Segment 1 (loop 160) - RunState:Ramp,
                       ReadTmp:342.43, RampTmp:342.53, TargetTmp:1185.00,
                       Output:39.95, CycleOnSec:11.99, RemainTime:4:30:14
                    
2022-01-19 14:00:47,523 - root - DEBUG - ==>Relay On
2022-01-19 14:00:59,521 - root - DEBUG - ==>Relay Off
2022-01-19 14:00:59,522 - root - DEBUG - Writing stats to Firing DB table...
2022-01-19 14:00:59,536 - root - INFO - database writing complete1
2022-01-19 14:00:59,537 - root - INFO - RunState end: Ramp
2022-01-19 14:01:17,522 - root - DEBUG - Entering PID update with parameters SetPoint:343.94, ProcValue:343.84, IMax:100.00, IMin:0.00,
2022-01-19 14:01:17,522 - root - DEBUG -   Window:30, Kp: 30.000, Ki: 1.000, Kd: 0.600
2022-01-19 14:01:17,523 - root - DEBUG - Exiting PID update with parameters Error:0.10, ITerm:38.04, DInput:1.41, Output:40.16
2022-01-19 14:01:17,523 - root - DEBUG - RunID 58, Segment 1 (loop 161) - RunState:Ramp,
                       ReadTmp:343.84, RampTmp:343.94, TargetTmp:1185.00,
                       Output:40.16, CycleOnSec:12.05, RemainTime:4:29:44
                    
2022-01-19 14:01:17,523 - root - DEBUG - ==>Relay On
2022-01-19 14:01:29,583 - root - DEBUG - ==>Relay Off
2022-01-19 14:01:29,583 - root - DEBUG - Writing stats to Firing DB table...
2022-01-19 14:01:29,628 - root - INFO - database writing complete1
2022-01-19 14:01:29,629 - root - INFO - RunState end: Ramp
2022-01-19 14:01:47,522 - root - DEBUG - Entering PID update with parameters SetPoint:345.36, ProcValue:345.24, IMax:100.00, IMin:0.00,
2022-01-19 14:01:47,522 - root - DEBUG -   Window:30, Kp: 30.000, Ki: 1.000, Kd: 0.600
2022-01-19 14:01:47,522 - root - DEBUG - Exiting PID update with parameters Error:0.12, ITerm:38.15, DInput:1.40, Output:40.83
2022-01-19 14:01:47,522 - root - DEBUG - RunID 58, Segment 1 (loop 162) - RunState:Ramp,
                       ReadTmp:345.24, RampTmp:345.36, TargetTmp:1185.00,
                       Output:40.83, CycleOnSec:12.25, RemainTime:4:29:14
                    
2022-01-19 14:01:47,525 - root - DEBUG - ==>Relay On
2022-01-19 14:01:59,786 - root - DEBUG - ==>Relay Off
2022-01-19 14:01:59,787 - root - DEBUG - Writing stats to Firing DB table...
2022-01-19 14:01:59,815 - root - INFO - database writing complete1
2022-01-19 14:01:59,816 - root - INFO - RunState end: Ramp
2022-01-19 14:02:17,522 - root - DEBUG - Entering PID update with parameters SetPoint:346.78, ProcValue:346.69, IMax:100.00, IMin:0.00,
2022-01-19 14:02:17,522 - root - DEBUG -   Window:30, Kp: 30.000, Ki: 1.000, Kd: 0.600
2022-01-19 14:02:17,522 - root - DEBUG - Exiting PID update with parameters Error:0.09, ITerm:38.24, DInput:1.45, Output:40.03
2022-01-19 14:02:17,522 - root - DEBUG - RunID 58, Segment 1 (loop 163) - RunState:Ramp,
                       ReadTmp:346.69, RampTmp:346.78, TargetTmp:1185.00,
                       Output:40.03, CycleOnSec:12.01, RemainTime:4:28:44
                    
2022-01-19 14:02:17,522 - root - DEBUG - ==>Relay On
2022-01-19 14:02:29,544 - root - DEBUG - ==>Relay Off
2022-01-19 14:02:29,545 - root - DEBUG - Writing stats to Firing DB table...
2022-01-19 14:02:29,573 - root - INFO - database writing complete1
2022-01-19 14:02:29,574 - root - INFO - RunState end: Ramp
2022-01-19 14:02:47,522 - root - DEBUG - Entering PID update with parameters SetPoint:348.19, ProcValue:348.05, IMax:100.00, IMin:0.00,
2022-01-19 14:02:47,522 - root - DEBUG -   Window:30, Kp: 30.000, Ki: 1.000, Kd: 0.600
2022-01-19 14:02:47,522 - root - DEBUG - Exiting PID update with parameters Error:0.14, ITerm:38.38, DInput:1.37, Output:41.70
2022-01-19 14:02:47,522 - root - DEBUG - RunID 58, Segment 1 (loop 164) - RunState:Ramp,
                       ReadTmp:348.05, RampTmp:348.19, TargetTmp:1185.00,
                       Output:41.70, CycleOnSec:12.51, RemainTime:4:28:14
                    
2022-01-19 14:02:47,522 - root - DEBUG - ==>Relay On
2022-01-19 14:03:00,045 - root - DEBUG - ==>Relay Off
2022-01-19 14:03:00,047 - root - DEBUG - Writing stats to Firing DB table...
2022-01-19 14:03:00,076 - root - INFO - database writing complete1
2022-01-19 14:03:00,076 - root - INFO - RunState end: Ramp
2022-01-19 14:03:17,522 - root - DEBUG - Entering PID update with parameters SetPoint:349.61, ProcValue:349.59, IMax:100.00, IMin:0.00,
2022-01-19 14:03:17,522 - root - DEBUG -   Window:30, Kp: 30.000, Ki: 1.000, Kd: 0.600
2022-01-19 14:03:17,522 - root - DEBUG - Exiting PID update with parameters Error:0.02, ITerm:38.40, DInput:1.54, Output:37.94
2022-01-19 14:03:17,522 - root - DEBUG - RunID 58, Segment 1 (loop 165) - RunState:Ramp,
                       ReadTmp:349.59, RampTmp:349.61, TargetTmp:1185.00,
                       Output:37.94, CycleOnSec:11.38, RemainTime:4:27:44
                    
2022-01-19 14:03:17,522 - root - DEBUG - ==>Relay On
2022-01-19 14:03:28,916 - root - DEBUG - ==>Relay Off
2022-01-19 14:03:28,918 - root - DEBUG - Writing stats to Firing DB table...
2022-01-19 14:03:28,936 - root - INFO - database writing complete1
2022-01-19 14:03:28,937 - root - INFO - RunState end: Ramp
2022-01-19 14:03:47,522 - root - DEBUG - Entering PID update with parameters SetPoint:351.03, ProcValue:350.88, IMax:100.00, IMin:0.00,
2022-01-19 14:03:47,522 - root - DEBUG -   Window:30, Kp: 30.000, Ki: 1.000, Kd: 0.600
2022-01-19 14:03:47,523 - root - DEBUG - Exiting PID update with parameters Error:0.14, ITerm:38.54, DInput:1.29, Output:42.06
2022-01-19 14:03:47,523 - root - DEBUG - RunID 58, Segment 1 (loop 166) - RunState:Ramp,
                       ReadTmp:350.88, RampTmp:351.03, TargetTmp:1185.00,
                       Output:42.06, CycleOnSec:12.62, RemainTime:4:27:14
                    
2022-01-19 14:03:47,523 - root - DEBUG - ==>Relay On
2022-01-19 14:04:00,145 - root - DEBUG - ==>Relay Off
2022-01-19 14:04:00,147 - root - DEBUG - Writing stats to Firing DB table...
2022-01-19 14:04:00,165 - root - INFO - database writing complete1
2022-01-19 14:04:00,166 - root - INFO - RunState end: Ramp
2022-01-19 14:04:17,522 - root - DEBUG - Entering PID update with parameters SetPoint:352.44, ProcValue:352.20, IMax:100.00, IMin:0.00,
2022-01-19 14:04:17,522 - root - DEBUG -   Window:30, Kp: 30.000, Ki: 1.000, Kd: 0.600
2022-01-19 14:04:17,522 - root - DEBUG - Exiting PID update with parameters Error:0.24, ITerm:38.78, DInput:1.32, Output:45.17
2022-01-19 14:04:17,522 - root - DEBUG - RunID 58, Segment 1 (loop 167) - RunState:Ramp,
                       ReadTmp:352.20, RampTmp:352.44, TargetTmp:1185.00,
                       Output:45.17, CycleOnSec:13.55, RemainTime:4:26:44
                    
2022-01-19 14:04:17,522 - root - DEBUG - ==>Relay On
2022-01-19 14:04:31,088 - root - DEBUG - ==>Relay Off
2022-01-19 14:04:31,090 - root - DEBUG - Writing stats to Firing DB table...
2022-01-19 14:04:31,110 - root - INFO - database writing complete1
2022-01-19 14:04:31,110 - root - INFO - RunState end: Ramp
2022-01-19 14:04:47,522 - root - DEBUG - Entering PID update with parameters SetPoint:353.86, ProcValue:353.75, IMax:100.00, IMin:0.00,
2022-01-19 14:04:47,522 - root - DEBUG -   Window:30, Kp: 30.000, Ki: 1.000, Kd: 0.600
2022-01-19 14:04:47,522 - root - DEBUG - Exiting PID update with parameters Error:0.11, ITerm:38.89, DInput:1.55, Output:41.24
2022-01-19 14:04:47,522 - root - DEBUG - RunID 58, Segment 1 (loop 168) - RunState:Ramp,
                       ReadTmp:353.75, RampTmp:353.86, TargetTmp:1185.00,
                       Output:41.24, CycleOnSec:12.37, RemainTime:4:26:14
                    
2022-01-19 14:04:47,522 - root - DEBUG - ==>Relay On
2022-01-19 14:04:59,903 - root - DEBUG - ==>Relay Off
2022-01-19 14:04:59,905 - root - DEBUG - Writing stats to Firing DB table...
2022-01-19 14:04:59,920 - root - INFO - database writing complete1
2022-01-19 14:04:59,921 - root - INFO - RunState end: Ramp
2022-01-19 14:05:17,522 - root - DEBUG - Entering PID update with parameters SetPoint:355.28, ProcValue:355.20, IMax:100.00, IMin:0.00,
2022-01-19 14:05:17,522 - root - DEBUG -   Window:30, Kp: 30.000, Ki: 1.000, Kd: 0.600
2022-01-19 14:05:17,522 - root - DEBUG - Exiting PID update with parameters Error:0.07, ITerm:38.96, DInput:1.45, Output:40.28
2022-01-19 14:05:17,522 - root - DEBUG - RunID 58, Segment 1 (loop 169) - RunState:Ramp,
                       ReadTmp:355.20, RampTmp:355.28, TargetTmp:1185.00,
                       Output:40.28, CycleOnSec:12.08, RemainTime:4:25:44
                    
2022-01-19 14:05:17,522 - root - DEBUG - ==>Relay On
2022-01-19 14:05:29,618 - root - DEBUG - ==>Relay Off
2022-01-19 14:05:29,618 - root - DEBUG - Writing stats to Firing DB table...
2022-01-19 14:05:29,632 - root - INFO - database writing complete1
2022-01-19 14:05:29,633 - root - INFO - RunState end: Ramp
2022-01-19 14:05:47,522 - root - DEBUG - Entering PID update with parameters SetPoint:356.69, ProcValue:356.58, IMax:100.00, IMin:0.00,
2022-01-19 14:05:47,522 - root - DEBUG -   Window:30, Kp: 30.000, Ki: 1.000, Kd: 0.600
2022-01-19 14:05:47,522 - root - DEBUG - Exiting PID update with parameters Error:0.11, ITerm:39.08, DInput:1.38, Output:41.69
2022-01-19 14:05:47,522 - root - DEBUG - RunID 58, Segment 1 (loop 170) - RunState:Ramp,
                       ReadTmp:356.58, RampTmp:356.69, TargetTmp:1185.00,
                       Output:41.69, CycleOnSec:12.51, RemainTime:4:25:14
                    
2022-01-19 14:05:47,522 - root - DEBUG - ==>Relay On
2022-01-19 14:06:00,042 - root - DEBUG - ==>Relay Off
2022-01-19 14:06:00,043 - root - DEBUG - Writing stats to Firing DB table...
2022-01-19 14:06:00,063 - root - INFO - database writing complete1
2022-01-19 14:06:00,064 - root - INFO - RunState end: Ramp
2022-01-19 14:06:17,522 - root - DEBUG - Entering PID update with parameters SetPoint:358.11, ProcValue:357.95, IMax:100.00, IMin:0.00,
2022-01-19 14:06:17,522 - root - DEBUG -   Window:30, Kp: 30.000, Ki: 1.000, Kd: 0.600
2022-01-19 14:06:17,522 - root - DEBUG - Exiting PID update with parameters Error:0.16, ITerm:39.24, DInput:1.37, Output:43.34
2022-01-19 14:06:17,522 - root - DEBUG - RunID 58, Segment 1 (loop 171) - RunState:Ramp,
                       ReadTmp:357.95, RampTmp:358.11, TargetTmp:1185.00,
                       Output:43.34, CycleOnSec:13.00, RemainTime:4:24:44
                    
2022-01-19 14:06:17,522 - root - DEBUG - ==>Relay On
2022-01-19 14:06:30,538 - root - DEBUG - ==>Relay Off
2022-01-19 14:06:30,539 - root - DEBUG - Writing stats to Firing DB table...
2022-01-19 14:06:30,592 - root - INFO - database writing complete1
2022-01-19 14:06:30,592 - root - INFO - RunState end: Ramp
2022-01-19 14:06:47,522 - root - DEBUG - Entering PID update with parameters SetPoint:359.53, ProcValue:359.39, IMax:100.00, IMin:0.00,
2022-01-19 14:06:47,522 - root - DEBUG -   Window:30, Kp: 30.000, Ki: 1.000, Kd: 0.600
2022-01-19 14:06:47,522 - root - DEBUG - Exiting PID update with parameters Error:0.14, ITerm:39.37, DInput:1.45, Output:42.57
2022-01-19 14:06:47,522 - root - DEBUG - RunID 58, Segment 1 (loop 172) - RunState:Ramp,
                       ReadTmp:359.39, RampTmp:359.53, TargetTmp:1185.00,
                       Output:42.57, CycleOnSec:12.77, RemainTime:4:24:14
                    
2022-01-19 14:06:47,522 - root - DEBUG - ==>Relay On
2022-01-19 14:07:00,306 - root - DEBUG - ==>Relay Off
2022-01-19 14:07:00,308 - root - DEBUG - Writing stats to Firing DB table...
2022-01-19 14:07:00,327 - root - INFO - database writing complete1
2022-01-19 14:07:00,327 - root - INFO - RunState end: Ramp
2022-01-19 14:07:17,522 - root - DEBUG - Entering PID update with parameters SetPoint:360.94, ProcValue:360.83, IMax:100.00, IMin:0.00,
2022-01-19 14:07:17,522 - root - DEBUG -   Window:30, Kp: 30.000, Ki: 1.000, Kd: 0.600
2022-01-19 14:07:17,523 - root - DEBUG - Exiting PID update with parameters Error:0.11, ITerm:39.49, DInput:1.44, Output:42.06
2022-01-19 14:07:17,523 - root - DEBUG - RunID 58, Segment 1 (loop 173) - RunState:Ramp,
                       ReadTmp:360.83, RampTmp:360.94, TargetTmp:1185.00,
                       Output:42.06, CycleOnSec:12.62, RemainTime:4:23:44
                    
2022-01-19 14:07:17,523 - root - DEBUG - ==>Relay On
2022-01-19 14:07:30,155 - root - DEBUG - ==>Relay Off
2022-01-19 14:07:30,157 - root - DEBUG - Writing stats to Firing DB table...
2022-01-19 14:07:30,176 - root - INFO - database writing complete1
2022-01-19 14:07:30,177 - root - INFO - RunState end: Ramp
2022-01-19 14:07:47,522 - root - DEBUG - Entering PID update with parameters SetPoint:362.36, ProcValue:362.19, IMax:100.00, IMin:0.00,
2022-01-19 14:07:47,522 - root - DEBUG -   Window:30, Kp: 30.000, Ki: 1.000, Kd: 0.600
2022-01-19 14:07:47,522 - root - DEBUG - Exiting PID update with parameters Error:0.17, ITerm:39.66, DInput:1.36, Output:44.00
2022-01-19 14:07:47,522 - root - DEBUG - RunID 58, Segment 1 (loop 174) - RunState:Ramp,
                       ReadTmp:362.19, RampTmp:362.36, TargetTmp:1185.00,
                       Output:44.00, CycleOnSec:13.20, RemainTime:4:23:14
                    
2022-01-19 14:07:47,522 - root - DEBUG - ==>Relay On
2022-01-19 14:08:00,736 - root - DEBUG - ==>Relay Off
2022-01-19 14:08:00,738 - root - DEBUG - Writing stats to Firing DB table...
2022-01-19 14:08:00,763 - root - INFO - database writing complete1
2022-01-19 14:08:00,763 - root - INFO - RunState end: Ramp
2022-01-19 14:08:17,522 - root - DEBUG - Entering PID update with parameters SetPoint:363.78, ProcValue:363.62, IMax:100.00, IMin:0.00,
2022-01-19 14:08:17,522 - root - DEBUG -   Window:30, Kp: 30.000, Ki: 1.000, Kd: 0.600
2022-01-19 14:08:17,522 - root - DEBUG - Exiting PID update with parameters Error:0.15, ITerm:39.81, DInput:1.44, Output:43.48
2022-01-19 14:08:17,522 - root - DEBUG - RunID 58, Segment 1 (loop 175) - RunState:Ramp,
                       ReadTmp:363.62, RampTmp:363.78, TargetTmp:1185.00,
                       Output:43.48, CycleOnSec:13.04, RemainTime:4:22:44
                    
2022-01-19 14:08:17,523 - root - DEBUG - ==>Relay On
2022-01-19 14:08:30,580 - root - DEBUG - ==>Relay Off
2022-01-19 14:08:30,582 - root - DEBUG - Writing stats to Firing DB table...
2022-01-19 14:08:30,597 - root - INFO - database writing complete1
2022-01-19 14:08:30,598 - root - INFO - RunState end: Ramp
2022-01-19 14:08:47,522 - root - DEBUG - Entering PID update with parameters SetPoint:365.19, ProcValue:365.26, IMax:100.00, IMin:0.00,
2022-01-19 14:08:47,522 - root - DEBUG -   Window:30, Kp: 30.000, Ki: 1.000, Kd: 0.600
2022-01-19 14:08:47,522 - root - DEBUG - Exiting PID update with parameters Error:-0.07, ITerm:39.75, DInput:1.63, Output:36.81
2022-01-19 14:08:47,522 - root - DEBUG - RunID 58, Segment 1 (loop 176) - RunState:Ramp,
                       ReadTmp:365.26, RampTmp:365.19, TargetTmp:1185.00,
                       Output:36.81, CycleOnSec:11.04, RemainTime:4:22:14
                    
2022-01-19 14:08:47,522 - root - DEBUG - ==>Relay On
2022-01-19 14:08:58,578 - root - DEBUG - ==>Relay Off
2022-01-19 14:08:58,580 - root - DEBUG - Writing stats to Firing DB table...
2022-01-19 14:08:58,605 - root - INFO - database writing complete1
2022-01-19 14:08:58,605 - root - INFO - RunState end: Ramp
2022-01-19 14:09:17,522 - root - DEBUG - Entering PID update with parameters SetPoint:366.61, ProcValue:366.42, IMax:100.00, IMin:0.00,
2022-01-19 14:09:17,522 - root - DEBUG -   Window:30, Kp: 30.000, Ki: 1.000, Kd: 0.600
2022-01-19 14:09:17,522 - root - DEBUG - Exiting PID update with parameters Error:0.19, ITerm:39.93, DInput:1.16, Output:44.86
2022-01-19 14:09:17,522 - root - DEBUG - RunID 58, Segment 1 (loop 177) - RunState:Ramp,
                       ReadTmp:366.42, RampTmp:366.61, TargetTmp:1185.00,
                       Output:44.86, CycleOnSec:13.46, RemainTime:4:21:44
                    
2022-01-19 14:09:17,522 - root - DEBUG - ==>Relay On
2022-01-19 14:09:30,995 - root - DEBUG - ==>Relay Off
2022-01-19 14:09:30,996 - root - DEBUG - Writing stats to Firing DB table...
2022-01-19 14:09:31,011 - root - INFO - database writing complete1
2022-01-19 14:09:31,012 - root - INFO - RunState end: Ramp
2022-01-19 14:09:47,522 - root - DEBUG - Entering PID update with parameters SetPoint:368.03, ProcValue:367.95, IMax:100.00, IMin:0.00,
2022-01-19 14:09:47,523 - root - DEBUG -   Window:30, Kp: 30.000, Ki: 1.000, Kd: 0.600
2022-01-19 14:09:47,523 - root - DEBUG - Exiting PID update with parameters Error:0.07, ITerm:40.01, DInput:1.53, Output:41.28
2022-01-19 14:09:47,523 - root - DEBUG - RunID 58, Segment 1 (loop 178) - RunState:Ramp,
                       ReadTmp:367.95, RampTmp:368.03, TargetTmp:1185.00,
                       Output:41.28, CycleOnSec:12.38, RemainTime:4:21:14
                    
2022-01-19 14:09:47,523 - root - DEBUG - ==>Relay On
2022-01-19 14:09:59,919 - root - DEBUG - ==>Relay Off
2022-01-19 14:09:59,919 - root - DEBUG - Writing stats to Firing DB table...
2022-01-19 14:10:00,106 - root - INFO - database writing complete1
2022-01-19 14:10:00,107 - root - INFO - RunState end: Ramp
2022-01-19 14:10:17,522 - root - DEBUG - Entering PID update with parameters SetPoint:369.44, ProcValue:369.24, IMax:100.00, IMin:0.00,
2022-01-19 14:10:17,522 - root - DEBUG -   Window:30, Kp: 30.000, Ki: 1.000, Kd: 0.600
2022-01-19 14:10:17,522 - root - DEBUG - Exiting PID update with parameters Error:0.20, ITerm:40.21, DInput:1.29, Output:45.45
2022-01-19 14:10:17,522 - root - DEBUG - RunID 58, Segment 1 (loop 179) - RunState:Ramp,
                       ReadTmp:369.24, RampTmp:369.44, TargetTmp:1185.00,
                       Output:45.45, CycleOnSec:13.64, RemainTime:4:20:44
                    
2022-01-19 14:10:17,522 - root - DEBUG - ==>Relay On
2022-01-19 14:10:31,172 - root - DEBUG - ==>Relay Off
2022-01-19 14:10:31,173 - root - DEBUG - Writing stats to Firing DB table...
2022-01-19 14:10:31,189 - root - INFO - database writing complete1
2022-01-19 14:10:31,189 - root - INFO - RunState end: Ramp
2022-01-19 14:10:47,522 - root - DEBUG - Entering PID update with parameters SetPoint:370.86, ProcValue:370.69, IMax:100.00, IMin:0.00,
2022-01-19 14:10:47,522 - root - DEBUG -   Window:30, Kp: 30.000, Ki: 1.000, Kd: 0.600
2022-01-19 14:10:47,522 - root - DEBUG - Exiting PID update with parameters Error:0.17, ITerm:40.38, DInput:1.45, Output:44.67
2022-01-19 14:10:47,522 - root - DEBUG - RunID 58, Segment 1 (loop 180) - RunState:Ramp,
                       ReadTmp:370.69, RampTmp:370.86, TargetTmp:1185.00,
                       Output:44.67, CycleOnSec:13.40, RemainTime:4:20:14
                    
2022-01-19 14:10:47,522 - root - DEBUG - ==>Relay On
2022-01-19 14:11:00,937 - root - DEBUG - ==>Relay Off
2022-01-19 14:11:00,938 - root - DEBUG - Writing stats to Firing DB table...
2022-01-19 14:11:00,954 - root - INFO - database writing complete1
2022-01-19 14:11:00,955 - root - INFO - RunState end: Ramp
2022-01-19 14:11:17,522 - root - DEBUG - Entering PID update with parameters SetPoint:372.28, ProcValue:372.41, IMax:100.00, IMin:0.00,
2022-01-19 14:11:17,522 - root - DEBUG -   Window:30, Kp: 30.000, Ki: 1.000, Kd: 0.600
2022-01-19 14:11:17,523 - root - DEBUG - Exiting PID update with parameters Error:-0.14, ITerm:40.24, DInput:1.73, Output:35.07
2022-01-19 14:11:17,523 - root - DEBUG - RunID 58, Segment 1 (loop 181) - RunState:Ramp,
                       ReadTmp:372.41, RampTmp:372.28, TargetTmp:1185.00,
                       Output:35.07, CycleOnSec:10.52, RemainTime:4:19:44
                    
2022-01-19 14:11:17,523 - root - DEBUG - ==>Relay On
2022-01-19 14:11:28,054 - root - DEBUG - ==>Relay Off
2022-01-19 14:11:28,055 - root - DEBUG - Writing stats to Firing DB table...
2022-01-19 14:11:28,071 - root - INFO - database writing complete1
2022-01-19 14:11:28,072 - root - INFO - RunState end: Ramp
2022-01-19 14:11:47,522 - root - DEBUG - Entering PID update with parameters SetPoint:373.69, ProcValue:373.65, IMax:100.00, IMin:0.00,
2022-01-19 14:11:47,522 - root - DEBUG -   Window:30, Kp: 30.000, Ki: 1.000, Kd: 0.600
2022-01-19 14:11:47,522 - root - DEBUG - Exiting PID update with parameters Error:0.04, ITerm:40.29, DInput:1.23, Output:40.87
2022-01-19 14:11:47,522 - root - DEBUG - RunID 58, Segment 1 (loop 182) - RunState:Ramp,
                       ReadTmp:373.65, RampTmp:373.69, TargetTmp:1185.00,
                       Output:40.87, CycleOnSec:12.26, RemainTime:4:19:14
                    
2022-01-19 14:11:47,522 - root - DEBUG - ==>Relay On
2022-01-19 14:11:59,797 - root - DEBUG - ==>Relay Off
2022-01-19 14:11:59,798 - root - DEBUG - Writing stats to Firing DB table...
2022-01-19 14:11:59,812 - root - INFO - database writing complete1
2022-01-19 14:11:59,812 - root - INFO - RunState end: Ramp
2022-01-19 14:12:17,522 - root - DEBUG - Entering PID update with parameters SetPoint:375.11, ProcValue:375.03, IMax:100.00, IMin:0.00,
2022-01-19 14:12:17,522 - root - DEBUG -   Window:30, Kp: 30.000, Ki: 1.000, Kd: 0.600
2022-01-19 14:12:17,522 - root - DEBUG - Exiting PID update with parameters Error:0.08, ITerm:40.36, DInput:1.38, Output:41.88
2022-01-19 14:12:17,522 - root - DEBUG - RunID 58, Segment 1 (loop 183) - RunState:Ramp,
                       ReadTmp:375.03, RampTmp:375.11, TargetTmp:1185.00,
                       Output:41.88, CycleOnSec:12.56, RemainTime:4:18:44
                    
2022-01-19 14:12:17,522 - root - DEBUG - ==>Relay On
2022-01-19 14:12:30,099 - root - DEBUG - ==>Relay Off
2022-01-19 14:12:30,099 - root - DEBUG - Writing stats to Firing DB table...
2022-01-19 14:12:30,113 - root - INFO - database writing complete1
2022-01-19 14:12:30,114 - root - INFO - RunState end: Ramp
2022-01-19 14:12:47,522 - root - DEBUG - Entering PID update with parameters SetPoint:376.53, ProcValue:376.41, IMax:100.00, IMin:0.00,
2022-01-19 14:12:47,522 - root - DEBUG -   Window:30, Kp: 30.000, Ki: 1.000, Kd: 0.600
2022-01-19 14:12:47,522 - root - DEBUG - Exiting PID update with parameters Error:0.12, ITerm:40.48, DInput:1.38, Output:43.25
2022-01-19 14:12:47,522 - root - DEBUG - RunID 58, Segment 1 (loop 184) - RunState:Ramp,
                       ReadTmp:376.41, RampTmp:376.53, TargetTmp:1185.00,
                       Output:43.25, CycleOnSec:12.98, RemainTime:4:18:14
                    
2022-01-19 14:12:47,522 - root - DEBUG - ==>Relay On
2022-01-19 14:13:00,512 - root - DEBUG - ==>Relay Off
2022-01-19 14:13:00,513 - root - DEBUG - Writing stats to Firing DB table...
2022-01-19 14:13:00,530 - root - INFO - database writing complete1
2022-01-19 14:13:00,531 - root - INFO - RunState end: Ramp
2022-01-19 14:13:17,522 - root - DEBUG - Entering PID update with parameters SetPoint:377.94, ProcValue:377.79, IMax:100.00, IMin:0.00,
2022-01-19 14:13:17,522 - root - DEBUG -   Window:30, Kp: 30.000, Ki: 1.000, Kd: 0.600
2022-01-19 14:13:17,522 - root - DEBUG - Exiting PID update with parameters Error:0.15, ITerm:40.64, DInput:1.38, Output:44.42
2022-01-19 14:13:17,522 - root - DEBUG - RunID 58, Segment 1 (loop 185) - RunState:Ramp,
                       ReadTmp:377.79, RampTmp:377.94, TargetTmp:1185.00,
                       Output:44.42, CycleOnSec:13.33, RemainTime:4:17:44
                    
2022-01-19 14:13:17,523 - root - DEBUG - ==>Relay On
2022-01-19 14:13:30,861 - root - DEBUG - ==>Relay Off
2022-01-19 14:13:30,863 - root - DEBUG - Writing stats to Firing DB table...
2022-01-19 14:13:30,888 - root - INFO - database writing complete1
2022-01-19 14:13:30,889 - root - INFO - RunState end: Ramp
2022-01-19 14:13:47,522 - root - DEBUG - Entering PID update with parameters SetPoint:379.36, ProcValue:379.21, IMax:100.00, IMin:0.00,
2022-01-19 14:13:47,522 - root - DEBUG -   Window:30, Kp: 30.000, Ki: 1.000, Kd: 0.600
2022-01-19 14:13:47,522 - root - DEBUG - Exiting PID update with parameters Error:0.15, ITerm:40.79, DInput:1.42, Output:44.39
2022-01-19 14:13:47,522 - root - DEBUG - RunID 58, Segment 1 (loop 186) - RunState:Ramp,
                       ReadTmp:379.21, RampTmp:379.36, TargetTmp:1185.00,
                       Output:44.39, CycleOnSec:13.32, RemainTime:4:17:14
                    
2022-01-19 14:13:47,522 - root - DEBUG - ==>Relay On
2022-01-19 14:14:00,852 - root - DEBUG - ==>Relay Off
2022-01-19 14:14:00,853 - root - DEBUG - Writing stats to Firing DB table...
2022-01-19 14:14:00,869 - root - INFO - database writing complete1
2022-01-19 14:14:00,869 - root - INFO - RunState end: Ramp
2022-01-19 14:14:17,522 - root - DEBUG - Entering PID update with parameters SetPoint:380.78, ProcValue:380.73, IMax:100.00, IMin:0.00,
2022-01-19 14:14:17,522 - root - DEBUG -   Window:30, Kp: 30.000, Ki: 1.000, Kd: 0.600
2022-01-19 14:14:17,522 - root - DEBUG - Exiting PID update with parameters Error:0.04, ITerm:40.83, DInput:1.52, Output:41.16
2022-01-19 14:14:17,522 - root - DEBUG - RunID 58, Segment 1 (loop 187) - RunState:Ramp,
                       ReadTmp:380.73, RampTmp:380.78, TargetTmp:1185.00,
                       Output:41.16, CycleOnSec:12.35, RemainTime:4:16:44
                    
2022-01-19 14:14:17,522 - root - DEBUG - ==>Relay On
2022-01-19 14:14:29,872 - root - DEBUG - ==>Relay Off
2022-01-19 14:14:29,873 - root - DEBUG - Writing stats to Firing DB table...
2022-01-19 14:14:29,894 - root - INFO - database writing complete1
2022-01-19 14:14:29,894 - root - INFO - RunState end: Ramp
2022-01-19 14:14:47,522 - root - DEBUG - Entering PID update with parameters SetPoint:382.19, ProcValue:382.23, IMax:100.00, IMin:0.00,
2022-01-19 14:14:47,522 - root - DEBUG -   Window:30, Kp: 30.000, Ki: 1.000, Kd: 0.600
2022-01-19 14:14:47,522 - root - DEBUG - Exiting PID update with parameters Error:-0.04, ITerm:40.79, DInput:1.50, Output:38.64
2022-01-19 14:14:47,522 - root - DEBUG - RunID 58, Segment 1 (loop 188) - RunState:Ramp,
                       ReadTmp:382.23, RampTmp:382.19, TargetTmp:1185.00,
                       Output:38.64, CycleOnSec:11.59, RemainTime:4:16:14
                    
2022-01-19 14:14:47,522 - root - DEBUG - ==>Relay On
2022-01-19 14:14:59,125 - root - DEBUG - ==>Relay Off
2022-01-19 14:14:59,126 - root - DEBUG - Writing stats to Firing DB table...
2022-01-19 14:14:59,146 - root - INFO - database writing complete1
2022-01-19 14:14:59,147 - root - INFO - RunState end: Ramp
2022-01-19 14:15:17,522 - root - DEBUG - Entering PID update with parameters SetPoint:383.61, ProcValue:383.52, IMax:100.00, IMin:0.00,
2022-01-19 14:15:17,522 - root - DEBUG -   Window:30, Kp: 30.000, Ki: 1.000, Kd: 0.600
2022-01-19 14:15:17,522 - root - DEBUG - Exiting PID update with parameters Error:0.09, ITerm:40.88, DInput:1.28, Output:42.92
2022-01-19 14:15:17,522 - root - DEBUG - RunID 58, Segment 1 (loop 189) - RunState:Ramp,
                       ReadTmp:383.52, RampTmp:383.61, TargetTmp:1185.00,
                       Output:42.92, CycleOnSec:12.88, RemainTime:4:15:44
                    
2022-01-19 14:15:17,522 - root - DEBUG - ==>Relay On
2022-01-19 14:15:30,405 - root - DEBUG - ==>Relay Off
2022-01-19 14:15:30,406 - root - DEBUG - Writing stats to Firing DB table...
2022-01-19 14:15:30,418 - root - INFO - database writing complete1
2022-01-19 14:15:30,419 - root - INFO - RunState end: Ramp
2022-01-19 14:15:47,522 - root - DEBUG - Entering PID update with parameters SetPoint:385.03, ProcValue:384.85, IMax:100.00, IMin:0.00,
2022-01-19 14:15:47,522 - root - DEBUG -   Window:30, Kp: 30.000, Ki: 1.000, Kd: 0.600
2022-01-19 14:15:47,522 - root - DEBUG - Exiting PID update with parameters Error:0.17, ITerm:41.05, DInput:1.34, Output:45.49
2022-01-19 14:15:47,522 - root - DEBUG - RunID 58, Segment 1 (loop 190) - RunState:Ramp,
                       ReadTmp:384.85, RampTmp:385.03, TargetTmp:1185.00,
                       Output:45.49, CycleOnSec:13.65, RemainTime:4:15:14
                    
2022-01-19 14:15:47,523 - root - DEBUG - ==>Relay On
2022-01-19 14:16:01,183 - root - DEBUG - ==>Relay Off
2022-01-19 14:16:01,184 - root - DEBUG - Writing stats to Firing DB table...
2022-01-19 14:16:01,200 - root - INFO - database writing complete1
2022-01-19 14:16:01,200 - root - INFO - RunState end: Ramp
2022-01-19 14:16:17,522 - root - DEBUG - Entering PID update with parameters SetPoint:386.44, ProcValue:386.29, IMax:100.00, IMin:0.00,
2022-01-19 14:16:17,522 - root - DEBUG -   Window:30, Kp: 30.000, Ki: 1.000, Kd: 0.600
2022-01-19 14:16:17,522 - root - DEBUG - Exiting PID update with parameters Error:0.15, ITerm:41.21, DInput:1.44, Output:44.96
2022-01-19 14:16:17,522 - root - DEBUG - RunID 58, Segment 1 (loop 191) - RunState:Ramp,
                       ReadTmp:386.29, RampTmp:386.44, TargetTmp:1185.00,
                       Output:44.96, CycleOnSec:13.49, RemainTime:4:14:44
                    
2022-01-19 14:16:17,523 - root - DEBUG - ==>Relay On
2022-01-19 14:16:31,015 - root - DEBUG - ==>Relay Off
2022-01-19 14:16:31,016 - root - DEBUG - Writing stats to Firing DB table...
2022-01-19 14:16:31,031 - root - INFO - database writing complete1
2022-01-19 14:16:31,032 - root - INFO - RunState end: Ramp
2022-01-19 14:16:47,522 - root - DEBUG - Entering PID update with parameters SetPoint:387.86, ProcValue:387.80, IMax:100.00, IMin:0.00,
2022-01-19 14:16:47,522 - root - DEBUG -   Window:30, Kp: 30.000, Ki: 1.000, Kd: 0.600
2022-01-19 14:16:47,523 - root - DEBUG - Exiting PID update with parameters Error:0.05, ITerm:41.26, DInput:1.52, Output:41.99
2022-01-19 14:16:47,523 - root - DEBUG - RunID 58, Segment 1 (loop 192) - RunState:Ramp,
                       ReadTmp:387.80, RampTmp:387.86, TargetTmp:1185.00,
                       Output:41.99, CycleOnSec:12.60, RemainTime:4:14:14
                    
2022-01-19 14:16:47,523 - root - DEBUG - ==>Relay On
2022-01-19 14:17:00,134 - root - DEBUG - ==>Relay Off
2022-01-19 14:17:00,135 - root - DEBUG - Writing stats to Firing DB table...
2022-01-19 14:17:00,152 - root - INFO - database writing complete1
2022-01-19 14:17:00,152 - root - INFO - RunState end: Ramp
2022-01-19 14:17:17,523 - root - DEBUG - Entering PID update with parameters SetPoint:389.28, ProcValue:389.21, IMax:100.00, IMin:0.00,
2022-01-19 14:17:17,523 - root - DEBUG -   Window:30, Kp: 30.000, Ki: 1.000, Kd: 0.600
2022-01-19 14:17:17,524 - root - DEBUG - Exiting PID update with parameters Error:0.07, ITerm:41.33, DInput:1.41, Output:42.44
2022-01-19 14:17:17,524 - root - DEBUG - RunID 58, Segment 1 (loop 193) - RunState:Ramp,
                       ReadTmp:389.21, RampTmp:389.28, TargetTmp:1185.00,
                       Output:42.44, CycleOnSec:12.73, RemainTime:4:13:44
                    
2022-01-19 14:17:17,524 - root - DEBUG - ==>Relay On
2022-01-19 14:17:30,263 - root - DEBUG - ==>Relay Off
2022-01-19 14:17:30,264 - root - DEBUG - Writing stats to Firing DB table...
2022-01-19 14:17:30,284 - root - INFO - database writing complete1
2022-01-19 14:17:30,285 - root - INFO - RunState end: Ramp
2022-01-19 14:17:47,522 - root - DEBUG - Entering PID update with parameters SetPoint:390.69, ProcValue:390.58, IMax:100.00, IMin:0.00,
2022-01-19 14:17:47,523 - root - DEBUG -   Window:30, Kp: 30.000, Ki: 1.000, Kd: 0.600
2022-01-19 14:17:47,523 - root - DEBUG - Exiting PID update with parameters Error:0.11, ITerm:41.44, DInput:1.37, Output:44.06
2022-01-19 14:17:47,523 - root - DEBUG - RunID 58, Segment 1 (loop 194) - RunState:Ramp,
                       ReadTmp:390.58, RampTmp:390.69, TargetTmp:1185.00,
                       Output:44.06, CycleOnSec:13.22, RemainTime:4:13:14
                    
2022-01-19 14:17:47,524 - root - DEBUG - ==>Relay On
2022-01-19 14:18:00,751 - root - DEBUG - ==>Relay Off
2022-01-19 14:18:00,752 - root - DEBUG - Writing stats to Firing DB table...
2022-01-19 14:18:00,767 - root - INFO - database writing complete1
2022-01-19 14:18:00,768 - root - INFO - RunState end: Ramp
2022-01-19 14:18:17,522 - root - DEBUG - Entering PID update with parameters SetPoint:392.11, ProcValue:392.11, IMax:100.00, IMin:0.00,
2022-01-19 14:18:17,528 - root - DEBUG -   Window:30, Kp: 30.000, Ki: 1.000, Kd: 0.600
2022-01-19 14:18:17,528 - root - DEBUG - Exiting PID update with parameters Error:0.00, ITerm:41.44, DInput:1.53, Output:40.52
2022-01-19 14:18:17,528 - root - DEBUG - RunID 58, Segment 1 (loop 195) - RunState:Ramp,
                       ReadTmp:392.11, RampTmp:392.11, TargetTmp:1185.00,
                       Output:40.52, CycleOnSec:12.16, RemainTime:4:12:44
                    
2022-01-19 14:18:17,528 - root - DEBUG - ==>Relay On
2022-01-19 14:18:29,695 - root - DEBUG - ==>Relay Off
2022-01-19 14:18:29,695 - root - DEBUG - Writing stats to Firing DB table...
2022-01-19 14:18:29,710 - root - INFO - database writing complete1
2022-01-19 14:18:29,711 - root - INFO - RunState end: Ramp
2022-01-19 14:18:47,522 - root - DEBUG - Entering PID update with parameters SetPoint:393.53, ProcValue:393.46, IMax:100.00, IMin:0.00,
2022-01-19 14:18:47,522 - root - DEBUG -   Window:30, Kp: 30.000, Ki: 1.000, Kd: 0.600
2022-01-19 14:18:47,522 - root - DEBUG - Exiting PID update with parameters Error:0.07, ITerm:41.51, DInput:1.35, Output:42.65
2022-01-19 14:18:47,522 - root - DEBUG - RunID 58, Segment 1 (loop 196) - RunState:Ramp,
                       ReadTmp:393.46, RampTmp:393.53, TargetTmp:1185.00,
                       Output:42.65, CycleOnSec:12.80, RemainTime:4:12:14
                    
2022-01-19 14:18:47,522 - root - DEBUG - ==>Relay On
2022-01-19 14:19:00,330 - root - DEBUG - ==>Relay Off
2022-01-19 14:19:00,331 - root - DEBUG - Writing stats to Firing DB table...
2022-01-19 14:19:00,349 - root - INFO - database writing complete1
2022-01-19 14:19:00,349 - root - INFO - RunState end: Ramp
2022-01-19 14:19:17,522 - root - DEBUG - Entering PID update with parameters SetPoint:394.94, ProcValue:394.80, IMax:100.00, IMin:0.00,
2022-01-19 14:19:17,523 - root - DEBUG -   Window:30, Kp: 30.000, Ki: 1.000, Kd: 0.600
2022-01-19 14:19:17,523 - root - DEBUG - Exiting PID update with parameters Error:0.14, ITerm:41.65, DInput:1.34, Output:44.98
2022-01-19 14:19:17,523 - root - DEBUG - RunID 58, Segment 1 (loop 197) - RunState:Ramp,
                       ReadTmp:394.80, RampTmp:394.94, TargetTmp:1185.00,
                       Output:44.98, CycleOnSec:13.49, RemainTime:4:11:44
                    
2022-01-19 14:19:17,523 - root - DEBUG - ==>Relay On
2022-01-19 14:19:31,031 - root - DEBUG - ==>Relay Off
2022-01-19 14:19:31,033 - root - DEBUG - Writing stats to Firing DB table...
2022-01-19 14:19:31,050 - root - INFO - database writing complete1
2022-01-19 14:19:31,051 - root - INFO - RunState end: Ramp
2022-01-19 14:19:47,522 - root - DEBUG - Entering PID update with parameters SetPoint:396.36, ProcValue:396.17, IMax:100.00, IMin:0.00,
2022-01-19 14:19:47,523 - root - DEBUG -   Window:30, Kp: 30.000, Ki: 1.000, Kd: 0.600
2022-01-19 14:19:47,523 - root - DEBUG - Exiting PID update with parameters Error:0.19, ITerm:41.83, DInput:1.37, Output:46.64
2022-01-19 14:19:47,523 - root - DEBUG - RunID 58, Segment 1 (loop 198) - RunState:Ramp,
                       ReadTmp:396.17, RampTmp:396.36, TargetTmp:1185.00,
                       Output:46.64, CycleOnSec:13.99, RemainTime:4:11:14
                    
2022-01-19 14:19:47,523 - root - DEBUG - ==>Relay On
2022-01-19 14:20:01,529 - root - DEBUG - ==>Relay Off
2022-01-19 14:20:01,530 - root - DEBUG - Writing stats to Firing DB table...
2022-01-19 14:20:01,546 - root - INFO - database writing complete1
2022-01-19 14:20:01,546 - root - INFO - RunState end: Ramp
2022-01-19 14:20:17,522 - root - DEBUG - Entering PID update with parameters SetPoint:397.78, ProcValue:397.77, IMax:100.00, IMin:0.00,
2022-01-19 14:20:17,522 - root - DEBUG -   Window:30, Kp: 30.000, Ki: 1.000, Kd: 0.600
2022-01-19 14:20:17,522 - root - DEBUG - Exiting PID update with parameters Error:0.01, ITerm:41.84, DInput:1.59, Output:41.20
2022-01-19 14:20:17,522 - root - DEBUG - RunID 58, Segment 1 (loop 199) - RunState:Ramp,
                       ReadTmp:397.77, RampTmp:397.78, TargetTmp:1185.00,
                       Output:41.20, CycleOnSec:12.36, RemainTime:4:10:44
                    
2022-01-19 14:20:17,522 - root - DEBUG - ==>Relay On
2022-01-19 14:20:29,895 - root - DEBUG - ==>Relay Off
2022-01-19 14:20:29,895 - root - DEBUG - Writing stats to Firing DB table...
2022-01-19 14:20:29,909 - root - INFO - database writing complete1
2022-01-19 14:20:29,910 - root - INFO - RunState end: Ramp
2022-01-19 14:20:47,522 - root - DEBUG - Entering PID update with parameters SetPoint:399.19, ProcValue:399.09, IMax:100.00, IMin:0.00,
2022-01-19 14:20:47,523 - root - DEBUG -   Window:30, Kp: 30.000, Ki: 1.000, Kd: 0.600
2022-01-19 14:20:47,523 - root - DEBUG - Exiting PID update with parameters Error:0.11, ITerm:41.95, DInput:1.32, Output:44.36
2022-01-19 14:20:47,523 - root - DEBUG - RunID 58, Segment 1 (loop 200) - RunState:Ramp,
                       ReadTmp:399.09, RampTmp:399.19, TargetTmp:1185.00,
                       Output:44.36, CycleOnSec:13.31, RemainTime:4:10:14
                    
2022-01-19 14:20:47,523 - root - DEBUG - ==>Relay On
2022-01-19 14:21:00,846 - root - DEBUG - ==>Relay Off
2022-01-19 14:21:00,847 - root - DEBUG - Writing stats to Firing DB table...
2022-01-19 14:21:00,862 - root - INFO - database writing complete1
2022-01-19 14:21:00,863 - root - INFO - RunState end: Ramp
2022-01-19 14:21:17,522 - root - DEBUG - Entering PID update with parameters SetPoint:400.61, ProcValue:400.56, IMax:100.00, IMin:0.00,
2022-01-19 14:21:17,522 - root - DEBUG -   Window:30, Kp: 30.000, Ki: 1.000, Kd: 0.600
2022-01-19 14:21:17,522 - root - DEBUG - Exiting PID update with parameters Error:0.05, ITerm:42.00, DInput:1.48, Output:42.52
2022-01-19 14:21:17,522 - root - DEBUG - RunID 58, Segment 1 (loop 201) - RunState:Ramp,
                       ReadTmp:400.56, RampTmp:400.61, TargetTmp:1185.00,
                       Output:42.52, CycleOnSec:12.76, RemainTime:4:09:44
                    
2022-01-19 14:21:17,522 - root - DEBUG - ==>Relay On
2022-01-19 14:21:30,291 - root - DEBUG - ==>Relay Off
2022-01-19 14:21:30,291 - root - DEBUG - Writing stats to Firing DB table...
2022-01-19 14:21:30,305 - root - INFO - database writing complete1
2022-01-19 14:21:30,305 - root - INFO - RunState end: Ramp
2022-01-19 14:21:47,522 - root - DEBUG - Entering PID update with parameters SetPoint:402.03, ProcValue:401.95, IMax:100.00, IMin:0.00,
2022-01-19 14:21:47,522 - root - DEBUG -   Window:30, Kp: 30.000, Ki: 1.000, Kd: 0.600
2022-01-19 14:21:47,522 - root - DEBUG - Exiting PID update with parameters Error:0.07, ITerm:42.07, DInput:1.39, Output:43.42
2022-01-19 14:21:47,522 - root - DEBUG - RunID 58, Segment 1 (loop 202) - RunState:Ramp,
                       ReadTmp:401.95, RampTmp:402.03, TargetTmp:1185.00,
                       Output:43.42, CycleOnSec:13.03, RemainTime:4:09:14
                    
2022-01-19 14:21:47,522 - root - DEBUG - ==>Relay On
2022-01-19 14:22:00,563 - root - DEBUG - ==>Relay Off
2022-01-19 14:22:00,564 - root - DEBUG - Writing stats to Firing DB table...
2022-01-19 14:22:00,579 - root - INFO - database writing complete1
2022-01-19 14:22:00,579 - root - INFO - RunState end: Ramp
2022-01-19 14:22:17,522 - root - DEBUG - Entering PID update with parameters SetPoint:403.44, ProcValue:403.36, IMax:100.00, IMin:0.00,
2022-01-19 14:22:17,522 - root - DEBUG -   Window:30, Kp: 30.000, Ki: 1.000, Kd: 0.600
2022-01-19 14:22:17,522 - root - DEBUG - Exiting PID update with parameters Error:0.08, ITerm:42.15, DInput:1.41, Output:43.81
2022-01-19 14:22:17,522 - root - DEBUG - RunID 58, Segment 1 (loop 203) - RunState:Ramp,
                       ReadTmp:403.36, RampTmp:403.44, TargetTmp:1185.00,
                       Output:43.81, CycleOnSec:13.14, RemainTime:4:08:44
                    
2022-01-19 14:22:17,522 - root - DEBUG - ==>Relay On
2022-01-19 14:22:30,679 - root - DEBUG - ==>Relay Off
2022-01-19 14:22:30,680 - root - DEBUG - Writing stats to Firing DB table...
2022-01-19 14:22:30,695 - root - INFO - database writing complete1
2022-01-19 14:22:30,696 - root - INFO - RunState end: Ramp
2022-01-19 14:22:47,522 - root - DEBUG - Entering PID update with parameters SetPoint:404.86, ProcValue:404.77, IMax:100.00, IMin:0.00,
2022-01-19 14:22:47,522 - root - DEBUG -   Window:30, Kp: 30.000, Ki: 1.000, Kd: 0.600
2022-01-19 14:22:47,522 - root - DEBUG - Exiting PID update with parameters Error:0.09, ITerm:42.25, DInput:1.41, Output:44.22
2022-01-19 14:22:47,522 - root - DEBUG - RunID 58, Segment 1 (loop 204) - RunState:Ramp,
                       ReadTmp:404.77, RampTmp:404.86, TargetTmp:1185.00,
                       Output:44.22, CycleOnSec:13.26, RemainTime:4:08:14
                    
2022-01-19 14:22:47,522 - root - DEBUG - ==>Relay On
2022-01-19 14:23:00,801 - root - DEBUG - ==>Relay Off
2022-01-19 14:23:00,802 - root - DEBUG - Writing stats to Firing DB table...
2022-01-19 14:23:00,820 - root - INFO - database writing complete1
2022-01-19 14:23:00,820 - root - INFO - RunState end: Ramp
2022-01-19 14:23:17,522 - root - DEBUG - Entering PID update with parameters SetPoint:406.28, ProcValue:406.12, IMax:100.00, IMin:0.00,
2022-01-19 14:23:17,522 - root - DEBUG -   Window:30, Kp: 30.000, Ki: 1.000, Kd: 0.600
2022-01-19 14:23:17,522 - root - DEBUG - Exiting PID update with parameters Error:0.15, ITerm:42.40, DInput:1.36, Output:46.11
2022-01-19 14:23:17,522 - root - DEBUG - RunID 58, Segment 1 (loop 205) - RunState:Ramp,
                       ReadTmp:406.12, RampTmp:406.28, TargetTmp:1185.00,
                       Output:46.11, CycleOnSec:13.83, RemainTime:4:07:44
                    
2022-01-19 14:23:17,522 - root - DEBUG - ==>Relay On
2022-01-19 14:23:31,358 - root - DEBUG - ==>Relay Off
2022-01-19 14:23:31,359 - root - DEBUG - Writing stats to Firing DB table...
2022-01-19 14:23:31,374 - root - INFO - database writing complete1
2022-01-19 14:23:31,375 - root - INFO - RunState end: Ramp
2022-01-19 14:23:47,522 - root - DEBUG - Entering PID update with parameters SetPoint:407.69, ProcValue:407.70, IMax:100.00, IMin:0.00,
2022-01-19 14:23:47,522 - root - DEBUG -   Window:30, Kp: 30.000, Ki: 1.000, Kd: 0.600
2022-01-19 14:23:47,522 - root - DEBUG - Exiting PID update with parameters Error:-0.00, ITerm:42.40, DInput:1.57, Output:41.38
2022-01-19 14:23:47,522 - root - DEBUG - RunID 58, Segment 1 (loop 206) - RunState:Ramp,
                       ReadTmp:407.70, RampTmp:407.69, TargetTmp:1185.00,
                       Output:41.38, CycleOnSec:12.41, RemainTime:4:07:14
                    
2022-01-19 14:23:47,522 - root - DEBUG - ==>Relay On
2022-01-19 14:23:59,948 - root - DEBUG - ==>Relay Off
2022-01-19 14:23:59,949 - root - DEBUG - Writing stats to Firing DB table...
2022-01-19 14:23:59,970 - root - INFO - database writing complete1
2022-01-19 14:23:59,971 - root - INFO - RunState end: Ramp
2022-01-19 14:24:17,522 - root - DEBUG - Entering PID update with parameters SetPoint:409.11, ProcValue:409.02, IMax:100.00, IMin:0.00,
2022-01-19 14:24:17,522 - root - DEBUG -   Window:30, Kp: 30.000, Ki: 1.000, Kd: 0.600
2022-01-19 14:24:17,522 - root - DEBUG - Exiting PID update with parameters Error:0.09, ITerm:42.48, DInput:1.33, Output:44.26
2022-01-19 14:24:17,522 - root - DEBUG - RunID 58, Segment 1 (loop 207) - RunState:Ramp,
                       ReadTmp:409.02, RampTmp:409.11, TargetTmp:1185.00,
                       Output:44.26, CycleOnSec:13.28, RemainTime:4:06:44
                    
2022-01-19 14:24:17,522 - root - DEBUG - ==>Relay On
2022-01-19 14:24:30,804 - root - DEBUG - ==>Relay Off
2022-01-19 14:24:30,806 - root - DEBUG - Writing stats to Firing DB table...
2022-01-19 14:24:30,820 - root - INFO - database writing complete1
2022-01-19 14:24:30,820 - root - INFO - RunState end: Ramp
2022-01-19 14:24:47,522 - root - DEBUG - Entering PID update with parameters SetPoint:410.53, ProcValue:410.41, IMax:100.00, IMin:0.00,
2022-01-19 14:24:47,522 - root - DEBUG -   Window:30, Kp: 30.000, Ki: 1.000, Kd: 0.600
2022-01-19 14:24:47,522 - root - DEBUG - Exiting PID update with parameters Error:0.12, ITerm:42.60, DInput:1.38, Output:45.37
2022-01-19 14:24:47,522 - root - DEBUG - RunID 58, Segment 1 (loop 208) - RunState:Ramp,
                       ReadTmp:410.41, RampTmp:410.53, TargetTmp:1185.00,
                       Output:45.37, CycleOnSec:13.61, RemainTime:4:06:14
                    
2022-01-19 14:24:47,522 - root - DEBUG - ==>Relay On
2022-01-19 14:25:01,136 - root - DEBUG - ==>Relay Off
2022-01-19 14:25:01,138 - root - DEBUG - Writing stats to Firing DB table...
2022-01-19 14:25:01,155 - root - INFO - database writing complete1
2022-01-19 14:25:01,156 - root - INFO - RunState end: Ramp
2022-01-19 14:25:17,522 - root - DEBUG - Entering PID update with parameters SetPoint:411.94, ProcValue:411.70, IMax:100.00, IMin:0.00,
2022-01-19 14:25:17,522 - root - DEBUG -   Window:30, Kp: 30.000, Ki: 1.000, Kd: 0.600
2022-01-19 14:25:17,522 - root - DEBUG - Exiting PID update with parameters Error:0.24, ITerm:42.84, DInput:1.30, Output:49.25
2022-01-19 14:25:17,522 - root - DEBUG - RunID 58, Segment 1 (loop 209) - RunState:Ramp,
                       ReadTmp:411.70, RampTmp:411.94, TargetTmp:1185.00,
                       Output:49.25, CycleOnSec:14.78, RemainTime:4:05:44
                    
2022-01-19 14:25:17,522 - root - DEBUG - ==>Relay On
2022-01-19 14:25:32,309 - root - DEBUG - ==>Relay Off
2022-01-19 14:25:32,310 - root - DEBUG - Writing stats to Firing DB table...
2022-01-19 14:25:32,325 - root - INFO - database writing complete1
2022-01-19 14:25:32,325 - root - INFO - RunState end: Ramp
2022-01-19 14:25:47,522 - root - DEBUG - Entering PID update with parameters SetPoint:413.36, ProcValue:413.37, IMax:100.00, IMin:0.00,
2022-01-19 14:25:47,523 - root - DEBUG -   Window:30, Kp: 30.000, Ki: 1.000, Kd: 0.600
2022-01-19 14:25:47,523 - root - DEBUG - Exiting PID update with parameters Error:-0.01, ITerm:42.83, DInput:1.66, Output:41.60
2022-01-19 14:25:47,523 - root - DEBUG - RunID 58, Segment 1 (loop 210) - RunState:Ramp,
                       ReadTmp:413.37, RampTmp:413.36, TargetTmp:1185.00,
                       Output:41.60, CycleOnSec:12.48, RemainTime:4:05:14
                    
2022-01-19 14:25:47,523 - root - DEBUG - ==>Relay On
2022-01-19 14:26:00,016 - root - DEBUG - ==>Relay Off
2022-01-19 14:26:00,017 - root - DEBUG - Writing stats to Firing DB table...
2022-01-19 14:26:00,033 - root - INFO - database writing complete1
2022-01-19 14:26:00,033 - root - INFO - RunState end: Ramp
2022-01-19 14:26:17,522 - root - DEBUG - Entering PID update with parameters SetPoint:414.78, ProcValue:414.80, IMax:100.00, IMin:0.00,
2022-01-19 14:26:17,522 - root - DEBUG -   Window:30, Kp: 30.000, Ki: 1.000, Kd: 0.600
2022-01-19 14:26:17,522 - root - DEBUG - Exiting PID update with parameters Error:-0.03, ITerm:42.80, DInput:1.44, Output:41.08
2022-01-19 14:26:17,522 - root - DEBUG - RunID 58, Segment 1 (loop 211) - RunState:Ramp,
                       ReadTmp:414.80, RampTmp:414.78, TargetTmp:1185.00,
                       Output:41.08, CycleOnSec:12.32, RemainTime:4:04:44
                    
2022-01-19 14:26:17,522 - root - DEBUG - ==>Relay On
2022-01-19 14:26:29,855 - root - DEBUG - ==>Relay Off
2022-01-19 14:26:29,856 - root - DEBUG - Writing stats to Firing DB table...
2022-01-19 14:26:29,883 - root - INFO - database writing complete1
2022-01-19 14:26:29,883 - root - INFO - RunState end: Ramp
2022-01-19 14:26:47,522 - root - DEBUG - Entering PID update with parameters SetPoint:416.19, ProcValue:416.09, IMax:100.00, IMin:0.00,
2022-01-19 14:26:47,522 - root - DEBUG -   Window:30, Kp: 30.000, Ki: 1.000, Kd: 0.600
2022-01-19 14:26:47,522 - root - DEBUG - Exiting PID update with parameters Error:0.10, ITerm:42.90, DInput:1.29, Output:45.10
2022-01-19 14:26:47,522 - root - DEBUG - RunID 58, Segment 1 (loop 212) - RunState:Ramp,
                       ReadTmp:416.09, RampTmp:416.19, TargetTmp:1185.00,
                       Output:45.10, CycleOnSec:13.53, RemainTime:4:04:14
                    
2022-01-19 14:26:47,522 - root - DEBUG - ==>Relay On
2022-01-19 14:27:01,066 - root - DEBUG - ==>Relay Off
2022-01-19 14:27:01,067 - root - DEBUG - Writing stats to Firing DB table...
2022-01-19 14:27:01,085 - root - INFO - database writing complete1
2022-01-19 14:27:01,086 - root - INFO - RunState end: Ramp
2022-01-19 14:27:17,522 - root - DEBUG - Entering PID update with parameters SetPoint:417.61, ProcValue:417.39, IMax:100.00, IMin:0.00,
2022-01-19 14:27:17,522 - root - DEBUG -   Window:30, Kp: 30.000, Ki: 1.000, Kd: 0.600
2022-01-19 14:27:17,522 - root - DEBUG - Exiting PID update with parameters Error:0.22, ITerm:43.12, DInput:1.30, Output:48.91
2022-01-19 14:27:17,522 - root - DEBUG - RunID 58, Segment 1 (loop 213) - RunState:Ramp,
                       ReadTmp:417.39, RampTmp:417.61, TargetTmp:1185.00,
                       Output:48.91, CycleOnSec:14.67, RemainTime:4:03:44
                    
2022-01-19 14:27:17,522 - root - DEBUG - ==>Relay On
2022-01-19 14:27:32,206 - root - DEBUG - ==>Relay Off
2022-01-19 14:27:32,207 - root - DEBUG - Writing stats to Firing DB table...
2022-01-19 14:27:32,223 - root - INFO - database writing complete1
2022-01-19 14:27:32,223 - root - INFO - RunState end: Ramp
2022-01-19 14:27:47,522 - root - DEBUG - Entering PID update with parameters SetPoint:419.03, ProcValue:418.91, IMax:100.00, IMin:0.00,
2022-01-19 14:27:47,523 - root - DEBUG -   Window:30, Kp: 30.000, Ki: 1.000, Kd: 0.600
2022-01-19 14:27:47,523 - root - DEBUG - Exiting PID update with parameters Error:0.11, ITerm:43.23, DInput:1.52, Output:45.68
2022-01-19 14:27:47,523 - root - DEBUG - RunID 58, Segment 1 (loop 214) - RunState:Ramp,
                       ReadTmp:418.91, RampTmp:419.03, TargetTmp:1185.00,
                       Output:45.68, CycleOnSec:13.70, RemainTime:4:03:14
                    
2022-01-19 14:27:47,523 - root - DEBUG - ==>Relay On
2022-01-19 14:28:01,242 - root - DEBUG - ==>Relay Off
2022-01-19 14:28:01,243 - root - DEBUG - Writing stats to Firing DB table...
2022-01-19 14:28:01,258 - root - INFO - database writing complete1
2022-01-19 14:28:01,259 - root - INFO - RunState end: Ramp
2022-01-19 14:28:17,522 - root - DEBUG - Entering PID update with parameters SetPoint:420.44, ProcValue:420.38, IMax:100.00, IMin:0.00,
2022-01-19 14:28:17,522 - root - DEBUG -   Window:30, Kp: 30.000, Ki: 1.000, Kd: 0.600
2022-01-19 14:28:17,522 - root - DEBUG - Exiting PID update with parameters Error:0.07, ITerm:43.30, DInput:1.46, Output:44.46
2022-01-19 14:28:17,522 - root - DEBUG - RunID 58, Segment 1 (loop 215) - RunState:Ramp,
                       ReadTmp:420.38, RampTmp:420.44, TargetTmp:1185.00,
                       Output:44.46, CycleOnSec:13.34, RemainTime:4:02:44
                    
2022-01-19 14:28:17,522 - root - DEBUG - ==>Relay On
2022-01-19 14:28:30,864 - root - DEBUG - ==>Relay Off
2022-01-19 14:28:30,866 - root - DEBUG - Writing stats to Firing DB table...
2022-01-19 14:28:30,939 - root - INFO - database writing complete1
2022-01-19 14:28:30,940 - root - INFO - RunState end: Ramp
2022-01-19 14:28:47,522 - root - DEBUG - Entering PID update with parameters SetPoint:421.86, ProcValue:421.84, IMax:100.00, IMin:0.00,
2022-01-19 14:28:47,522 - root - DEBUG -   Window:30, Kp: 30.000, Ki: 1.000, Kd: 0.600
2022-01-19 14:28:47,522 - root - DEBUG - Exiting PID update with parameters Error:0.02, ITerm:43.33, DInput:1.46, Output:43.15
2022-01-19 14:28:47,522 - root - DEBUG - RunID 58, Segment 1 (loop 216) - RunState:Ramp,
                       ReadTmp:421.84, RampTmp:421.86, TargetTmp:1185.00,
                       Output:43.15, CycleOnSec:12.95, RemainTime:4:02:14
                    
2022-01-19 14:28:47,522 - root - DEBUG - ==>Relay On
2022-01-19 14:29:00,481 - root - DEBUG - ==>Relay Off
2022-01-19 14:29:00,482 - root - DEBUG - Writing stats to Firing DB table...
2022-01-19 14:29:00,497 - root - INFO - database writing complete1
2022-01-19 14:29:00,497 - root - INFO - RunState end: Ramp
2022-01-19 14:29:17,522 - root - DEBUG - Entering PID update with parameters SetPoint:423.28, ProcValue:423.23, IMax:100.00, IMin:0.00,
2022-01-19 14:29:17,522 - root - DEBUG -   Window:30, Kp: 30.000, Ki: 1.000, Kd: 0.600
2022-01-19 14:29:17,522 - root - DEBUG - Exiting PID update with parameters Error:0.05, ITerm:43.38, DInput:1.39, Output:44.03
2022-01-19 14:29:17,522 - root - DEBUG - RunID 58, Segment 1 (loop 217) - RunState:Ramp,
                       ReadTmp:423.23, RampTmp:423.28, TargetTmp:1185.00,
                       Output:44.03, CycleOnSec:13.21, RemainTime:4:01:44
                    
2022-01-19 14:29:17,522 - root - DEBUG - ==>Relay On
2022-01-19 14:29:30,743 - root - DEBUG - ==>Relay Off
2022-01-19 14:29:30,744 - root - DEBUG - Writing stats to Firing DB table...
2022-01-19 14:29:30,760 - root - INFO - database writing complete1
2022-01-19 14:29:30,760 - root - INFO - RunState end: Ramp
2022-01-19 14:29:47,522 - root - DEBUG - Entering PID update with parameters SetPoint:424.69, ProcValue:424.51, IMax:100.00, IMin:0.00,
2022-01-19 14:29:47,522 - root - DEBUG -   Window:30, Kp: 30.000, Ki: 1.000, Kd: 0.600
2022-01-19 14:29:47,522 - root - DEBUG - Exiting PID update with parameters Error:0.18, ITerm:43.56, DInput:1.28, Output:48.34
2022-01-19 14:29:47,522 - root - DEBUG - RunID 58, Segment 1 (loop 218) - RunState:Ramp,
                       ReadTmp:424.51, RampTmp:424.69, TargetTmp:1185.00,
                       Output:48.34, CycleOnSec:14.50, RemainTime:4:01:14
                    
2022-01-19 14:29:47,522 - root - DEBUG - ==>Relay On
2022-01-19 14:30:02,035 - root - DEBUG - ==>Relay Off
2022-01-19 14:30:02,035 - root - DEBUG - Writing stats to Firing DB table...
2022-01-19 14:30:02,055 - root - INFO - database writing complete1
2022-01-19 14:30:02,056 - root - INFO - RunState end: Ramp
2022-01-19 14:30:17,522 - root - DEBUG - Entering PID update with parameters SetPoint:426.11, ProcValue:425.91, IMax:100.00, IMin:0.00,
2022-01-19 14:30:17,523 - root - DEBUG -   Window:30, Kp: 30.000, Ki: 1.000, Kd: 0.600
2022-01-19 14:30:17,523 - root - DEBUG - Exiting PID update with parameters Error:0.20, ITerm:43.76, DInput:1.41, Output:48.77
2022-01-19 14:30:17,523 - root - DEBUG - RunID 58, Segment 1 (loop 219) - RunState:Ramp,
                       ReadTmp:425.91, RampTmp:426.11, TargetTmp:1185.00,
                       Output:48.77, CycleOnSec:14.63, RemainTime:4:00:44
                    
2022-01-19 14:30:17,523 - root - DEBUG - ==>Relay On
2022-01-19 14:30:32,165 - root - DEBUG - ==>Relay Off
2022-01-19 14:30:32,165 - root - DEBUG - Writing stats to Firing DB table...
2022-01-19 14:30:32,181 - root - INFO - database writing complete1
2022-01-19 14:30:32,182 - root - INFO - RunState end: Ramp
2022-01-19 14:30:47,522 - root - DEBUG - Entering PID update with parameters SetPoint:427.53, ProcValue:427.48, IMax:100.00, IMin:0.00,
2022-01-19 14:30:47,523 - root - DEBUG -   Window:30, Kp: 30.000, Ki: 1.000, Kd: 0.600
2022-01-19 14:30:47,523 - root - DEBUG - Exiting PID update with parameters Error:0.05, ITerm:43.80, DInput:1.56, Output:44.35
2022-01-19 14:30:47,523 - root - DEBUG - RunID 58, Segment 1 (loop 220) - RunState:Ramp,
                       ReadTmp:427.48, RampTmp:427.53, TargetTmp:1185.00,
                       Output:44.35, CycleOnSec:13.31, RemainTime:4:00:14
                    
2022-01-19 14:30:47,523 - root - DEBUG - ==>Relay On
2022-01-19 14:31:00,842 - root - DEBUG - ==>Relay Off
2022-01-19 14:31:00,843 - root - DEBUG - Writing stats to Firing DB table...
2022-01-19 14:31:00,858 - root - INFO - database writing complete1
2022-01-19 14:31:00,859 - root - INFO - RunState end: Ramp
2022-01-19 14:31:17,522 - root - DEBUG - Entering PID update with parameters SetPoint:428.94, ProcValue:428.83, IMax:100.00, IMin:0.00,
2022-01-19 14:31:17,522 - root - DEBUG -   Window:30, Kp: 30.000, Ki: 1.000, Kd: 0.600
2022-01-19 14:31:17,522 - root - DEBUG - Exiting PID update with parameters Error:0.11, ITerm:43.92, DInput:1.35, Output:46.55
2022-01-19 14:31:17,522 - root - DEBUG - RunID 58, Segment 1 (loop 221) - RunState:Ramp,
                       ReadTmp:428.83, RampTmp:428.94, TargetTmp:1185.00,
                       Output:46.55, CycleOnSec:13.96, RemainTime:3:59:44
                    
2022-01-19 14:31:17,522 - root - DEBUG - ==>Relay On
2022-01-19 14:31:31,500 - root - DEBUG - ==>Relay Off
2022-01-19 14:31:31,502 - root - DEBUG - Writing stats to Firing DB table...
2022-01-19 14:31:31,517 - root - INFO - database writing complete1
2022-01-19 14:31:31,518 - root - INFO - RunState end: Ramp
2022-01-19 14:31:47,522 - root - DEBUG - Entering PID update with parameters SetPoint:430.36, ProcValue:430.20, IMax:100.00, IMin:0.00,
2022-01-19 14:31:47,522 - root - DEBUG -   Window:30, Kp: 30.000, Ki: 1.000, Kd: 0.600
2022-01-19 14:31:47,522 - root - DEBUG - Exiting PID update with parameters Error:0.16, ITerm:44.08, DInput:1.37, Output:48.18
2022-01-19 14:31:47,522 - root - DEBUG - RunID 58, Segment 1 (loop 222) - RunState:Ramp,
                       ReadTmp:430.20, RampTmp:430.36, TargetTmp:1185.00,
                       Output:48.18, CycleOnSec:14.46, RemainTime:3:59:14
                    
2022-01-19 14:31:47,523 - root - DEBUG - ==>Relay On
2022-01-19 14:32:01,993 - root - DEBUG - ==>Relay Off
2022-01-19 14:32:01,994 - root - DEBUG - Writing stats to Firing DB table...
2022-01-19 14:32:02,011 - root - INFO - database writing complete1
2022-01-19 14:32:02,012 - root - INFO - RunState end: Ramp
2022-01-19 14:32:17,523 - root - DEBUG - Entering PID update with parameters SetPoint:431.78, ProcValue:431.70, IMax:100.00, IMin:0.00,
2022-01-19 14:32:17,524 - root - DEBUG -   Window:30, Kp: 30.000, Ki: 1.000, Kd: 0.600
2022-01-19 14:32:17,524 - root - DEBUG - Exiting PID update with parameters Error:0.08, ITerm:44.16, DInput:1.50, Output:45.69
2022-01-19 14:32:17,524 - root - DEBUG - RunID 58, Segment 1 (loop 223) - RunState:Ramp,
                       ReadTmp:431.70, RampTmp:431.78, TargetTmp:1185.00,
                       Output:45.69, CycleOnSec:13.71, RemainTime:3:58:44
                    
2022-01-19 14:32:17,525 - root - DEBUG - ==>Relay On
2022-01-19 14:32:31,245 - root - DEBUG - ==>Relay Off
2022-01-19 14:32:31,246 - root - DEBUG - Writing stats to Firing DB table...
2022-01-19 14:32:31,262 - root - INFO - database writing complete1
2022-01-19 14:32:31,262 - root - INFO - RunState end: Ramp
2022-01-19 14:32:47,522 - root - DEBUG - Entering PID update with parameters SetPoint:433.19, ProcValue:433.17, IMax:100.00, IMin:0.00,
2022-01-19 14:32:47,522 - root - DEBUG -   Window:30, Kp: 30.000, Ki: 1.000, Kd: 0.600
2022-01-19 14:32:47,522 - root - DEBUG - Exiting PID update with parameters Error:0.02, ITerm:44.18, DInput:1.48, Output:43.92
2022-01-19 14:32:47,523 - root - DEBUG - RunID 58, Segment 1 (loop 224) - RunState:Ramp,
                       ReadTmp:433.17, RampTmp:433.19, TargetTmp:1185.00,
                       Output:43.92, CycleOnSec:13.18, RemainTime:3:58:14
                    
2022-01-19 14:32:47,523 - root - DEBUG - ==>Relay On
2022-01-19 14:33:00,713 - root - DEBUG - ==>Relay Off
2022-01-19 14:33:00,715 - root - DEBUG - Writing stats to Firing DB table...
2022-01-19 14:33:00,733 - root - INFO - database writing complete1
2022-01-19 14:33:00,734 - root - INFO - RunState end: Ramp
2022-01-19 14:33:17,522 - root - DEBUG - Entering PID update with parameters SetPoint:434.61, ProcValue:434.47, IMax:100.00, IMin:0.00,
2022-01-19 14:33:17,522 - root - DEBUG -   Window:30, Kp: 30.000, Ki: 1.000, Kd: 0.600
2022-01-19 14:33:17,522 - root - DEBUG - Exiting PID update with parameters Error:0.14, ITerm:44.33, DInput:1.30, Output:47.77
2022-01-19 14:33:17,522 - root - DEBUG - RunID 58, Segment 1 (loop 225) - RunState:Ramp,
                       ReadTmp:434.47, RampTmp:434.61, TargetTmp:1185.00,
                       Output:47.77, CycleOnSec:14.33, RemainTime:3:57:44
                    
2022-01-19 14:33:17,522 - root - DEBUG - ==>Relay On
2022-01-19 14:33:31,865 - root - DEBUG - ==>Relay Off
2022-01-19 14:33:31,865 - root - DEBUG - Writing stats to Firing DB table...
2022-01-19 14:33:31,886 - root - INFO - database writing complete1
2022-01-19 14:33:31,887 - root - INFO - RunState end: Ramp
2022-01-19 14:33:47,523 - root - DEBUG - Entering PID update with parameters SetPoint:436.03, ProcValue:435.85, IMax:100.00, IMin:0.00,
2022-01-19 14:33:47,523 - root - DEBUG -   Window:30, Kp: 30.000, Ki: 1.000, Kd: 0.600
2022-01-19 14:33:47,524 - root - DEBUG - Exiting PID update with parameters Error:0.17, ITerm:44.50, DInput:1.38, Output:48.90
2022-01-19 14:33:47,524 - root - DEBUG - RunID 58, Segment 1 (loop 226) - RunState:Ramp,
                       ReadTmp:435.85, RampTmp:436.03, TargetTmp:1185.00,
                       Output:48.90, CycleOnSec:14.67, RemainTime:3:57:14
                    
2022-01-19 14:33:47,524 - root - DEBUG - ==>Relay On
2022-01-19 14:34:02,205 - root - DEBUG - ==>Relay Off
2022-01-19 14:34:02,206 - root - DEBUG - Writing stats to Firing DB table...
2022-01-19 14:34:02,233 - root - INFO - database writing complete1
2022-01-19 14:34:02,234 - root - INFO - RunState end: Ramp
2022-01-19 14:34:17,522 - root - DEBUG - Entering PID update with parameters SetPoint:437.44, ProcValue:437.50, IMax:100.00, IMin:0.00,
2022-01-19 14:34:17,523 - root - DEBUG -   Window:30, Kp: 30.000, Ki: 1.000, Kd: 0.600
2022-01-19 14:34:17,523 - root - DEBUG - Exiting PID update with parameters Error:-0.06, ITerm:44.44, DInput:1.65, Output:41.73
2022-01-19 14:34:17,523 - root - DEBUG - RunID 58, Segment 1 (loop 227) - RunState:Ramp,
                       ReadTmp:437.50, RampTmp:437.44, TargetTmp:1185.00,
                       Output:41.73, CycleOnSec:12.52, RemainTime:3:56:44
                    
2022-01-19 14:34:17,523 - root - DEBUG - ==>Relay On
2022-01-19 14:34:30,057 - root - DEBUG - ==>Relay Off
2022-01-19 14:34:30,058 - root - DEBUG - Writing stats to Firing DB table...
2022-01-19 14:34:30,072 - root - INFO - database writing complete1
2022-01-19 14:34:30,073 - root - INFO - RunState end: Ramp
2022-01-19 14:34:47,522 - root - DEBUG - Entering PID update with parameters SetPoint:438.86, ProcValue:438.73, IMax:100.00, IMin:0.00,
2022-01-19 14:34:47,522 - root - DEBUG -   Window:30, Kp: 30.000, Ki: 1.000, Kd: 0.600
2022-01-19 14:34:47,522 - root - DEBUG - Exiting PID update with parameters Error:0.13, ITerm:44.58, DInput:1.23, Output:47.82
2022-01-19 14:34:47,522 - root - DEBUG - RunID 58, Segment 1 (loop 228) - RunState:Ramp,
                       ReadTmp:438.73, RampTmp:438.86, TargetTmp:1185.00,
                       Output:47.82, CycleOnSec:14.35, RemainTime:3:56:14
                    
2022-01-19 14:34:47,522 - root - DEBUG - ==>Relay On
2022-01-19 14:35:01,884 - root - DEBUG - ==>Relay Off
2022-01-19 14:35:01,885 - root - DEBUG - Writing stats to Firing DB table...
2022-01-19 14:35:01,903 - root - INFO - database writing complete1
2022-01-19 14:35:01,903 - root - INFO - RunState end: Ramp
2022-01-19 14:35:17,522 - root - DEBUG - Entering PID update with parameters SetPoint:440.28, ProcValue:440.16, IMax:100.00, IMin:0.00,
2022-01-19 14:35:17,523 - root - DEBUG -   Window:30, Kp: 30.000, Ki: 1.000, Kd: 0.600
2022-01-19 14:35:17,523 - root - DEBUG - Exiting PID update with parameters Error:0.11, ITerm:44.69, DInput:1.44, Output:47.18
2022-01-19 14:35:17,523 - root - DEBUG - RunID 58, Segment 1 (loop 229) - RunState:Ramp,
                       ReadTmp:440.16, RampTmp:440.28, TargetTmp:1185.00,
                       Output:47.18, CycleOnSec:14.16, RemainTime:3:55:44
                    
2022-01-19 14:35:17,524 - root - DEBUG - ==>Relay On
2022-01-19 14:35:31,684 - root - DEBUG - ==>Relay Off
2022-01-19 14:35:31,685 - root - DEBUG - Writing stats to Firing DB table...
2022-01-19 14:35:31,701 - root - INFO - database writing complete1
2022-01-19 14:35:31,702 - root - INFO - RunState end: Ramp
2022-01-19 14:35:47,522 - root - DEBUG - Entering PID update with parameters SetPoint:441.69, ProcValue:441.73, IMax:100.00, IMin:0.00,
2022-01-19 14:35:47,523 - root - DEBUG -   Window:30, Kp: 30.000, Ki: 1.000, Kd: 0.600
2022-01-19 14:35:47,523 - root - DEBUG - Exiting PID update with parameters Error:-0.03, ITerm:44.65, DInput:1.56, Output:42.70
2022-01-19 14:35:47,523 - root - DEBUG - RunID 58, Segment 1 (loop 230) - RunState:Ramp,
                       ReadTmp:441.73, RampTmp:441.69, TargetTmp:1185.00,
                       Output:42.70, CycleOnSec:12.81, RemainTime:3:55:14
                    
2022-01-19 14:35:47,523 - root - DEBUG - ==>Relay On
2022-01-19 14:36:00,345 - root - DEBUG - ==>Relay Off
2022-01-19 14:36:00,345 - root - DEBUG - Writing stats to Firing DB table...
2022-01-19 14:36:00,359 - root - INFO - database writing complete1
2022-01-19 14:36:00,360 - root - INFO - RunState end: Ramp
2022-01-19 14:36:17,522 - root - DEBUG - Entering PID update with parameters SetPoint:443.11, ProcValue:442.97, IMax:100.00, IMin:0.00,
2022-01-19 14:36:17,522 - root - DEBUG -   Window:30, Kp: 30.000, Ki: 1.000, Kd: 0.600
2022-01-19 14:36:17,522 - root - DEBUG - Exiting PID update with parameters Error:0.14, ITerm:44.79, DInput:1.24, Output:48.27
2022-01-19 14:36:17,522 - root - DEBUG - RunID 58, Segment 1 (loop 231) - RunState:Ramp,
                       ReadTmp:442.97, RampTmp:443.11, TargetTmp:1185.00,
                       Output:48.27, CycleOnSec:14.48, RemainTime:3:54:44
                    
2022-01-19 14:36:17,523 - root - DEBUG - ==>Relay On
2022-01-19 14:36:32,015 - root - DEBUG - ==>Relay Off
2022-01-19 14:36:32,016 - root - DEBUG - Writing stats to Firing DB table...
2022-01-19 14:36:32,036 - root - INFO - database writing complete1
2022-01-19 14:36:32,037 - root - INFO - RunState end: Ramp
2022-01-19 14:36:47,522 - root - DEBUG - Entering PID update with parameters SetPoint:444.53, ProcValue:444.46, IMax:100.00, IMin:0.00,
2022-01-19 14:36:47,523 - root - DEBUG -   Window:30, Kp: 30.000, Ki: 1.000, Kd: 0.600
2022-01-19 14:36:47,523 - root - DEBUG - Exiting PID update with parameters Error:0.07, ITerm:44.86, DInput:1.49, Output:45.92
2022-01-19 14:36:47,523 - root - DEBUG - RunID 58, Segment 1 (loop 232) - RunState:Ramp,
                       ReadTmp:444.46, RampTmp:444.53, TargetTmp:1185.00,
                       Output:45.92, CycleOnSec:13.78, RemainTime:3:54:14
                    
2022-01-19 14:36:47,524 - root - DEBUG - ==>Relay On
2022-01-19 14:37:01,313 - root - DEBUG - ==>Relay Off
2022-01-19 14:37:01,314 - root - DEBUG - Writing stats to Firing DB table...
2022-01-19 14:37:01,341 - root - INFO - database writing complete1
2022-01-19 14:37:01,341 - root - INFO - RunState end: Ramp
2022-01-19 14:37:17,522 - root - DEBUG - Entering PID update with parameters SetPoint:445.94, ProcValue:445.95, IMax:100.00, IMin:0.00,
2022-01-19 14:37:17,522 - root - DEBUG -   Window:30, Kp: 30.000, Ki: 1.000, Kd: 0.600
2022-01-19 14:37:17,522 - root - DEBUG - Exiting PID update with parameters Error:-0.01, ITerm:44.85, DInput:1.49, Output:43.64
2022-01-19 14:37:17,522 - root - DEBUG - RunID 58, Segment 1 (loop 233) - RunState:Ramp,
                       ReadTmp:445.95, RampTmp:445.94, TargetTmp:1185.00,
                       Output:43.64, CycleOnSec:13.09, RemainTime:3:53:44
                    
2022-01-19 14:37:17,522 - root - DEBUG - ==>Relay On
2022-01-19 14:37:30,619 - root - DEBUG - ==>Relay Off
2022-01-19 14:37:30,620 - root - DEBUG - Writing stats to Firing DB table...
2022-01-19 14:37:30,634 - root - INFO - database writing complete1
2022-01-19 14:37:30,634 - root - INFO - RunState end: Ramp
2022-01-19 14:37:47,522 - root - DEBUG - Entering PID update with parameters SetPoint:447.36, ProcValue:447.23, IMax:100.00, IMin:0.00,
2022-01-19 14:37:47,523 - root - DEBUG -   Window:30, Kp: 30.000, Ki: 1.000, Kd: 0.600
2022-01-19 14:37:47,523 - root - DEBUG - Exiting PID update with parameters Error:0.13, ITerm:44.97, DInput:1.28, Output:47.96
2022-01-19 14:37:47,523 - root - DEBUG - RunID 58, Segment 1 (loop 234) - RunState:Ramp,
                       ReadTmp:447.23, RampTmp:447.36, TargetTmp:1185.00,
                       Output:47.96, CycleOnSec:14.39, RemainTime:3:53:14
                    
2022-01-19 14:37:47,523 - root - DEBUG - ==>Relay On
2022-01-19 14:38:01,924 - root - DEBUG - ==>Relay Off
2022-01-19 14:38:01,925 - root - DEBUG - Writing stats to Firing DB table...
2022-01-19 14:38:01,940 - root - INFO - database writing complete1
2022-01-19 14:38:01,940 - root - INFO - RunState end: Ramp
2022-01-19 14:38:17,522 - root - DEBUG - Entering PID update with parameters SetPoint:448.78, ProcValue:448.61, IMax:100.00, IMin:0.00,
2022-01-19 14:38:17,523 - root - DEBUG -   Window:30, Kp: 30.000, Ki: 1.000, Kd: 0.600
2022-01-19 14:38:17,523 - root - DEBUG - Exiting PID update with parameters Error:0.17, ITerm:45.14, DInput:1.38, Output:49.32
2022-01-19 14:38:17,523 - root - DEBUG - RunID 58, Segment 1 (loop 235) - RunState:Ramp,
                       ReadTmp:448.61, RampTmp:448.78, TargetTmp:1185.00,
                       Output:49.32, CycleOnSec:14.79, RemainTime:3:52:44
                    
2022-01-19 14:38:17,524 - root - DEBUG - ==>Relay On
2022-01-19 14:38:32,333 - root - DEBUG - ==>Relay Off
2022-01-19 14:38:32,334 - root - DEBUG - Writing stats to Firing DB table...
2022-01-19 14:38:32,349 - root - INFO - database writing complete1
2022-01-19 14:38:32,349 - root - INFO - RunState end: Ramp
2022-01-19 14:38:47,522 - root - DEBUG - Entering PID update with parameters SetPoint:450.19, ProcValue:450.29, IMax:100.00, IMin:0.00,
2022-01-19 14:38:47,523 - root - DEBUG -   Window:30, Kp: 30.000, Ki: 1.000, Kd: 0.600
2022-01-19 14:38:47,523 - root - DEBUG - Exiting PID update with parameters Error:-0.10, ITerm:45.04, DInput:1.68, Output:41.15
2022-01-19 14:38:47,523 - root - DEBUG - RunID 58, Segment 1 (loop 236) - RunState:Ramp,
                       ReadTmp:450.29, RampTmp:450.19, TargetTmp:1185.00,
                       Output:41.15, CycleOnSec:12.34, RemainTime:3:52:14
                    
2022-01-19 14:38:47,523 - root - DEBUG - ==>Relay On
2022-01-19 14:38:59,880 - root - DEBUG - ==>Relay Off
2022-01-19 14:38:59,881 - root - DEBUG - Writing stats to Firing DB table...
2022-01-19 14:38:59,896 - root - INFO - database writing complete1
2022-01-19 14:38:59,897 - root - INFO - RunState end: Ramp
2022-01-19 14:39:17,522 - root - DEBUG - Entering PID update with parameters SetPoint:451.61, ProcValue:451.42, IMax:100.00, IMin:0.00,
2022-01-19 14:39:17,522 - root - DEBUG -   Window:30, Kp: 30.000, Ki: 1.000, Kd: 0.600
2022-01-19 14:39:17,522 - root - DEBUG - Exiting PID update with parameters Error:0.19, ITerm:45.23, DInput:1.13, Output:50.18
2022-01-19 14:39:17,522 - root - DEBUG - RunID 58, Segment 1 (loop 237) - RunState:Ramp,
                       ReadTmp:451.42, RampTmp:451.61, TargetTmp:1185.00,
                       Output:50.18, CycleOnSec:15.05, RemainTime:3:51:44
                    
2022-01-19 14:39:17,523 - root - DEBUG - ==>Relay On
2022-01-19 14:39:32,585 - root - DEBUG - ==>Relay Off
2022-01-19 14:39:32,585 - root - DEBUG - Writing stats to Firing DB table...
2022-01-19 14:39:32,601 - root - INFO - database writing complete1
2022-01-19 14:39:32,601 - root - INFO - RunState end: Ramp
2022-01-19 14:39:47,523 - root - DEBUG - Entering PID update with parameters SetPoint:453.03, ProcValue:452.67, IMax:100.00, IMin:0.00,
2022-01-19 14:39:47,524 - root - DEBUG -   Window:30, Kp: 30.000, Ki: 1.000, Kd: 0.600
2022-01-19 14:39:47,524 - root - DEBUG - Exiting PID update with parameters Error:0.35, ITerm:45.59, DInput:1.25, Output:55.46
2022-01-19 14:39:47,524 - root - DEBUG - RunID 58, Segment 1 (loop 238) - RunState:Ramp,
                       ReadTmp:452.67, RampTmp:453.03, TargetTmp:1185.00,
                       Output:55.46, CycleOnSec:16.64, RemainTime:3:51:14
                    
2022-01-19 14:39:47,525 - root - DEBUG - ==>Relay On
2022-01-19 14:40:04,180 - root - DEBUG - ==>Relay Off
2022-01-19 14:40:04,182 - root - DEBUG - Writing stats to Firing DB table...
2022-01-19 14:40:04,199 - root - INFO - database writing complete1
2022-01-19 14:40:04,200 - root - INFO - RunState end: Ramp
2022-01-19 14:40:17,523 - root - DEBUG - Entering PID update with parameters SetPoint:454.44, ProcValue:454.75, IMax:100.00, IMin:0.00,
2022-01-19 14:40:17,523 - root - DEBUG -   Window:30, Kp: 30.000, Ki: 1.000, Kd: 0.600
2022-01-19 14:40:17,523 - root - DEBUG - Exiting PID update with parameters Error:-0.31, ITerm:45.28, DInput:2.08, Output:34.81
2022-01-19 14:40:17,523 - root - DEBUG - RunID 58, Segment 1 (loop 239) - RunState:Ramp,
                       ReadTmp:454.75, RampTmp:454.44, TargetTmp:1185.00,
                       Output:34.81, CycleOnSec:10.44, RemainTime:3:50:44
                    
2022-01-19 14:40:17,523 - root - DEBUG - ==>Relay On
2022-01-19 14:40:27,978 - root - DEBUG - ==>Relay Off
2022-01-19 14:40:27,979 - root - DEBUG - Writing stats to Firing DB table...
2022-01-19 14:40:27,992 - root - INFO - database writing complete1
2022-01-19 14:40:27,993 - root - INFO - RunState end: Ramp
2022-01-19 14:40:47,522 - root - DEBUG - Entering PID update with parameters SetPoint:455.86, ProcValue:455.63, IMax:100.00, IMin:0.00,
2022-01-19 14:40:47,523 - root - DEBUG -   Window:30, Kp: 30.000, Ki: 1.000, Kd: 0.600
2022-01-19 14:40:47,523 - root - DEBUG - Exiting PID update with parameters Error:0.23, ITerm:45.51, DInput:0.88, Output:51.77
2022-01-19 14:40:47,523 - root - DEBUG - RunID 58, Segment 1 (loop 240) - RunState:Ramp,
                       ReadTmp:455.63, RampTmp:455.86, TargetTmp:1185.00,
                       Output:51.77, CycleOnSec:15.53, RemainTime:3:50:14
                    
2022-01-19 14:40:47,523 - root - DEBUG - ==>Relay On
2022-01-19 14:41:03,069 - root - DEBUG - ==>Relay Off
2022-01-19 14:41:03,070 - root - DEBUG - Writing stats to Firing DB table...
2022-01-19 14:41:03,083 - root - INFO - database writing complete1
2022-01-19 14:41:03,084 - root - INFO - RunState end: Ramp
2022-01-19 14:41:17,522 - root - DEBUG - Entering PID update with parameters SetPoint:457.28, ProcValue:457.21, IMax:100.00, IMin:0.00,
2022-01-19 14:41:17,523 - root - DEBUG -   Window:30, Kp: 30.000, Ki: 1.000, Kd: 0.600
2022-01-19 14:41:17,523 - root - DEBUG - Exiting PID update with parameters Error:0.07, ITerm:45.57, DInput:1.58, Output:46.58
2022-01-19 14:41:17,523 - root - DEBUG - RunID 58, Segment 1 (loop 241) - RunState:Ramp,
                       ReadTmp:457.21, RampTmp:457.28, TargetTmp:1185.00,
                       Output:46.58, CycleOnSec:13.97, RemainTime:3:49:44
                    
2022-01-19 14:41:17,523 - root - DEBUG - ==>Relay On
2022-01-19 14:41:31,511 - root - DEBUG - ==>Relay Off
2022-01-19 14:41:31,512 - root - DEBUG - Writing stats to Firing DB table...
2022-01-19 14:41:31,533 - root - INFO - database writing complete1
2022-01-19 14:41:31,534 - root - INFO - RunState end: Ramp
2022-01-19 14:41:47,522 - root - DEBUG - Entering PID update with parameters SetPoint:458.69, ProcValue:458.63, IMax:100.00, IMin:0.00,
2022-01-19 14:41:47,522 - root - DEBUG -   Window:30, Kp: 30.000, Ki: 1.000, Kd: 0.600
2022-01-19 14:41:47,522 - root - DEBUG - Exiting PID update with parameters Error:0.06, ITerm:45.63, DInput:1.42, Output:46.57
2022-01-19 14:41:47,522 - root - DEBUG - RunID 58, Segment 1 (loop 242) - RunState:Ramp,
                       ReadTmp:458.63, RampTmp:458.69, TargetTmp:1185.00,
                       Output:46.57, CycleOnSec:13.97, RemainTime:3:49:14
                    
2022-01-19 14:41:47,522 - root - DEBUG - ==>Relay On
2022-01-19 14:42:01,509 - root - DEBUG - ==>Relay Off
2022-01-19 14:42:01,510 - root - DEBUG - Writing stats to Firing DB table...
2022-01-19 14:42:01,531 - root - INFO - database writing complete1
2022-01-19 14:42:01,531 - root - INFO - RunState end: Ramp
2022-01-19 14:42:17,522 - root - DEBUG - Entering PID update with parameters SetPoint:460.11, ProcValue:459.99, IMax:100.00, IMin:0.00,
2022-01-19 14:42:17,522 - root - DEBUG -   Window:30, Kp: 30.000, Ki: 1.000, Kd: 0.600
2022-01-19 14:42:17,522 - root - DEBUG - Exiting PID update with parameters Error:0.12, ITerm:45.75, DInput:1.36, Output:48.45
2022-01-19 14:42:17,523 - root - DEBUG - RunID 58, Segment 1 (loop 243) - RunState:Ramp,
                       ReadTmp:459.99, RampTmp:460.11, TargetTmp:1185.00,
                       Output:48.45, CycleOnSec:14.53, RemainTime:3:48:44
                    
2022-01-19 14:42:17,523 - root - DEBUG - ==>Relay On
2022-01-19 14:42:32,072 - root - DEBUG - ==>Relay Off
2022-01-19 14:42:32,073 - root - DEBUG - Writing stats to Firing DB table...
2022-01-19 14:42:32,091 - root - INFO - database writing complete1
2022-01-19 14:42:32,092 - root - INFO - RunState end: Ramp
2022-01-19 14:42:47,523 - root - DEBUG - Entering PID update with parameters SetPoint:461.53, ProcValue:461.44, IMax:100.00, IMin:0.00,
2022-01-19 14:42:47,523 - root - DEBUG -   Window:30, Kp: 30.000, Ki: 1.000, Kd: 0.600
2022-01-19 14:42:47,524 - root - DEBUG - Exiting PID update with parameters Error:0.09, ITerm:45.84, DInput:1.45, Output:47.63
2022-01-19 14:42:47,524 - root - DEBUG - RunID 58, Segment 1 (loop 244) - RunState:Ramp,
                       ReadTmp:461.44, RampTmp:461.53, TargetTmp:1185.00,
                       Output:47.63, CycleOnSec:14.29, RemainTime:3:48:14
                    
2022-01-19 14:42:47,524 - root - DEBUG - ==>Relay On
2022-01-19 14:43:01,825 - root - DEBUG - ==>Relay Off
2022-01-19 14:43:01,826 - root - DEBUG - Writing stats to Firing DB table...
2022-01-19 14:43:01,848 - root - INFO - database writing complete1
2022-01-19 14:43:01,849 - root - INFO - RunState end: Ramp
2022-01-19 14:43:17,522 - root - DEBUG - Entering PID update with parameters SetPoint:462.94, ProcValue:462.86, IMax:100.00, IMin:0.00,
2022-01-19 14:43:17,523 - root - DEBUG -   Window:30, Kp: 30.000, Ki: 1.000, Kd: 0.600
2022-01-19 14:43:17,523 - root - DEBUG - Exiting PID update with parameters Error:0.08, ITerm:45.92, DInput:1.42, Output:47.57
2022-01-19 14:43:17,523 - root - DEBUG - RunID 58, Segment 1 (loop 245) - RunState:Ramp,
                       ReadTmp:462.86, RampTmp:462.94, TargetTmp:1185.00,
                       Output:47.57, CycleOnSec:14.27, RemainTime:3:47:44
                    
2022-01-19 14:43:17,523 - root - DEBUG - ==>Relay On
2022-01-19 14:43:31,808 - root - DEBUG - ==>Relay Off
2022-01-19 14:43:31,808 - root - DEBUG - Writing stats to Firing DB table...
2022-01-19 14:43:31,825 - root - INFO - database writing complete1
2022-01-19 14:43:31,825 - root - INFO - RunState end: Ramp
2022-01-19 14:43:47,522 - root - DEBUG - Entering PID update with parameters SetPoint:464.36, ProcValue:464.31, IMax:100.00, IMin:0.00,
2022-01-19 14:43:47,523 - root - DEBUG -   Window:30, Kp: 30.000, Ki: 1.000, Kd: 0.600
2022-01-19 14:43:47,523 - root - DEBUG - Exiting PID update with parameters Error:0.05, ITerm:45.97, DInput:1.45, Output:46.50
2022-01-19 14:43:47,523 - root - DEBUG - RunID 58, Segment 1 (loop 246) - RunState:Ramp,
                       ReadTmp:464.31, RampTmp:464.36, TargetTmp:1185.00,
                       Output:46.50, CycleOnSec:13.95, RemainTime:3:47:14
                    
2022-01-19 14:43:47,523 - root - DEBUG - ==>Relay On
2022-01-19 14:44:01,488 - root - DEBUG - ==>Relay Off
2022-01-19 14:44:01,489 - root - DEBUG - Writing stats to Firing DB table...
2022-01-19 14:44:01,505 - root - INFO - database writing complete1
2022-01-19 14:44:01,506 - root - INFO - RunState end: Ramp
2022-01-19 14:44:17,527 - root - DEBUG - Entering PID update with parameters SetPoint:465.78, ProcValue:465.68, IMax:100.00, IMin:0.00,
2022-01-19 14:44:17,527 - root - DEBUG -   Window:30, Kp: 30.000, Ki: 1.000, Kd: 0.600
2022-01-19 14:44:17,527 - root - DEBUG - Exiting PID update with parameters Error:0.10, ITerm:46.06, DInput:1.37, Output:48.13
2022-01-19 14:44:17,528 - root - DEBUG - RunID 58, Segment 1 (loop 247) - RunState:Ramp,
                       ReadTmp:465.68, RampTmp:465.78, TargetTmp:1185.00,
                       Output:48.13, CycleOnSec:14.44, RemainTime:3:46:44
                    
2022-01-19 14:44:17,528 - root - DEBUG - ==>Relay On
2022-01-19 14:44:31,975 - root - DEBUG - ==>Relay Off
2022-01-19 14:44:31,976 - root - DEBUG - Writing stats to Firing DB table...
2022-01-19 14:44:31,991 - root - INFO - database writing complete1
2022-01-19 14:44:31,992 - root - INFO - RunState end: Ramp
2022-01-19 14:44:47,522 - root - DEBUG - Entering PID update with parameters SetPoint:467.19, ProcValue:467.12, IMax:100.00, IMin:0.00,
2022-01-19 14:44:47,523 - root - DEBUG -   Window:30, Kp: 30.000, Ki: 1.000, Kd: 0.600
2022-01-19 14:44:47,523 - root - DEBUG - Exiting PID update with parameters Error:0.08, ITerm:46.14, DInput:1.44, Output:47.54
2022-01-19 14:44:47,523 - root - DEBUG - RunID 58, Segment 1 (loop 248) - RunState:Ramp,
                       ReadTmp:467.12, RampTmp:467.19, TargetTmp:1185.00,
                       Output:47.54, CycleOnSec:14.26, RemainTime:3:46:14
                    
2022-01-19 14:44:47,523 - root - DEBUG - ==>Relay On
2022-01-19 14:45:01,800 - root - DEBUG - ==>Relay Off
2022-01-19 14:45:01,801 - root - DEBUG - Writing stats to Firing DB table...
2022-01-19 14:45:01,815 - root - INFO - database writing complete1
2022-01-19 14:45:01,815 - root - INFO - RunState end: Ramp
2022-01-19 14:45:17,523 - root - DEBUG - Entering PID update with parameters SetPoint:468.61, ProcValue:468.52, IMax:100.00, IMin:0.00,
2022-01-19 14:45:17,523 - root - DEBUG -   Window:30, Kp: 30.000, Ki: 1.000, Kd: 0.600
2022-01-19 14:45:17,523 - root - DEBUG - Exiting PID update with parameters Error:0.09, ITerm:46.22, DInput:1.41, Output:47.96
2022-01-19 14:45:17,523 - root - DEBUG - RunID 58, Segment 1 (loop 249) - RunState:Ramp,
                       ReadTmp:468.52, RampTmp:468.61, TargetTmp:1185.00,
                       Output:47.96, CycleOnSec:14.39, RemainTime:3:45:44
                    
2022-01-19 14:45:17,524 - root - DEBUG - ==>Relay On
2022-01-19 14:45:31,926 - root - DEBUG - ==>Relay Off
2022-01-19 14:45:31,927 - root - DEBUG - Writing stats to Firing DB table...
2022-01-19 14:45:31,942 - root - INFO - database writing complete1
2022-01-19 14:45:31,942 - root - INFO - RunState end: Ramp
2022-01-19 14:45:47,522 - root - DEBUG - Entering PID update with parameters SetPoint:470.03, ProcValue:469.91, IMax:100.00, IMin:0.00,
2022-01-19 14:45:47,523 - root - DEBUG -   Window:30, Kp: 30.000, Ki: 1.000, Kd: 0.600
2022-01-19 14:45:47,523 - root - DEBUG - Exiting PID update with parameters Error:0.12, ITerm:46.34, DInput:1.38, Output:49.11
2022-01-19 14:45:47,523 - root - DEBUG - RunID 58, Segment 1 (loop 250) - RunState:Ramp,
                       ReadTmp:469.91, RampTmp:470.03, TargetTmp:1185.00,
                       Output:49.11, CycleOnSec:14.73, RemainTime:3:45:14
                    
2022-01-19 14:45:47,523 - root - DEBUG - ==>Relay On
2022-01-19 14:46:02,265 - root - DEBUG - ==>Relay Off
2022-01-19 14:46:02,265 - root - DEBUG - Writing stats to Firing DB table...
2022-01-19 14:46:02,290 - root - INFO - database writing complete1
2022-01-19 14:46:02,290 - root - INFO - RunState end: Ramp
2022-01-19 14:46:17,522 - root - DEBUG - Entering PID update with parameters SetPoint:471.44, ProcValue:471.41, IMax:100.00, IMin:0.00,
2022-01-19 14:46:17,523 - root - DEBUG -   Window:30, Kp: 30.000, Ki: 1.000, Kd: 0.600
2022-01-19 14:46:17,523 - root - DEBUG - Exiting PID update with parameters Error:0.03, ITerm:46.37, DInput:1.51, Output:46.33
2022-01-19 14:46:17,523 - root - DEBUG - RunID 58, Segment 1 (loop 251) - RunState:Ramp,
                       ReadTmp:471.41, RampTmp:471.44, TargetTmp:1185.00,
                       Output:46.33, CycleOnSec:13.90, RemainTime:3:44:44
                    
2022-01-19 14:46:17,523 - root - DEBUG - ==>Relay On
2022-01-19 14:46:31,436 - root - DEBUG - ==>Relay Off
2022-01-19 14:46:31,437 - root - DEBUG - Writing stats to Firing DB table...
2022-01-19 14:46:31,462 - root - INFO - database writing complete1
2022-01-19 14:46:31,463 - root - INFO - RunState end: Ramp
2022-01-19 14:46:47,522 - root - DEBUG - Entering PID update with parameters SetPoint:472.86, ProcValue:472.77, IMax:100.00, IMin:0.00,
2022-01-19 14:46:47,522 - root - DEBUG -   Window:30, Kp: 30.000, Ki: 1.000, Kd: 0.600
2022-01-19 14:46:47,522 - root - DEBUG - Exiting PID update with parameters Error:0.09, ITerm:46.46, DInput:1.36, Output:48.22
2022-01-19 14:46:47,523 - root - DEBUG - RunID 58, Segment 1 (loop 252) - RunState:Ramp,
                       ReadTmp:472.77, RampTmp:472.86, TargetTmp:1185.00,
                       Output:48.22, CycleOnSec:14.47, RemainTime:3:44:14
                    
2022-01-19 14:46:47,523 - root - DEBUG - ==>Relay On
2022-01-19 14:47:01,995 - root - DEBUG - ==>Relay Off
2022-01-19 14:47:01,995 - root - DEBUG - Writing stats to Firing DB table...
2022-01-19 14:47:02,020 - root - INFO - database writing complete1
2022-01-19 14:47:02,020 - root - INFO - RunState end: Ramp
2022-01-19 14:47:17,523 - root - DEBUG - Entering PID update with parameters SetPoint:474.28, ProcValue:473.96, IMax:100.00, IMin:0.00,
2022-01-19 14:47:17,523 - root - DEBUG -   Window:30, Kp: 30.000, Ki: 1.000, Kd: 0.600
2022-01-19 14:47:17,523 - root - DEBUG - Exiting PID update with parameters Error:0.32, ITerm:46.77, DInput:1.19, Output:55.51
2022-01-19 14:47:17,523 - root - DEBUG - RunID 58, Segment 1 (loop 253) - RunState:Ramp,
                       ReadTmp:473.96, RampTmp:474.28, TargetTmp:1185.00,
                       Output:55.51, CycleOnSec:16.65, RemainTime:3:43:44
                    
2022-01-19 14:47:17,524 - root - DEBUG - ==>Relay On
2022-01-19 14:47:34,195 - root - DEBUG - ==>Relay Off
2022-01-19 14:47:34,196 - root - DEBUG - Writing stats to Firing DB table...
2022-01-19 14:47:34,214 - root - INFO - database writing complete1
2022-01-19 14:47:34,214 - root - INFO - RunState end: Ramp
2022-01-19 14:47:47,522 - root - DEBUG - Entering PID update with parameters SetPoint:475.69, ProcValue:475.89, IMax:100.00, IMin:0.00,
2022-01-19 14:47:47,522 - root - DEBUG -   Window:30, Kp: 30.000, Ki: 1.000, Kd: 0.600
2022-01-19 14:47:47,522 - root - DEBUG - Exiting PID update with parameters Error:-0.20, ITerm:46.58, DInput:1.93, Output:39.48
2022-01-19 14:47:47,522 - root - DEBUG - RunID 58, Segment 1 (loop 254) - RunState:Ramp,
                       ReadTmp:475.89, RampTmp:475.69, TargetTmp:1185.00,
                       Output:39.48, CycleOnSec:11.84, RemainTime:3:43:14
                    
2022-01-19 14:47:47,522 - root - DEBUG - ==>Relay On
2022-01-19 14:47:59,379 - root - DEBUG - ==>Relay Off
2022-01-19 14:47:59,380 - root - DEBUG - Writing stats to Firing DB table...
2022-01-19 14:47:59,395 - root - INFO - database writing complete1
2022-01-19 14:47:59,396 - root - INFO - RunState end: Ramp
2022-01-19 14:48:17,522 - root - DEBUG - Entering PID update with parameters SetPoint:477.11, ProcValue:477.01, IMax:100.00, IMin:0.00,
2022-01-19 14:48:17,522 - root - DEBUG -   Window:30, Kp: 30.000, Ki: 1.000, Kd: 0.600
2022-01-19 14:48:17,522 - root - DEBUG - Exiting PID update with parameters Error:0.10, ITerm:46.68, DInput:1.12, Output:49.05
2022-01-19 14:48:17,523 - root - DEBUG - RunID 58, Segment 1 (loop 255) - RunState:Ramp,
                       ReadTmp:477.01, RampTmp:477.11, TargetTmp:1185.00,
                       Output:49.05, CycleOnSec:14.72, RemainTime:3:42:44
                    
2022-01-19 14:48:17,523 - root - DEBUG - ==>Relay On
2022-01-19 14:48:32,254 - root - DEBUG - ==>Relay Off
2022-01-19 14:48:32,255 - root - DEBUG - Writing stats to Firing DB table...
2022-01-19 14:48:32,270 - root - INFO - database writing complete1
2022-01-19 14:48:32,271 - root - INFO - RunState end: Ramp
2022-01-19 14:48:47,523 - root - DEBUG - Entering PID update with parameters SetPoint:478.53, ProcValue:478.36, IMax:100.00, IMin:0.00,
2022-01-19 14:48:47,523 - root - DEBUG -   Window:30, Kp: 30.000, Ki: 1.000, Kd: 0.600
2022-01-19 14:48:47,523 - root - DEBUG - Exiting PID update with parameters Error:0.17, ITerm:46.84, DInput:1.35, Output:51.03
2022-01-19 14:48:47,523 - root - DEBUG - RunID 58, Segment 1 (loop 256) - RunState:Ramp,
                       ReadTmp:478.36, RampTmp:478.53, TargetTmp:1185.00,
                       Output:51.03, CycleOnSec:15.31, RemainTime:3:42:14
                    
2022-01-19 14:48:47,524 - root - DEBUG - ==>Relay On
2022-01-19 14:49:02,838 - root - DEBUG - ==>Relay Off
2022-01-19 14:49:02,839 - root - DEBUG - Writing stats to Firing DB table...
2022-01-19 14:49:02,858 - root - INFO - database writing complete1
2022-01-19 14:49:02,858 - root - INFO - RunState end: Ramp
2022-01-19 14:49:17,523 - root - DEBUG - Entering PID update with parameters SetPoint:479.94, ProcValue:479.85, IMax:100.00, IMin:0.00,
2022-01-19 14:49:17,524 - root - DEBUG -   Window:30, Kp: 30.000, Ki: 1.000, Kd: 0.600
2022-01-19 14:49:17,524 - root - DEBUG - Exiting PID update with parameters Error:0.09, ITerm:46.93, DInput:1.49, Output:48.77
2022-01-19 14:49:17,525 - root - DEBUG - RunID 58, Segment 1 (loop 257) - RunState:Ramp,
                       ReadTmp:479.85, RampTmp:479.94, TargetTmp:1185.00,
                       Output:48.77, CycleOnSec:14.63, RemainTime:3:41:44
                    
2022-01-19 14:49:17,525 - root - DEBUG - ==>Relay On
2022-01-19 14:49:32,172 - root - DEBUG - ==>Relay Off
2022-01-19 14:49:32,173 - root - DEBUG - Writing stats to Firing DB table...
2022-01-19 14:49:32,191 - root - INFO - database writing complete1
2022-01-19 14:49:32,192 - root - INFO - RunState end: Ramp
2022-01-19 14:49:47,523 - root - DEBUG - Entering PID update with parameters SetPoint:481.36, ProcValue:481.28, IMax:100.00, IMin:0.00,
2022-01-19 14:49:47,524 - root - DEBUG -   Window:30, Kp: 30.000, Ki: 1.000, Kd: 0.600
2022-01-19 14:49:47,524 - root - DEBUG - Exiting PID update with parameters Error:0.08, ITerm:47.01, DInput:1.43, Output:48.50
2022-01-19 14:49:47,524 - root - DEBUG - RunID 58, Segment 1 (loop 258) - RunState:Ramp,
                       ReadTmp:481.28, RampTmp:481.36, TargetTmp:1185.00,
                       Output:48.50, CycleOnSec:14.55, RemainTime:3:41:14
                    
2022-01-19 14:49:47,525 - root - DEBUG - ==>Relay On
2022-01-19 14:50:02,085 - root - DEBUG - ==>Relay Off
2022-01-19 14:50:02,085 - root - DEBUG - Writing stats to Firing DB table...
2022-01-19 14:50:02,104 - root - INFO - database writing complete1
2022-01-19 14:50:02,104 - root - INFO - RunState end: Ramp
2022-01-19 14:50:17,523 - root - DEBUG - Entering PID update with parameters SetPoint:482.78, ProcValue:482.60, IMax:100.00, IMin:0.00,
2022-01-19 14:50:17,524 - root - DEBUG -   Window:30, Kp: 30.000, Ki: 1.000, Kd: 0.600
2022-01-19 14:50:17,524 - root - DEBUG - Exiting PID update with parameters Error:0.17, ITerm:47.19, DInput:1.32, Output:51.63
2022-01-19 14:50:17,525 - root - DEBUG - RunID 58, Segment 1 (loop 259) - RunState:Ramp,
                       ReadTmp:482.60, RampTmp:482.78, TargetTmp:1185.00,
                       Output:51.63, CycleOnSec:15.49, RemainTime:3:40:44
                    
2022-01-19 14:50:17,525 - root - DEBUG - ==>Relay On
2022-01-19 14:50:33,020 - root - DEBUG - ==>Relay Off
2022-01-19 14:50:33,021 - root - DEBUG - Writing stats to Firing DB table...
2022-01-19 14:50:33,041 - root - INFO - database writing complete1
2022-01-19 14:50:33,041 - root - INFO - RunState end: Ramp
2022-01-19 14:50:47,523 - root - DEBUG - Entering PID update with parameters SetPoint:484.19, ProcValue:484.22, IMax:100.00, IMin:0.00,
2022-01-19 14:50:47,523 - root - DEBUG -   Window:30, Kp: 30.000, Ki: 1.000, Kd: 0.600
2022-01-19 14:50:47,523 - root - DEBUG - Exiting PID update with parameters Error:-0.03, ITerm:47.16, DInput:1.62, Output:45.41
2022-01-19 14:50:47,523 - root - DEBUG - RunID 58, Segment 1 (loop 260) - RunState:Ramp,
                       ReadTmp:484.22, RampTmp:484.19, TargetTmp:1185.00,
                       Output:45.41, CycleOnSec:13.62, RemainTime:3:40:14
                    
2022-01-19 14:50:47,524 - root - DEBUG - ==>Relay On
2022-01-19 14:51:01,160 - root - DEBUG - ==>Relay Off
2022-01-19 14:51:01,161 - root - DEBUG - Writing stats to Firing DB table...
2022-01-19 14:51:01,178 - root - INFO - database writing complete1
2022-01-19 14:51:01,178 - root - INFO - RunState end: Ramp
2022-01-19 14:51:17,522 - root - DEBUG - Entering PID update with parameters SetPoint:485.61, ProcValue:485.60, IMax:100.00, IMin:0.00,
2022-01-19 14:51:17,522 - root - DEBUG -   Window:30, Kp: 30.000, Ki: 1.000, Kd: 0.600
2022-01-19 14:51:17,522 - root - DEBUG - Exiting PID update with parameters Error:0.01, ITerm:47.17, DInput:1.38, Output:46.57
2022-01-19 14:51:17,522 - root - DEBUG - RunID 58, Segment 1 (loop 261) - RunState:Ramp,
                       ReadTmp:485.60, RampTmp:485.61, TargetTmp:1185.00,
                       Output:46.57, CycleOnSec:13.97, RemainTime:3:39:44
                    
2022-01-19 14:51:17,523 - root - DEBUG - ==>Relay On
2022-01-19 14:51:31,495 - root - DEBUG - ==>Relay Off
2022-01-19 14:51:31,496 - root - DEBUG - Writing stats to Firing DB table...
2022-01-19 14:51:31,509 - root - INFO - database writing complete1
2022-01-19 14:51:31,510 - root - INFO - RunState end: Ramp
2022-01-19 14:51:47,522 - root - DEBUG - Entering PID update with parameters SetPoint:487.03, ProcValue:486.77, IMax:100.00, IMin:0.00,
2022-01-19 14:51:47,522 - root - DEBUG -   Window:30, Kp: 30.000, Ki: 1.000, Kd: 0.600
2022-01-19 14:51:47,522 - root - DEBUG - Exiting PID update with parameters Error:0.25, ITerm:47.42, DInput:1.17, Output:54.30
2022-01-19 14:51:47,523 - root - DEBUG - RunID 58, Segment 1 (loop 262) - RunState:Ramp,
                       ReadTmp:486.77, RampTmp:487.03, TargetTmp:1185.00,
                       Output:54.30, CycleOnSec:16.29, RemainTime:3:39:14
                    
2022-01-19 14:51:47,523 - root - DEBUG - ==>Relay On
2022-01-19 14:52:03,825 - root - DEBUG - ==>Relay Off
2022-01-19 14:52:03,826 - root - DEBUG - Writing stats to Firing DB table...
2022-01-19 14:52:03,848 - root - INFO - database writing complete1
2022-01-19 14:52:03,849 - root - INFO - RunState end: Ramp
2022-01-19 14:52:17,522 - root - DEBUG - Entering PID update with parameters SetPoint:488.44, ProcValue:488.40, IMax:100.00, IMin:0.00,
2022-01-19 14:52:17,522 - root - DEBUG -   Window:30, Kp: 30.000, Ki: 1.000, Kd: 0.600
2022-01-19 14:52:17,522 - root - DEBUG - Exiting PID update with parameters Error:0.04, ITerm:47.47, DInput:1.62, Output:47.82
2022-01-19 14:52:17,522 - root - DEBUG - RunID 58, Segment 1 (loop 263) - RunState:Ramp,
                       ReadTmp:488.40, RampTmp:488.44, TargetTmp:1185.00,
                       Output:47.82, CycleOnSec:14.35, RemainTime:3:38:44
                    
2022-01-19 14:52:17,523 - root - DEBUG - ==>Relay On
2022-01-19 14:52:31,883 - root - DEBUG - ==>Relay Off
2022-01-19 14:52:31,884 - root - DEBUG - Writing stats to Firing DB table...
2022-01-19 14:52:31,902 - root - INFO - database writing complete1
2022-01-19 14:52:31,903 - root - INFO - RunState end: Ramp
2022-01-19 14:52:47,522 - root - DEBUG - Entering PID update with parameters SetPoint:489.86, ProcValue:489.92, IMax:100.00, IMin:0.00,
2022-01-19 14:52:47,523 - root - DEBUG -   Window:30, Kp: 30.000, Ki: 1.000, Kd: 0.600
2022-01-19 14:52:47,523 - root - DEBUG - Exiting PID update with parameters Error:-0.06, ITerm:47.40, DInput:1.52, Output:44.61
2022-01-19 14:52:47,523 - root - DEBUG - RunID 58, Segment 1 (loop 264) - RunState:Ramp,
                       ReadTmp:489.92, RampTmp:489.86, TargetTmp:1185.00,
                       Output:44.61, CycleOnSec:13.38, RemainTime:3:38:14
                    
2022-01-19 14:52:47,523 - root - DEBUG - ==>Relay On
2022-01-19 14:53:00,915 - root - DEBUG - ==>Relay Off
2022-01-19 14:53:00,916 - root - DEBUG - Writing stats to Firing DB table...
2022-01-19 14:53:00,934 - root - INFO - database writing complete1
2022-01-19 14:53:00,934 - root - INFO - RunState end: Ramp
2022-01-19 14:53:17,522 - root - DEBUG - Entering PID update with parameters SetPoint:491.28, ProcValue:490.98, IMax:100.00, IMin:0.00,
2022-01-19 14:53:17,522 - root - DEBUG -   Window:30, Kp: 30.000, Ki: 1.000, Kd: 0.600
2022-01-19 14:53:17,522 - root - DEBUG - Exiting PID update with parameters Error:0.30, ITerm:47.70, DInput:1.05, Output:56.05
2022-01-19 14:53:17,523 - root - DEBUG - RunID 58, Segment 1 (loop 265) - RunState:Ramp,
                       ReadTmp:490.98, RampTmp:491.28, TargetTmp:1185.00,
                       Output:56.05, CycleOnSec:16.82, RemainTime:3:37:44
                    
2022-01-19 14:53:17,523 - root - DEBUG - ==>Relay On
2022-01-19 14:53:34,356 - root - DEBUG - ==>Relay Off
2022-01-19 14:53:34,358 - root - DEBUG - Writing stats to Firing DB table...
2022-01-19 14:53:34,371 - root - INFO - database writing complete1
2022-01-19 14:53:34,372 - root - INFO - RunState end: Ramp
2022-01-19 14:53:47,522 - root - DEBUG - Entering PID update with parameters SetPoint:492.69, ProcValue:492.61, IMax:100.00, IMin:0.00,
2022-01-19 14:53:47,522 - root - DEBUG -   Window:30, Kp: 30.000, Ki: 1.000, Kd: 0.600
2022-01-19 14:53:47,522 - root - DEBUG - Exiting PID update with parameters Error:0.08, ITerm:47.79, DInput:1.63, Output:49.31
2022-01-19 14:53:47,523 - root - DEBUG - RunID 58, Segment 1 (loop 266) - RunState:Ramp,
                       ReadTmp:492.61, RampTmp:492.69, TargetTmp:1185.00,
                       Output:49.31, CycleOnSec:14.79, RemainTime:3:37:14
                    
2022-01-19 14:53:47,523 - root - DEBUG - ==>Relay On
2022-01-19 14:54:02,330 - root - DEBUG - ==>Relay Off
2022-01-19 14:54:02,330 - root - DEBUG - Writing stats to Firing DB table...
2022-01-19 14:54:02,347 - root - INFO - database writing complete1
2022-01-19 14:54:02,347 - root - INFO - RunState end: Ramp
2022-01-19 14:54:17,523 - root - DEBUG - Entering PID update with parameters SetPoint:494.11, ProcValue:494.12, IMax:100.00, IMin:0.00,
2022-01-19 14:54:17,523 - root - DEBUG -   Window:30, Kp: 30.000, Ki: 1.000, Kd: 0.600
2022-01-19 14:54:17,523 - root - DEBUG - Exiting PID update with parameters Error:-0.02, ITerm:47.77, DInput:1.52, Output:46.39
2022-01-19 14:54:17,523 - root - DEBUG - RunID 58, Segment 1 (loop 267) - RunState:Ramp,
                       ReadTmp:494.12, RampTmp:494.11, TargetTmp:1185.00,
                       Output:46.39, CycleOnSec:13.92, RemainTime:3:36:44
                    
2022-01-19 14:54:17,523 - root - DEBUG - ==>Relay On
2022-01-19 14:54:31,455 - root - DEBUG - ==>Relay Off
2022-01-19 14:54:31,456 - root - DEBUG - Writing stats to Firing DB table...
2022-01-19 14:54:31,469 - root - INFO - database writing complete1
2022-01-19 14:54:31,470 - root - INFO - RunState end: Ramp
2022-01-19 14:54:47,523 - root - DEBUG - Entering PID update with parameters SetPoint:495.53, ProcValue:495.41, IMax:100.00, IMin:0.00,
2022-01-19 14:54:47,523 - root - DEBUG -   Window:30, Kp: 30.000, Ki: 1.000, Kd: 0.600
2022-01-19 14:54:47,523 - root - DEBUG - Exiting PID update with parameters Error:0.11, ITerm:47.88, DInput:1.29, Output:50.47
2022-01-19 14:54:47,524 - root - DEBUG - RunID 58, Segment 1 (loop 268) - RunState:Ramp,
                       ReadTmp:495.41, RampTmp:495.53, TargetTmp:1185.00,
                       Output:50.47, CycleOnSec:15.14, RemainTime:3:36:14
                    
2022-01-19 14:54:47,524 - root - DEBUG - ==>Relay On
2022-01-19 14:55:02,675 - root - DEBUG - ==>Relay Off
2022-01-19 14:55:02,675 - root - DEBUG - Writing stats to Firing DB table...
2022-01-19 14:55:02,708 - root - INFO - database writing complete1
2022-01-19 14:55:02,708 - root - INFO - RunState end: Ramp
2022-01-19 14:55:17,522 - root - DEBUG - Entering PID update with parameters SetPoint:496.94, ProcValue:496.89, IMax:100.00, IMin:0.00,
2022-01-19 14:55:17,523 - root - DEBUG -   Window:30, Kp: 30.000, Ki: 1.000, Kd: 0.600
2022-01-19 14:55:17,523 - root - DEBUG - Exiting PID update with parameters Error:0.05, ITerm:47.93, DInput:1.48, Output:48.61
2022-01-19 14:55:17,523 - root - DEBUG - RunID 58, Segment 1 (loop 269) - RunState:Ramp,
                       ReadTmp:496.89, RampTmp:496.94, TargetTmp:1185.00,
                       Output:48.61, CycleOnSec:14.58, RemainTime:3:35:44
                    
2022-01-19 14:55:17,523 - root - DEBUG - ==>Relay On
2022-01-19 14:55:32,122 - root - DEBUG - ==>Relay Off
2022-01-19 14:55:32,123 - root - DEBUG - Writing stats to Firing DB table...
2022-01-19 14:55:32,138 - root - INFO - database writing complete1
2022-01-19 14:55:32,138 - root - INFO - RunState end: Ramp
2022-01-19 14:55:47,523 - root - DEBUG - Entering PID update with parameters SetPoint:498.36, ProcValue:498.26, IMax:100.00, IMin:0.00,
2022-01-19 14:55:47,523 - root - DEBUG -   Window:30, Kp: 30.000, Ki: 1.000, Kd: 0.600
2022-01-19 14:55:47,523 - root - DEBUG - Exiting PID update with parameters Error:0.10, ITerm:48.04, DInput:1.37, Output:50.26
2022-01-19 14:55:47,523 - root - DEBUG - RunID 58, Segment 1 (loop 270) - RunState:Ramp,
                       ReadTmp:498.26, RampTmp:498.36, TargetTmp:1185.00,
                       Output:50.26, CycleOnSec:15.08, RemainTime:3:35:14
                    
2022-01-19 14:55:47,524 - root - DEBUG - ==>Relay On
2022-01-19 14:56:02,618 - root - DEBUG - ==>Relay Off
2022-01-19 14:56:02,619 - root - DEBUG - Writing stats to Firing DB table...
2022-01-19 14:56:02,640 - root - INFO - database writing complete1
2022-01-19 14:56:02,641 - root - INFO - RunState end: Ramp
2022-01-19 14:56:17,523 - root - DEBUG - Entering PID update with parameters SetPoint:499.78, ProcValue:499.62, IMax:100.00, IMin:0.00,
2022-01-19 14:56:17,523 - root - DEBUG -   Window:30, Kp: 30.000, Ki: 1.000, Kd: 0.600
2022-01-19 14:56:17,523 - root - DEBUG - Exiting PID update with parameters Error:0.16, ITerm:48.20, DInput:1.36, Output:52.15
2022-01-19 14:56:17,523 - root - DEBUG - RunID 58, Segment 1 (loop 271) - RunState:Ramp,
                       ReadTmp:499.62, RampTmp:499.78, TargetTmp:1185.00,
                       Output:52.15, CycleOnSec:15.64, RemainTime:3:34:44
                    
2022-01-19 14:56:17,524 - root - DEBUG - ==>Relay On
2022-01-19 14:56:33,183 - root - DEBUG - ==>Relay Off
2022-01-19 14:56:33,184 - root - DEBUG - Writing stats to Firing DB table...
2022-01-19 14:56:33,208 - root - INFO - database writing complete1
2022-01-19 14:56:33,208 - root - INFO - RunState end: Ramp
2022-01-19 14:56:47,523 - root - DEBUG - Entering PID update with parameters SetPoint:501.19, ProcValue:501.09, IMax:100.00, IMin:0.00,
2022-01-19 14:56:47,523 - root - DEBUG -   Window:30, Kp: 30.000, Ki: 1.000, Kd: 0.600
2022-01-19 14:56:47,523 - root - DEBUG - Exiting PID update with parameters Error:0.11, ITerm:48.30, DInput:1.47, Output:50.62
2022-01-19 14:56:47,523 - root - DEBUG - RunID 58, Segment 1 (loop 272) - RunState:Ramp,
                       ReadTmp:501.09, RampTmp:501.19, TargetTmp:1185.00,
                       Output:50.62, CycleOnSec:15.19, RemainTime:3:34:14
                    
2022-01-19 14:56:47,524 - root - DEBUG - ==>Relay On
2022-01-19 14:57:02,726 - root - DEBUG - ==>Relay Off
2022-01-19 14:57:02,727 - root - DEBUG - Writing stats to Firing DB table...
2022-01-19 14:57:02,743 - root - INFO - database writing complete1
2022-01-19 14:57:02,743 - root - INFO - RunState end: Ramp
2022-01-19 14:57:17,523 - root - DEBUG - Entering PID update with parameters SetPoint:502.61, ProcValue:502.59, IMax:100.00, IMin:0.00,
2022-01-19 14:57:17,523 - root - DEBUG -   Window:30, Kp: 30.000, Ki: 1.000, Kd: 0.600
2022-01-19 14:57:17,523 - root - DEBUG - Exiting PID update with parameters Error:0.02, ITerm:48.33, DInput:1.50, Output:48.13
2022-01-19 14:57:17,524 - root - DEBUG - RunID 58, Segment 1 (loop 273) - RunState:Ramp,
                       ReadTmp:502.59, RampTmp:502.61, TargetTmp:1185.00,
                       Output:48.13, CycleOnSec:14.44, RemainTime:3:33:44
                    
2022-01-19 14:57:17,524 - root - DEBUG - ==>Relay On
2022-01-19 14:57:31,975 - root - DEBUG - ==>Relay Off
2022-01-19 14:57:31,975 - root - DEBUG - Writing stats to Firing DB table...
2022-01-19 14:57:31,990 - root - INFO - database writing complete1
2022-01-19 14:57:31,991 - root - INFO - RunState end: Ramp
2022-01-19 14:57:47,523 - root - DEBUG - Entering PID update with parameters SetPoint:504.03, ProcValue:503.87, IMax:100.00, IMin:0.00,
2022-01-19 14:57:47,523 - root - DEBUG -   Window:30, Kp: 30.000, Ki: 1.000, Kd: 0.600
2022-01-19 14:57:47,523 - root - DEBUG - Exiting PID update with parameters Error:0.16, ITerm:48.48, DInput:1.28, Output:52.48
2022-01-19 14:57:47,523 - root - DEBUG - RunID 58, Segment 1 (loop 274) - RunState:Ramp,
                       ReadTmp:503.87, RampTmp:504.03, TargetTmp:1185.00,
                       Output:52.48, CycleOnSec:15.74, RemainTime:3:33:14
                    
2022-01-19 14:57:47,524 - root - DEBUG - ==>Relay On
2022-01-19 14:58:03,284 - root - DEBUG - ==>Relay Off
2022-01-19 14:58:03,285 - root - DEBUG - Writing stats to Firing DB table...
2022-01-19 14:58:03,299 - root - INFO - database writing complete1
2022-01-19 14:58:03,300 - root - INFO - RunState end: Ramp
2022-01-19 14:58:17,523 - root - DEBUG - Entering PID update with parameters SetPoint:505.44, ProcValue:505.37, IMax:100.00, IMin:0.00,
2022-01-19 14:58:17,523 - root - DEBUG -   Window:30, Kp: 30.000, Ki: 1.000, Kd: 0.600
2022-01-19 14:58:17,523 - root - DEBUG - Exiting PID update with parameters Error:0.08, ITerm:48.56, DInput:1.50, Output:49.93
2022-01-19 14:58:17,523 - root - DEBUG - RunID 58, Segment 1 (loop 275) - RunState:Ramp,
                       ReadTmp:505.37, RampTmp:505.44, TargetTmp:1185.00,
                       Output:49.93, CycleOnSec:14.98, RemainTime:3:32:44
                    
2022-01-19 14:58:17,524 - root - DEBUG - ==>Relay On
2022-01-19 14:58:32,517 - root - DEBUG - ==>Relay Off
2022-01-19 14:58:32,517 - root - DEBUG - Writing stats to Firing DB table...
2022-01-19 14:58:32,544 - root - INFO - database writing complete1
2022-01-19 14:58:32,545 - root - INFO - RunState end: Ramp
2022-01-19 14:58:47,522 - root - DEBUG - Entering PID update with parameters SetPoint:506.86, ProcValue:506.78, IMax:100.00, IMin:0.00,
2022-01-19 14:58:47,522 - root - DEBUG -   Window:30, Kp: 30.000, Ki: 1.000, Kd: 0.600
2022-01-19 14:58:47,523 - root - DEBUG - Exiting PID update with parameters Error:0.08, ITerm:48.64, DInput:1.41, Output:50.13
2022-01-19 14:58:47,523 - root - DEBUG - RunID 58, Segment 1 (loop 276) - RunState:Ramp,
                       ReadTmp:506.78, RampTmp:506.86, TargetTmp:1185.00,
                       Output:50.13, CycleOnSec:15.04, RemainTime:3:32:14
                    
2022-01-19 14:58:47,524 - root - DEBUG - ==>Relay On
2022-01-19 14:59:02,580 - root - DEBUG - ==>Relay Off
2022-01-19 14:59:02,581 - root - DEBUG - Writing stats to Firing DB table...
2022-01-19 14:59:02,607 - root - INFO - database writing complete1
2022-01-19 14:59:02,608 - root - INFO - RunState end: Ramp
2022-01-19 14:59:17,522 - root - DEBUG - Entering PID update with parameters SetPoint:508.28, ProcValue:508.16, IMax:100.00, IMin:0.00,
2022-01-19 14:59:17,522 - root - DEBUG -   Window:30, Kp: 30.000, Ki: 1.000, Kd: 0.600
2022-01-19 14:59:17,523 - root - DEBUG - Exiting PID update with parameters Error:0.12, ITerm:48.76, DInput:1.38, Output:51.53
2022-01-19 14:59:17,523 - root - DEBUG - RunID 58, Segment 1 (loop 277) - RunState:Ramp,
                       ReadTmp:508.16, RampTmp:508.28, TargetTmp:1185.00,
                       Output:51.53, CycleOnSec:15.46, RemainTime:3:31:44
                    
2022-01-19 14:59:17,523 - root - DEBUG - ==>Relay On
2022-01-19 14:59:32,996 - root - DEBUG - ==>Relay Off
2022-01-19 14:59:32,997 - root - DEBUG - Writing stats to Firing DB table...
2022-01-19 14:59:33,027 - root - INFO - database writing complete1
2022-01-19 14:59:33,027 - root - INFO - RunState end: Ramp
2022-01-19 14:59:47,522 - root - DEBUG - Entering PID update with parameters SetPoint:509.69, ProcValue:509.52, IMax:100.00, IMin:0.00,
2022-01-19 14:59:47,523 - root - DEBUG -   Window:30, Kp: 30.000, Ki: 1.000, Kd: 0.600
2022-01-19 14:59:47,523 - root - DEBUG - Exiting PID update with parameters Error:0.18, ITerm:48.93, DInput:1.36, Output:53.43
2022-01-19 14:59:47,523 - root - DEBUG - RunID 58, Segment 1 (loop 278) - RunState:Ramp,
                       ReadTmp:509.52, RampTmp:509.69, TargetTmp:1185.00,
                       Output:53.43, CycleOnSec:16.03, RemainTime:3:31:14
                    
2022-01-19 14:59:47,523 - root - DEBUG - ==>Relay On
2022-01-19 15:00:03,569 - root - DEBUG - ==>Relay Off
2022-01-19 15:00:03,569 - root - DEBUG - Writing stats to Firing DB table...
2022-01-19 15:00:03,588 - root - INFO - database writing complete1
2022-01-19 15:00:03,588 - root - INFO - RunState end: Ramp
2022-01-19 15:00:17,522 - root - DEBUG - Entering PID update with parameters SetPoint:511.11, ProcValue:511.10, IMax:100.00, IMin:0.00,
2022-01-19 15:00:17,523 - root - DEBUG -   Window:30, Kp: 30.000, Ki: 1.000, Kd: 0.600
2022-01-19 15:00:17,523 - root - DEBUG - Exiting PID update with parameters Error:0.01, ITerm:48.94, DInput:1.59, Output:48.23
2022-01-19 15:00:17,523 - root - DEBUG - RunID 58, Segment 1 (loop 279) - RunState:Ramp,
                       ReadTmp:511.10, RampTmp:511.11, TargetTmp:1185.00,
                       Output:48.23, CycleOnSec:14.47, RemainTime:3:30:44
                    
2022-01-19 15:00:17,523 - root - DEBUG - ==>Relay On
2022-01-19 15:00:32,005 - root - DEBUG - ==>Relay Off
2022-01-19 15:00:32,007 - root - DEBUG - Writing stats to Firing DB table...
2022-01-19 15:00:32,026 - root - INFO - database writing complete1
2022-01-19 15:00:32,026 - root - INFO - RunState end: Ramp
2022-01-19 15:00:47,522 - root - DEBUG - Entering PID update with parameters SetPoint:512.53, ProcValue:512.48, IMax:100.00, IMin:0.00,
2022-01-19 15:00:47,523 - root - DEBUG -   Window:30, Kp: 30.000, Ki: 1.000, Kd: 0.600
2022-01-19 15:00:47,523 - root - DEBUG - Exiting PID update with parameters Error:0.04, ITerm:48.98, DInput:1.38, Output:49.40
2022-01-19 15:00:47,523 - root - DEBUG - RunID 58, Segment 1 (loop 280) - RunState:Ramp,
                       ReadTmp:512.48, RampTmp:512.53, TargetTmp:1185.00,
                       Output:49.40, CycleOnSec:14.82, RemainTime:3:30:14
                    
2022-01-19 15:00:47,523 - root - DEBUG - ==>Relay On
2022-01-19 15:01:02,355 - root - DEBUG - ==>Relay Off
2022-01-19 15:01:02,355 - root - DEBUG - Writing stats to Firing DB table...
2022-01-19 15:01:02,374 - root - INFO - database writing complete1
2022-01-19 15:01:02,375 - root - INFO - RunState end: Ramp
2022-01-19 15:01:17,522 - root - DEBUG - Entering PID update with parameters SetPoint:513.94, ProcValue:513.76, IMax:100.00, IMin:0.00,
2022-01-19 15:01:17,522 - root - DEBUG -   Window:30, Kp: 30.000, Ki: 1.000, Kd: 0.600
2022-01-19 15:01:17,523 - root - DEBUG - Exiting PID update with parameters Error:0.18, ITerm:49.17, DInput:1.27, Output:53.95
2022-01-19 15:01:17,523 - root - DEBUG - RunID 58, Segment 1 (loop 281) - RunState:Ramp,
                       ReadTmp:513.76, RampTmp:513.94, TargetTmp:1185.00,
                       Output:53.95, CycleOnSec:16.19, RemainTime:3:29:44
                    
2022-01-19 15:01:17,523 - root - DEBUG - ==>Relay On
2022-01-19 15:01:33,725 - root - DEBUG - ==>Relay Off
2022-01-19 15:01:33,725 - root - DEBUG - Writing stats to Firing DB table...
2022-01-19 15:01:33,744 - root - INFO - database writing complete1
2022-01-19 15:01:33,744 - root - INFO - RunState end: Ramp
2022-01-19 15:01:47,522 - root - DEBUG - Entering PID update with parameters SetPoint:515.36, ProcValue:515.30, IMax:100.00, IMin:0.00,
2022-01-19 15:01:47,522 - root - DEBUG -   Window:30, Kp: 30.000, Ki: 1.000, Kd: 0.600
2022-01-19 15:01:47,523 - root - DEBUG - Exiting PID update with parameters Error:0.05, ITerm:49.22, DInput:1.55, Output:49.94
2022-01-19 15:01:47,523 - root - DEBUG - RunID 58, Segment 1 (loop 282) - RunState:Ramp,
                       ReadTmp:515.30, RampTmp:515.36, TargetTmp:1185.00,
                       Output:49.94, CycleOnSec:14.98, RemainTime:3:29:14
                    
2022-01-19 15:01:47,523 - root - DEBUG - ==>Relay On
2022-01-19 15:02:02,515 - root - DEBUG - ==>Relay Off
2022-01-19 15:02:02,515 - root - DEBUG - Writing stats to Firing DB table...
2022-01-19 15:02:02,531 - root - INFO - database writing complete1
2022-01-19 15:02:02,531 - root - INFO - RunState end: Ramp
2022-01-19 15:02:17,522 - root - DEBUG - Entering PID update with parameters SetPoint:516.78, ProcValue:516.67, IMax:100.00, IMin:0.00,
2022-01-19 15:02:17,523 - root - DEBUG -   Window:30, Kp: 30.000, Ki: 1.000, Kd: 0.600
2022-01-19 15:02:17,523 - root - DEBUG - Exiting PID update with parameters Error:0.10, ITerm:49.33, DInput:1.37, Output:51.63
2022-01-19 15:02:17,523 - root - DEBUG - RunID 58, Segment 1 (loop 283) - RunState:Ramp,
                       ReadTmp:516.67, RampTmp:516.78, TargetTmp:1185.00,
                       Output:51.63, CycleOnSec:15.49, RemainTime:3:28:44
                    
2022-01-19 15:02:17,523 - root - DEBUG - ==>Relay On
2022-01-19 15:02:33,025 - root - DEBUG - ==>Relay Off
2022-01-19 15:02:33,025 - root - DEBUG - Writing stats to Firing DB table...
2022-01-19 15:02:33,043 - root - INFO - database writing complete1
2022-01-19 15:02:33,043 - root - INFO - RunState end: Ramp
2022-01-19 15:02:47,522 - root - DEBUG - Entering PID update with parameters SetPoint:518.19, ProcValue:518.11, IMax:100.00, IMin:0.00,
2022-01-19 15:02:47,522 - root - DEBUG -   Window:30, Kp: 30.000, Ki: 1.000, Kd: 0.600
2022-01-19 15:02:47,523 - root - DEBUG - Exiting PID update with parameters Error:0.08, ITerm:49.41, DInput:1.44, Output:51.05
2022-01-19 15:02:47,523 - root - DEBUG - RunID 58, Segment 1 (loop 284) - RunState:Ramp,
                       ReadTmp:518.11, RampTmp:518.19, TargetTmp:1185.00,
                       Output:51.05, CycleOnSec:15.31, RemainTime:3:28:14
                    
2022-01-19 15:02:47,523 - root - DEBUG - ==>Relay On
2022-01-19 15:03:02,845 - root - DEBUG - ==>Relay Off
2022-01-19 15:03:02,846 - root - DEBUG - Writing stats to Firing DB table...
2022-01-19 15:03:02,867 - root - INFO - database writing complete1
2022-01-19 15:03:02,867 - root - INFO - RunState end: Ramp
2022-01-19 15:03:17,522 - root - DEBUG - Entering PID update with parameters SetPoint:519.61, ProcValue:519.42, IMax:100.00, IMin:0.00,
2022-01-19 15:03:17,523 - root - DEBUG -   Window:30, Kp: 30.000, Ki: 1.000, Kd: 0.600
2022-01-19 15:03:17,523 - root - DEBUG - Exiting PID update with parameters Error:0.19, ITerm:49.60, DInput:1.31, Output:54.44
2022-01-19 15:03:17,523 - root - DEBUG - RunID 58, Segment 1 (loop 285) - RunState:Ramp,
                       ReadTmp:519.42, RampTmp:519.61, TargetTmp:1185.00,
                       Output:54.44, CycleOnSec:16.33, RemainTime:3:27:44
                    
2022-01-19 15:03:17,523 - root - DEBUG - ==>Relay On
2022-01-19 15:03:33,865 - root - DEBUG - ==>Relay Off
2022-01-19 15:03:33,866 - root - DEBUG - Writing stats to Firing DB table...
2022-01-19 15:03:33,883 - root - INFO - database writing complete1
2022-01-19 15:03:33,884 - root - INFO - RunState end: Ramp
2022-01-19 15:03:47,523 - root - DEBUG - Entering PID update with parameters SetPoint:521.03, ProcValue:520.95, IMax:100.00, IMin:0.00,
2022-01-19 15:03:47,523 - root - DEBUG -   Window:30, Kp: 30.000, Ki: 1.000, Kd: 0.600
2022-01-19 15:03:47,523 - root - DEBUG - Exiting PID update with parameters Error:0.07, ITerm:49.67, DInput:1.53, Output:50.94
2022-01-19 15:03:47,524 - root - DEBUG - RunID 58, Segment 1 (loop 286) - RunState:Ramp,
                       ReadTmp:520.95, RampTmp:521.03, TargetTmp:1185.00,
                       Output:50.94, CycleOnSec:15.28, RemainTime:3:27:14
                    
2022-01-19 15:03:47,524 - root - DEBUG - ==>Relay On
2022-01-19 15:04:02,814 - root - DEBUG - ==>Relay Off
2022-01-19 15:04:02,815 - root - DEBUG - Writing stats to Firing DB table...
2022-01-19 15:04:02,837 - root - INFO - database writing complete1
2022-01-19 15:04:02,838 - root - INFO - RunState end: Ramp
2022-01-19 15:04:17,522 - root - DEBUG - Entering PID update with parameters SetPoint:522.44, ProcValue:522.49, IMax:100.00, IMin:0.00,
2022-01-19 15:04:17,522 - root - DEBUG -   Window:30, Kp: 30.000, Ki: 1.000, Kd: 0.600
2022-01-19 15:04:17,523 - root - DEBUG - Exiting PID update with parameters Error:-0.05, ITerm:49.62, DInput:1.54, Output:47.21
2022-01-19 15:04:17,523 - root - DEBUG - RunID 58, Segment 1 (loop 287) - RunState:Ramp,
                       ReadTmp:522.49, RampTmp:522.44, TargetTmp:1185.00,
                       Output:47.21, CycleOnSec:14.16, RemainTime:3:26:44
                    
2022-01-19 15:04:17,523 - root - DEBUG - ==>Relay On
2022-01-19 15:04:31,695 - root - DEBUG - ==>Relay Off
2022-01-19 15:04:31,695 - root - DEBUG - Writing stats to Firing DB table...
2022-01-19 15:04:31,727 - root - INFO - database writing complete1
2022-01-19 15:04:31,728 - root - INFO - RunState end: Ramp
2022-01-19 15:04:47,522 - root - DEBUG - Entering PID update with parameters SetPoint:523.86, ProcValue:523.63, IMax:100.00, IMin:0.00,
2022-01-19 15:04:47,522 - root - DEBUG -   Window:30, Kp: 30.000, Ki: 1.000, Kd: 0.600
2022-01-19 15:04:47,523 - root - DEBUG - Exiting PID update with parameters Error:0.23, ITerm:49.85, DInput:1.14, Output:55.96
2022-01-19 15:04:47,523 - root - DEBUG - RunID 58, Segment 1 (loop 288) - RunState:Ramp,
                       ReadTmp:523.63, RampTmp:523.86, TargetTmp:1185.00,
                       Output:55.96, CycleOnSec:16.79, RemainTime:3:26:14
                    
2022-01-19 15:04:47,523 - root - DEBUG - ==>Relay On
2022-01-19 15:05:04,328 - root - DEBUG - ==>Relay Off
2022-01-19 15:05:04,330 - root - DEBUG - Writing stats to Firing DB table...
2022-01-19 15:05:04,347 - root - INFO - database writing complete1
2022-01-19 15:05:04,348 - root - INFO - RunState end: Ramp
2022-01-19 15:05:17,522 - root - DEBUG - Entering PID update with parameters SetPoint:525.28, ProcValue:525.16, IMax:100.00, IMin:0.00,
2022-01-19 15:05:17,522 - root - DEBUG -   Window:30, Kp: 30.000, Ki: 1.000, Kd: 0.600
2022-01-19 15:05:17,523 - root - DEBUG - Exiting PID update with parameters Error:0.12, ITerm:49.97, DInput:1.52, Output:52.65
2022-01-19 15:05:17,523 - root - DEBUG - RunID 58, Segment 1 (loop 289) - RunState:Ramp,
                       ReadTmp:525.16, RampTmp:525.28, TargetTmp:1185.00,
                       Output:52.65, CycleOnSec:15.79, RemainTime:3:25:44
                    
2022-01-19 15:05:17,523 - root - DEBUG - ==>Relay On
2022-01-19 15:05:33,325 - root - DEBUG - ==>Relay Off
2022-01-19 15:05:33,325 - root - DEBUG - Writing stats to Firing DB table...
2022-01-19 15:05:33,341 - root - INFO - database writing complete1
2022-01-19 15:05:33,341 - root - INFO - RunState end: Ramp
2022-01-19 15:05:47,522 - root - DEBUG - Entering PID update with parameters SetPoint:526.69, ProcValue:526.77, IMax:100.00, IMin:0.00,
2022-01-19 15:05:47,522 - root - DEBUG -   Window:30, Kp: 30.000, Ki: 1.000, Kd: 0.600
2022-01-19 15:05:47,523 - root - DEBUG - Exiting PID update with parameters Error:-0.08, ITerm:49.89, DInput:1.62, Output:46.50
2022-01-19 15:05:47,523 - root - DEBUG - RunID 58, Segment 1 (loop 290) - RunState:Ramp,
                       ReadTmp:526.77, RampTmp:526.69, TargetTmp:1185.00,
                       Output:46.50, CycleOnSec:13.95, RemainTime:3:25:14
                    
2022-01-19 15:05:47,523 - root - DEBUG - ==>Relay On
2022-01-19 15:06:01,486 - root - DEBUG - ==>Relay Off
2022-01-19 15:06:01,487 - root - DEBUG - Writing stats to Firing DB table...
2022-01-19 15:06:01,508 - root - INFO - database writing complete1
2022-01-19 15:06:01,508 - root - INFO - RunState end: Ramp
2022-01-19 15:06:17,522 - root - DEBUG - Entering PID update with parameters SetPoint:528.11, ProcValue:527.91, IMax:100.00, IMin:0.00,
2022-01-19 15:06:17,523 - root - DEBUG -   Window:30, Kp: 30.000, Ki: 1.000, Kd: 0.600
2022-01-19 15:06:17,523 - root - DEBUG - Exiting PID update with parameters Error:0.20, ITerm:50.09, DInput:1.13, Output:55.51
2022-01-19 15:06:17,523 - root - DEBUG - RunID 58, Segment 1 (loop 291) - RunState:Ramp,
                       ReadTmp:527.91, RampTmp:528.11, TargetTmp:1185.00,
                       Output:55.51, CycleOnSec:16.65, RemainTime:3:24:44
                    
2022-01-19 15:06:17,523 - root - DEBUG - ==>Relay On
2022-01-19 15:06:34,191 - root - DEBUG - ==>Relay Off
2022-01-19 15:06:34,193 - root - DEBUG - Writing stats to Firing DB table...
2022-01-19 15:06:34,213 - root - INFO - database writing complete1
2022-01-19 15:06:34,213 - root - INFO - RunState end: Ramp
2022-01-19 15:06:47,522 - root - DEBUG - Entering PID update with parameters SetPoint:529.53, ProcValue:529.32, IMax:100.00, IMin:0.00,
2022-01-19 15:06:47,522 - root - DEBUG -   Window:30, Kp: 30.000, Ki: 1.000, Kd: 0.600
2022-01-19 15:06:47,522 - root - DEBUG - Exiting PID update with parameters Error:0.21, ITerm:50.30, DInput:1.41, Output:55.62
2022-01-19 15:06:47,523 - root - DEBUG - RunID 58, Segment 1 (loop 292) - RunState:Ramp,
                       ReadTmp:529.32, RampTmp:529.53, TargetTmp:1185.00,
                       Output:55.62, CycleOnSec:16.69, RemainTime:3:24:14
                    
2022-01-19 15:06:47,523 - root - DEBUG - ==>Relay On
2022-01-19 15:07:04,226 - root - DEBUG - ==>Relay Off
2022-01-19 15:07:04,227 - root - DEBUG - Writing stats to Firing DB table...
2022-01-19 15:07:04,264 - root - INFO - database writing complete1
2022-01-19 15:07:04,264 - root - INFO - RunState end: Ramp
2022-01-19 15:07:17,522 - root - DEBUG - Entering PID update with parameters SetPoint:530.94, ProcValue:531.04, IMax:100.00, IMin:0.00,
2022-01-19 15:07:17,522 - root - DEBUG -   Window:30, Kp: 30.000, Ki: 1.000, Kd: 0.600
2022-01-19 15:07:17,523 - root - DEBUG - Exiting PID update with parameters Error:-0.10, ITerm:50.20, DInput:1.72, Output:46.28
2022-01-19 15:07:17,523 - root - DEBUG - RunID 58, Segment 1 (loop 293) - RunState:Ramp,
                       ReadTmp:531.04, RampTmp:530.94, TargetTmp:1185.00,
                       Output:46.28, CycleOnSec:13.88, RemainTime:3:23:44
                    
2022-01-19 15:07:17,523 - root - DEBUG - ==>Relay On
2022-01-19 15:07:31,415 - root - DEBUG - ==>Relay Off
2022-01-19 15:07:31,416 - root - DEBUG - Writing stats to Firing DB table...
2022-01-19 15:07:31,432 - root - INFO - database writing complete1
2022-01-19 15:07:31,433 - root - INFO - RunState end: Ramp
2022-01-19 15:07:47,522 - root - DEBUG - Entering PID update with parameters SetPoint:532.36, ProcValue:532.10, IMax:100.00, IMin:0.00,
2022-01-19 15:07:47,522 - root - DEBUG -   Window:30, Kp: 30.000, Ki: 1.000, Kd: 0.600
2022-01-19 15:07:47,523 - root - DEBUG - Exiting PID update with parameters Error:0.26, ITerm:50.46, DInput:1.06, Output:57.56
2022-01-19 15:07:47,523 - root - DEBUG - RunID 58, Segment 1 (loop 294) - RunState:Ramp,
                       ReadTmp:532.10, RampTmp:532.36, TargetTmp:1185.00,
                       Output:57.56, CycleOnSec:17.27, RemainTime:3:23:14
                    
2022-01-19 15:07:47,523 - root - DEBUG - ==>Relay On
2022-01-19 15:08:04,800 - root - DEBUG - ==>Relay Off
2022-01-19 15:08:04,801 - root - DEBUG - Writing stats to Firing DB table...
2022-01-19 15:08:04,818 - root - INFO - database writing complete1
2022-01-19 15:08:04,819 - root - INFO - RunState end: Ramp
2022-01-19 15:08:17,522 - root - DEBUG - Entering PID update with parameters SetPoint:533.78, ProcValue:533.84, IMax:100.00, IMin:0.00,
2022-01-19 15:08:17,522 - root - DEBUG -   Window:30, Kp: 30.000, Ki: 1.000, Kd: 0.600
2022-01-19 15:08:17,523 - root - DEBUG - Exiting PID update with parameters Error:-0.07, ITerm:50.39, DInput:1.74, Output:47.31
2022-01-19 15:08:17,523 - root - DEBUG - RunID 58, Segment 1 (loop 295) - RunState:Ramp,
                       ReadTmp:533.84, RampTmp:533.78, TargetTmp:1185.00,
                       Output:47.31, CycleOnSec:14.19, RemainTime:3:22:44
                    
2022-01-19 15:08:17,523 - root - DEBUG - ==>Relay On
2022-01-19 15:08:31,725 - root - DEBUG - ==>Relay Off
2022-01-19 15:08:31,725 - root - DEBUG - Writing stats to Firing DB table...
2022-01-19 15:08:31,741 - root - INFO - database writing complete1
2022-01-19 15:08:31,742 - root - INFO - RunState end: Ramp
2022-01-19 15:08:47,522 - root - DEBUG - Entering PID update with parameters SetPoint:535.19, ProcValue:535.02, IMax:100.00, IMin:0.00,
2022-01-19 15:08:47,522 - root - DEBUG -   Window:30, Kp: 30.000, Ki: 1.000, Kd: 0.600
2022-01-19 15:08:47,523 - root - DEBUG - Exiting PID update with parameters Error:0.18, ITerm:50.57, DInput:1.17, Output:55.18
2022-01-19 15:08:47,523 - root - DEBUG - RunID 58, Segment 1 (loop 296) - RunState:Ramp,
                       ReadTmp:535.02, RampTmp:535.19, TargetTmp:1185.00,
                       Output:55.18, CycleOnSec:16.55, RemainTime:3:22:14
                    
2022-01-19 15:08:47,523 - root - DEBUG - ==>Relay On
2022-01-19 15:09:04,093 - root - DEBUG - ==>Relay Off
2022-01-19 15:09:04,094 - root - DEBUG - Writing stats to Firing DB table...
2022-01-19 15:09:04,113 - root - INFO - database writing complete1
2022-01-19 15:09:04,114 - root - INFO - RunState end: Ramp
2022-01-19 15:09:17,522 - root - DEBUG - Entering PID update with parameters SetPoint:536.61, ProcValue:536.46, IMax:100.00, IMin:0.00,
2022-01-19 15:09:17,523 - root - DEBUG -   Window:30, Kp: 30.000, Ki: 1.000, Kd: 0.600
2022-01-19 15:09:17,523 - root - DEBUG - Exiting PID update with parameters Error:0.15, ITerm:50.72, DInput:1.45, Output:54.30
2022-01-19 15:09:17,523 - root - DEBUG - RunID 58, Segment 1 (loop 297) - RunState:Ramp,
                       ReadTmp:536.46, RampTmp:536.61, TargetTmp:1185.00,
                       Output:54.30, CycleOnSec:16.29, RemainTime:3:21:44
                    
2022-01-19 15:09:17,523 - root - DEBUG - ==>Relay On
2022-01-19 15:09:33,829 - root - DEBUG - ==>Relay Off
2022-01-19 15:09:33,830 - root - DEBUG - Writing stats to Firing DB table...
2022-01-19 15:09:33,849 - root - INFO - database writing complete1
2022-01-19 15:09:33,850 - root - INFO - RunState end: Ramp
2022-01-19 15:09:47,523 - root - DEBUG - Entering PID update with parameters SetPoint:538.03, ProcValue:537.96, IMax:100.00, IMin:0.00,
2022-01-19 15:09:47,523 - root - DEBUG -   Window:30, Kp: 30.000, Ki: 1.000, Kd: 0.600
2022-01-19 15:09:47,523 - root - DEBUG - Exiting PID update with parameters Error:0.07, ITerm:50.78, DInput:1.50, Output:51.83
2022-01-19 15:09:47,523 - root - DEBUG - RunID 58, Segment 1 (loop 298) - RunState:Ramp,
                       ReadTmp:537.96, RampTmp:538.03, TargetTmp:1185.00,
                       Output:51.83, CycleOnSec:15.55, RemainTime:3:21:14
                    
2022-01-19 15:09:47,524 - root - DEBUG - ==>Relay On
2022-01-19 15:10:03,090 - root - DEBUG - ==>Relay Off
2022-01-19 15:10:03,090 - root - DEBUG - Writing stats to Firing DB table...
2022-01-19 15:10:03,105 - root - INFO - database writing complete1
2022-01-19 15:10:03,105 - root - INFO - RunState end: Ramp
2022-01-19 15:10:17,522 - root - DEBUG - Entering PID update with parameters SetPoint:539.44, ProcValue:539.48, IMax:100.00, IMin:0.00,
2022-01-19 15:10:17,522 - root - DEBUG -   Window:30, Kp: 30.000, Ki: 1.000, Kd: 0.600
2022-01-19 15:10:17,523 - root - DEBUG - Exiting PID update with parameters Error:-0.03, ITerm:50.75, DInput:1.52, Output:48.82
2022-01-19 15:10:17,523 - root - DEBUG - RunID 58, Segment 1 (loop 299) - RunState:Ramp,
                       ReadTmp:539.48, RampTmp:539.44, TargetTmp:1185.00,
                       Output:48.82, CycleOnSec:14.65, RemainTime:3:20:44
                    
2022-01-19 15:10:17,523 - root - DEBUG - ==>Relay On
2022-01-19 15:10:32,185 - root - DEBUG - ==>Relay Off
2022-01-19 15:10:32,187 - root - DEBUG - Writing stats to Firing DB table...
2022-01-19 15:10:32,210 - root - INFO - database writing complete1
2022-01-19 15:10:32,210 - root - INFO - RunState end: Ramp
2022-01-19 15:10:47,522 - root - DEBUG - Entering PID update with parameters SetPoint:540.86, ProcValue:540.64, IMax:100.00, IMin:0.00,
2022-01-19 15:10:47,522 - root - DEBUG -   Window:30, Kp: 30.000, Ki: 1.000, Kd: 0.600
2022-01-19 15:10:47,523 - root - DEBUG - Exiting PID update with parameters Error:0.22, ITerm:50.97, DInput:1.16, Output:56.83
2022-01-19 15:10:47,523 - root - DEBUG - RunID 58, Segment 1 (loop 300) - RunState:Ramp,
                       ReadTmp:540.64, RampTmp:540.86, TargetTmp:1185.00,
                       Output:56.83, CycleOnSec:17.05, RemainTime:3:20:14
                    
2022-01-19 15:10:47,523 - root - DEBUG - ==>Relay On
2022-01-19 15:11:04,589 - root - DEBUG - ==>Relay Off
2022-01-19 15:11:04,591 - root - DEBUG - Writing stats to Firing DB table...
2022-01-19 15:11:04,607 - root - INFO - database writing complete1
2022-01-19 15:11:04,608 - root - INFO - RunState end: Ramp
2022-01-19 15:11:17,523 - root - DEBUG - Entering PID update with parameters SetPoint:542.28, ProcValue:542.20, IMax:100.00, IMin:0.00,
2022-01-19 15:11:17,523 - root - DEBUG -   Window:30, Kp: 30.000, Ki: 1.000, Kd: 0.600
2022-01-19 15:11:17,523 - root - DEBUG - Exiting PID update with parameters Error:0.07, ITerm:51.04, DInput:1.56, Output:52.29
2022-01-19 15:11:17,524 - root - DEBUG - RunID 58, Segment 1 (loop 301) - RunState:Ramp,
                       ReadTmp:542.20, RampTmp:542.28, TargetTmp:1185.00,
                       Output:52.29, CycleOnSec:15.69, RemainTime:3:19:44
                    
2022-01-19 15:11:17,524 - root - DEBUG - ==>Relay On
2022-01-19 15:11:33,226 - root - DEBUG - ==>Relay Off
2022-01-19 15:11:33,227 - root - DEBUG - Writing stats to Firing DB table...
2022-01-19 15:11:33,244 - root - INFO - database writing complete1
2022-01-19 15:11:33,245 - root - INFO - RunState end: Ramp
2022-01-19 15:11:47,522 - root - DEBUG - Entering PID update with parameters SetPoint:543.69, ProcValue:543.74, IMax:100.00, IMin:0.00,
2022-01-19 15:11:47,523 - root - DEBUG -   Window:30, Kp: 30.000, Ki: 1.000, Kd: 0.600
2022-01-19 15:11:47,523 - root - DEBUG - Exiting PID update with parameters Error:-0.05, ITerm:50.99, DInput:1.54, Output:48.58
2022-01-19 15:11:47,523 - root - DEBUG - RunID 58, Segment 1 (loop 302) - RunState:Ramp,
                       ReadTmp:543.74, RampTmp:543.69, TargetTmp:1185.00,
                       Output:48.58, CycleOnSec:14.57, RemainTime:3:19:14
                    
2022-01-19 15:11:47,523 - root - DEBUG - ==>Relay On
2022-01-19 15:12:02,106 - root - DEBUG - ==>Relay Off
2022-01-19 15:12:02,107 - root - DEBUG - Writing stats to Firing DB table...
2022-01-19 15:12:02,125 - root - INFO - database writing complete1
2022-01-19 15:12:02,125 - root - INFO - RunState end: Ramp
2022-01-19 15:12:17,522 - root - DEBUG - Entering PID update with parameters SetPoint:545.11, ProcValue:544.84, IMax:100.00, IMin:0.00,
2022-01-19 15:12:17,523 - root - DEBUG -   Window:30, Kp: 30.000, Ki: 1.000, Kd: 0.600
2022-01-19 15:12:17,523 - root - DEBUG - Exiting PID update with parameters Error:0.27, ITerm:51.26, DInput:1.09, Output:58.81
2022-01-19 15:12:17,523 - root - DEBUG - RunID 58, Segment 1 (loop 303) - RunState:Ramp,
                       ReadTmp:544.84, RampTmp:545.11, TargetTmp:1185.00,
                       Output:58.81, CycleOnSec:17.64, RemainTime:3:18:44
                    
2022-01-19 15:12:17,523 - root - DEBUG - ==>Relay On
2022-01-19 15:12:35,184 - root - DEBUG - ==>Relay Off
2022-01-19 15:12:35,185 - root - DEBUG - Writing stats to Firing DB table...
2022-01-19 15:12:35,204 - root - INFO - database writing complete1
2022-01-19 15:12:35,205 - root - INFO - RunState end: Ramp
2022-01-19 15:12:47,522 - root - DEBUG - Entering PID update with parameters SetPoint:546.53, ProcValue:546.49, IMax:100.00, IMin:0.00,
2022-01-19 15:12:47,523 - root - DEBUG -   Window:30, Kp: 30.000, Ki: 1.000, Kd: 0.600
2022-01-19 15:12:47,523 - root - DEBUG - Exiting PID update with parameters Error:0.03, ITerm:51.30, DInput:1.66, Output:51.32
2022-01-19 15:12:47,523 - root - DEBUG - RunID 58, Segment 1 (loop 304) - RunState:Ramp,
                       ReadTmp:546.49, RampTmp:546.53, TargetTmp:1185.00,
                       Output:51.32, CycleOnSec:15.40, RemainTime:3:18:14
                    
2022-01-19 15:12:47,523 - root - DEBUG - ==>Relay On
2022-01-19 15:13:02,925 - root - DEBUG - ==>Relay Off
2022-01-19 15:13:02,925 - root - DEBUG - Writing stats to Firing DB table...
2022-01-19 15:13:02,946 - root - INFO - database writing complete1
2022-01-19 15:13:02,947 - root - INFO - RunState end: Ramp
2022-01-19 15:13:17,524 - root - DEBUG - Entering PID update with parameters SetPoint:547.94, ProcValue:548.04, IMax:100.00, IMin:0.00,
2022-01-19 15:13:17,524 - root - DEBUG -   Window:30, Kp: 30.000, Ki: 1.000, Kd: 0.600
2022-01-19 15:13:17,524 - root - DEBUG - Exiting PID update with parameters Error:-0.10, ITerm:51.20, DInput:1.55, Output:47.38
2022-01-19 15:13:17,525 - root - DEBUG - RunID 58, Segment 1 (loop 305) - RunState:Ramp,
                       ReadTmp:548.04, RampTmp:547.94, TargetTmp:1185.00,
                       Output:47.38, CycleOnSec:14.21, RemainTime:3:17:44
                    
2022-01-19 15:13:17,525 - root - DEBUG - ==>Relay On
2022-01-19 15:13:31,745 - root - DEBUG - ==>Relay Off
2022-01-19 15:13:31,745 - root - DEBUG - Writing stats to Firing DB table...
2022-01-19 15:13:31,773 - root - INFO - database writing complete1
2022-01-19 15:13:31,773 - root - INFO - RunState end: Ramp
2022-01-19 15:13:47,522 - root - DEBUG - Entering PID update with parameters SetPoint:549.36, ProcValue:549.07, IMax:100.00, IMin:0.00,
2022-01-19 15:13:47,523 - root - DEBUG -   Window:30, Kp: 30.000, Ki: 1.000, Kd: 0.600
2022-01-19 15:13:47,523 - root - DEBUG - Exiting PID update with parameters Error:0.29, ITerm:51.49, DInput:1.03, Output:59.54
2022-01-19 15:13:47,523 - root - DEBUG - RunID 58, Segment 1 (loop 306) - RunState:Ramp,
                       ReadTmp:549.07, RampTmp:549.36, TargetTmp:1185.00,
                       Output:59.54, CycleOnSec:17.86, RemainTime:3:17:14
                    
2022-01-19 15:13:47,523 - root - DEBUG - ==>Relay On
2022-01-19 15:14:05,404 - root - DEBUG - ==>Relay Off
2022-01-19 15:14:05,405 - root - DEBUG - Writing stats to Firing DB table...
2022-01-19 15:14:05,432 - root - INFO - database writing complete1
2022-01-19 15:14:05,433 - root - INFO - RunState end: Ramp
2022-01-19 15:14:17,522 - root - DEBUG - Entering PID update with parameters SetPoint:550.78, ProcValue:550.69, IMax:100.00, IMin:0.00,
2022-01-19 15:14:17,522 - root - DEBUG -   Window:30, Kp: 30.000, Ki: 1.000, Kd: 0.600
2022-01-19 15:14:17,523 - root - DEBUG - Exiting PID update with parameters Error:0.09, ITerm:51.58, DInput:1.62, Output:53.26
2022-01-19 15:14:17,523 - root - DEBUG - RunID 58, Segment 1 (loop 307) - RunState:Ramp,
                       ReadTmp:550.69, RampTmp:550.78, TargetTmp:1185.00,
                       Output:53.26, CycleOnSec:15.98, RemainTime:3:16:44
                    
2022-01-19 15:14:17,523 - root - DEBUG - ==>Relay On
2022-01-19 15:14:33,518 - root - DEBUG - ==>Relay Off
2022-01-19 15:14:33,519 - root - DEBUG - Writing stats to Firing DB table...
2022-01-19 15:14:33,536 - root - INFO - database writing complete1
2022-01-19 15:14:33,536 - root - INFO - RunState end: Ramp
2022-01-19 15:14:47,523 - root - DEBUG - Entering PID update with parameters SetPoint:552.19, ProcValue:552.26, IMax:100.00, IMin:0.00,
2022-01-19 15:14:47,523 - root - DEBUG -   Window:30, Kp: 30.000, Ki: 1.000, Kd: 0.600
2022-01-19 15:14:47,523 - root - DEBUG - Exiting PID update with parameters Error:-0.07, ITerm:51.51, DInput:1.57, Output:48.62
2022-01-19 15:14:47,523 - root - DEBUG - RunID 58, Segment 1 (loop 308) - RunState:Ramp,
                       ReadTmp:552.26, RampTmp:552.19, TargetTmp:1185.00,
                       Output:48.62, CycleOnSec:14.59, RemainTime:3:16:14
                    
2022-01-19 15:14:47,524 - root - DEBUG - ==>Relay On
2022-01-19 15:15:02,113 - root - DEBUG - ==>Relay Off
2022-01-19 15:15:02,114 - root - DEBUG - Writing stats to Firing DB table...
2022-01-19 15:15:02,130 - root - INFO - database writing complete1
2022-01-19 15:15:02,130 - root - INFO - RunState end: Ramp
2022-01-19 15:15:17,522 - root - DEBUG - Entering PID update with parameters SetPoint:553.61, ProcValue:553.30, IMax:100.00, IMin:0.00,
2022-01-19 15:15:17,523 - root - DEBUG -   Window:30, Kp: 30.000, Ki: 1.000, Kd: 0.600
2022-01-19 15:15:17,523 - root - DEBUG - Exiting PID update with parameters Error:0.31, ITerm:51.83, DInput:1.04, Output:60.58
2022-01-19 15:15:17,523 - root - DEBUG - RunID 58, Segment 1 (loop 309) - RunState:Ramp,
                       ReadTmp:553.30, RampTmp:553.61, TargetTmp:1185.00,
                       Output:60.58, CycleOnSec:18.17, RemainTime:3:15:44
                    
2022-01-19 15:15:17,523 - root - DEBUG - ==>Relay On
2022-01-19 15:15:35,715 - root - DEBUG - ==>Relay Off
2022-01-19 15:15:35,716 - root - DEBUG - Writing stats to Firing DB table...
2022-01-19 15:15:35,745 - root - INFO - database writing complete1
2022-01-19 15:15:35,746 - root - INFO - RunState end: Ramp
2022-01-19 15:15:47,522 - root - DEBUG - Entering PID update with parameters SetPoint:555.03, ProcValue:555.09, IMax:100.00, IMin:0.00,
2022-01-19 15:15:47,523 - root - DEBUG -   Window:30, Kp: 30.000, Ki: 1.000, Kd: 0.600
2022-01-19 15:15:47,523 - root - DEBUG - Exiting PID update with parameters Error:-0.06, ITerm:51.77, DInput:1.79, Output:48.90
2022-01-19 15:15:47,523 - root - DEBUG - RunID 58, Segment 1 (loop 310) - RunState:Ramp,
                       ReadTmp:555.09, RampTmp:555.03, TargetTmp:1185.00,
                       Output:48.90, CycleOnSec:14.67, RemainTime:3:15:14
                    
2022-01-19 15:15:47,523 - root - DEBUG - ==>Relay On
2022-01-19 15:16:02,194 - root - DEBUG - ==>Relay Off
2022-01-19 15:16:02,195 - root - DEBUG - Writing stats to Firing DB table...
2022-01-19 15:16:02,216 - root - INFO - database writing complete1
2022-01-19 15:16:02,216 - root - INFO - RunState end: Ramp
2022-01-19 15:16:17,524 - root - DEBUG - Entering PID update with parameters SetPoint:556.44, ProcValue:556.51, IMax:100.00, IMin:0.00,
2022-01-19 15:16:17,524 - root - DEBUG -   Window:30, Kp: 30.000, Ki: 1.000, Kd: 0.600
2022-01-19 15:16:17,524 - root - DEBUG - Exiting PID update with parameters Error:-0.07, ITerm:51.70, DInput:1.42, Output:48.89
2022-01-19 15:16:17,525 - root - DEBUG - RunID 58, Segment 1 (loop 311) - RunState:Ramp,
                       ReadTmp:556.51, RampTmp:556.44, TargetTmp:1185.00,
                       Output:48.89, CycleOnSec:14.67, RemainTime:3:14:44
                    
2022-01-19 15:16:17,525 - root - DEBUG - ==>Relay On
2022-01-19 15:16:32,208 - root - DEBUG - ==>Relay Off
2022-01-19 15:16:32,209 - root - DEBUG - Writing stats to Firing DB table...
2022-01-19 15:16:32,224 - root - INFO - database writing complete1
2022-01-19 15:16:32,225 - root - INFO - RunState end: Ramp
2022-01-19 15:16:47,523 - root - DEBUG - Entering PID update with parameters SetPoint:557.86, ProcValue:557.40, IMax:100.00, IMin:0.00,
2022-01-19 15:16:47,524 - root - DEBUG -   Window:30, Kp: 30.000, Ki: 1.000, Kd: 0.600
2022-01-19 15:16:47,524 - root - DEBUG - Exiting PID update with parameters Error:0.46, ITerm:52.16, DInput:0.89, Output:65.46
2022-01-19 15:16:47,524 - root - DEBUG - RunID 58, Segment 1 (loop 312) - RunState:Ramp,
                       ReadTmp:557.40, RampTmp:557.86, TargetTmp:1185.00,
                       Output:65.46, CycleOnSec:19.64, RemainTime:3:14:14
                    
2022-01-19 15:16:47,524 - root - DEBUG - ==>Relay On
2022-01-19 15:17:07,181 - root - DEBUG - ==>Relay Off
2022-01-19 15:17:07,188 - root - DEBUG - Writing stats to Firing DB table...
2022-01-19 15:17:07,214 - root - INFO - database writing complete1
2022-01-19 15:17:07,215 - root - INFO - RunState end: Ramp
2022-01-19 15:17:17,529 - root - DEBUG - Entering PID update with parameters SetPoint:559.28, ProcValue:559.45, IMax:100.00, IMin:0.00,
2022-01-19 15:17:17,529 - root - DEBUG -   Window:30, Kp: 30.000, Ki: 1.000, Kd: 0.600
2022-01-19 15:17:17,529 - root - DEBUG - Exiting PID update with parameters Error:-0.18, ITerm:51.98, DInput:2.05, Output:45.44
2022-01-19 15:17:17,529 - root - DEBUG - RunID 58, Segment 1 (loop 313) - RunState:Ramp,
                       ReadTmp:559.45, RampTmp:559.28, TargetTmp:1185.00,
                       Output:45.44, CycleOnSec:13.63, RemainTime:3:13:44
                    
2022-01-19 15:17:17,530 - root - DEBUG - ==>Relay On
2022-01-19 15:17:31,175 - root - DEBUG - ==>Relay Off
2022-01-19 15:17:31,177 - root - DEBUG - Writing stats to Firing DB table...
2022-01-19 15:17:31,202 - root - INFO - database writing complete1
2022-01-19 15:17:31,203 - root - INFO - RunState end: Ramp
2022-01-19 15:17:47,522 - root - DEBUG - Entering PID update with parameters SetPoint:560.69, ProcValue:560.63, IMax:100.00, IMin:0.00,
2022-01-19 15:17:47,523 - root - DEBUG -   Window:30, Kp: 30.000, Ki: 1.000, Kd: 0.600
2022-01-19 15:17:47,523 - root - DEBUG - Exiting PID update with parameters Error:0.06, ITerm:52.04, DInput:1.18, Output:53.13
2022-01-19 15:17:47,523 - root - DEBUG - RunID 58, Segment 1 (loop 314) - RunState:Ramp,
                       ReadTmp:560.63, RampTmp:560.69, TargetTmp:1185.00,
                       Output:53.13, CycleOnSec:15.94, RemainTime:3:13:14
                    
2022-01-19 15:17:47,525 - root - DEBUG - ==>Relay On
2022-01-19 15:18:03,480 - root - DEBUG - ==>Relay Off
2022-01-19 15:18:03,481 - root - DEBUG - Writing stats to Firing DB table...
2022-01-19 15:18:03,494 - root - INFO - database writing complete1
2022-01-19 15:18:03,495 - root - INFO - RunState end: Ramp
2022-01-19 15:18:17,523 - root - DEBUG - Entering PID update with parameters SetPoint:562.11, ProcValue:561.87, IMax:100.00, IMin:0.00,
2022-01-19 15:18:17,523 - root - DEBUG -   Window:30, Kp: 30.000, Ki: 1.000, Kd: 0.600
2022-01-19 15:18:17,523 - root - DEBUG - Exiting PID update with parameters Error:0.24, ITerm:52.29, DInput:1.23, Output:58.81
2022-01-19 15:18:17,523 - root - DEBUG - RunID 58, Segment 1 (loop 315) - RunState:Ramp,
                       ReadTmp:561.87, RampTmp:562.11, TargetTmp:1185.00,
                       Output:58.81, CycleOnSec:17.64, RemainTime:3:12:44
                    
2022-01-19 15:18:17,523 - root - DEBUG - ==>Relay On
2022-01-19 15:18:35,185 - root - DEBUG - ==>Relay Off
2022-01-19 15:18:35,186 - root - DEBUG - Writing stats to Firing DB table...
2022-01-19 15:18:35,201 - root - INFO - database writing complete1
2022-01-19 15:18:35,202 - root - INFO - RunState end: Ramp
2022-01-19 15:18:47,522 - root - DEBUG - Entering PID update with parameters SetPoint:563.53, ProcValue:563.55, IMax:100.00, IMin:0.00,
2022-01-19 15:18:47,523 - root - DEBUG -   Window:30, Kp: 30.000, Ki: 1.000, Kd: 0.600
2022-01-19 15:18:47,523 - root - DEBUG - Exiting PID update with parameters Error:-0.03, ITerm:52.26, DInput:1.69, Output:50.39
2022-01-19 15:18:47,523 - root - DEBUG - RunID 58, Segment 1 (loop 316) - RunState:Ramp,
                       ReadTmp:563.55, RampTmp:563.53, TargetTmp:1185.00,
                       Output:50.39, CycleOnSec:15.12, RemainTime:3:12:14
                    
2022-01-19 15:18:47,523 - root - DEBUG - ==>Relay On
2022-01-19 15:19:02,645 - root - DEBUG - ==>Relay Off
2022-01-19 15:19:02,646 - root - DEBUG - Writing stats to Firing DB table...
2022-01-19 15:19:02,690 - root - INFO - database writing complete1
2022-01-19 15:19:02,690 - root - INFO - RunState end: Ramp
2022-01-19 15:19:17,522 - root - DEBUG - Entering PID update with parameters SetPoint:564.94, ProcValue:564.84, IMax:100.00, IMin:0.00,
2022-01-19 15:19:17,523 - root - DEBUG -   Window:30, Kp: 30.000, Ki: 1.000, Kd: 0.600
2022-01-19 15:19:17,523 - root - DEBUG - Exiting PID update with parameters Error:0.10, ITerm:52.36, DInput:1.29, Output:54.55
2022-01-19 15:19:17,523 - root - DEBUG - RunID 58, Segment 1 (loop 317) - RunState:Ramp,
                       ReadTmp:564.84, RampTmp:564.94, TargetTmp:1185.00,
                       Output:54.55, CycleOnSec:16.37, RemainTime:3:11:44
                    
2022-01-19 15:19:17,523 - root - DEBUG - ==>Relay On
2022-01-19 15:19:33,905 - root - DEBUG - ==>Relay Off
2022-01-19 15:19:33,906 - root - DEBUG - Writing stats to Firing DB table...
2022-01-19 15:19:33,921 - root - INFO - database writing complete1
2022-01-19 15:19:33,921 - root - INFO - RunState end: Ramp
2022-01-19 15:19:47,523 - root - DEBUG - Entering PID update with parameters SetPoint:566.36, ProcValue:566.20, IMax:100.00, IMin:0.00,
2022-01-19 15:19:47,523 - root - DEBUG -   Window:30, Kp: 30.000, Ki: 1.000, Kd: 0.600
2022-01-19 15:19:47,524 - root - DEBUG - Exiting PID update with parameters Error:0.16, ITerm:52.52, DInput:1.35, Output:56.63
2022-01-19 15:19:47,524 - root - DEBUG - RunID 58, Segment 1 (loop 318) - RunState:Ramp,
                       ReadTmp:566.20, RampTmp:566.36, TargetTmp:1185.00,
                       Output:56.63, CycleOnSec:16.99, RemainTime:3:11:14
                    
2022-01-19 15:19:47,524 - root - DEBUG - ==>Relay On
2022-01-19 15:20:04,531 - root - DEBUG - ==>Relay Off
2022-01-19 15:20:04,532 - root - DEBUG - Writing stats to Firing DB table...
2022-01-19 15:20:04,547 - root - INFO - database writing complete1
2022-01-19 15:20:04,547 - root - INFO - RunState end: Ramp
2022-01-19 15:20:17,523 - root - DEBUG - Entering PID update with parameters SetPoint:567.78, ProcValue:567.72, IMax:100.00, IMin:0.00,
2022-01-19 15:20:17,523 - root - DEBUG -   Window:30, Kp: 30.000, Ki: 1.000, Kd: 0.600
2022-01-19 15:20:17,524 - root - DEBUG - Exiting PID update with parameters Error:0.06, ITerm:52.58, DInput:1.52, Output:53.38
2022-01-19 15:20:17,524 - root - DEBUG - RunID 58, Segment 1 (loop 319) - RunState:Ramp,
                       ReadTmp:567.72, RampTmp:567.78, TargetTmp:1185.00,
                       Output:53.38, CycleOnSec:16.01, RemainTime:3:10:44
                    
2022-01-19 15:20:17,524 - root - DEBUG - ==>Relay On
2022-01-19 15:20:33,552 - root - DEBUG - ==>Relay Off
2022-01-19 15:20:33,552 - root - DEBUG - Writing stats to Firing DB table...
2022-01-19 15:20:33,566 - root - INFO - database writing complete1
2022-01-19 15:20:33,567 - root - INFO - RunState end: Ramp
2022-01-19 15:20:47,523 - root - DEBUG - Entering PID update with parameters SetPoint:569.19, ProcValue:569.16, IMax:100.00, IMin:0.00,
2022-01-19 15:20:47,524 - root - DEBUG -   Window:30, Kp: 30.000, Ki: 1.000, Kd: 0.600
2022-01-19 15:20:47,524 - root - DEBUG - Exiting PID update with parameters Error:0.03, ITerm:52.61, DInput:1.45, Output:52.60
2022-01-19 15:20:47,524 - root - DEBUG - RunID 58, Segment 1 (loop 320) - RunState:Ramp,
                       ReadTmp:569.16, RampTmp:569.19, TargetTmp:1185.00,
                       Output:52.60, CycleOnSec:15.78, RemainTime:3:10:14
                    
2022-01-19 15:20:47,525 - root - DEBUG - ==>Relay On
2022-01-19 15:21:03,320 - root - DEBUG - ==>Relay Off
2022-01-19 15:21:03,321 - root - DEBUG - Writing stats to Firing DB table...
2022-01-19 15:21:03,335 - root - INFO - database writing complete1
2022-01-19 15:21:03,336 - root - INFO - RunState end: Ramp
2022-01-19 15:21:17,523 - root - DEBUG - Entering PID update with parameters SetPoint:570.61, ProcValue:570.44, IMax:100.00, IMin:0.00,
2022-01-19 15:21:17,528 - root - DEBUG -   Window:30, Kp: 30.000, Ki: 1.000, Kd: 0.600
2022-01-19 15:21:17,529 - root - DEBUG - Exiting PID update with parameters Error:0.17, ITerm:52.78, DInput:1.27, Output:57.17
2022-01-19 15:21:17,529 - root - DEBUG - RunID 58, Segment 1 (loop 321) - RunState:Ramp,
                       ReadTmp:570.44, RampTmp:570.61, TargetTmp:1185.00,
                       Output:57.17, CycleOnSec:17.15, RemainTime:3:09:44
                    
2022-01-19 15:21:17,529 - root - DEBUG - ==>Relay On
2022-01-19 15:21:34,698 - root - DEBUG - ==>Relay Off
2022-01-19 15:21:34,700 - root - DEBUG - Writing stats to Firing DB table...
2022-01-19 15:21:34,717 - root - INFO - database writing complete1
2022-01-19 15:21:34,718 - root - INFO - RunState end: Ramp
2022-01-19 15:21:47,523 - root - DEBUG - Entering PID update with parameters SetPoint:572.03, ProcValue:571.95, IMax:100.00, IMin:0.00,
2022-01-19 15:21:47,528 - root - DEBUG -   Window:30, Kp: 30.000, Ki: 1.000, Kd: 0.600
2022-01-19 15:21:47,528 - root - DEBUG - Exiting PID update with parameters Error:0.07, ITerm:52.85, DInput:1.52, Output:54.13
2022-01-19 15:21:47,529 - root - DEBUG - RunID 58, Segment 1 (loop 322) - RunState:Ramp,
                       ReadTmp:571.95, RampTmp:572.03, TargetTmp:1185.00,
                       Output:54.13, CycleOnSec:16.24, RemainTime:3:09:14
                    
2022-01-19 15:21:47,529 - root - DEBUG - ==>Relay On
2022-01-19 15:22:03,784 - root - DEBUG - ==>Relay Off
2022-01-19 15:22:03,785 - root - DEBUG - Writing stats to Firing DB table...
2022-01-19 15:22:03,800 - root - INFO - database writing complete1
2022-01-19 15:22:03,800 - root - INFO - RunState end: Ramp
2022-01-19 15:22:17,523 - root - DEBUG - Entering PID update with parameters SetPoint:573.44, ProcValue:573.43, IMax:100.00, IMin:0.00,
2022-01-19 15:22:17,523 - root - DEBUG -   Window:30, Kp: 30.000, Ki: 1.000, Kd: 0.600
2022-01-19 15:22:17,524 - root - DEBUG - Exiting PID update with parameters Error:0.01, ITerm:52.86, DInput:1.48, Output:52.37
2022-01-19 15:22:17,524 - root - DEBUG - RunID 58, Segment 1 (loop 323) - RunState:Ramp,
                       ReadTmp:573.43, RampTmp:573.44, TargetTmp:1185.00,
                       Output:52.37, CycleOnSec:15.71, RemainTime:3:08:44
                    
2022-01-19 15:22:17,524 - root - DEBUG - ==>Relay On
2022-01-19 15:22:33,245 - root - DEBUG - ==>Relay Off
2022-01-19 15:22:33,246 - root - DEBUG - Writing stats to Firing DB table...
2022-01-19 15:22:33,260 - root - INFO - database writing complete1
2022-01-19 15:22:33,260 - root - INFO - RunState end: Ramp
2022-01-19 15:22:47,523 - root - DEBUG - Entering PID update with parameters SetPoint:574.86, ProcValue:574.70, IMax:100.00, IMin:0.00,
2022-01-19 15:22:47,523 - root - DEBUG -   Window:30, Kp: 30.000, Ki: 1.000, Kd: 0.600
2022-01-19 15:22:47,523 - root - DEBUG - Exiting PID update with parameters Error:0.16, ITerm:53.03, DInput:1.27, Output:57.19
2022-01-19 15:22:47,523 - root - DEBUG - RunID 58, Segment 1 (loop 324) - RunState:Ramp,
                       ReadTmp:574.70, RampTmp:574.86, TargetTmp:1185.00,
                       Output:57.19, CycleOnSec:17.16, RemainTime:3:08:14
                    
2022-01-19 15:22:47,524 - root - DEBUG - ==>Relay On
2022-01-19 15:23:04,698 - root - DEBUG - ==>Relay Off
2022-01-19 15:23:04,700 - root - DEBUG - Writing stats to Firing DB table...
2022-01-19 15:23:04,716 - root - INFO - database writing complete1
2022-01-19 15:23:04,716 - root - INFO - RunState end: Ramp
2022-01-19 15:23:17,522 - root - DEBUG - Entering PID update with parameters SetPoint:576.28, ProcValue:576.19, IMax:100.00, IMin:0.00,
2022-01-19 15:23:17,523 - root - DEBUG -   Window:30, Kp: 30.000, Ki: 1.000, Kd: 0.600
2022-01-19 15:23:17,523 - root - DEBUG - Exiting PID update with parameters Error:0.09, ITerm:53.12, DInput:1.49, Output:54.88
2022-01-19 15:23:17,523 - root - DEBUG - RunID 58, Segment 1 (loop 325) - RunState:Ramp,
                       ReadTmp:576.19, RampTmp:576.28, TargetTmp:1185.00,
                       Output:54.88, CycleOnSec:16.46, RemainTime:3:07:44
                    
2022-01-19 15:23:17,523 - root - DEBUG - ==>Relay On
2022-01-19 15:23:34,003 - root - DEBUG - ==>Relay Off
2022-01-19 15:23:34,005 - root - DEBUG - Writing stats to Firing DB table...
2022-01-19 15:23:34,020 - root - INFO - database writing complete1
2022-01-19 15:23:34,021 - root - INFO - RunState end: Ramp
2022-01-19 15:23:47,522 - root - DEBUG - Entering PID update with parameters SetPoint:577.69, ProcValue:577.65, IMax:100.00, IMin:0.00,
2022-01-19 15:23:47,523 - root - DEBUG -   Window:30, Kp: 30.000, Ki: 1.000, Kd: 0.600
2022-01-19 15:23:47,523 - root - DEBUG - Exiting PID update with parameters Error:0.04, ITerm:53.16, DInput:1.46, Output:53.61
2022-01-19 15:23:47,523 - root - DEBUG - RunID 58, Segment 1 (loop 326) - RunState:Ramp,
                       ReadTmp:577.65, RampTmp:577.69, TargetTmp:1185.00,
                       Output:53.61, CycleOnSec:16.08, RemainTime:3:07:14
                    
2022-01-19 15:23:47,523 - root - DEBUG - ==>Relay On
2022-01-19 15:24:03,611 - root - DEBUG - ==>Relay Off
2022-01-19 15:24:03,612 - root - DEBUG - Writing stats to Firing DB table...
2022-01-19 15:24:03,626 - root - INFO - database writing complete1
2022-01-19 15:24:03,626 - root - INFO - RunState end: Ramp
2022-01-19 15:24:17,522 - root - DEBUG - Entering PID update with parameters SetPoint:579.11, ProcValue:578.96, IMax:100.00, IMin:0.00,
2022-01-19 15:24:17,523 - root - DEBUG -   Window:30, Kp: 30.000, Ki: 1.000, Kd: 0.600
2022-01-19 15:24:17,523 - root - DEBUG - Exiting PID update with parameters Error:0.15, ITerm:53.31, DInput:1.31, Output:56.98
2022-01-19 15:24:17,523 - root - DEBUG - RunID 58, Segment 1 (loop 327) - RunState:Ramp,
                       ReadTmp:578.96, RampTmp:579.11, TargetTmp:1185.00,
                       Output:56.98, CycleOnSec:17.09, RemainTime:3:06:44
                    
2022-01-19 15:24:17,523 - root - DEBUG - ==>Relay On
2022-01-19 15:24:34,633 - root - DEBUG - ==>Relay Off
2022-01-19 15:24:34,635 - root - DEBUG - Writing stats to Firing DB table...
2022-01-19 15:24:34,651 - root - INFO - database writing complete1
2022-01-19 15:24:34,652 - root - INFO - RunState end: Ramp
2022-01-19 15:24:47,522 - root - DEBUG - Entering PID update with parameters SetPoint:580.53, ProcValue:580.58, IMax:100.00, IMin:0.00,
2022-01-19 15:24:47,523 - root - DEBUG -   Window:30, Kp: 30.000, Ki: 1.000, Kd: 0.600
2022-01-19 15:24:47,523 - root - DEBUG - Exiting PID update with parameters Error:-0.05, ITerm:53.26, DInput:1.62, Output:50.73
2022-01-19 15:24:47,523 - root - DEBUG - RunID 58, Segment 1 (loop 328) - RunState:Ramp,
                       ReadTmp:580.58, RampTmp:580.53, TargetTmp:1185.00,
                       Output:50.73, CycleOnSec:15.22, RemainTime:3:06:14
                    
2022-01-19 15:24:47,523 - root - DEBUG - ==>Relay On
2022-01-19 15:25:02,747 - root - DEBUG - ==>Relay Off
2022-01-19 15:25:02,748 - root - DEBUG - Writing stats to Firing DB table...
2022-01-19 15:25:02,765 - root - INFO - database writing complete1
2022-01-19 15:25:02,765 - root - INFO - RunState end: Ramp
2022-01-19 15:25:17,523 - root - DEBUG - Entering PID update with parameters SetPoint:581.94, ProcValue:581.69, IMax:100.00, IMin:0.00,
2022-01-19 15:25:17,523 - root - DEBUG -   Window:30, Kp: 30.000, Ki: 1.000, Kd: 0.600
2022-01-19 15:25:17,524 - root - DEBUG - Exiting PID update with parameters Error:0.26, ITerm:53.51, DInput:1.11, Output:60.50
2022-01-19 15:25:17,524 - root - DEBUG - RunID 58, Segment 1 (loop 329) - RunState:Ramp,
                       ReadTmp:581.69, RampTmp:581.94, TargetTmp:1185.00,
                       Output:60.50, CycleOnSec:18.15, RemainTime:3:05:44
                    
2022-01-19 15:25:17,524 - root - DEBUG - ==>Relay On
2022-01-19 15:25:35,694 - root - DEBUG - ==>Relay Off
2022-01-19 15:25:35,695 - root - DEBUG - Writing stats to Firing DB table...
2022-01-19 15:25:35,709 - root - INFO - database writing complete1
2022-01-19 15:25:35,709 - root - INFO - RunState end: Ramp
2022-01-19 15:25:47,523 - root - DEBUG - Entering PID update with parameters SetPoint:583.36, ProcValue:583.37, IMax:100.00, IMin:0.00,
2022-01-19 15:25:47,523 - root - DEBUG -   Window:30, Kp: 30.000, Ki: 1.000, Kd: 0.600
2022-01-19 15:25:47,523 - root - DEBUG - Exiting PID update with parameters Error:-0.01, ITerm:53.51, DInput:1.68, Output:52.26
2022-01-19 15:25:47,524 - root - DEBUG - RunID 58, Segment 1 (loop 330) - RunState:Ramp,
                       ReadTmp:583.37, RampTmp:583.36, TargetTmp:1185.00,
                       Output:52.26, CycleOnSec:15.68, RemainTime:3:05:14
                    
2022-01-19 15:25:47,524 - root - DEBUG - ==>Relay On
2022-01-19 15:26:03,215 - root - DEBUG - ==>Relay Off
2022-01-19 15:26:03,216 - root - DEBUG - Writing stats to Firing DB table...
2022-01-19 15:26:03,229 - root - INFO - database writing complete1
2022-01-19 15:26:03,229 - root - INFO - RunState end: Ramp
2022-01-19 15:26:17,524 - root - DEBUG - Entering PID update with parameters SetPoint:584.78, ProcValue:584.68, IMax:100.00, IMin:0.00,
2022-01-19 15:26:17,524 - root - DEBUG -   Window:30, Kp: 30.000, Ki: 1.000, Kd: 0.600
2022-01-19 15:26:17,529 - root - DEBUG - Exiting PID update with parameters Error:0.10, ITerm:53.60, DInput:1.31, Output:55.70
2022-01-19 15:26:17,529 - root - DEBUG - RunID 58, Segment 1 (loop 331) - RunState:Ramp,
                       ReadTmp:584.68, RampTmp:584.78, TargetTmp:1185.00,
                       Output:55.70, CycleOnSec:16.71, RemainTime:3:04:44
                    
2022-01-19 15:26:17,529 - root - DEBUG - ==>Relay On
2022-01-19 15:26:34,248 - root - DEBUG - ==>Relay Off
2022-01-19 15:26:34,249 - root - DEBUG - Writing stats to Firing DB table...
2022-01-19 15:26:34,266 - root - INFO - database writing complete1
2022-01-19 15:26:34,267 - root - INFO - RunState end: Ramp
2022-01-19 15:26:47,522 - root - DEBUG - Entering PID update with parameters SetPoint:586.19, ProcValue:586.16, IMax:100.00, IMin:0.00,
2022-01-19 15:26:47,523 - root - DEBUG -   Window:30, Kp: 30.000, Ki: 1.000, Kd: 0.600
2022-01-19 15:26:47,527 - root - DEBUG - Exiting PID update with parameters Error:0.03, ITerm:53.63, DInput:1.48, Output:53.60
2022-01-19 15:26:47,527 - root - DEBUG - RunID 58, Segment 1 (loop 332) - RunState:Ramp,
                       ReadTmp:586.16, RampTmp:586.19, TargetTmp:1185.00,
                       Output:53.60, CycleOnSec:16.08, RemainTime:3:04:14
                    
2022-01-19 15:26:47,527 - root - DEBUG - ==>Relay On
2022-01-19 15:27:03,623 - root - DEBUG - ==>Relay Off
2022-01-19 15:27:03,624 - root - DEBUG - Writing stats to Firing DB table...
2022-01-19 15:27:03,638 - root - INFO - database writing complete1
2022-01-19 15:27:03,638 - root - INFO - RunState end: Ramp
2022-01-19 15:27:17,522 - root - DEBUG - Entering PID update with parameters SetPoint:587.61, ProcValue:587.32, IMax:100.00, IMin:0.00,
2022-01-19 15:27:17,523 - root - DEBUG -   Window:30, Kp: 30.000, Ki: 1.000, Kd: 0.600
2022-01-19 15:27:17,523 - root - DEBUG - Exiting PID update with parameters Error:0.29, ITerm:53.92, DInput:1.16, Output:61.90
2022-01-19 15:27:17,523 - root - DEBUG - RunID 58, Segment 1 (loop 333) - RunState:Ramp,
                       ReadTmp:587.32, RampTmp:587.61, TargetTmp:1185.00,
                       Output:61.90, CycleOnSec:18.57, RemainTime:3:03:44
                    
2022-01-19 15:27:17,523 - root - DEBUG - ==>Relay On
2022-01-19 15:27:36,111 - root - DEBUG - ==>Relay Off
2022-01-19 15:27:36,112 - root - DEBUG - Writing stats to Firing DB table...
2022-01-19 15:27:36,128 - root - INFO - database writing complete1
2022-01-19 15:27:36,129 - root - INFO - RunState end: Ramp
2022-01-19 15:27:47,523 - root - DEBUG - Entering PID update with parameters SetPoint:589.03, ProcValue:589.23, IMax:100.00, IMin:0.00,
2022-01-19 15:27:47,523 - root - DEBUG -   Window:30, Kp: 30.000, Ki: 1.000, Kd: 0.600
2022-01-19 15:27:47,523 - root - DEBUG - Exiting PID update with parameters Error:-0.20, ITerm:53.72, DInput:1.91, Output:46.56
2022-01-19 15:27:47,523 - root - DEBUG - RunID 58, Segment 1 (loop 334) - RunState:Ramp,
                       ReadTmp:589.23, RampTmp:589.03, TargetTmp:1185.00,
                       Output:46.56, CycleOnSec:13.97, RemainTime:3:03:14
                    
2022-01-19 15:27:47,523 - root - DEBUG - ==>Relay On
2022-01-19 15:28:01,497 - root - DEBUG - ==>Relay Off
2022-01-19 15:28:01,498 - root - DEBUG - Writing stats to Firing DB table...
2022-01-19 15:28:01,512 - root - INFO - database writing complete1
2022-01-19 15:28:01,512 - root - INFO - RunState end: Ramp
2022-01-19 15:28:17,523 - root - DEBUG - Entering PID update with parameters SetPoint:590.44, ProcValue:590.09, IMax:100.00, IMin:0.00,
2022-01-19 15:28:17,523 - root - DEBUG -   Window:30, Kp: 30.000, Ki: 1.000, Kd: 0.600
2022-01-19 15:28:17,523 - root - DEBUG - Exiting PID update with parameters Error:0.35, ITerm:54.07, DInput:0.87, Output:64.02
2022-01-19 15:28:17,523 - root - DEBUG - RunID 58, Segment 1 (loop 335) - RunState:Ramp,
                       ReadTmp:590.09, RampTmp:590.44, TargetTmp:1185.00,
                       Output:64.02, CycleOnSec:19.20, RemainTime:3:02:44
                    
2022-01-19 15:28:17,523 - root - DEBUG - ==>Relay On
2022-01-19 15:28:36,748 - root - DEBUG - ==>Relay Off
2022-01-19 15:28:36,749 - root - DEBUG - Writing stats to Firing DB table...
2022-01-19 15:28:36,764 - root - INFO - database writing complete1
2022-01-19 15:28:36,765 - root - INFO - RunState end: Ramp
2022-01-19 15:28:47,522 - root - DEBUG - Entering PID update with parameters SetPoint:591.86, ProcValue:591.84, IMax:100.00, IMin:0.00,
2022-01-19 15:28:47,523 - root - DEBUG -   Window:30, Kp: 30.000, Ki: 1.000, Kd: 0.600
2022-01-19 15:28:47,523 - root - DEBUG - Exiting PID update with parameters Error:0.02, ITerm:54.08, DInput:1.75, Output:53.50
2022-01-19 15:28:47,523 - root - DEBUG - RunID 58, Segment 1 (loop 336) - RunState:Ramp,
                       ReadTmp:591.84, RampTmp:591.86, TargetTmp:1185.00,
                       Output:53.50, CycleOnSec:16.05, RemainTime:3:02:14
                    
2022-01-19 15:28:47,523 - root - DEBUG - ==>Relay On
2022-01-19 15:29:03,579 - root - DEBUG - ==>Relay Off
2022-01-19 15:29:03,579 - root - DEBUG - Writing stats to Firing DB table...
2022-01-19 15:29:03,593 - root - INFO - database writing complete1
2022-01-19 15:29:03,594 - root - INFO - RunState end: Ramp
2022-01-19 15:29:17,523 - root - DEBUG - Entering PID update with parameters SetPoint:593.28, ProcValue:593.27, IMax:100.00, IMin:0.00,
2022-01-19 15:29:17,523 - root - DEBUG -   Window:30, Kp: 30.000, Ki: 1.000, Kd: 0.600
2022-01-19 15:29:17,523 - root - DEBUG - Exiting PID update with parameters Error:0.00, ITerm:54.09, DInput:1.43, Output:53.31
2022-01-19 15:29:17,524 - root - DEBUG - RunID 58, Segment 1 (loop 337) - RunState:Ramp,
                       ReadTmp:593.27, RampTmp:593.28, TargetTmp:1185.00,
                       Output:53.31, CycleOnSec:15.99, RemainTime:3:01:44
                    
2022-01-19 15:29:17,524 - root - DEBUG - ==>Relay On
2022-01-19 15:29:33,532 - root - DEBUG - ==>Relay Off
2022-01-19 15:29:33,533 - root - DEBUG - Writing stats to Firing DB table...
2022-01-19 15:29:33,547 - root - INFO - database writing complete1
2022-01-19 15:29:33,547 - root - INFO - RunState end: Ramp
2022-01-19 15:29:47,524 - root - DEBUG - Entering PID update with parameters SetPoint:594.69, ProcValue:594.47, IMax:100.00, IMin:0.00,
2022-01-19 15:29:47,524 - root - DEBUG -   Window:30, Kp: 30.000, Ki: 1.000, Kd: 0.600
2022-01-19 15:29:47,525 - root - DEBUG - Exiting PID update with parameters Error:0.22, ITerm:54.31, DInput:1.20, Output:60.31
2022-01-19 15:29:47,525 - root - DEBUG - RunID 58, Segment 1 (loop 338) - RunState:Ramp,
                       ReadTmp:594.47, RampTmp:594.69, TargetTmp:1185.00,
                       Output:60.31, CycleOnSec:18.09, RemainTime:3:01:14
                    
2022-01-19 15:29:47,525 - root - DEBUG - ==>Relay On
2022-01-19 15:30:05,625 - root - DEBUG - ==>Relay Off
2022-01-19 15:30:05,626 - root - DEBUG - Writing stats to Firing DB table...
2022-01-19 15:30:05,648 - root - INFO - database writing complete1
2022-01-19 15:30:05,648 - root - INFO - RunState end: Ramp
2022-01-19 15:30:17,523 - root - DEBUG - Entering PID update with parameters SetPoint:596.11, ProcValue:596.12, IMax:100.00, IMin:0.00,
2022-01-19 15:30:17,523 - root - DEBUG -   Window:30, Kp: 30.000, Ki: 1.000, Kd: 0.600
2022-01-19 15:30:17,523 - root - DEBUG - Exiting PID update with parameters Error:-0.01, ITerm:54.30, DInput:1.65, Output:53.08
2022-01-19 15:30:17,523 - root - DEBUG - RunID 58, Segment 1 (loop 339) - RunState:Ramp,
                       ReadTmp:596.12, RampTmp:596.11, TargetTmp:1185.00,
                       Output:53.08, CycleOnSec:15.92, RemainTime:3:00:44
                    
2022-01-19 15:30:17,523 - root - DEBUG - ==>Relay On
2022-01-19 15:30:33,455 - root - DEBUG - ==>Relay Off
2022-01-19 15:30:33,455 - root - DEBUG - Writing stats to Firing DB table...
2022-01-19 15:30:33,485 - root - INFO - database writing complete1
2022-01-19 15:30:33,486 - root - INFO - RunState end: Ramp
2022-01-19 15:30:47,523 - root - DEBUG - Entering PID update with parameters SetPoint:597.53, ProcValue:597.36, IMax:100.00, IMin:0.00,
2022-01-19 15:30:47,523 - root - DEBUG -   Window:30, Kp: 30.000, Ki: 1.000, Kd: 0.600
2022-01-19 15:30:47,523 - root - DEBUG - Exiting PID update with parameters Error:0.17, ITerm:54.47, DInput:1.24, Output:58.72
2022-01-19 15:30:47,523 - root - DEBUG - RunID 58, Segment 1 (loop 340) - RunState:Ramp,
                       ReadTmp:597.36, RampTmp:597.53, TargetTmp:1185.00,
                       Output:58.72, CycleOnSec:17.62, RemainTime:3:00:14
                    
2022-01-19 15:30:47,523 - root - DEBUG - ==>Relay On
2022-01-19 15:31:05,158 - root - DEBUG - ==>Relay Off
2022-01-19 15:31:05,160 - root - DEBUG - Writing stats to Firing DB table...
2022-01-19 15:31:05,175 - root - INFO - database writing complete1
2022-01-19 15:31:05,175 - root - INFO - RunState end: Ramp
2022-01-19 15:31:17,522 - root - DEBUG - Entering PID update with parameters SetPoint:598.94, ProcValue:598.84, IMax:100.00, IMin:0.00,
2022-01-19 15:31:17,523 - root - DEBUG -   Window:30, Kp: 30.000, Ki: 1.000, Kd: 0.600
2022-01-19 15:31:17,523 - root - DEBUG - Exiting PID update with parameters Error:0.11, ITerm:54.58, DInput:1.48, Output:56.89
2022-01-19 15:31:17,523 - root - DEBUG - RunID 58, Segment 1 (loop 341) - RunState:Ramp,
                       ReadTmp:598.84, RampTmp:598.94, TargetTmp:1185.00,
                       Output:56.89, CycleOnSec:17.07, RemainTime:2:59:44
                    
2022-01-19 15:31:17,523 - root - DEBUG - ==>Relay On
2022-01-19 15:31:34,600 - root - DEBUG - ==>Relay Off
2022-01-19 15:31:34,601 - root - DEBUG - Writing stats to Firing DB table...
2022-01-19 15:31:34,620 - root - INFO - database writing complete1
2022-01-19 15:31:34,621 - root - INFO - RunState end: Ramp
2022-01-19 15:31:47,522 - root - DEBUG - Entering PID update with parameters SetPoint:600.36, ProcValue:600.38, IMax:100.00, IMin:0.00,
2022-01-19 15:31:47,523 - root - DEBUG -   Window:30, Kp: 30.000, Ki: 1.000, Kd: 0.600
2022-01-19 15:31:47,523 - root - DEBUG - Exiting PID update with parameters Error:-0.02, ITerm:54.56, DInput:1.54, Output:53.17
2022-01-19 15:31:47,523 - root - DEBUG - RunID 58, Segment 1 (loop 342) - RunState:Ramp,
                       ReadTmp:600.38, RampTmp:600.36, TargetTmp:1185.00,
                       Output:53.17, CycleOnSec:15.95, RemainTime:2:59:14
                    
2022-01-19 15:31:47,523 - root - DEBUG - ==>Relay On
2022-01-19 15:32:03,485 - root - DEBUG - ==>Relay Off
2022-01-19 15:32:03,489 - root - DEBUG - Writing stats to Firing DB table...
2022-01-19 15:32:03,509 - root - INFO - database writing complete1
2022-01-19 15:32:03,509 - root - INFO - RunState end: Ramp
2022-01-19 15:32:17,523 - root - DEBUG - Entering PID update with parameters SetPoint:601.78, ProcValue:601.62, IMax:100.00, IMin:0.00,
2022-01-19 15:32:17,523 - root - DEBUG -   Window:30, Kp: 30.000, Ki: 1.000, Kd: 0.600
2022-01-19 15:32:17,523 - root - DEBUG - Exiting PID update with parameters Error:0.15, ITerm:54.71, DInput:1.25, Output:58.49
2022-01-19 15:32:17,523 - root - DEBUG - RunID 58, Segment 1 (loop 343) - RunState:Ramp,
                       ReadTmp:601.62, RampTmp:601.78, TargetTmp:1185.00,
                       Output:58.49, CycleOnSec:17.55, RemainTime:2:58:44
                    
2022-01-19 15:32:17,523 - root - DEBUG - ==>Relay On
2022-01-19 15:32:35,089 - root - DEBUG - ==>Relay Off
2022-01-19 15:32:35,090 - root - DEBUG - Writing stats to Firing DB table...
2022-01-19 15:32:35,105 - root - INFO - database writing complete1
2022-01-19 15:32:35,105 - root - INFO - RunState end: Ramp
2022-01-19 15:32:47,522 - root - DEBUG - Entering PID update with parameters SetPoint:603.19, ProcValue:602.98, IMax:100.00, IMin:0.00,
2022-01-19 15:32:47,523 - root - DEBUG -   Window:30, Kp: 30.000, Ki: 1.000, Kd: 0.600
2022-01-19 15:32:47,523 - root - DEBUG - Exiting PID update with parameters Error:0.22, ITerm:54.93, DInput:1.35, Output:60.60
2022-01-19 15:32:47,523 - root - DEBUG - RunID 58, Segment 1 (loop 344) - RunState:Ramp,
                       ReadTmp:602.98, RampTmp:603.19, TargetTmp:1185.00,
                       Output:60.60, CycleOnSec:18.18, RemainTime:2:58:14
                    
2022-01-19 15:32:47,523 - root - DEBUG - ==>Relay On
2022-01-19 15:33:05,722 - root - DEBUG - ==>Relay Off
2022-01-19 15:33:05,723 - root - DEBUG - Writing stats to Firing DB table...
2022-01-19 15:33:05,741 - root - INFO - database writing complete1
2022-01-19 15:33:05,741 - root - INFO - RunState end: Ramp
2022-01-19 15:33:17,522 - root - DEBUG - Entering PID update with parameters SetPoint:604.61, ProcValue:604.72, IMax:100.00, IMin:0.00,
2022-01-19 15:33:17,523 - root - DEBUG -   Window:30, Kp: 30.000, Ki: 1.000, Kd: 0.600
2022-01-19 15:33:17,523 - root - DEBUG - Exiting PID update with parameters Error:-0.11, ITerm:54.82, DInput:1.74, Output:50.49
2022-01-19 15:33:17,523 - root - DEBUG - RunID 58, Segment 1 (loop 345) - RunState:Ramp,
                       ReadTmp:604.72, RampTmp:604.61, TargetTmp:1185.00,
                       Output:50.49, CycleOnSec:15.15, RemainTime:2:57:44
                    
2022-01-19 15:33:17,523 - root - DEBUG - ==>Relay On
2022-01-19 15:33:32,685 - root - DEBUG - ==>Relay Off
2022-01-19 15:33:32,685 - root - DEBUG - Writing stats to Firing DB table...
2022-01-19 15:33:32,704 - root - INFO - database writing complete1
2022-01-19 15:33:32,704 - root - INFO - RunState end: Ramp
2022-01-19 15:33:47,522 - root - DEBUG - Entering PID update with parameters SetPoint:606.03, ProcValue:605.84, IMax:100.00, IMin:0.00,
2022-01-19 15:33:47,523 - root - DEBUG -   Window:30, Kp: 30.000, Ki: 1.000, Kd: 0.600
2022-01-19 15:33:47,523 - root - DEBUG - Exiting PID update with parameters Error:0.18, ITerm:55.00, DInput:1.12, Output:59.79
2022-01-19 15:33:47,523 - root - DEBUG - RunID 58, Segment 1 (loop 346) - RunState:Ramp,
                       ReadTmp:605.84, RampTmp:606.03, TargetTmp:1185.00,
                       Output:59.79, CycleOnSec:17.94, RemainTime:2:57:14
                    
2022-01-19 15:33:47,523 - root - DEBUG - ==>Relay On
2022-01-19 15:34:05,466 - root - DEBUG - ==>Relay Off
2022-01-19 15:34:05,467 - root - DEBUG - Writing stats to Firing DB table...
2022-01-19 15:34:05,483 - root - INFO - database writing complete1
2022-01-19 15:34:05,484 - root - INFO - RunState end: Ramp
2022-01-19 15:34:17,522 - root - DEBUG - Entering PID update with parameters SetPoint:607.44, ProcValue:607.27, IMax:100.00, IMin:0.00,
2022-01-19 15:34:17,523 - root - DEBUG -   Window:30, Kp: 30.000, Ki: 1.000, Kd: 0.600
2022-01-19 15:34:17,523 - root - DEBUG - Exiting PID update with parameters Error:0.18, ITerm:55.18, DInput:1.42, Output:59.64
2022-01-19 15:34:17,523 - root - DEBUG - RunID 58, Segment 1 (loop 347) - RunState:Ramp,
                       ReadTmp:607.27, RampTmp:607.44, TargetTmp:1185.00,
                       Output:59.64, CycleOnSec:17.89, RemainTime:2:56:44
                    
2022-01-19 15:34:17,523 - root - DEBUG - ==>Relay On
2022-01-19 15:34:35,432 - root - DEBUG - ==>Relay Off
2022-01-19 15:34:35,434 - root - DEBUG - Writing stats to Firing DB table...
2022-01-19 15:34:35,454 - root - INFO - database writing complete1
2022-01-19 15:34:35,455 - root - INFO - RunState end: Ramp
2022-01-19 15:34:47,523 - root - DEBUG - Entering PID update with parameters SetPoint:608.86, ProcValue:608.96, IMax:100.00, IMin:0.00,
2022-01-19 15:34:47,523 - root - DEBUG -   Window:30, Kp: 30.000, Ki: 1.000, Kd: 0.600
2022-01-19 15:34:47,523 - root - DEBUG - Exiting PID update with parameters Error:-0.10, ITerm:55.08, DInput:1.70, Output:51.01
2022-01-19 15:34:47,523 - root - DEBUG - RunID 58, Segment 1 (loop 348) - RunState:Ramp,
                       ReadTmp:608.96, RampTmp:608.86, TargetTmp:1185.00,
                       Output:51.01, CycleOnSec:15.30, RemainTime:2:56:14
                    
2022-01-19 15:34:47,523 - root - DEBUG - ==>Relay On
2022-01-19 15:35:02,835 - root - DEBUG - ==>Relay Off
2022-01-19 15:35:02,835 - root - DEBUG - Writing stats to Firing DB table...
2022-01-19 15:35:02,885 - root - INFO - database writing complete1
2022-01-19 15:35:02,885 - root - INFO - RunState end: Ramp
2022-01-19 15:35:17,522 - root - DEBUG - Entering PID update with parameters SetPoint:610.28, ProcValue:610.04, IMax:100.00, IMin:0.00,
2022-01-19 15:35:17,523 - root - DEBUG -   Window:30, Kp: 30.000, Ki: 1.000, Kd: 0.600
2022-01-19 15:35:17,523 - root - DEBUG - Exiting PID update with parameters Error:0.24, ITerm:55.31, DInput:1.08, Output:61.78
2022-01-19 15:35:17,523 - root - DEBUG - RunID 58, Segment 1 (loop 349) - RunState:Ramp,
                       ReadTmp:610.04, RampTmp:610.28, TargetTmp:1185.00,
                       Output:61.78, CycleOnSec:18.53, RemainTime:2:55:44
                    
2022-01-19 15:35:17,523 - root - DEBUG - ==>Relay On
2022-01-19 15:35:36,065 - root - DEBUG - ==>Relay Off
2022-01-19 15:35:36,066 - root - DEBUG - Writing stats to Firing DB table...
2022-01-19 15:35:36,087 - root - INFO - database writing complete1
2022-01-19 15:35:36,088 - root - INFO - RunState end: Ramp
2022-01-19 15:35:47,522 - root - DEBUG - Entering PID update with parameters SetPoint:611.69, ProcValue:611.54, IMax:100.00, IMin:0.00,
2022-01-19 15:35:47,523 - root - DEBUG -   Window:30, Kp: 30.000, Ki: 1.000, Kd: 0.600
2022-01-19 15:35:47,523 - root - DEBUG - Exiting PID update with parameters Error:0.15, ITerm:55.47, DInput:1.50, Output:59.18
2022-01-19 15:35:47,523 - root - DEBUG - RunID 58, Segment 1 (loop 350) - RunState:Ramp,
                       ReadTmp:611.54, RampTmp:611.69, TargetTmp:1185.00,
                       Output:59.18, CycleOnSec:17.75, RemainTime:2:55:14
                    
2022-01-19 15:35:47,523 - root - DEBUG - ==>Relay On
2022-01-19 15:36:05,285 - root - DEBUG - ==>Relay Off
2022-01-19 15:36:05,286 - root - DEBUG - Writing stats to Firing DB table...
2022-01-19 15:36:05,308 - root - INFO - database writing complete1
2022-01-19 15:36:05,309 - root - INFO - RunState end: Ramp
2022-01-19 15:36:17,523 - root - DEBUG - Entering PID update with parameters SetPoint:613.11, ProcValue:613.20, IMax:100.00, IMin:0.00,
2022-01-19 15:36:17,523 - root - DEBUG -   Window:30, Kp: 30.000, Ki: 1.000, Kd: 0.600
2022-01-19 15:36:17,524 - root - DEBUG - Exiting PID update with parameters Error:-0.09, ITerm:55.38, DInput:1.66, Output:51.81
2022-01-19 15:36:17,524 - root - DEBUG - RunID 58, Segment 1 (loop 351) - RunState:Ramp,
                       ReadTmp:613.20, RampTmp:613.11, TargetTmp:1185.00,
                       Output:51.81, CycleOnSec:15.54, RemainTime:2:54:44
                    
2022-01-19 15:36:17,524 - root - DEBUG - ==>Relay On
2022-01-19 15:36:33,082 - root - DEBUG - ==>Relay Off
2022-01-19 15:36:33,083 - root - DEBUG - Writing stats to Firing DB table...
2022-01-19 15:36:33,100 - root - INFO - database writing complete1
2022-01-19 15:36:33,100 - root - INFO - RunState end: Ramp
2022-01-19 15:36:47,523 - root - DEBUG - Entering PID update with parameters SetPoint:614.53, ProcValue:614.32, IMax:100.00, IMin:0.00,
2022-01-19 15:36:47,523 - root - DEBUG -   Window:30, Kp: 30.000, Ki: 1.000, Kd: 0.600
2022-01-19 15:36:47,523 - root - DEBUG - Exiting PID update with parameters Error:0.21, ITerm:55.59, DInput:1.12, Output:61.08
2022-01-19 15:36:47,523 - root - DEBUG - RunID 58, Segment 1 (loop 352) - RunState:Ramp,
                       ReadTmp:614.32, RampTmp:614.53, TargetTmp:1185.00,
                       Output:61.08, CycleOnSec:18.32, RemainTime:2:54:14
                    
2022-01-19 15:36:47,523 - root - DEBUG - ==>Relay On
2022-01-19 15:37:05,867 - root - DEBUG - ==>Relay Off
2022-01-19 15:37:05,868 - root - DEBUG - Writing stats to Firing DB table...
2022-01-19 15:37:05,887 - root - INFO - database writing complete1
2022-01-19 15:37:05,887 - root - INFO - RunState end: Ramp
2022-01-19 15:37:17,523 - root - DEBUG - Entering PID update with parameters SetPoint:615.94, ProcValue:615.83, IMax:100.00, IMin:0.00,
2022-01-19 15:37:17,523 - root - DEBUG -   Window:30, Kp: 30.000, Ki: 1.000, Kd: 0.600
2022-01-19 15:37:17,523 - root - DEBUG - Exiting PID update with parameters Error:0.11, ITerm:55.70, DInput:1.51, Output:58.23
2022-01-19 15:37:17,523 - root - DEBUG - RunID 58, Segment 1 (loop 353) - RunState:Ramp,
                       ReadTmp:615.83, RampTmp:615.94, TargetTmp:1185.00,
                       Output:58.23, CycleOnSec:17.47, RemainTime:2:53:44
                    
2022-01-19 15:37:17,524 - root - DEBUG - ==>Relay On
2022-01-19 15:37:35,011 - root - DEBUG - ==>Relay Off
2022-01-19 15:37:35,013 - root - DEBUG - Writing stats to Firing DB table...
2022-01-19 15:37:35,028 - root - INFO - database writing complete1
2022-01-19 15:37:35,029 - root - INFO - RunState end: Ramp
2022-01-19 15:37:47,522 - root - DEBUG - Entering PID update with parameters SetPoint:617.36, ProcValue:617.38, IMax:100.00, IMin:0.00,
2022-01-19 15:37:47,528 - root - DEBUG -   Window:30, Kp: 30.000, Ki: 1.000, Kd: 0.600
2022-01-19 15:37:47,528 - root - DEBUG - Exiting PID update with parameters Error:-0.02, ITerm:55.68, DInput:1.55, Output:54.04
2022-01-19 15:37:47,528 - root - DEBUG - RunID 58, Segment 1 (loop 354) - RunState:Ramp,
                       ReadTmp:617.38, RampTmp:617.36, TargetTmp:1185.00,
                       Output:54.04, CycleOnSec:16.21, RemainTime:2:53:14
                    
2022-01-19 15:37:47,528 - root - DEBUG - ==>Relay On
2022-01-19 15:38:03,755 - root - DEBUG - ==>Relay Off
2022-01-19 15:38:03,755 - root - DEBUG - Writing stats to Firing DB table...
2022-01-19 15:38:03,959 - root - INFO - database writing complete1
2022-01-19 15:38:03,959 - root - INFO - RunState end: Ramp
2022-01-19 15:38:17,523 - root - DEBUG - Entering PID update with parameters SetPoint:618.78, ProcValue:618.62, IMax:100.00, IMin:0.00,
2022-01-19 15:38:17,523 - root - DEBUG -   Window:30, Kp: 30.000, Ki: 1.000, Kd: 0.600
2022-01-19 15:38:17,523 - root - DEBUG - Exiting PID update with parameters Error:0.16, ITerm:55.84, DInput:1.23, Output:59.86
2022-01-19 15:38:17,523 - root - DEBUG - RunID 58, Segment 1 (loop 355) - RunState:Ramp,
                       ReadTmp:618.62, RampTmp:618.78, TargetTmp:1185.00,
                       Output:59.86, CycleOnSec:17.96, RemainTime:2:52:44
                    
2022-01-19 15:38:17,523 - root - DEBUG - ==>Relay On
2022-01-19 15:38:35,500 - root - DEBUG - ==>Relay Off
2022-01-19 15:38:35,501 - root - DEBUG - Writing stats to Firing DB table...
2022-01-19 15:38:35,516 - root - INFO - database writing complete1
2022-01-19 15:38:35,517 - root - INFO - RunState end: Ramp
2022-01-19 15:38:47,522 - root - DEBUG - Entering PID update with parameters SetPoint:620.19, ProcValue:620.02, IMax:100.00, IMin:0.00,
2022-01-19 15:38:47,523 - root - DEBUG -   Window:30, Kp: 30.000, Ki: 1.000, Kd: 0.600
2022-01-19 15:38:47,523 - root - DEBUG - Exiting PID update with parameters Error:0.18, ITerm:56.01, DInput:1.40, Output:60.49
2022-01-19 15:38:47,523 - root - DEBUG - RunID 58, Segment 1 (loop 356) - RunState:Ramp,
                       ReadTmp:620.02, RampTmp:620.19, TargetTmp:1185.00,
                       Output:60.49, CycleOnSec:18.15, RemainTime:2:52:14
                    
2022-01-19 15:38:47,523 - root - DEBUG - ==>Relay On
2022-01-19 15:39:05,677 - root - DEBUG - ==>Relay Off
2022-01-19 15:39:05,678 - root - DEBUG - Writing stats to Firing DB table...
2022-01-19 15:39:05,693 - root - INFO - database writing complete1
2022-01-19 15:39:05,693 - root - INFO - RunState end: Ramp
2022-01-19 15:39:17,523 - root - DEBUG - Entering PID update with parameters SetPoint:621.61, ProcValue:621.58, IMax:100.00, IMin:0.00,
2022-01-19 15:39:17,523 - root - DEBUG -   Window:30, Kp: 30.000, Ki: 1.000, Kd: 0.600
2022-01-19 15:39:17,523 - root - DEBUG - Exiting PID update with parameters Error:0.03, ITerm:56.04, DInput:1.56, Output:56.04
2022-01-19 15:39:17,523 - root - DEBUG - RunID 58, Segment 1 (loop 357) - RunState:Ramp,
                       ReadTmp:621.58, RampTmp:621.61, TargetTmp:1185.00,
                       Output:56.04, CycleOnSec:16.81, RemainTime:2:51:44
                    
2022-01-19 15:39:17,523 - root - DEBUG - ==>Relay On
2022-01-19 15:39:34,354 - root - DEBUG - ==>Relay Off
2022-01-19 15:39:34,354 - root - DEBUG - Writing stats to Firing DB table...
2022-01-19 15:39:34,368 - root - INFO - database writing complete1
2022-01-19 15:39:34,368 - root - INFO - RunState end: Ramp
2022-01-19 15:39:47,522 - root - DEBUG - Entering PID update with parameters SetPoint:623.03, ProcValue:622.93, IMax:100.00, IMin:0.00,
2022-01-19 15:39:47,523 - root - DEBUG -   Window:30, Kp: 30.000, Ki: 1.000, Kd: 0.600
2022-01-19 15:39:47,523 - root - DEBUG - Exiting PID update with parameters Error:0.10, ITerm:56.14, DInput:1.35, Output:58.22
2022-01-19 15:39:47,523 - root - DEBUG - RunID 58, Segment 1 (loop 358) - RunState:Ramp,
                       ReadTmp:622.93, RampTmp:623.03, TargetTmp:1185.00,
                       Output:58.22, CycleOnSec:17.47, RemainTime:2:51:14
                    
2022-01-19 15:39:47,523 - root - DEBUG - ==>Relay On
2022-01-19 15:40:05,007 - root - DEBUG - ==>Relay Off
2022-01-19 15:40:05,008 - root - DEBUG - Writing stats to Firing DB table...
2022-01-19 15:40:05,024 - root - INFO - database writing complete1
2022-01-19 15:40:05,025 - root - INFO - RunState end: Ramp
2022-01-19 15:40:17,522 - root - DEBUG - Entering PID update with parameters SetPoint:624.44, ProcValue:624.26, IMax:100.00, IMin:0.00,
2022-01-19 15:40:17,523 - root - DEBUG -   Window:30, Kp: 30.000, Ki: 1.000, Kd: 0.600
2022-01-19 15:40:17,523 - root - DEBUG - Exiting PID update with parameters Error:0.18, ITerm:56.33, DInput:1.33, Output:61.08
2022-01-19 15:40:17,523 - root - DEBUG - RunID 58, Segment 1 (loop 359) - RunState:Ramp,
                       ReadTmp:624.26, RampTmp:624.44, TargetTmp:1185.00,
                       Output:61.08, CycleOnSec:18.32, RemainTime:2:50:44
                    
2022-01-19 15:40:17,523 - root - DEBUG - ==>Relay On
2022-01-19 15:40:35,864 - root - DEBUG - ==>Relay Off
2022-01-19 15:40:35,866 - root - DEBUG - Writing stats to Firing DB table...
2022-01-19 15:40:35,883 - root - INFO - database writing complete1
2022-01-19 15:40:35,883 - root - INFO - RunState end: Ramp
2022-01-19 15:40:47,523 - root - DEBUG - Entering PID update with parameters SetPoint:625.86, ProcValue:625.95, IMax:100.00, IMin:0.00,
2022-01-19 15:40:47,523 - root - DEBUG -   Window:30, Kp: 30.000, Ki: 1.000, Kd: 0.600
2022-01-19 15:40:47,523 - root - DEBUG - Exiting PID update with parameters Error:-0.09, ITerm:56.24, DInput:1.69, Output:52.65
2022-01-19 15:40:47,523 - root - DEBUG - RunID 58, Segment 1 (loop 360) - RunState:Ramp,
                       ReadTmp:625.95, RampTmp:625.86, TargetTmp:1185.00,
                       Output:52.65, CycleOnSec:15.79, RemainTime:2:50:14
                    
2022-01-19 15:40:47,523 - root - DEBUG - ==>Relay On
2022-01-19 15:41:03,318 - root - DEBUG - ==>Relay Off
2022-01-19 15:41:03,319 - root - DEBUG - Writing stats to Firing DB table...
2022-01-19 15:41:03,337 - root - INFO - database writing complete1
2022-01-19 15:41:03,338 - root - INFO - RunState end: Ramp
2022-01-19 15:41:17,522 - root - DEBUG - Entering PID update with parameters SetPoint:627.28, ProcValue:627.00, IMax:100.00, IMin:0.00,
2022-01-19 15:41:17,523 - root - DEBUG -   Window:30, Kp: 30.000, Ki: 1.000, Kd: 0.600
2022-01-19 15:41:17,523 - root - DEBUG - Exiting PID update with parameters Error:0.28, ITerm:56.52, DInput:1.05, Output:64.16
2022-01-19 15:41:17,523 - root - DEBUG - RunID 58, Segment 1 (loop 361) - RunState:Ramp,
                       ReadTmp:627.00, RampTmp:627.28, TargetTmp:1185.00,
                       Output:64.16, CycleOnSec:19.25, RemainTime:2:49:44
                    
2022-01-19 15:41:17,523 - root - DEBUG - ==>Relay On
2022-01-19 15:41:36,792 - root - DEBUG - ==>Relay Off
2022-01-19 15:41:36,792 - root - DEBUG - Writing stats to Firing DB table...
2022-01-19 15:41:36,808 - root - INFO - database writing complete1
2022-01-19 15:41:36,808 - root - INFO - RunState end: Ramp
2022-01-19 15:41:47,523 - root - DEBUG - Entering PID update with parameters SetPoint:628.69, ProcValue:628.59, IMax:100.00, IMin:0.00,
2022-01-19 15:41:47,523 - root - DEBUG -   Window:30, Kp: 30.000, Ki: 1.000, Kd: 0.600
2022-01-19 15:41:47,523 - root - DEBUG - Exiting PID update with parameters Error:0.10, ITerm:56.61, DInput:1.59, Output:58.63
2022-01-19 15:41:47,523 - root - DEBUG - RunID 58, Segment 1 (loop 362) - RunState:Ramp,
                       ReadTmp:628.59, RampTmp:628.69, TargetTmp:1185.00,
                       Output:58.63, CycleOnSec:17.59, RemainTime:2:49:14
                    
2022-01-19 15:41:47,523 - root - DEBUG - ==>Relay On
2022-01-19 15:42:05,129 - root - DEBUG - ==>Relay Off
2022-01-19 15:42:05,131 - root - DEBUG - Writing stats to Firing DB table...
2022-01-19 15:42:05,145 - root - INFO - database writing complete1
2022-01-19 15:42:05,146 - root - INFO - RunState end: Ramp
2022-01-19 15:42:17,523 - root - DEBUG - Entering PID update with parameters SetPoint:630.11, ProcValue:630.23, IMax:100.00, IMin:0.00,
2022-01-19 15:42:17,523 - root - DEBUG -   Window:30, Kp: 30.000, Ki: 1.000, Kd: 0.600
2022-01-19 15:42:17,523 - root - DEBUG - Exiting PID update with parameters Error:-0.12, ITerm:56.50, DInput:1.63, Output:52.00
2022-01-19 15:42:17,523 - root - DEBUG - RunID 58, Segment 1 (loop 363) - RunState:Ramp,
                       ReadTmp:630.23, RampTmp:630.11, TargetTmp:1185.00,
                       Output:52.00, CycleOnSec:15.60, RemainTime:2:48:44
                    
2022-01-19 15:42:17,523 - root - DEBUG - ==>Relay On
2022-01-19 15:42:33,140 - root - DEBUG - ==>Relay Off
2022-01-19 15:42:33,141 - root - DEBUG - Writing stats to Firing DB table...
2022-01-19 15:42:33,168 - root - INFO - database writing complete1
2022-01-19 15:42:33,169 - root - INFO - RunState end: Ramp
2022-01-19 15:42:47,522 - root - DEBUG - Entering PID update with parameters SetPoint:631.53, ProcValue:631.16, IMax:100.00, IMin:0.00,
2022-01-19 15:42:47,523 - root - DEBUG -   Window:30, Kp: 30.000, Ki: 1.000, Kd: 0.600
2022-01-19 15:42:47,523 - root - DEBUG - Exiting PID update with parameters Error:0.37, ITerm:56.87, DInput:0.93, Output:67.40
2022-01-19 15:42:47,523 - root - DEBUG - RunID 58, Segment 1 (loop 364) - RunState:Ramp,
                       ReadTmp:631.16, RampTmp:631.53, TargetTmp:1185.00,
                       Output:67.40, CycleOnSec:20.22, RemainTime:2:48:14
                    
2022-01-19 15:42:47,523 - root - DEBUG - ==>Relay On
2022-01-19 15:43:07,763 - root - DEBUG - ==>Relay Off
2022-01-19 15:43:07,764 - root - DEBUG - Writing stats to Firing DB table...
2022-01-19 15:43:07,788 - root - INFO - database writing complete1
2022-01-19 15:43:07,788 - root - INFO - RunState end: Ramp
2022-01-19 15:43:17,522 - root - DEBUG - Entering PID update with parameters SetPoint:632.94, ProcValue:632.96, IMax:100.00, IMin:0.00,
2022-01-19 15:43:17,523 - root - DEBUG -   Window:30, Kp: 30.000, Ki: 1.000, Kd: 0.600
2022-01-19 15:43:17,523 - root - DEBUG - Exiting PID update with parameters Error:-0.02, ITerm:56.85, DInput:1.80, Output:55.22
2022-01-19 15:43:17,523 - root - DEBUG - RunID 58, Segment 1 (loop 365) - RunState:Ramp,
                       ReadTmp:632.96, RampTmp:632.94, TargetTmp:1185.00,
                       Output:55.22, CycleOnSec:16.57, RemainTime:2:47:44
                    
2022-01-19 15:43:17,523 - root - DEBUG - ==>Relay On
2022-01-19 15:43:34,105 - root - DEBUG - ==>Relay Off
2022-01-19 15:43:34,105 - root - DEBUG - Writing stats to Firing DB table...
2022-01-19 15:43:34,123 - root - INFO - database writing complete1
2022-01-19 15:43:34,123 - root - INFO - RunState end: Ramp
2022-01-19 15:43:47,523 - root - DEBUG - Entering PID update with parameters SetPoint:634.36, ProcValue:634.28, IMax:100.00, IMin:0.00,
2022-01-19 15:43:47,523 - root - DEBUG -   Window:30, Kp: 30.000, Ki: 1.000, Kd: 0.600
2022-01-19 15:43:47,523 - root - DEBUG - Exiting PID update with parameters Error:0.08, ITerm:56.93, DInput:1.32, Output:58.48
2022-01-19 15:43:47,523 - root - DEBUG - RunID 58, Segment 1 (loop 366) - RunState:Ramp,
                       ReadTmp:634.28, RampTmp:634.36, TargetTmp:1185.00,
                       Output:58.48, CycleOnSec:17.54, RemainTime:2:47:14
                    
2022-01-19 15:43:47,523 - root - DEBUG - ==>Relay On
2022-01-19 15:44:05,085 - root - DEBUG - ==>Relay Off
2022-01-19 15:44:05,086 - root - DEBUG - Writing stats to Firing DB table...
2022-01-19 15:44:05,245 - root - INFO - database writing complete1
2022-01-19 15:44:05,245 - root - INFO - RunState end: Ramp
2022-01-19 15:44:17,523 - root - DEBUG - Entering PID update with parameters SetPoint:635.78, ProcValue:635.55, IMax:100.00, IMin:0.00,
2022-01-19 15:44:17,523 - root - DEBUG -   Window:30, Kp: 30.000, Ki: 1.000, Kd: 0.600
2022-01-19 15:44:17,524 - root - DEBUG - Exiting PID update with parameters Error:0.23, ITerm:57.16, DInput:1.27, Output:63.27
2022-01-19 15:44:17,524 - root - DEBUG - RunID 58, Segment 1 (loop 367) - RunState:Ramp,
                       ReadTmp:635.55, RampTmp:635.78, TargetTmp:1185.00,
                       Output:63.27, CycleOnSec:18.98, RemainTime:2:46:44
                    
2022-01-19 15:44:17,524 - root - DEBUG - ==>Relay On
2022-01-19 15:44:36,515 - root - DEBUG - ==>Relay Off
2022-01-19 15:44:36,515 - root - DEBUG - Writing stats to Firing DB table...
2022-01-19 15:44:36,534 - root - INFO - database writing complete1
2022-01-19 15:44:36,535 - root - INFO - RunState end: Ramp
2022-01-19 15:44:47,522 - root - DEBUG - Entering PID update with parameters SetPoint:637.19, ProcValue:637.17, IMax:100.00, IMin:0.00,
2022-01-19 15:44:47,523 - root - DEBUG -   Window:30, Kp: 30.000, Ki: 1.000, Kd: 0.600
2022-01-19 15:44:47,523 - root - DEBUG - Exiting PID update with parameters Error:0.02, ITerm:57.18, DInput:1.62, Output:56.83
2022-01-19 15:44:47,523 - root - DEBUG - RunID 58, Segment 1 (loop 368) - RunState:Ramp,
                       ReadTmp:637.17, RampTmp:637.19, TargetTmp:1185.00,
                       Output:56.83, CycleOnSec:17.05, RemainTime:2:46:14
                    
2022-01-19 15:44:47,523 - root - DEBUG - ==>Relay On
2022-01-19 15:45:04,588 - root - DEBUG - ==>Relay Off
2022-01-19 15:45:04,589 - root - DEBUG - Writing stats to Firing DB table...
2022-01-19 15:45:04,603 - root - INFO - database writing complete1
2022-01-19 15:45:04,604 - root - INFO - RunState end: Ramp
2022-01-19 15:45:17,523 - root - DEBUG - Entering PID update with parameters SetPoint:638.61, ProcValue:638.43, IMax:100.00, IMin:0.00,
2022-01-19 15:45:17,523 - root - DEBUG -   Window:30, Kp: 30.000, Ki: 1.000, Kd: 0.600
2022-01-19 15:45:17,524 - root - DEBUG - Exiting PID update with parameters Error:0.18, ITerm:57.36, DInput:1.26, Output:61.99
2022-01-19 15:45:17,524 - root - DEBUG - RunID 58, Segment 1 (loop 369) - RunState:Ramp,
                       ReadTmp:638.43, RampTmp:638.61, TargetTmp:1185.00,
                       Output:61.99, CycleOnSec:18.60, RemainTime:2:45:44
                    
2022-01-19 15:45:17,524 - root - DEBUG - ==>Relay On
2022-01-19 15:45:36,141 - root - DEBUG - ==>Relay Off
2022-01-19 15:45:36,142 - root - DEBUG - Writing stats to Firing DB table...
2022-01-19 15:45:36,156 - root - INFO - database writing complete1
2022-01-19 15:45:36,157 - root - INFO - RunState end: Ramp
2022-01-19 15:45:47,522 - root - DEBUG - Entering PID update with parameters SetPoint:640.03, ProcValue:639.92, IMax:100.00, IMin:0.00,
2022-01-19 15:45:47,523 - root - DEBUG -   Window:30, Kp: 30.000, Ki: 1.000, Kd: 0.600
2022-01-19 15:45:47,523 - root - DEBUG - Exiting PID update with parameters Error:0.10, ITerm:57.46, DInput:1.49, Output:59.69
2022-01-19 15:45:47,523 - root - DEBUG - RunID 58, Segment 1 (loop 370) - RunState:Ramp,
                       ReadTmp:639.92, RampTmp:640.03, TargetTmp:1185.00,
                       Output:59.69, CycleOnSec:17.91, RemainTime:2:45:14
                    
2022-01-19 15:45:47,523 - root - DEBUG - ==>Relay On
2022-01-19 15:46:05,448 - root - DEBUG - ==>Relay Off
2022-01-19 15:46:05,450 - root - DEBUG - Writing stats to Firing DB table...
2022-01-19 15:46:05,503 - root - INFO - database writing complete1
2022-01-19 15:46:05,503 - root - INFO - RunState end: Ramp
2022-01-19 15:46:17,523 - root - DEBUG - Entering PID update with parameters SetPoint:641.44, ProcValue:641.45, IMax:100.00, IMin:0.00,
2022-01-19 15:46:17,523 - root - DEBUG -   Window:30, Kp: 30.000, Ki: 1.000, Kd: 0.600
2022-01-19 15:46:17,523 - root - DEBUG - Exiting PID update with parameters Error:-0.00, ITerm:57.46, DInput:1.52, Output:56.47
2022-01-19 15:46:17,523 - root - DEBUG - RunID 58, Segment 1 (loop 371) - RunState:Ramp,
                       ReadTmp:641.45, RampTmp:641.44, TargetTmp:1185.00,
                       Output:56.47, CycleOnSec:16.94, RemainTime:2:44:44
                    
2022-01-19 15:46:17,523 - root - DEBUG - ==>Relay On
2022-01-19 15:46:34,476 - root - DEBUG - ==>Relay Off
2022-01-19 15:46:34,477 - root - DEBUG - Writing stats to Firing DB table...
2022-01-19 15:46:34,494 - root - INFO - database writing complete1
2022-01-19 15:46:34,495 - root - INFO - RunState end: Ramp
2022-01-19 15:46:47,523 - root - DEBUG - Entering PID update with parameters SetPoint:642.86, ProcValue:642.72, IMax:100.00, IMin:0.00,
2022-01-19 15:46:47,523 - root - DEBUG -   Window:30, Kp: 30.000, Ki: 1.000, Kd: 0.600
2022-01-19 15:46:47,523 - root - DEBUG - Exiting PID update with parameters Error:0.14, ITerm:57.60, DInput:1.27, Output:61.05
2022-01-19 15:46:47,523 - root - DEBUG - RunID 58, Segment 1 (loop 372) - RunState:Ramp,
                       ReadTmp:642.72, RampTmp:642.86, TargetTmp:1185.00,
                       Output:61.05, CycleOnSec:18.32, RemainTime:2:44:14
                    
2022-01-19 15:46:47,523 - root - DEBUG - ==>Relay On
2022-01-19 15:47:05,858 - root - DEBUG - ==>Relay Off
2022-01-19 15:47:05,859 - root - DEBUG - Writing stats to Firing DB table...
2022-01-19 15:47:05,878 - root - INFO - database writing complete1
2022-01-19 15:47:05,879 - root - INFO - RunState end: Ramp
2022-01-19 15:47:17,522 - root - DEBUG - Entering PID update with parameters SetPoint:644.28, ProcValue:644.00, IMax:100.00, IMin:0.00,
2022-01-19 15:47:17,523 - root - DEBUG -   Window:30, Kp: 30.000, Ki: 1.000, Kd: 0.600
2022-01-19 15:47:17,523 - root - DEBUG - Exiting PID update with parameters Error:0.28, ITerm:57.88, DInput:1.28, Output:65.39
2022-01-19 15:47:17,523 - root - DEBUG - RunID 58, Segment 1 (loop 373) - RunState:Ramp,
                       ReadTmp:644.00, RampTmp:644.28, TargetTmp:1185.00,
                       Output:65.39, CycleOnSec:19.62, RemainTime:2:43:44
                    
2022-01-19 15:47:17,523 - root - DEBUG - ==>Relay On
2022-01-19 15:47:37,149 - root - DEBUG - ==>Relay Off
2022-01-19 15:47:37,150 - root - DEBUG - Writing stats to Firing DB table...
2022-01-19 15:47:37,164 - root - INFO - database writing complete1
2022-01-19 15:47:37,164 - root - INFO - RunState end: Ramp
2022-01-19 15:47:47,522 - root - DEBUG - Entering PID update with parameters SetPoint:645.69, ProcValue:645.84, IMax:100.00, IMin:0.00,
2022-01-19 15:47:47,523 - root - DEBUG -   Window:30, Kp: 30.000, Ki: 1.000, Kd: 0.600
2022-01-19 15:47:47,523 - root - DEBUG - Exiting PID update with parameters Error:-0.14, ITerm:57.73, DInput:1.84, Output:52.33
2022-01-19 15:47:47,523 - root - DEBUG - RunID 58, Segment 1 (loop 374) - RunState:Ramp,
                       ReadTmp:645.84, RampTmp:645.69, TargetTmp:1185.00,
                       Output:52.33, CycleOnSec:15.70, RemainTime:2:43:14
                    
2022-01-19 15:47:47,523 - root - DEBUG - ==>Relay On
2022-01-19 15:48:03,235 - root - DEBUG - ==>Relay Off
2022-01-19 15:48:03,236 - root - DEBUG - Writing stats to Firing DB table...
2022-01-19 15:48:03,254 - root - INFO - database writing complete1
2022-01-19 15:48:03,255 - root - INFO - RunState end: Ramp
2022-01-19 15:48:17,523 - root - DEBUG - Entering PID update with parameters SetPoint:647.11, ProcValue:646.76, IMax:100.00, IMin:0.00,
2022-01-19 15:48:17,523 - root - DEBUG -   Window:30, Kp: 30.000, Ki: 1.000, Kd: 0.600
2022-01-19 15:48:17,523 - root - DEBUG - Exiting PID update with parameters Error:0.35, ITerm:58.08, DInput:0.92, Output:68.08
2022-01-19 15:48:17,523 - root - DEBUG - RunID 58, Segment 1 (loop 375) - RunState:Ramp,
                       ReadTmp:646.76, RampTmp:647.11, TargetTmp:1185.00,
                       Output:68.08, CycleOnSec:20.42, RemainTime:2:42:44
                    
2022-01-19 15:48:17,523 - root - DEBUG - ==>Relay On
2022-01-19 15:48:37,967 - root - DEBUG - ==>Relay Off
2022-01-19 15:48:37,969 - root - DEBUG - Writing stats to Firing DB table...
2022-01-19 15:48:37,994 - root - INFO - database writing complete1
2022-01-19 15:48:37,994 - root - INFO - RunState end: Ramp
2022-01-19 15:48:47,523 - root - DEBUG - Entering PID update with parameters SetPoint:648.53, ProcValue:648.52, IMax:100.00, IMin:0.00,
2022-01-19 15:48:47,523 - root - DEBUG -   Window:30, Kp: 30.000, Ki: 1.000, Kd: 0.600
2022-01-19 15:48:47,523 - root - DEBUG - Exiting PID update with parameters Error:0.00, ITerm:58.09, DInput:1.77, Output:57.10
2022-01-19 15:48:47,523 - root - DEBUG - RunID 58, Segment 1 (loop 376) - RunState:Ramp,
                       ReadTmp:648.52, RampTmp:648.53, TargetTmp:1185.00,
                       Output:57.10, CycleOnSec:17.13, RemainTime:2:42:14
                    
2022-01-19 15:48:47,523 - root - DEBUG - ==>Relay On
2022-01-19 15:49:04,672 - root - DEBUG - ==>Relay Off
2022-01-19 15:49:04,673 - root - DEBUG - Writing stats to Firing DB table...
2022-01-19 15:49:04,687 - root - INFO - database writing complete1
2022-01-19 15:49:04,687 - root - INFO - RunState end: Ramp
2022-01-19 15:49:17,523 - root - DEBUG - Entering PID update with parameters SetPoint:649.94, ProcValue:649.94, IMax:100.00, IMin:0.00,
2022-01-19 15:49:17,523 - root - DEBUG -   Window:30, Kp: 30.000, Ki: 1.000, Kd: 0.600
2022-01-19 15:49:17,523 - root - DEBUG - Exiting PID update with parameters Error:0.01, ITerm:58.09, DInput:1.41, Output:57.40
2022-01-19 15:49:17,523 - root - DEBUG - RunID 58, Segment 1 (loop 377) - RunState:Ramp,
                       ReadTmp:649.94, RampTmp:649.94, TargetTmp:1185.00,
                       Output:57.40, CycleOnSec:17.22, RemainTime:2:41:44
                    
2022-01-19 15:49:17,523 - root - DEBUG - ==>Relay On
2022-01-19 15:49:34,760 - root - DEBUG - ==>Relay Off
2022-01-19 15:49:34,761 - root - DEBUG - Writing stats to Firing DB table...
2022-01-19 15:49:34,775 - root - INFO - database writing complete1
2022-01-19 15:49:34,775 - root - INFO - RunState end: Ramp
2022-01-19 15:49:47,523 - root - DEBUG - Entering PID update with parameters SetPoint:651.36, ProcValue:651.03, IMax:100.00, IMin:0.00,
2022-01-19 15:49:47,523 - root - DEBUG -   Window:30, Kp: 30.000, Ki: 1.000, Kd: 0.600
2022-01-19 15:49:47,523 - root - DEBUG - Exiting PID update with parameters Error:0.33, ITerm:58.42, DInput:1.09, Output:67.61
2022-01-19 15:49:47,523 - root - DEBUG - RunID 58, Segment 1 (loop 378) - RunState:Ramp,
                       ReadTmp:651.03, RampTmp:651.36, TargetTmp:1185.00,
                       Output:67.61, CycleOnSec:20.28, RemainTime:2:41:14
                    
2022-01-19 15:49:47,523 - root - DEBUG - ==>Relay On
2022-01-19 15:50:07,825 - root - DEBUG - ==>Relay Off
2022-01-19 15:50:07,826 - root - DEBUG - Writing stats to Firing DB table...
2022-01-19 15:50:07,841 - root - INFO - database writing complete1
2022-01-19 15:50:07,841 - root - INFO - RunState end: Ramp
2022-01-19 15:50:17,523 - root - DEBUG - Entering PID update with parameters SetPoint:652.78, ProcValue:652.87, IMax:100.00, IMin:0.00,
2022-01-19 15:50:17,523 - root - DEBUG -   Window:30, Kp: 30.000, Ki: 1.000, Kd: 0.600
2022-01-19 15:50:17,523 - root - DEBUG - Exiting PID update with parameters Error:-0.09, ITerm:58.33, DInput:1.84, Output:54.49
2022-01-19 15:50:17,523 - root - DEBUG - RunID 58, Segment 1 (loop 379) - RunState:Ramp,
                       ReadTmp:652.87, RampTmp:652.78, TargetTmp:1185.00,
                       Output:54.49, CycleOnSec:16.35, RemainTime:2:40:44
                    
2022-01-19 15:50:17,523 - root - DEBUG - ==>Relay On
2022-01-19 15:50:33,879 - root - DEBUG - ==>Relay Off
2022-01-19 15:50:33,880 - root - DEBUG - Writing stats to Firing DB table...
2022-01-19 15:50:33,896 - root - INFO - database writing complete1
2022-01-19 15:50:33,896 - root - INFO - RunState end: Ramp
2022-01-19 15:50:47,523 - root - DEBUG - Entering PID update with parameters SetPoint:654.19, ProcValue:653.97, IMax:100.00, IMin:0.00,
2022-01-19 15:50:47,523 - root - DEBUG -   Window:30, Kp: 30.000, Ki: 1.000, Kd: 0.600
2022-01-19 15:50:47,524 - root - DEBUG - Exiting PID update with parameters Error:0.22, ITerm:58.55, DInput:1.10, Output:64.61
2022-01-19 15:50:47,524 - root - DEBUG - RunID 58, Segment 1 (loop 380) - RunState:Ramp,
                       ReadTmp:653.97, RampTmp:654.19, TargetTmp:1185.00,
                       Output:64.61, CycleOnSec:19.38, RemainTime:2:40:14
                    
2022-01-19 15:50:47,524 - root - DEBUG - ==>Relay On
2022-01-19 15:51:06,915 - root - DEBUG - ==>Relay Off
2022-01-19 15:51:06,915 - root - DEBUG - Writing stats to Firing DB table...
2022-01-19 15:51:06,943 - root - INFO - database writing complete1
2022-01-19 15:51:06,944 - root - INFO - RunState end: Ramp
2022-01-19 15:51:17,523 - root - DEBUG - Entering PID update with parameters SetPoint:655.61, ProcValue:655.63, IMax:100.00, IMin:0.00,
2022-01-19 15:51:17,523 - root - DEBUG -   Window:30, Kp: 30.000, Ki: 1.000, Kd: 0.600
2022-01-19 15:51:17,523 - root - DEBUG - Exiting PID update with parameters Error:-0.02, ITerm:58.53, DInput:1.66, Output:56.83
2022-01-19 15:51:17,523 - root - DEBUG - RunID 58, Segment 1 (loop 381) - RunState:Ramp,
                       ReadTmp:655.63, RampTmp:655.61, TargetTmp:1185.00,
                       Output:56.83, CycleOnSec:17.05, RemainTime:2:39:44
                    
2022-01-19 15:51:17,523 - root - DEBUG - ==>Relay On
2022-01-19 15:51:34,589 - root - DEBUG - ==>Relay Off
2022-01-19 15:51:34,589 - root - DEBUG - Writing stats to Firing DB table...
2022-01-19 15:51:34,604 - root - INFO - database writing complete1
2022-01-19 15:51:34,605 - root - INFO - RunState end: Ramp
2022-01-19 15:51:47,523 - root - DEBUG - Entering PID update with parameters SetPoint:657.03, ProcValue:656.67, IMax:100.00, IMin:0.00,
2022-01-19 15:51:47,523 - root - DEBUG -   Window:30, Kp: 30.000, Ki: 1.000, Kd: 0.600
2022-01-19 15:51:47,523 - root - DEBUG - Exiting PID update with parameters Error:0.35, ITerm:58.88, DInput:1.04, Output:68.88
2022-01-19 15:51:47,523 - root - DEBUG - RunID 58, Segment 1 (loop 382) - RunState:Ramp,
                       ReadTmp:656.67, RampTmp:657.03, TargetTmp:1185.00,
                       Output:68.88, CycleOnSec:20.67, RemainTime:2:39:14
                    
2022-01-19 15:51:47,523 - root - DEBUG - ==>Relay On
2022-01-19 15:52:08,209 - root - DEBUG - ==>Relay Off
2022-01-19 15:52:08,211 - root - DEBUG - Writing stats to Firing DB table...
2022-01-19 15:52:08,233 - root - INFO - database writing complete1
2022-01-19 15:52:08,234 - root - INFO - RunState end: Ramp
2022-01-19 15:52:17,523 - root - DEBUG - Entering PID update with parameters SetPoint:658.44, ProcValue:658.71, IMax:100.00, IMin:0.00,
2022-01-19 15:52:17,523 - root - DEBUG -   Window:30, Kp: 30.000, Ki: 1.000, Kd: 0.600
2022-01-19 15:52:17,523 - root - DEBUG - Exiting PID update with parameters Error:-0.27, ITerm:58.61, DInput:2.04, Output:49.34
2022-01-19 15:52:17,523 - root - DEBUG - RunID 58, Segment 1 (loop 383) - RunState:Ramp,
                       ReadTmp:658.71, RampTmp:658.44, TargetTmp:1185.00,
                       Output:49.34, CycleOnSec:14.80, RemainTime:2:38:44
                    
2022-01-19 15:52:17,523 - root - DEBUG - ==>Relay On
2022-01-19 15:52:32,342 - root - DEBUG - ==>Relay Off
2022-01-19 15:52:32,342 - root - DEBUG - Writing stats to Firing DB table...
2022-01-19 15:52:32,375 - root - INFO - database writing complete1
2022-01-19 15:52:32,375 - root - INFO - RunState end: Ramp
2022-01-19 15:52:47,523 - root - DEBUG - Entering PID update with parameters SetPoint:659.86, ProcValue:659.51, IMax:100.00, IMin:0.00,
2022-01-19 15:52:47,523 - root - DEBUG -   Window:30, Kp: 30.000, Ki: 1.000, Kd: 0.600
2022-01-19 15:52:47,523 - root - DEBUG - Exiting PID update with parameters Error:0.35, ITerm:58.97, DInput:0.80, Output:69.03
2022-01-19 15:52:47,523 - root - DEBUG - RunID 58, Segment 1 (loop 384) - RunState:Ramp,
                       ReadTmp:659.51, RampTmp:659.86, TargetTmp:1185.00,
                       Output:69.03, CycleOnSec:20.71, RemainTime:2:38:14
                    
2022-01-19 15:52:47,523 - root - DEBUG - ==>Relay On
2022-01-19 15:53:08,255 - root - DEBUG - ==>Relay Off
2022-01-19 15:53:08,256 - root - DEBUG - Writing stats to Firing DB table...
2022-01-19 15:53:08,280 - root - INFO - database writing complete1
2022-01-19 15:53:08,281 - root - INFO - RunState end: Ramp
2022-01-19 15:53:17,522 - root - DEBUG - Entering PID update with parameters SetPoint:661.28, ProcValue:661.04, IMax:100.00, IMin:0.00,
2022-01-19 15:53:17,523 - root - DEBUG -   Window:30, Kp: 30.000, Ki: 1.000, Kd: 0.600
2022-01-19 15:53:17,523 - root - DEBUG - Exiting PID update with parameters Error:0.24, ITerm:59.20, DInput:1.53, Output:65.39
2022-01-19 15:53:17,523 - root - DEBUG - RunID 58, Segment 1 (loop 385) - RunState:Ramp,
                       ReadTmp:661.04, RampTmp:661.28, TargetTmp:1185.00,
                       Output:65.39, CycleOnSec:19.62, RemainTime:2:37:44
                    
2022-01-19 15:53:17,523 - root - DEBUG - ==>Relay On
2022-01-19 15:53:37,154 - root - DEBUG - ==>Relay Off
2022-01-19 15:53:37,155 - root - DEBUG - Writing stats to Firing DB table...
2022-01-19 15:53:37,171 - root - INFO - database writing complete1
2022-01-19 15:53:37,171 - root - INFO - RunState end: Ramp
2022-01-19 15:53:47,524 - root - DEBUG - Entering PID update with parameters SetPoint:662.69, ProcValue:663.00, IMax:100.00, IMin:0.00,
2022-01-19 15:53:47,524 - root - DEBUG -   Window:30, Kp: 30.000, Ki: 1.000, Kd: 0.600
2022-01-19 15:53:47,525 - root - DEBUG - Exiting PID update with parameters Error:-0.31, ITerm:58.90, DInput:1.96, Output:48.50
2022-01-19 15:53:47,525 - root - DEBUG - RunID 58, Segment 1 (loop 386) - RunState:Ramp,
                       ReadTmp:663.00, RampTmp:662.69, TargetTmp:1185.00,
                       Output:48.50, CycleOnSec:14.55, RemainTime:2:37:14
                    
2022-01-19 15:53:47,525 - root - DEBUG - ==>Relay On
2022-01-19 15:54:02,085 - root - DEBUG - ==>Relay Off
2022-01-19 15:54:02,085 - root - DEBUG - Writing stats to Firing DB table...
2022-01-19 15:54:02,104 - root - INFO - database writing complete1
2022-01-19 15:54:02,104 - root - INFO - RunState end: Ramp
2022-01-19 15:54:17,523 - root - DEBUG - Entering PID update with parameters SetPoint:664.11, ProcValue:663.60, IMax:100.00, IMin:0.00,
2022-01-19 15:54:17,523 - root - DEBUG -   Window:30, Kp: 30.000, Ki: 1.000, Kd: 0.600
2022-01-19 15:54:17,523 - root - DEBUG - Exiting PID update with parameters Error:0.51, ITerm:59.40, DInput:0.60, Output:74.28
2022-01-19 15:54:17,523 - root - DEBUG - RunID 58, Segment 1 (loop 387) - RunState:Ramp,
                       ReadTmp:663.60, RampTmp:664.11, TargetTmp:1185.00,
                       Output:74.28, CycleOnSec:22.28, RemainTime:2:36:44
                    
2022-01-19 15:54:17,523 - root - DEBUG - ==>Relay On
2022-01-19 15:54:39,829 - root - DEBUG - ==>Relay Off
2022-01-19 15:54:39,830 - root - DEBUG - Writing stats to Firing DB table...
2022-01-19 15:54:39,844 - root - INFO - database writing complete1
2022-01-19 15:54:39,844 - root - INFO - RunState end: Ramp
2022-01-19 15:54:47,523 - root - DEBUG - Entering PID update with parameters SetPoint:665.53, ProcValue:665.59, IMax:100.00, IMin:0.00,
2022-01-19 15:54:47,523 - root - DEBUG -   Window:30, Kp: 30.000, Ki: 1.000, Kd: 0.600
2022-01-19 15:54:47,523 - root - DEBUG - Exiting PID update with parameters Error:-0.07, ITerm:59.34, DInput:1.99, Output:56.11
2022-01-19 15:54:47,523 - root - DEBUG - RunID 58, Segment 1 (loop 388) - RunState:Ramp,
                       ReadTmp:665.59, RampTmp:665.53, TargetTmp:1185.00,
                       Output:56.11, CycleOnSec:16.83, RemainTime:2:36:14
                    
2022-01-19 15:54:47,523 - root - DEBUG - ==>Relay On
2022-01-19 15:55:04,365 - root - DEBUG - ==>Relay Off
2022-01-19 15:55:04,365 - root - DEBUG - Writing stats to Firing DB table...
2022-01-19 15:55:04,381 - root - INFO - database writing complete1
2022-01-19 15:55:04,382 - root - INFO - RunState end: Ramp
2022-01-19 15:55:17,523 - root - DEBUG - Entering PID update with parameters SetPoint:666.94, ProcValue:667.08, IMax:100.00, IMin:0.00,
2022-01-19 15:55:17,523 - root - DEBUG -   Window:30, Kp: 30.000, Ki: 1.000, Kd: 0.600
2022-01-19 15:55:17,523 - root - DEBUG - Exiting PID update with parameters Error:-0.14, ITerm:59.20, DInput:1.48, Output:54.25
2022-01-19 15:55:17,523 - root - DEBUG - RunID 58, Segment 1 (loop 389) - RunState:Ramp,
                       ReadTmp:667.08, RampTmp:666.94, TargetTmp:1185.00,
                       Output:54.25, CycleOnSec:16.27, RemainTime:2:35:44
                    
2022-01-19 15:55:17,523 - root - DEBUG - ==>Relay On
2022-01-19 15:55:33,814 - root - DEBUG - ==>Relay Off
2022-01-19 15:55:33,815 - root - DEBUG - Writing stats to Firing DB table...
2022-01-19 15:55:33,831 - root - INFO - database writing complete1
2022-01-19 15:55:33,831 - root - INFO - RunState end: Ramp
2022-01-19 15:55:47,523 - root - DEBUG - Entering PID update with parameters SetPoint:668.36, ProcValue:667.77, IMax:100.00, IMin:0.00,
2022-01-19 15:55:47,523 - root - DEBUG -   Window:30, Kp: 30.000, Ki: 1.000, Kd: 0.600
2022-01-19 15:55:47,524 - root - DEBUG - Exiting PID update with parameters Error:0.59, ITerm:59.79, DInput:0.70, Output:76.95
2022-01-19 15:55:47,524 - root - DEBUG - RunID 58, Segment 1 (loop 390) - RunState:Ramp,
                       ReadTmp:667.77, RampTmp:668.36, TargetTmp:1185.00,
                       Output:76.95, CycleOnSec:23.08, RemainTime:2:35:14
                    
2022-01-19 15:55:47,524 - root - DEBUG - ==>Relay On
2022-01-19 15:56:10,626 - root - DEBUG - ==>Relay Off
2022-01-19 15:56:10,627 - root - DEBUG - Writing stats to Firing DB table...
2022-01-19 15:56:10,643 - root - INFO - database writing complete1
2022-01-19 15:56:10,644 - root - INFO - RunState end: Ramp
2022-01-19 15:56:17,523 - root - DEBUG - Entering PID update with parameters SetPoint:669.78, ProcValue:670.05, IMax:100.00, IMin:0.00,
2022-01-19 15:56:17,523 - root - DEBUG -   Window:30, Kp: 30.000, Ki: 1.000, Kd: 0.600
2022-01-19 15:56:17,523 - root - DEBUG - Exiting PID update with parameters Error:-0.28, ITerm:59.51, DInput:2.28, Output:49.78
2022-01-19 15:56:17,523 - root - DEBUG - RunID 58, Segment 1 (loop 391) - RunState:Ramp,
                       ReadTmp:670.05, RampTmp:669.78, TargetTmp:1185.00,
                       Output:49.78, CycleOnSec:14.93, RemainTime:2:34:44
                    
2022-01-19 15:56:17,523 - root - DEBUG - ==>Relay On
2022-01-19 15:56:32,472 - root - DEBUG - ==>Relay Off
2022-01-19 15:56:32,473 - root - DEBUG - Writing stats to Firing DB table...
2022-01-19 15:56:32,491 - root - INFO - database writing complete1
2022-01-19 15:56:32,492 - root - INFO - RunState end: Ramp
2022-01-19 15:56:47,523 - root - DEBUG - Entering PID update with parameters SetPoint:671.19, ProcValue:670.91, IMax:100.00, IMin:0.00,
2022-01-19 15:56:47,523 - root - DEBUG -   Window:30, Kp: 30.000, Ki: 1.000, Kd: 0.600
2022-01-19 15:56:47,523 - root - DEBUG - Exiting PID update with parameters Error:0.29, ITerm:59.79, DInput:0.85, Output:67.88
2022-01-19 15:56:47,523 - root - DEBUG - RunID 58, Segment 1 (loop 392) - RunState:Ramp,
                       ReadTmp:670.91, RampTmp:671.19, TargetTmp:1185.00,
                       Output:67.88, CycleOnSec:20.36, RemainTime:2:34:14
                    
2022-01-19 15:56:47,523 - root - DEBUG - ==>Relay On
2022-01-19 15:57:07,907 - root - DEBUG - ==>Relay Off
2022-01-19 15:57:07,909 - root - DEBUG - Writing stats to Firing DB table...
2022-01-19 15:57:07,924 - root - INFO - database writing complete1
2022-01-19 15:57:07,925 - root - INFO - RunState end: Ramp
2022-01-19 15:57:17,523 - root - DEBUG - Entering PID update with parameters SetPoint:672.61, ProcValue:672.38, IMax:100.00, IMin:0.00,
2022-01-19 15:57:17,523 - root - DEBUG -   Window:30, Kp: 30.000, Ki: 1.000, Kd: 0.600
2022-01-19 15:57:17,523 - root - DEBUG - Exiting PID update with parameters Error:0.23, ITerm:60.03, DInput:1.47, Output:66.18
2022-01-19 15:57:17,523 - root - DEBUG - RunID 58, Segment 1 (loop 393) - RunState:Ramp,
                       ReadTmp:672.38, RampTmp:672.61, TargetTmp:1185.00,
                       Output:66.18, CycleOnSec:19.85, RemainTime:2:33:44
                    
2022-01-19 15:57:17,523 - root - DEBUG - ==>Relay On
2022-01-19 15:57:37,397 - root - DEBUG - ==>Relay Off
2022-01-19 15:57:37,398 - root - DEBUG - Writing stats to Firing DB table...
2022-01-19 15:57:37,413 - root - INFO - database writing complete1
2022-01-19 15:57:37,414 - root - INFO - RunState end: Ramp
2022-01-19 15:57:47,523 - root - DEBUG - Entering PID update with parameters SetPoint:674.03, ProcValue:674.40, IMax:100.00, IMin:0.00,
2022-01-19 15:57:47,523 - root - DEBUG -   Window:30, Kp: 30.000, Ki: 1.000, Kd: 0.600
2022-01-19 15:57:47,524 - root - DEBUG - Exiting PID update with parameters Error:-0.37, ITerm:59.66, DInput:2.02, Output:47.27
2022-01-19 15:57:47,524 - root - DEBUG - RunID 58, Segment 1 (loop 394) - RunState:Ramp,
                       ReadTmp:674.40, RampTmp:674.03, TargetTmp:1185.00,
                       Output:47.27, CycleOnSec:14.18, RemainTime:2:33:14
                    
2022-01-19 15:57:47,524 - root - DEBUG - ==>Relay On
2022-01-19 15:58:01,716 - root - DEBUG - ==>Relay Off
2022-01-19 15:58:01,717 - root - DEBUG - Writing stats to Firing DB table...
2022-01-19 15:58:01,736 - root - INFO - database writing complete1
2022-01-19 15:58:01,737 - root - INFO - RunState end: Ramp
2022-01-19 15:58:17,523 - root - DEBUG - Entering PID update with parameters SetPoint:675.44, ProcValue:674.70, IMax:100.00, IMin:0.00,
2022-01-19 15:58:17,523 - root - DEBUG -   Window:30, Kp: 30.000, Ki: 1.000, Kd: 0.600
2022-01-19 15:58:17,523 - root - DEBUG - Exiting PID update with parameters Error:0.74, ITerm:60.40, DInput:0.30, Output:82.40
2022-01-19 15:58:17,523 - root - DEBUG - RunID 58, Segment 1 (loop 395) - RunState:Ramp,
                       ReadTmp:674.70, RampTmp:675.44, TargetTmp:1185.00,
                       Output:82.40, CycleOnSec:24.72, RemainTime:2:32:44
                    
2022-01-19 15:58:17,523 - root - DEBUG - ==>Relay On
2022-01-19 15:58:42,244 - root - DEBUG - ==>Relay Off
2022-01-19 15:58:42,245 - root - DEBUG - Writing stats to Firing DB table...
2022-01-19 15:58:42,259 - root - INFO - database writing complete1
2022-01-19 15:58:42,259 - root - INFO - RunState end: Ramp
2022-01-19 15:58:47,523 - root - DEBUG - Entering PID update with parameters SetPoint:676.86, ProcValue:676.97, IMax:100.00, IMin:0.00,
2022-01-19 15:58:47,523 - root - DEBUG -   Window:30, Kp: 30.000, Ki: 1.000, Kd: 0.600
2022-01-19 15:58:47,528 - root - DEBUG - Exiting PID update with parameters Error:-0.11, ITerm:60.29, DInput:2.27, Output:55.65
2022-01-19 15:58:47,528 - root - DEBUG - RunID 58, Segment 1 (loop 396) - RunState:Ramp,
                       ReadTmp:676.97, RampTmp:676.86, TargetTmp:1185.00,
                       Output:55.65, CycleOnSec:16.69, RemainTime:2:32:14
                    
2022-01-19 15:58:47,529 - root - DEBUG - ==>Relay On
2022-01-19 15:59:04,239 - root - DEBUG - ==>Relay Off
2022-01-19 15:59:04,241 - root - DEBUG - Writing stats to Firing DB table...
2022-01-19 15:59:04,257 - root - INFO - database writing complete1
2022-01-19 15:59:04,258 - root - INFO - RunState end: Ramp
2022-01-19 15:59:17,523 - root - DEBUG - Entering PID update with parameters SetPoint:678.28, ProcValue:678.59, IMax:100.00, IMin:0.00,
2022-01-19 15:59:17,523 - root - DEBUG -   Window:30, Kp: 30.000, Ki: 1.000, Kd: 0.600
2022-01-19 15:59:17,523 - root - DEBUG - Exiting PID update with parameters Error:-0.31, ITerm:59.98, DInput:1.62, Output:49.71
2022-01-19 15:59:17,523 - root - DEBUG - RunID 58, Segment 1 (loop 397) - RunState:Ramp,
                       ReadTmp:678.59, RampTmp:678.28, TargetTmp:1185.00,
                       Output:49.71, CycleOnSec:14.91, RemainTime:2:31:44
                    
2022-01-19 15:59:17,523 - root - DEBUG - ==>Relay On
2022-01-19 15:59:32,439 - root - DEBUG - ==>Relay Off
2022-01-19 15:59:32,440 - root - DEBUG - Writing stats to Firing DB table...
2022-01-19 15:59:32,460 - root - INFO - database writing complete1
2022-01-19 15:59:32,460 - root - INFO - RunState end: Ramp
2022-01-19 15:59:47,523 - root - DEBUG - Entering PID update with parameters SetPoint:679.69, ProcValue:678.82, IMax:100.00, IMin:0.00,
2022-01-19 15:59:47,523 - root - DEBUG -   Window:30, Kp: 30.000, Ki: 1.000, Kd: 0.600
2022-01-19 15:59:47,523 - root - DEBUG - Exiting PID update with parameters Error:0.87, ITerm:60.85, DInput:0.23, Output:86.88
2022-01-19 15:59:47,523 - root - DEBUG - RunID 58, Segment 1 (loop 398) - RunState:Ramp,
                       ReadTmp:678.82, RampTmp:679.69, TargetTmp:1185.00,
                       Output:86.88, CycleOnSec:26.06, RemainTime:2:31:14
                    
2022-01-19 15:59:47,523 - root - DEBUG - ==>Relay On
2022-01-19 16:00:13,599 - root - DEBUG - ==>Relay Off
2022-01-19 16:00:13,600 - root - DEBUG - Writing stats to Firing DB table...
2022-01-19 16:00:13,616 - root - INFO - database writing complete1
2022-01-19 16:00:13,616 - root - INFO - RunState end: Ramp
2022-01-19 16:00:17,523 - root - DEBUG - Entering PID update with parameters SetPoint:681.11, ProcValue:681.46, IMax:100.00, IMin:0.00,
2022-01-19 16:00:17,523 - root - DEBUG -   Window:30, Kp: 30.000, Ki: 1.000, Kd: 0.600
2022-01-19 16:00:17,523 - root - DEBUG - Exiting PID update with parameters Error:-0.35, ITerm:60.50, DInput:2.64, Output:48.37
2022-01-19 16:00:17,523 - root - DEBUG - RunID 58, Segment 1 (loop 399) - RunState:Ramp,
                       ReadTmp:681.46, RampTmp:681.11, TargetTmp:1185.00,
                       Output:48.37, CycleOnSec:14.51, RemainTime:2:30:44
                    
2022-01-19 16:00:17,523 - root - DEBUG - ==>Relay On
2022-01-19 16:00:32,048 - root - DEBUG - ==>Relay Off
2022-01-19 16:00:32,049 - root - DEBUG - Writing stats to Firing DB table...
2022-01-19 16:00:32,065 - root - INFO - database writing complete1
2022-01-19 16:00:32,065 - root - INFO - RunState end: Ramp
2022-01-19 16:00:47,523 - root - DEBUG - Entering PID update with parameters SetPoint:682.53, ProcValue:682.67, IMax:100.00, IMin:0.00,
2022-01-19 16:00:47,523 - root - DEBUG -   Window:30, Kp: 30.000, Ki: 1.000, Kd: 0.600
2022-01-19 16:00:47,523 - root - DEBUG - Exiting PID update with parameters Error:-0.15, ITerm:60.35, DInput:1.21, Output:55.25
2022-01-19 16:00:47,523 - root - DEBUG - RunID 58, Segment 1 (loop 400) - RunState:Ramp,
                       ReadTmp:682.67, RampTmp:682.53, TargetTmp:1185.00,
                       Output:55.25, CycleOnSec:16.58, RemainTime:2:30:14
                    
2022-01-19 16:00:47,523 - root - DEBUG - ==>Relay On
2022-01-19 16:01:04,115 - root - DEBUG - ==>Relay Off
2022-01-19 16:01:04,116 - root - DEBUG - Writing stats to Firing DB table...
2022-01-19 16:01:04,132 - root - INFO - database writing complete1
2022-01-19 16:01:04,133 - root - INFO - RunState end: Ramp
2022-01-19 16:01:17,523 - root - DEBUG - Entering PID update with parameters SetPoint:683.94, ProcValue:683.05, IMax:100.00, IMin:0.00,
2022-01-19 16:01:17,523 - root - DEBUG -   Window:30, Kp: 30.000, Ki: 1.000, Kd: 0.600
2022-01-19 16:01:17,523 - root - DEBUG - Exiting PID update with parameters Error:0.89, ITerm:61.24, DInput:0.38, Output:87.65
2022-01-19 16:01:17,523 - root - DEBUG - RunID 58, Segment 1 (loop 401) - RunState:Ramp,
                       ReadTmp:683.05, RampTmp:683.94, TargetTmp:1185.00,
                       Output:87.65, CycleOnSec:26.30, RemainTime:2:29:44
                    
2022-01-19 16:01:17,523 - root - DEBUG - ==>Relay On
2022-01-19 16:01:43,824 - root - DEBUG - ==>Relay Off
2022-01-19 16:01:43,826 - root - DEBUG - Writing stats to Firing DB table...
2022-01-19 16:01:43,842 - root - INFO - database writing complete1
2022-01-19 16:01:43,842 - root - INFO - RunState end: Ramp
2022-01-19 16:01:47,523 - root - DEBUG - Entering PID update with parameters SetPoint:685.36, ProcValue:685.77, IMax:100.00, IMin:0.00,
2022-01-19 16:01:47,523 - root - DEBUG -   Window:30, Kp: 30.000, Ki: 1.000, Kd: 0.600
2022-01-19 16:01:47,523 - root - DEBUG - Exiting PID update with parameters Error:-0.41, ITerm:60.83, DInput:2.72, Output:46.77
2022-01-19 16:01:47,523 - root - DEBUG - RunID 58, Segment 1 (loop 402) - RunState:Ramp,
                       ReadTmp:685.77, RampTmp:685.36, TargetTmp:1185.00,
                       Output:46.77, CycleOnSec:14.03, RemainTime:2:29:14
                    
2022-01-19 16:01:47,524 - root - DEBUG - ==>Relay On
2022-01-19 16:02:01,570 - root - DEBUG - ==>Relay Off
2022-01-19 16:02:01,571 - root - DEBUG - Writing stats to Firing DB table...
2022-01-19 16:02:01,586 - root - INFO - database writing complete1
2022-01-19 16:02:01,587 - root - INFO - RunState end: Ramp
2022-01-19 16:02:17,523 - root - DEBUG - Entering PID update with parameters SetPoint:686.78, ProcValue:686.77, IMax:100.00, IMin:0.00,
2022-01-19 16:02:17,523 - root - DEBUG -   Window:30, Kp: 30.000, Ki: 1.000, Kd: 0.600
2022-01-19 16:02:17,523 - root - DEBUG - Exiting PID update with parameters Error:0.00, ITerm:60.83, DInput:1.00, Output:60.31
2022-01-19 16:02:17,523 - root - DEBUG - RunID 58, Segment 1 (loop 403) - RunState:Ramp,
                       ReadTmp:686.77, RampTmp:686.78, TargetTmp:1185.00,
                       Output:60.31, CycleOnSec:18.09, RemainTime:2:28:44
                    
2022-01-19 16:02:17,523 - root - DEBUG - ==>Relay On
2022-01-19 16:02:35,634 - root - DEBUG - ==>Relay Off
2022-01-19 16:02:35,635 - root - DEBUG - Writing stats to Firing DB table...
2022-01-19 16:02:35,656 - root - INFO - database writing complete1
2022-01-19 16:02:35,656 - root - INFO - RunState end: Ramp
2022-01-19 16:02:47,523 - root - DEBUG - Entering PID update with parameters SetPoint:688.19, ProcValue:687.71, IMax:100.00, IMin:0.00,
2022-01-19 16:02:47,523 - root - DEBUG -   Window:30, Kp: 30.000, Ki: 1.000, Kd: 0.600
2022-01-19 16:02:47,523 - root - DEBUG - Exiting PID update with parameters Error:0.48, ITerm:61.31, DInput:0.94, Output:75.20
2022-01-19 16:02:47,523 - root - DEBUG - RunID 58, Segment 1 (loop 404) - RunState:Ramp,
                       ReadTmp:687.71, RampTmp:688.19, TargetTmp:1185.00,
                       Output:75.20, CycleOnSec:22.56, RemainTime:2:28:14
                    
2022-01-19 16:02:47,523 - root - DEBUG - ==>Relay On
2022-01-19 16:03:10,101 - root - DEBUG - ==>Relay Off
2022-01-19 16:03:10,102 - root - DEBUG - Writing stats to Firing DB table...
2022-01-19 16:03:10,117 - root - INFO - database writing complete1
2022-01-19 16:03:10,117 - root - INFO - RunState end: Ramp
2022-01-19 16:03:17,523 - root - DEBUG - Entering PID update with parameters SetPoint:689.61, ProcValue:689.80, IMax:100.00, IMin:0.00,
2022-01-19 16:03:17,523 - root - DEBUG -   Window:30, Kp: 30.000, Ki: 1.000, Kd: 0.600
2022-01-19 16:03:17,523 - root - DEBUG - Exiting PID update with parameters Error:-0.20, ITerm:61.11, DInput:2.09, Output:54.00
2022-01-19 16:03:17,523 - root - DEBUG - RunID 58, Segment 1 (loop 405) - RunState:Ramp,
                       ReadTmp:689.80, RampTmp:689.61, TargetTmp:1185.00,
                       Output:54.00, CycleOnSec:16.20, RemainTime:2:27:44
                    
2022-01-19 16:03:17,523 - root - DEBUG - ==>Relay On
2022-01-19 16:03:33,739 - root - DEBUG - ==>Relay Off
2022-01-19 16:03:33,740 - root - DEBUG - Writing stats to Firing DB table...
2022-01-19 16:03:33,757 - root - INFO - database writing complete1
2022-01-19 16:03:33,758 - root - INFO - RunState end: Ramp
2022-01-19 16:03:47,523 - root - DEBUG - Entering PID update with parameters SetPoint:691.03, ProcValue:690.67, IMax:100.00, IMin:0.00,
2022-01-19 16:03:47,523 - root - DEBUG -   Window:30, Kp: 30.000, Ki: 1.000, Kd: 0.600
2022-01-19 16:03:47,524 - root - DEBUG - Exiting PID update with parameters Error:0.35, ITerm:61.47, DInput:0.87, Output:71.57
2022-01-19 16:03:47,524 - root - DEBUG - RunID 58, Segment 1 (loop 406) - RunState:Ramp,
                       ReadTmp:690.67, RampTmp:691.03, TargetTmp:1185.00,
                       Output:71.57, CycleOnSec:21.47, RemainTime:2:27:14
                    
2022-01-19 16:03:47,524 - root - DEBUG - ==>Relay On
2022-01-19 16:04:09,018 - root - DEBUG - ==>Relay Off
2022-01-19 16:04:09,019 - root - DEBUG - Writing stats to Firing DB table...
2022-01-19 16:04:09,050 - root - INFO - database writing complete1
2022-01-19 16:04:09,050 - root - INFO - RunState end: Ramp
2022-01-19 16:04:17,523 - root - DEBUG - Entering PID update with parameters SetPoint:692.44, ProcValue:692.48, IMax:100.00, IMin:0.00,
2022-01-19 16:04:17,523 - root - DEBUG -   Window:30, Kp: 30.000, Ki: 1.000, Kd: 0.600
2022-01-19 16:04:17,523 - root - DEBUG - Exiting PID update with parameters Error:-0.04, ITerm:61.43, DInput:1.81, Output:59.09
2022-01-19 16:04:17,523 - root - DEBUG - RunID 58, Segment 1 (loop 407) - RunState:Ramp,
                       ReadTmp:692.48, RampTmp:692.44, TargetTmp:1185.00,
                       Output:59.09, CycleOnSec:17.73, RemainTime:2:26:44
                    
2022-01-19 16:04:17,523 - root - DEBUG - ==>Relay On
2022-01-19 16:04:35,268 - root - DEBUG - ==>Relay Off
2022-01-19 16:04:35,269 - root - DEBUG - Writing stats to Firing DB table...
2022-01-19 16:04:35,284 - root - INFO - database writing complete1
2022-01-19 16:04:35,284 - root - INFO - RunState end: Ramp
2022-01-19 16:04:47,523 - root - DEBUG - Entering PID update with parameters SetPoint:693.86, ProcValue:693.87, IMax:100.00, IMin:0.00,
2022-01-19 16:04:47,523 - root - DEBUG -   Window:30, Kp: 30.000, Ki: 1.000, Kd: 0.600
2022-01-19 16:04:47,523 - root - DEBUG - Exiting PID update with parameters Error:-0.01, ITerm:61.42, DInput:1.38, Output:60.36
2022-01-19 16:04:47,523 - root - DEBUG - RunID 58, Segment 1 (loop 408) - RunState:Ramp,
                       ReadTmp:693.87, RampTmp:693.86, TargetTmp:1185.00,
                       Output:60.36, CycleOnSec:18.11, RemainTime:2:26:14
                    
2022-01-19 16:04:47,524 - root - DEBUG - ==>Relay On
2022-01-19 16:05:05,648 - root - DEBUG - ==>Relay Off
2022-01-19 16:05:05,650 - root - DEBUG - Writing stats to Firing DB table...
2022-01-19 16:05:05,671 - root - INFO - database writing complete1
2022-01-19 16:05:05,672 - root - INFO - RunState end: Ramp
2022-01-19 16:05:17,523 - root - DEBUG - Entering PID update with parameters SetPoint:695.28, ProcValue:694.80, IMax:100.00, IMin:0.00,
2022-01-19 16:05:17,523 - root - DEBUG -   Window:30, Kp: 30.000, Ki: 1.000, Kd: 0.600
2022-01-19 16:05:17,523 - root - DEBUG - Exiting PID update with parameters Error:0.47, ITerm:61.89, DInput:0.94, Output:75.47
2022-01-19 16:05:17,523 - root - DEBUG - RunID 58, Segment 1 (loop 409) - RunState:Ramp,
                       ReadTmp:694.80, RampTmp:695.28, TargetTmp:1185.00,
                       Output:75.47, CycleOnSec:22.64, RemainTime:2:25:44
                    
2022-01-19 16:05:17,523 - root - DEBUG - ==>Relay On
2022-01-19 16:05:40,187 - root - DEBUG - ==>Relay Off
2022-01-19 16:05:40,187 - root - DEBUG - Writing stats to Firing DB table...
2022-01-19 16:05:40,213 - root - INFO - database writing complete1
2022-01-19 16:05:40,213 - root - INFO - RunState end: Ramp
2022-01-19 16:05:47,523 - root - DEBUG - Entering PID update with parameters SetPoint:696.69, ProcValue:696.86, IMax:100.00, IMin:0.00,
2022-01-19 16:05:47,523 - root - DEBUG -   Window:30, Kp: 30.000, Ki: 1.000, Kd: 0.600
2022-01-19 16:05:47,523 - root - DEBUG - Exiting PID update with parameters Error:-0.17, ITerm:61.72, DInput:2.05, Output:55.49
2022-01-19 16:05:47,523 - root - DEBUG - RunID 58, Segment 1 (loop 410) - RunState:Ramp,
                       ReadTmp:696.86, RampTmp:696.69, TargetTmp:1185.00,
                       Output:55.49, CycleOnSec:16.65, RemainTime:2:25:14
                    
2022-01-19 16:05:47,523 - root - DEBUG - ==>Relay On
2022-01-19 16:06:04,188 - root - DEBUG - ==>Relay Off
2022-01-19 16:06:04,189 - root - DEBUG - Writing stats to Firing DB table...
2022-01-19 16:06:04,206 - root - INFO - database writing complete1
2022-01-19 16:06:04,207 - root - INFO - RunState end: Ramp
2022-01-19 16:06:17,523 - root - DEBUG - Entering PID update with parameters SetPoint:698.11, ProcValue:697.95, IMax:100.00, IMin:0.00,
2022-01-19 16:06:17,523 - root - DEBUG -   Window:30, Kp: 30.000, Ki: 1.000, Kd: 0.600
2022-01-19 16:06:17,523 - root - DEBUG - Exiting PID update with parameters Error:0.16, ITerm:61.88, DInput:1.09, Output:65.91
2022-01-19 16:06:17,523 - root - DEBUG - RunID 58, Segment 1 (loop 411) - RunState:Ramp,
                       ReadTmp:697.95, RampTmp:698.11, TargetTmp:1185.00,
                       Output:65.91, CycleOnSec:19.77, RemainTime:2:24:44
                    
2022-01-19 16:06:17,524 - root - DEBUG - ==>Relay On
2022-01-19 16:06:37,317 - root - DEBUG - ==>Relay Off
2022-01-19 16:06:37,318 - root - DEBUG - Writing stats to Firing DB table...
2022-01-19 16:06:37,339 - root - INFO - database writing complete1
2022-01-19 16:06:37,340 - root - INFO - RunState end: Ramp
2022-01-19 16:06:47,523 - root - DEBUG - Entering PID update with parameters SetPoint:699.53, ProcValue:699.23, IMax:100.00, IMin:0.00,
2022-01-19 16:06:47,524 - root - DEBUG -   Window:30, Kp: 30.000, Ki: 1.000, Kd: 0.600
2022-01-19 16:06:47,524 - root - DEBUG - Exiting PID update with parameters Error:0.29, ITerm:62.17, DInput:1.28, Output:70.15
2022-01-19 16:06:47,524 - root - DEBUG - RunID 58, Segment 1 (loop 412) - RunState:Ramp,
                       ReadTmp:699.23, RampTmp:699.53, TargetTmp:1185.00,
                       Output:70.15, CycleOnSec:21.05, RemainTime:2:24:14
                    
2022-01-19 16:06:47,524 - root - DEBUG - ==>Relay On
2022-01-19 16:07:08,591 - root - DEBUG - ==>Relay Off
2022-01-19 16:07:08,593 - root - DEBUG - Writing stats to Firing DB table...
2022-01-19 16:07:08,619 - root - INFO - database writing complete1
2022-01-19 16:07:08,619 - root - INFO - RunState end: Ramp
2022-01-19 16:07:17,523 - root - DEBUG - Entering PID update with parameters SetPoint:700.94, ProcValue:701.20, IMax:100.00, IMin:0.00,
2022-01-19 16:07:17,523 - root - DEBUG -   Window:30, Kp: 30.000, Ki: 1.000, Kd: 0.600
2022-01-19 16:07:17,523 - root - DEBUG - Exiting PID update with parameters Error:-0.26, ITerm:61.91, DInput:1.97, Output:52.92
2022-01-19 16:07:17,523 - root - DEBUG - RunID 58, Segment 1 (loop 413) - RunState:Ramp,
                       ReadTmp:701.20, RampTmp:700.94, TargetTmp:1185.00,
                       Output:52.92, CycleOnSec:15.88, RemainTime:2:23:44
                    
2022-01-19 16:07:17,523 - root - DEBUG - ==>Relay On
2022-01-19 16:07:33,415 - root - DEBUG - ==>Relay Off
2022-01-19 16:07:33,415 - root - DEBUG - Writing stats to Firing DB table...
2022-01-19 16:07:33,432 - root - INFO - database writing complete1
2022-01-19 16:07:33,432 - root - INFO - RunState end: Ramp
2022-01-19 16:07:47,523 - root - DEBUG - Entering PID update with parameters SetPoint:702.36, ProcValue:701.77, IMax:100.00, IMin:0.00,
2022-01-19 16:07:47,523 - root - DEBUG -   Window:30, Kp: 30.000, Ki: 1.000, Kd: 0.600
2022-01-19 16:07:47,524 - root - DEBUG - Exiting PID update with parameters Error:0.59, ITerm:62.51, DInput:0.56, Output:79.98
2022-01-19 16:07:47,524 - root - DEBUG - RunID 58, Segment 1 (loop 414) - RunState:Ramp,
                       ReadTmp:701.77, RampTmp:702.36, TargetTmp:1185.00,
                       Output:79.98, CycleOnSec:23.99, RemainTime:2:23:14
                    
2022-01-19 16:07:47,524 - root - DEBUG - ==>Relay On
2022-01-19 16:08:11,542 - root - DEBUG - ==>Relay Off
2022-01-19 16:08:11,544 - root - DEBUG - Writing stats to Firing DB table...
2022-01-19 16:08:11,589 - root - INFO - database writing complete1
2022-01-19 16:08:11,589 - root - INFO - RunState end: Ramp
2022-01-19 16:08:17,524 - root - DEBUG - Entering PID update with parameters SetPoint:703.78, ProcValue:704.02, IMax:100.00, IMin:0.00,
2022-01-19 16:08:17,525 - root - DEBUG -   Window:30, Kp: 30.000, Ki: 1.000, Kd: 0.600
2022-01-19 16:08:17,525 - root - DEBUG - Exiting PID update with parameters Error:-0.25, ITerm:62.26, DInput:2.26, Output:53.48
2022-01-19 16:08:17,525 - root - DEBUG - RunID 58, Segment 1 (loop 415) - RunState:Ramp,
                       ReadTmp:704.02, RampTmp:703.78, TargetTmp:1185.00,
                       Output:53.48, CycleOnSec:16.04, RemainTime:2:22:44
                    
2022-01-19 16:08:17,526 - root - DEBUG - ==>Relay On
2022-01-19 16:08:33,586 - root - DEBUG - ==>Relay Off
2022-01-19 16:08:33,587 - root - DEBUG - Writing stats to Firing DB table...
2022-01-19 16:08:33,604 - root - INFO - database writing complete1
2022-01-19 16:08:33,604 - root - INFO - RunState end: Ramp
2022-01-19 16:08:47,523 - root - DEBUG - Entering PID update with parameters SetPoint:705.19, ProcValue:705.03, IMax:100.00, IMin:0.00,
2022-01-19 16:08:47,523 - root - DEBUG -   Window:30, Kp: 30.000, Ki: 1.000, Kd: 0.600
2022-01-19 16:08:47,524 - root - DEBUG - Exiting PID update with parameters Error:0.16, ITerm:62.42, DInput:1.01, Output:66.66
2022-01-19 16:08:47,524 - root - DEBUG - RunID 58, Segment 1 (loop 416) - RunState:Ramp,
                       ReadTmp:705.03, RampTmp:705.19, TargetTmp:1185.00,
                       Output:66.66, CycleOnSec:20.00, RemainTime:2:22:14
                    
2022-01-19 16:08:47,524 - root - DEBUG - ==>Relay On
2022-01-19 16:09:07,542 - root - DEBUG - ==>Relay Off
2022-01-19 16:09:07,543 - root - DEBUG - Writing stats to Firing DB table...
2022-01-19 16:09:07,564 - root - INFO - database writing complete1
2022-01-19 16:09:07,565 - root - INFO - RunState end: Ramp
2022-01-19 16:09:17,523 - root - DEBUG - Entering PID update with parameters SetPoint:706.61, ProcValue:706.33, IMax:100.00, IMin:0.00,
2022-01-19 16:09:17,523 - root - DEBUG -   Window:30, Kp: 30.000, Ki: 1.000, Kd: 0.600
2022-01-19 16:09:17,523 - root - DEBUG - Exiting PID update with parameters Error:0.28, ITerm:62.70, DInput:1.30, Output:70.36
2022-01-19 16:09:17,523 - root - DEBUG - RunID 58, Segment 1 (loop 417) - RunState:Ramp,
                       ReadTmp:706.33, RampTmp:706.61, TargetTmp:1185.00,
                       Output:70.36, CycleOnSec:21.11, RemainTime:2:21:44
                    
2022-01-19 16:09:17,523 - root - DEBUG - ==>Relay On
2022-01-19 16:09:38,653 - root - DEBUG - ==>Relay Off
2022-01-19 16:09:38,654 - root - DEBUG - Writing stats to Firing DB table...
2022-01-19 16:09:38,669 - root - INFO - database writing complete1
2022-01-19 16:09:38,670 - root - INFO - RunState end: Ramp
2022-01-19 16:09:47,523 - root - DEBUG - Entering PID update with parameters SetPoint:708.03, ProcValue:708.27, IMax:100.00, IMin:0.00,
2022-01-19 16:09:47,523 - root - DEBUG -   Window:30, Kp: 30.000, Ki: 1.000, Kd: 0.600
2022-01-19 16:09:47,523 - root - DEBUG - Exiting PID update with parameters Error:-0.25, ITerm:62.45, DInput:1.95, Output:53.86
2022-01-19 16:09:47,523 - root - DEBUG - RunID 58, Segment 1 (loop 418) - RunState:Ramp,
                       ReadTmp:708.27, RampTmp:708.03, TargetTmp:1185.00,
                       Output:53.86, CycleOnSec:16.16, RemainTime:2:21:14
                    
2022-01-19 16:09:47,523 - root - DEBUG - ==>Relay On
2022-01-19 16:10:03,694 - root - DEBUG - ==>Relay Off
2022-01-19 16:10:03,695 - root - DEBUG - Writing stats to Firing DB table...
2022-01-19 16:10:03,716 - root - INFO - database writing complete1
2022-01-19 16:10:03,716 - root - INFO - RunState end: Ramp
2022-01-19 16:10:17,523 - root - DEBUG - Entering PID update with parameters SetPoint:709.44, ProcValue:708.84, IMax:100.00, IMin:0.00,
2022-01-19 16:10:17,524 - root - DEBUG -   Window:30, Kp: 30.000, Ki: 1.000, Kd: 0.600
2022-01-19 16:10:17,524 - root - DEBUG - Exiting PID update with parameters Error:0.61, ITerm:63.06, DInput:0.56, Output:80.93
2022-01-19 16:10:17,524 - root - DEBUG - RunID 58, Segment 1 (loop 419) - RunState:Ramp,
                       ReadTmp:708.84, RampTmp:709.44, TargetTmp:1185.00,
                       Output:80.93, CycleOnSec:24.28, RemainTime:2:20:44
                    
2022-01-19 16:10:17,524 - root - DEBUG - ==>Relay On
2022-01-19 16:10:41,821 - root - DEBUG - ==>Relay Off
2022-01-19 16:10:41,822 - root - DEBUG - Writing stats to Firing DB table...
2022-01-19 16:10:41,837 - root - INFO - database writing complete1
2022-01-19 16:10:41,838 - root - INFO - RunState end: Ramp
2022-01-19 16:10:47,523 - root - DEBUG - Entering PID update with parameters SetPoint:710.86, ProcValue:711.21, IMax:100.00, IMin:0.00,
2022-01-19 16:10:47,523 - root - DEBUG -   Window:30, Kp: 30.000, Ki: 1.000, Kd: 0.600
2022-01-19 16:10:47,523 - root - DEBUG - Exiting PID update with parameters Error:-0.35, ITerm:62.71, DInput:2.38, Output:50.74
2022-01-19 16:10:47,523 - root - DEBUG - RunID 58, Segment 1 (loop 420) - RunState:Ramp,
                       ReadTmp:711.21, RampTmp:710.86, TargetTmp:1185.00,
                       Output:50.74, CycleOnSec:15.22, RemainTime:2:20:14
                    
2022-01-19 16:10:47,524 - root - DEBUG - ==>Relay On
2022-01-19 16:11:02,759 - root - DEBUG - ==>Relay Off
2022-01-19 16:11:02,760 - root - DEBUG - Writing stats to Firing DB table...
2022-01-19 16:11:02,780 - root - INFO - database writing complete1
2022-01-19 16:11:02,781 - root - INFO - RunState end: Ramp
2022-01-19 16:11:17,523 - root - DEBUG - Entering PID update with parameters SetPoint:712.28, ProcValue:711.97, IMax:100.00, IMin:0.00,
2022-01-19 16:11:17,523 - root - DEBUG -   Window:30, Kp: 30.000, Ki: 1.000, Kd: 0.600
2022-01-19 16:11:17,524 - root - DEBUG - Exiting PID update with parameters Error:0.31, ITerm:63.02, DInput:0.76, Output:71.78
2022-01-19 16:11:17,524 - root - DEBUG - RunID 58, Segment 1 (loop 421) - RunState:Ramp,
                       ReadTmp:711.97, RampTmp:712.28, TargetTmp:1185.00,
                       Output:71.78, CycleOnSec:21.53, RemainTime:2:19:44
                    
2022-01-19 16:11:17,524 - root - DEBUG - ==>Relay On
2022-01-19 16:11:39,080 - root - DEBUG - ==>Relay Off
2022-01-19 16:11:39,081 - root - DEBUG - Writing stats to Firing DB table...
2022-01-19 16:11:39,097 - root - INFO - database writing complete1
2022-01-19 16:11:39,098 - root - INFO - RunState end: Ramp
2022-01-19 16:11:47,525 - root - DEBUG - Entering PID update with parameters SetPoint:713.69, ProcValue:713.59, IMax:100.00, IMin:0.00,
2022-01-19 16:11:47,526 - root - DEBUG -   Window:30, Kp: 30.000, Ki: 1.000, Kd: 0.600
2022-01-19 16:11:47,526 - root - DEBUG - Exiting PID update with parameters Error:0.11, ITerm:63.12, DInput:1.62, Output:65.36
2022-01-19 16:11:47,526 - root - DEBUG - RunID 58, Segment 1 (loop 422) - RunState:Ramp,
                       ReadTmp:713.59, RampTmp:713.69, TargetTmp:1185.00,
                       Output:65.36, CycleOnSec:19.61, RemainTime:2:19:14
                    
2022-01-19 16:11:47,526 - root - DEBUG - ==>Relay On
2022-01-19 16:12:07,152 - root - DEBUG - ==>Relay Off
2022-01-19 16:12:07,154 - root - DEBUG - Writing stats to Firing DB table...
2022-01-19 16:12:07,170 - root - INFO - database writing complete1
2022-01-19 16:12:07,171 - root - INFO - RunState end: Ramp
2022-01-19 16:12:17,523 - root - DEBUG - Entering PID update with parameters SetPoint:715.11, ProcValue:715.04, IMax:100.00, IMin:0.00,
2022-01-19 16:12:17,524 - root - DEBUG -   Window:30, Kp: 30.000, Ki: 1.000, Kd: 0.600
2022-01-19 16:12:17,524 - root - DEBUG - Exiting PID update with parameters Error:0.07, ITerm:63.19, DInput:1.45, Output:64.43
2022-01-19 16:12:17,524 - root - DEBUG - RunID 58, Segment 1 (loop 423) - RunState:Ramp,
                       ReadTmp:715.04, RampTmp:715.11, TargetTmp:1185.00,
                       Output:64.43, CycleOnSec:19.33, RemainTime:2:18:44
                    
2022-01-19 16:12:17,524 - root - DEBUG - ==>Relay On
2022-01-19 16:12:36,873 - root - DEBUG - ==>Relay Off
2022-01-19 16:12:36,874 - root - DEBUG - Writing stats to Firing DB table...
2022-01-19 16:12:36,890 - root - INFO - database writing complete1
2022-01-19 16:12:36,891 - root - INFO - RunState end: Ramp
2022-01-19 16:12:47,523 - root - DEBUG - Entering PID update with parameters SetPoint:716.53, ProcValue:716.38, IMax:100.00, IMin:0.00,
2022-01-19 16:12:47,523 - root - DEBUG -   Window:30, Kp: 30.000, Ki: 1.000, Kd: 0.600
2022-01-19 16:12:47,523 - root - DEBUG - Exiting PID update with parameters Error:0.14, ITerm:63.34, DInput:1.34, Output:66.83
2022-01-19 16:12:47,523 - root - DEBUG - RunID 58, Segment 1 (loop 424) - RunState:Ramp,
                       ReadTmp:716.38, RampTmp:716.53, TargetTmp:1185.00,
                       Output:66.83, CycleOnSec:20.05, RemainTime:2:18:14
                    
2022-01-19 16:12:47,524 - root - DEBUG - ==>Relay On
2022-01-19 16:13:07,592 - root - DEBUG - ==>Relay Off
2022-01-19 16:13:07,593 - root - DEBUG - Writing stats to Firing DB table...
2022-01-19 16:13:07,610 - root - INFO - database writing complete1
2022-01-19 16:13:07,611 - root - INFO - RunState end: Ramp
2022-01-19 16:13:17,523 - root - DEBUG - Entering PID update with parameters SetPoint:717.94, ProcValue:717.84, IMax:100.00, IMin:0.00,
2022-01-19 16:13:17,523 - root - DEBUG -   Window:30, Kp: 30.000, Ki: 1.000, Kd: 0.600
2022-01-19 16:13:17,524 - root - DEBUG - Exiting PID update with parameters Error:0.11, ITerm:63.44, DInput:1.45, Output:65.77
2022-01-19 16:13:17,524 - root - DEBUG - RunID 58, Segment 1 (loop 425) - RunState:Ramp,
                       ReadTmp:717.84, RampTmp:717.94, TargetTmp:1185.00,
                       Output:65.77, CycleOnSec:19.73, RemainTime:2:17:44
                    
2022-01-19 16:13:17,524 - root - DEBUG - ==>Relay On
2022-01-19 16:13:37,267 - root - DEBUG - ==>Relay Off
2022-01-19 16:13:37,268 - root - DEBUG - Writing stats to Firing DB table...
2022-01-19 16:13:37,284 - root - INFO - database writing complete1
2022-01-19 16:13:37,285 - root - INFO - RunState end: Ramp
2022-01-19 16:13:47,523 - root - DEBUG - Entering PID update with parameters SetPoint:719.36, ProcValue:719.27, IMax:100.00, IMin:0.00,
2022-01-19 16:13:47,523 - root - DEBUG -   Window:30, Kp: 30.000, Ki: 1.000, Kd: 0.600
2022-01-19 16:13:47,524 - root - DEBUG - Exiting PID update with parameters Error:0.09, ITerm:63.53, DInput:1.44, Output:65.24
2022-01-19 16:13:47,524 - root - DEBUG - RunID 58, Segment 1 (loop 426) - RunState:Ramp,
                       ReadTmp:719.27, RampTmp:719.36, TargetTmp:1185.00,
                       Output:65.24, CycleOnSec:19.57, RemainTime:2:17:14
                    
2022-01-19 16:13:47,524 - root - DEBUG - ==>Relay On
2022-01-19 16:14:07,117 - root - DEBUG - ==>Relay Off
2022-01-19 16:14:07,118 - root - DEBUG - Writing stats to Firing DB table...
2022-01-19 16:14:07,132 - root - INFO - database writing complete1
2022-01-19 16:14:07,132 - root - INFO - RunState end: Ramp
2022-01-19 16:14:17,523 - root - DEBUG - Entering PID update with parameters SetPoint:720.78, ProcValue:720.59, IMax:100.00, IMin:0.00,
2022-01-19 16:14:17,523 - root - DEBUG -   Window:30, Kp: 30.000, Ki: 1.000, Kd: 0.600
2022-01-19 16:14:17,524 - root - DEBUG - Exiting PID update with parameters Error:0.19, ITerm:63.72, DInput:1.31, Output:68.63
2022-01-19 16:14:17,524 - root - DEBUG - RunID 58, Segment 1 (loop 427) - RunState:Ramp,
                       ReadTmp:720.59, RampTmp:720.78, TargetTmp:1185.00,
                       Output:68.63, CycleOnSec:20.59, RemainTime:2:16:44
                    
2022-01-19 16:14:17,524 - root - DEBUG - ==>Relay On
2022-01-19 16:14:38,135 - root - DEBUG - ==>Relay Off
2022-01-19 16:14:38,136 - root - DEBUG - Writing stats to Firing DB table...
2022-01-19 16:14:38,150 - root - INFO - database writing complete1
2022-01-19 16:14:38,151 - root - INFO - RunState end: Ramp
2022-01-19 16:14:47,523 - root - DEBUG - Entering PID update with parameters SetPoint:722.19, ProcValue:722.18, IMax:100.00, IMin:0.00,
2022-01-19 16:14:47,524 - root - DEBUG -   Window:30, Kp: 30.000, Ki: 1.000, Kd: 0.600
2022-01-19 16:14:47,524 - root - DEBUG - Exiting PID update with parameters Error:0.01, ITerm:63.73, DInput:1.59, Output:63.17
2022-01-19 16:14:47,524 - root - DEBUG - RunID 58, Segment 1 (loop 428) - RunState:Ramp,
                       ReadTmp:722.18, RampTmp:722.19, TargetTmp:1185.00,
                       Output:63.17, CycleOnSec:18.95, RemainTime:2:16:14
                    
2022-01-19 16:14:47,524 - root - DEBUG - ==>Relay On
2022-01-19 16:15:06,485 - root - DEBUG - ==>Relay Off
2022-01-19 16:15:06,485 - root - DEBUG - Writing stats to Firing DB table...
2022-01-19 16:15:06,499 - root - INFO - database writing complete1
2022-01-19 16:15:06,499 - root - INFO - RunState end: Ramp
2022-01-19 16:15:17,524 - root - DEBUG - Entering PID update with parameters SetPoint:723.61, ProcValue:723.52, IMax:100.00, IMin:0.00,
2022-01-19 16:15:17,524 - root - DEBUG -   Window:30, Kp: 30.000, Ki: 1.000, Kd: 0.600
2022-01-19 16:15:17,524 - root - DEBUG - Exiting PID update with parameters Error:0.09, ITerm:63.82, DInput:1.34, Output:65.59
2022-01-19 16:15:17,524 - root - DEBUG - RunID 58, Segment 1 (loop 429) - RunState:Ramp,
                       ReadTmp:723.52, RampTmp:723.61, TargetTmp:1185.00,
                       Output:65.59, CycleOnSec:19.68, RemainTime:2:15:44
                    
2022-01-19 16:15:17,525 - root - DEBUG - ==>Relay On
2022-01-19 16:15:37,221 - root - DEBUG - ==>Relay Off
2022-01-19 16:15:37,223 - root - DEBUG - Writing stats to Firing DB table...
2022-01-19 16:15:37,238 - root - INFO - database writing complete1
2022-01-19 16:15:37,239 - root - INFO - RunState end: Ramp
2022-01-19 16:15:47,523 - root - DEBUG - Entering PID update with parameters SetPoint:725.03, ProcValue:724.73, IMax:100.00, IMin:0.00,
2022-01-19 16:15:47,523 - root - DEBUG -   Window:30, Kp: 30.000, Ki: 1.000, Kd: 0.600
2022-01-19 16:15:47,524 - root - DEBUG - Exiting PID update with parameters Error:0.30, ITerm:64.12, DInput:1.20, Output:72.38
2022-01-19 16:15:47,524 - root - DEBUG - RunID 58, Segment 1 (loop 430) - RunState:Ramp,
                       ReadTmp:724.73, RampTmp:725.03, TargetTmp:1185.00,
                       Output:72.38, CycleOnSec:21.71, RemainTime:2:15:14
                    
2022-01-19 16:15:47,524 - root - DEBUG - ==>Relay On
2022-01-19 16:16:09,260 - root - DEBUG - ==>Relay Off
2022-01-19 16:16:09,261 - root - DEBUG - Writing stats to Firing DB table...
2022-01-19 16:16:09,279 - root - INFO - database writing complete1
2022-01-19 16:16:09,279 - root - INFO - RunState end: Ramp
2022-01-19 16:16:17,523 - root - DEBUG - Entering PID update with parameters SetPoint:726.44, ProcValue:726.71, IMax:100.00, IMin:0.00,
2022-01-19 16:16:17,524 - root - DEBUG -   Window:30, Kp: 30.000, Ki: 1.000, Kd: 0.600
2022-01-19 16:16:17,524 - root - DEBUG - Exiting PID update with parameters Error:-0.27, ITerm:63.85, DInput:1.98, Output:54.61
2022-01-19 16:16:17,524 - root - DEBUG - RunID 58, Segment 1 (loop 431) - RunState:Ramp,
                       ReadTmp:726.71, RampTmp:726.44, TargetTmp:1185.00,
                       Output:54.61, CycleOnSec:16.38, RemainTime:2:14:44
                    
2022-01-19 16:16:17,524 - root - DEBUG - ==>Relay On
2022-01-19 16:16:33,917 - root - DEBUG - ==>Relay Off
2022-01-19 16:16:33,918 - root - DEBUG - Writing stats to Firing DB table...
2022-01-19 16:16:33,934 - root - INFO - database writing complete1
2022-01-19 16:16:33,934 - root - INFO - RunState end: Ramp
2022-01-19 16:16:47,524 - root - DEBUG - Entering PID update with parameters SetPoint:727.86, ProcValue:727.25, IMax:100.00, IMin:0.00,
2022-01-19 16:16:47,524 - root - DEBUG -   Window:30, Kp: 30.000, Ki: 1.000, Kd: 0.600
2022-01-19 16:16:47,524 - root - DEBUG - Exiting PID update with parameters Error:0.61, ITerm:64.46, DInput:0.54, Output:82.42
2022-01-19 16:16:47,525 - root - DEBUG - RunID 58, Segment 1 (loop 432) - RunState:Ramp,
                       ReadTmp:727.25, RampTmp:727.86, TargetTmp:1185.00,
                       Output:82.42, CycleOnSec:24.72, RemainTime:2:14:14
                    
2022-01-19 16:16:47,525 - root - DEBUG - ==>Relay On
2022-01-19 16:17:12,275 - root - DEBUG - ==>Relay Off
2022-01-19 16:17:12,276 - root - DEBUG - Writing stats to Firing DB table...
2022-01-19 16:17:12,301 - root - INFO - database writing complete1
2022-01-19 16:17:12,302 - root - INFO - RunState end: Ramp
2022-01-19 16:17:17,523 - root - DEBUG - Entering PID update with parameters SetPoint:729.28, ProcValue:729.61, IMax:100.00, IMin:0.00,
2022-01-19 16:17:17,524 - root - DEBUG -   Window:30, Kp: 30.000, Ki: 1.000, Kd: 0.600
2022-01-19 16:17:17,528 - root - DEBUG - Exiting PID update with parameters Error:-0.33, ITerm:64.13, DInput:2.36, Output:52.71
2022-01-19 16:17:17,529 - root - DEBUG - RunID 58, Segment 1 (loop 433) - RunState:Ramp,
                       ReadTmp:729.61, RampTmp:729.28, TargetTmp:1185.00,
                       Output:52.71, CycleOnSec:15.81, RemainTime:2:13:44
                    
2022-01-19 16:17:17,529 - root - DEBUG - ==>Relay On
2022-01-19 16:17:33,345 - root - DEBUG - ==>Relay Off
2022-01-19 16:17:33,345 - root - DEBUG - Writing stats to Firing DB table...
2022-01-19 16:17:33,364 - root - INFO - database writing complete1
2022-01-19 16:17:33,365 - root - INFO - RunState end: Ramp
2022-01-19 16:17:47,524 - root - DEBUG - Entering PID update with parameters SetPoint:730.69, ProcValue:730.38, IMax:100.00, IMin:0.00,
2022-01-19 16:17:47,524 - root - DEBUG -   Window:30, Kp: 30.000, Ki: 1.000, Kd: 0.600
2022-01-19 16:17:47,524 - root - DEBUG - Exiting PID update with parameters Error:0.31, ITerm:64.43, DInput:0.77, Output:73.27
2022-01-19 16:17:47,524 - root - DEBUG - RunID 58, Segment 1 (loop 434) - RunState:Ramp,
                       ReadTmp:730.38, RampTmp:730.69, TargetTmp:1185.00,
                       Output:73.27, CycleOnSec:21.98, RemainTime:2:13:14
                    
2022-01-19 16:17:47,524 - root - DEBUG - ==>Relay On
2022-01-19 16:18:09,527 - root - DEBUG - ==>Relay Off
2022-01-19 16:18:09,528 - root - DEBUG - Writing stats to Firing DB table...
2022-01-19 16:18:09,550 - root - INFO - database writing complete1
2022-01-19 16:18:09,551 - root - INFO - RunState end: Ramp
2022-01-19 16:18:17,524 - root - DEBUG - Entering PID update with parameters SetPoint:732.11, ProcValue:731.95, IMax:100.00, IMin:0.00,
2022-01-19 16:18:17,524 - root - DEBUG -   Window:30, Kp: 30.000, Ki: 1.000, Kd: 0.600
2022-01-19 16:18:17,525 - root - DEBUG - Exiting PID update with parameters Error:0.16, ITerm:64.60, DInput:1.56, Output:68.58
2022-01-19 16:18:17,525 - root - DEBUG - RunID 58, Segment 1 (loop 435) - RunState:Ramp,
                       ReadTmp:731.95, RampTmp:732.11, TargetTmp:1185.00,
                       Output:68.58, CycleOnSec:20.57, RemainTime:2:12:44
                    
2022-01-19 16:18:17,525 - root - DEBUG - ==>Relay On
2022-01-19 16:18:38,121 - root - DEBUG - ==>Relay Off
2022-01-19 16:18:38,122 - root - DEBUG - Writing stats to Firing DB table...
2022-01-19 16:18:38,166 - root - INFO - database writing complete1
2022-01-19 16:18:38,167 - root - INFO - RunState end: Ramp
2022-01-19 16:18:47,524 - root - DEBUG - Entering PID update with parameters SetPoint:733.53, ProcValue:733.80, IMax:100.00, IMin:0.00,
2022-01-19 16:18:47,524 - root - DEBUG -   Window:30, Kp: 30.000, Ki: 1.000, Kd: 0.600
2022-01-19 16:18:47,524 - root - DEBUG - Exiting PID update with parameters Error:-0.27, ITerm:64.33, DInput:1.85, Output:55.09
2022-01-19 16:18:47,525 - root - DEBUG - RunID 58, Segment 1 (loop 436) - RunState:Ramp,
                       ReadTmp:733.80, RampTmp:733.53, TargetTmp:1185.00,
                       Output:55.09, CycleOnSec:16.53, RemainTime:2:12:14
                    
2022-01-19 16:18:47,525 - root - DEBUG - ==>Relay On
2022-01-19 16:19:04,065 - root - DEBUG - ==>Relay Off
2022-01-19 16:19:04,065 - root - DEBUG - Writing stats to Firing DB table...
2022-01-19 16:19:04,082 - root - INFO - database writing complete1
2022-01-19 16:19:04,082 - root - INFO - RunState end: Ramp
2022-01-19 16:19:17,523 - root - DEBUG - Entering PID update with parameters SetPoint:734.94, ProcValue:734.13, IMax:100.00, IMin:0.00,
2022-01-19 16:19:17,524 - root - DEBUG -   Window:30, Kp: 30.000, Ki: 1.000, Kd: 0.600
2022-01-19 16:19:17,524 - root - DEBUG - Exiting PID update with parameters Error:0.81, ITerm:65.14, DInput:0.34, Output:89.23
2022-01-19 16:19:17,524 - root - DEBUG - RunID 58, Segment 1 (loop 437) - RunState:Ramp,
                       ReadTmp:734.13, RampTmp:734.94, TargetTmp:1185.00,
                       Output:89.23, CycleOnSec:26.77, RemainTime:2:11:44
                    
2022-01-19 16:19:17,524 - root - DEBUG - ==>Relay On
2022-01-19 16:19:44,315 - root - DEBUG - ==>Relay Off
2022-01-19 16:19:44,315 - root - DEBUG - Writing stats to Firing DB table...
2022-01-19 16:19:44,328 - root - INFO - database writing complete1
2022-01-19 16:19:44,329 - root - INFO - RunState end: Ramp
2022-01-19 16:19:47,524 - root - DEBUG - Entering PID update with parameters SetPoint:736.36, ProcValue:736.69, IMax:100.00, IMin:0.00,
2022-01-19 16:19:47,524 - root - DEBUG -   Window:30, Kp: 30.000, Ki: 1.000, Kd: 0.600
2022-01-19 16:19:47,524 - root - DEBUG - Exiting PID update with parameters Error:-0.33, ITerm:64.81, DInput:2.55, Output:53.43
2022-01-19 16:19:47,524 - root - DEBUG - RunID 58, Segment 1 (loop 438) - RunState:Ramp,
                       ReadTmp:736.69, RampTmp:736.36, TargetTmp:1185.00,
                       Output:53.43, CycleOnSec:16.03, RemainTime:2:11:14
                    
2022-01-19 16:19:47,524 - root - DEBUG - ==>Relay On
2022-01-19 16:20:03,565 - root - DEBUG - ==>Relay Off
2022-01-19 16:20:03,565 - root - DEBUG - Writing stats to Firing DB table...
2022-01-19 16:20:03,580 - root - INFO - database writing complete1
2022-01-19 16:20:03,580 - root - INFO - RunState end: Ramp
2022-01-19 16:20:17,524 - root - DEBUG - Entering PID update with parameters SetPoint:737.78, ProcValue:737.85, IMax:100.00, IMin:0.00,
2022-01-19 16:20:17,524 - root - DEBUG -   Window:30, Kp: 30.000, Ki: 1.000, Kd: 0.600
2022-01-19 16:20:17,525 - root - DEBUG - Exiting PID update with parameters Error:-0.08, ITerm:64.73, DInput:1.16, Output:61.77
2022-01-19 16:20:17,525 - root - DEBUG - RunID 58, Segment 1 (loop 439) - RunState:Ramp,
                       ReadTmp:737.85, RampTmp:737.78, TargetTmp:1185.00,
                       Output:61.77, CycleOnSec:18.53, RemainTime:2:10:44
                    
2022-01-19 16:20:17,525 - root - DEBUG - ==>Relay On
2022-01-19 16:20:36,075 - root - DEBUG - ==>Relay Off
2022-01-19 16:20:36,076 - root - DEBUG - Writing stats to Firing DB table...
2022-01-19 16:20:36,092 - root - INFO - database writing complete1
2022-01-19 16:20:36,092 - root - INFO - RunState end: Ramp
2022-01-19 16:20:47,523 - root - DEBUG - Entering PID update with parameters SetPoint:739.19, ProcValue:738.51, IMax:100.00, IMin:0.00,
2022-01-19 16:20:47,524 - root - DEBUG -   Window:30, Kp: 30.000, Ki: 1.000, Kd: 0.600
2022-01-19 16:20:47,524 - root - DEBUG - Exiting PID update with parameters Error:0.68, ITerm:65.42, DInput:0.66, Output:85.57
2022-01-19 16:20:47,524 - root - DEBUG - RunID 58, Segment 1 (loop 440) - RunState:Ramp,
                       ReadTmp:738.51, RampTmp:739.19, TargetTmp:1185.00,
                       Output:85.57, CycleOnSec:25.67, RemainTime:2:10:14
                    
2022-01-19 16:20:47,524 - root - DEBUG - ==>Relay On
2022-01-19 16:21:13,222 - root - DEBUG - ==>Relay Off
2022-01-19 16:21:13,223 - root - DEBUG - Writing stats to Firing DB table...
2022-01-19 16:21:13,238 - root - INFO - database writing complete1
2022-01-19 16:21:13,239 - root - INFO - RunState end: Ramp
2022-01-19 16:21:17,523 - root - DEBUG - Entering PID update with parameters SetPoint:740.61, ProcValue:741.09, IMax:100.00, IMin:0.00,
2022-01-19 16:21:17,524 - root - DEBUG -   Window:30, Kp: 30.000, Ki: 1.000, Kd: 0.600
2022-01-19 16:21:17,524 - root - DEBUG - Exiting PID update with parameters Error:-0.48, ITerm:64.94, DInput:2.58, Output:49.10
2022-01-19 16:21:17,524 - root - DEBUG - RunID 58, Segment 1 (loop 441) - RunState:Ramp,
                       ReadTmp:741.09, RampTmp:740.61, TargetTmp:1185.00,
                       Output:49.10, CycleOnSec:14.73, RemainTime:2:09:44
                    
2022-01-19 16:21:17,524 - root - DEBUG - ==>Relay On
2022-01-19 16:21:32,264 - root - DEBUG - ==>Relay Off
2022-01-19 16:21:32,265 - root - DEBUG - Writing stats to Firing DB table...
2022-01-19 16:21:32,285 - root - INFO - database writing complete1
2022-01-19 16:21:32,286 - root - INFO - RunState end: Ramp
2022-01-19 16:21:47,524 - root - DEBUG - Entering PID update with parameters SetPoint:742.03, ProcValue:741.50, IMax:100.00, IMin:0.00,
2022-01-19 16:21:47,524 - root - DEBUG -   Window:30, Kp: 30.000, Ki: 1.000, Kd: 0.600
2022-01-19 16:21:47,524 - root - DEBUG - Exiting PID update with parameters Error:0.53, ITerm:65.47, DInput:0.41, Output:81.00
2022-01-19 16:21:47,525 - root - DEBUG - RunID 58, Segment 1 (loop 442) - RunState:Ramp,
                       ReadTmp:741.50, RampTmp:742.03, TargetTmp:1185.00,
                       Output:81.00, CycleOnSec:24.30, RemainTime:2:09:14
                    
2022-01-19 16:21:47,525 - root - DEBUG - ==>Relay On
2022-01-19 16:22:11,851 - root - DEBUG - ==>Relay Off
2022-01-19 16:22:11,852 - root - DEBUG - Writing stats to Firing DB table...
2022-01-19 16:22:11,867 - root - INFO - database writing complete1
2022-01-19 16:22:11,867 - root - INFO - RunState end: Ramp
2022-01-19 16:22:17,523 - root - DEBUG - Entering PID update with parameters SetPoint:743.44, ProcValue:743.45, IMax:100.00, IMin:0.00,
2022-01-19 16:22:17,524 - root - DEBUG -   Window:30, Kp: 30.000, Ki: 1.000, Kd: 0.600
2022-01-19 16:22:17,524 - root - DEBUG - Exiting PID update with parameters Error:-0.00, ITerm:65.47, DInput:1.95, Output:64.22
2022-01-19 16:22:17,524 - root - DEBUG - RunID 58, Segment 1 (loop 443) - RunState:Ramp,
                       ReadTmp:743.45, RampTmp:743.44, TargetTmp:1185.00,
                       Output:64.22, CycleOnSec:19.27, RemainTime:2:08:44
                    
2022-01-19 16:22:17,524 - root - DEBUG - ==>Relay On
2022-01-19 16:22:36,806 - root - DEBUG - ==>Relay Off
2022-01-19 16:22:36,807 - root - DEBUG - Writing stats to Firing DB table...
2022-01-19 16:22:36,827 - root - INFO - database writing complete1
2022-01-19 16:22:36,827 - root - INFO - RunState end: Ramp
2022-01-19 16:22:47,523 - root - DEBUG - Entering PID update with parameters SetPoint:744.86, ProcValue:745.05, IMax:100.00, IMin:0.00,
2022-01-19 16:22:47,524 - root - DEBUG -   Window:30, Kp: 30.000, Ki: 1.000, Kd: 0.600
2022-01-19 16:22:47,524 - root - DEBUG - Exiting PID update with parameters Error:-0.19, ITerm:65.28, DInput:1.60, Output:58.69
2022-01-19 16:22:47,524 - root - DEBUG - RunID 58, Segment 1 (loop 444) - RunState:Ramp,
                       ReadTmp:745.05, RampTmp:744.86, TargetTmp:1185.00,
                       Output:58.69, CycleOnSec:17.61, RemainTime:2:08:14
                    
2022-01-19 16:22:47,524 - root - DEBUG - ==>Relay On
2022-01-19 16:23:05,150 - root - DEBUG - ==>Relay Off
2022-01-19 16:23:05,151 - root - DEBUG - Writing stats to Firing DB table...
2022-01-19 16:23:05,173 - root - INFO - database writing complete1
2022-01-19 16:23:05,173 - root - INFO - RunState end: Ramp
2022-01-19 16:23:17,523 - root - DEBUG - Entering PID update with parameters SetPoint:746.28, ProcValue:745.63, IMax:100.00, IMin:0.00,
2022-01-19 16:23:17,524 - root - DEBUG -   Window:30, Kp: 30.000, Ki: 1.000, Kd: 0.600
2022-01-19 16:23:17,524 - root - DEBUG - Exiting PID update with parameters Error:0.64, ITerm:65.92, DInput:0.59, Output:84.87
2022-01-19 16:23:17,524 - root - DEBUG - RunID 58, Segment 1 (loop 445) - RunState:Ramp,
                       ReadTmp:745.63, RampTmp:746.28, TargetTmp:1185.00,
                       Output:84.87, CycleOnSec:25.46, RemainTime:2:07:44
                    
2022-01-19 16:23:17,524 - root - DEBUG - ==>Relay On
2022-01-19 16:23:42,985 - root - DEBUG - ==>Relay Off
2022-01-19 16:23:42,986 - root - DEBUG - Writing stats to Firing DB table...
2022-01-19 16:23:43,004 - root - INFO - database writing complete1
2022-01-19 16:23:43,005 - root - INFO - RunState end: Ramp
2022-01-19 16:23:47,523 - root - DEBUG - Entering PID update with parameters SetPoint:747.69, ProcValue:748.06, IMax:100.00, IMin:0.00,
2022-01-19 16:23:47,524 - root - DEBUG -   Window:30, Kp: 30.000, Ki: 1.000, Kd: 0.600
2022-01-19 16:23:47,524 - root - DEBUG - Exiting PID update with parameters Error:-0.37, ITerm:65.55, DInput:2.43, Output:53.00
2022-01-19 16:23:47,524 - root - DEBUG - RunID 58, Segment 1 (loop 446) - RunState:Ramp,
                       ReadTmp:748.06, RampTmp:747.69, TargetTmp:1185.00,
                       Output:53.00, CycleOnSec:15.90, RemainTime:2:07:14
                    
2022-01-19 16:23:47,524 - root - DEBUG - ==>Relay On
2022-01-19 16:24:03,440 - root - DEBUG - ==>Relay Off
2022-01-19 16:24:03,441 - root - DEBUG - Writing stats to Firing DB table...
2022-01-19 16:24:03,457 - root - INFO - database writing complete1
2022-01-19 16:24:03,458 - root - INFO - RunState end: Ramp
2022-01-19 16:24:17,524 - root - DEBUG - Entering PID update with parameters SetPoint:749.11, ProcValue:748.78, IMax:100.00, IMin:0.00,
2022-01-19 16:24:17,524 - root - DEBUG -   Window:30, Kp: 30.000, Ki: 1.000, Kd: 0.600
2022-01-19 16:24:17,525 - root - DEBUG - Exiting PID update with parameters Error:0.33, ITerm:65.88, DInput:0.72, Output:75.29
2022-01-19 16:24:17,525 - root - DEBUG - RunID 58, Segment 1 (loop 447) - RunState:Ramp,
                       ReadTmp:748.78, RampTmp:749.11, TargetTmp:1185.00,
                       Output:75.29, CycleOnSec:22.59, RemainTime:2:06:44
                    
2022-01-19 16:24:17,525 - root - DEBUG - ==>Relay On
2022-01-19 16:24:40,124 - root - DEBUG - ==>Relay Off
2022-01-19 16:24:40,125 - root - DEBUG - Writing stats to Firing DB table...
2022-01-19 16:24:40,141 - root - INFO - database writing complete1
2022-01-19 16:24:40,142 - root - INFO - RunState end: Ramp
2022-01-19 16:24:47,524 - root - DEBUG - Entering PID update with parameters SetPoint:750.53, ProcValue:750.45, IMax:100.00, IMin:0.00,
2022-01-19 16:24:47,524 - root - DEBUG -   Window:30, Kp: 30.000, Ki: 1.000, Kd: 0.600
2022-01-19 16:24:47,524 - root - DEBUG - Exiting PID update with parameters Error:0.07, ITerm:65.95, DInput:1.67, Output:67.14
2022-01-19 16:24:47,525 - root - DEBUG - RunID 58, Segment 1 (loop 448) - RunState:Ramp,
                       ReadTmp:750.45, RampTmp:750.53, TargetTmp:1185.00,
                       Output:67.14, CycleOnSec:20.14, RemainTime:2:06:14
                    
2022-01-19 16:24:47,525 - root - DEBUG - ==>Relay On
2022-01-19 16:25:07,686 - root - DEBUG - ==>Relay Off
2022-01-19 16:25:07,687 - root - DEBUG - Writing stats to Firing DB table...
2022-01-19 16:25:07,701 - root - INFO - database writing complete1
2022-01-19 16:25:07,701 - root - INFO - RunState end: Ramp
2022-01-19 16:25:17,524 - root - DEBUG - Entering PID update with parameters SetPoint:751.94, ProcValue:752.02, IMax:100.00, IMin:0.00,
2022-01-19 16:25:17,525 - root - DEBUG -   Window:30, Kp: 30.000, Ki: 1.000, Kd: 0.600
2022-01-19 16:25:17,525 - root - DEBUG - Exiting PID update with parameters Error:-0.07, ITerm:65.88, DInput:1.56, Output:62.76
2022-01-19 16:25:17,525 - root - DEBUG - RunID 58, Segment 1 (loop 449) - RunState:Ramp,
                       ReadTmp:752.02, RampTmp:751.94, TargetTmp:1185.00,
                       Output:62.76, CycleOnSec:18.83, RemainTime:2:05:44
                    
2022-01-19 16:25:17,525 - root - DEBUG - ==>Relay On
2022-01-19 16:25:36,366 - root - DEBUG - ==>Relay Off
2022-01-19 16:25:36,368 - root - DEBUG - Writing stats to Firing DB table...
2022-01-19 16:25:36,389 - root - INFO - database writing complete1
2022-01-19 16:25:36,390 - root - INFO - RunState end: Ramp
2022-01-19 16:25:47,523 - root - DEBUG - Entering PID update with parameters SetPoint:753.36, ProcValue:752.95, IMax:100.00, IMin:0.00,
2022-01-19 16:25:47,524 - root - DEBUG -   Window:30, Kp: 30.000, Ki: 1.000, Kd: 0.600
2022-01-19 16:25:47,524 - root - DEBUG - Exiting PID update with parameters Error:0.41, ITerm:66.29, DInput:0.94, Output:77.91
2022-01-19 16:25:47,524 - root - DEBUG - RunID 58, Segment 1 (loop 450) - RunState:Ramp,
                       ReadTmp:752.95, RampTmp:753.36, TargetTmp:1185.00,
                       Output:77.91, CycleOnSec:23.37, RemainTime:2:05:14
                    
2022-01-19 16:25:47,524 - root - DEBUG - ==>Relay On
2022-01-19 16:26:10,921 - root - DEBUG - ==>Relay Off
2022-01-19 16:26:10,922 - root - DEBUG - Writing stats to Firing DB table...
2022-01-19 16:26:10,937 - root - INFO - database writing complete1
2022-01-19 16:26:10,937 - root - INFO - RunState end: Ramp
2022-01-19 16:26:17,524 - root - DEBUG - Entering PID update with parameters SetPoint:754.78, ProcValue:754.86, IMax:100.00, IMin:0.00,
2022-01-19 16:26:17,524 - root - DEBUG -   Window:30, Kp: 30.000, Ki: 1.000, Kd: 0.600
2022-01-19 16:26:17,524 - root - DEBUG - Exiting PID update with parameters Error:-0.08, ITerm:66.20, DInput:1.91, Output:62.56
2022-01-19 16:26:17,524 - root - DEBUG - RunID 58, Segment 1 (loop 451) - RunState:Ramp,
                       ReadTmp:754.86, RampTmp:754.78, TargetTmp:1185.00,
                       Output:62.56, CycleOnSec:18.77, RemainTime:2:04:44
                    
2022-01-19 16:26:17,524 - root - DEBUG - ==>Relay On
2022-01-19 16:26:36,311 - root - DEBUG - ==>Relay Off
2022-01-19 16:26:36,312 - root - DEBUG - Writing stats to Firing DB table...
2022-01-19 16:26:36,330 - root - INFO - database writing complete1
2022-01-19 16:26:36,330 - root - INFO - RunState end: Ramp
2022-01-19 16:26:47,524 - root - DEBUG - Entering PID update with parameters SetPoint:756.19, ProcValue:756.24, IMax:100.00, IMin:0.00,
2022-01-19 16:26:47,524 - root - DEBUG -   Window:30, Kp: 30.000, Ki: 1.000, Kd: 0.600
2022-01-19 16:26:47,524 - root - DEBUG - Exiting PID update with parameters Error:-0.05, ITerm:66.15, DInput:1.38, Output:63.84
2022-01-19 16:26:47,524 - root - DEBUG - RunID 58, Segment 1 (loop 452) - RunState:Ramp,
                       ReadTmp:756.24, RampTmp:756.19, TargetTmp:1185.00,
                       Output:63.84, CycleOnSec:19.15, RemainTime:2:04:14
                    
2022-01-19 16:26:47,524 - root - DEBUG - ==>Relay On
2022-01-19 16:27:06,678 - root - DEBUG - ==>Relay Off
2022-01-19 16:27:06,680 - root - DEBUG - Writing stats to Firing DB table...
2022-01-19 16:27:06,696 - root - INFO - database writing complete1
2022-01-19 16:27:06,697 - root - INFO - RunState end: Ramp
2022-01-19 16:27:17,524 - root - DEBUG - Entering PID update with parameters SetPoint:757.61, ProcValue:756.88, IMax:100.00, IMin:0.00,
2022-01-19 16:27:17,524 - root - DEBUG -   Window:30, Kp: 30.000, Ki: 1.000, Kd: 0.600
2022-01-19 16:27:17,525 - root - DEBUG - Exiting PID update with parameters Error:0.73, ITerm:66.89, DInput:0.63, Output:88.54
2022-01-19 16:27:17,525 - root - DEBUG - RunID 58, Segment 1 (loop 453) - RunState:Ramp,
                       ReadTmp:756.88, RampTmp:757.61, TargetTmp:1185.00,
                       Output:88.54, CycleOnSec:26.56, RemainTime:2:03:44
                    
2022-01-19 16:27:17,525 - root - DEBUG - ==>Relay On
2022-01-19 16:27:44,114 - root - DEBUG - ==>Relay Off
2022-01-19 16:27:44,115 - root - DEBUG - Writing stats to Firing DB table...
2022-01-19 16:27:44,131 - root - INFO - database writing complete1
2022-01-19 16:27:44,132 - root - INFO - RunState end: Ramp
2022-01-19 16:27:47,524 - root - DEBUG - Entering PID update with parameters SetPoint:759.03, ProcValue:759.64, IMax:100.00, IMin:0.00,
2022-01-19 16:27:47,524 - root - DEBUG -   Window:30, Kp: 30.000, Ki: 1.000, Kd: 0.600
2022-01-19 16:27:47,524 - root - DEBUG - Exiting PID update with parameters Error:-0.61, ITerm:66.27, DInput:2.77, Output:46.18
2022-01-19 16:27:47,524 - root - DEBUG - RunID 58, Segment 1 (loop 454) - RunState:Ramp,
                       ReadTmp:759.64, RampTmp:759.03, TargetTmp:1185.00,
                       Output:46.18, CycleOnSec:13.85, RemainTime:2:03:14
                    
2022-01-19 16:27:47,524 - root - DEBUG - ==>Relay On
2022-01-19 16:28:01,391 - root - DEBUG - ==>Relay Off
2022-01-19 16:28:01,392 - root - DEBUG - Writing stats to Firing DB table...
2022-01-19 16:28:01,405 - root - INFO - database writing complete1
2022-01-19 16:28:01,406 - root - INFO - RunState end: Ramp
2022-01-19 16:28:17,524 - root - DEBUG - Entering PID update with parameters SetPoint:760.44, ProcValue:759.72, IMax:100.00, IMin:0.00,
2022-01-19 16:28:17,524 - root - DEBUG -   Window:30, Kp: 30.000, Ki: 1.000, Kd: 0.600
2022-01-19 16:28:17,524 - root - DEBUG - Exiting PID update with parameters Error:0.72, ITerm:67.00, DInput:0.08, Output:88.67
2022-01-19 16:28:17,525 - root - DEBUG - RunID 58, Segment 1 (loop 455) - RunState:Ramp,
                       ReadTmp:759.72, RampTmp:760.44, TargetTmp:1185.00,
                       Output:88.67, CycleOnSec:26.60, RemainTime:2:02:44
                    
2022-01-19 16:28:17,525 - root - DEBUG - ==>Relay On
2022-01-19 16:28:44,140 - root - DEBUG - ==>Relay Off
2022-01-19 16:28:44,141 - root - DEBUG - Writing stats to Firing DB table...
2022-01-19 16:28:44,155 - root - INFO - database writing complete1
2022-01-19 16:28:44,156 - root - INFO - RunState end: Ramp
2022-01-19 16:28:47,524 - root - DEBUG - Entering PID update with parameters SetPoint:761.86, ProcValue:762.06, IMax:100.00, IMin:0.00,
2022-01-19 16:28:47,524 - root - DEBUG -   Window:30, Kp: 30.000, Ki: 1.000, Kd: 0.600
2022-01-19 16:28:47,524 - root - DEBUG - Exiting PID update with parameters Error:-0.20, ITerm:66.79, DInput:2.34, Output:59.29
2022-01-19 16:28:47,524 - root - DEBUG - RunID 58, Segment 1 (loop 456) - RunState:Ramp,
                       ReadTmp:762.06, RampTmp:761.86, TargetTmp:1185.00,
                       Output:59.29, CycleOnSec:17.79, RemainTime:2:02:14
                    
2022-01-19 16:28:47,524 - root - DEBUG - ==>Relay On
2022-01-19 16:29:05,331 - root - DEBUG - ==>Relay Off
2022-01-19 16:29:05,332 - root - DEBUG - Writing stats to Firing DB table...
2022-01-19 16:29:05,343 - root - INFO - database writing complete1
2022-01-19 16:29:05,344 - root - INFO - RunState end: Ramp
2022-01-19 16:29:17,524 - root - DEBUG - Entering PID update with parameters SetPoint:763.28, ProcValue:763.54, IMax:100.00, IMin:0.00,
2022-01-19 16:29:17,525 - root - DEBUG -   Window:30, Kp: 30.000, Ki: 1.000, Kd: 0.600
2022-01-19 16:29:17,525 - root - DEBUG - Exiting PID update with parameters Error:-0.26, ITerm:66.53, DInput:1.48, Output:57.75
2022-01-19 16:29:17,525 - root - DEBUG - RunID 58, Segment 1 (loop 457) - RunState:Ramp,
                       ReadTmp:763.54, RampTmp:763.28, TargetTmp:1185.00,
                       Output:57.75, CycleOnSec:17.33, RemainTime:2:01:44
                    
2022-01-19 16:29:17,525 - root - DEBUG - ==>Relay On
2022-01-19 16:29:34,865 - root - DEBUG - ==>Relay Off
2022-01-19 16:29:34,865 - root - DEBUG - Writing stats to Firing DB table...
2022-01-19 16:29:34,885 - root - INFO - database writing complete1
2022-01-19 16:29:34,885 - root - INFO - RunState end: Ramp
2022-01-19 16:29:47,524 - root - DEBUG - Entering PID update with parameters SetPoint:764.69, ProcValue:763.73, IMax:100.00, IMin:0.00,
2022-01-19 16:29:47,524 - root - DEBUG -   Window:30, Kp: 30.000, Ki: 1.000, Kd: 0.600
2022-01-19 16:29:47,524 - root - DEBUG - Exiting PID update with parameters Error:0.97, ITerm:67.50, DInput:0.19, Output:96.37
2022-01-19 16:29:47,524 - root - DEBUG - RunID 58, Segment 1 (loop 458) - RunState:Ramp,
                       ReadTmp:763.73, RampTmp:764.69, TargetTmp:1185.00,
                       Output:96.37, CycleOnSec:28.91, RemainTime:2:01:14
                    
2022-01-19 16:29:47,524 - root - DEBUG - ==>Relay On
2022-01-19 16:30:16,458 - root - DEBUG - ==>Relay Off
2022-01-19 16:30:16,459 - root - DEBUG - Writing stats to Firing DB table...
2022-01-19 16:30:16,474 - root - INFO - database writing complete1
2022-01-19 16:30:16,475 - root - INFO - RunState end: Ramp
2022-01-19 16:30:17,524 - root - DEBUG - Entering PID update with parameters SetPoint:766.11, ProcValue:766.44, IMax:100.00, IMin:0.00,
2022-01-19 16:30:17,524 - root - DEBUG -   Window:30, Kp: 30.000, Ki: 1.000, Kd: 0.600
2022-01-19 16:30:17,524 - root - DEBUG - Exiting PID update with parameters Error:-0.33, ITerm:67.17, DInput:2.71, Output:55.70
2022-01-19 16:30:17,524 - root - DEBUG - RunID 58, Segment 1 (loop 459) - RunState:Ramp,
                       ReadTmp:766.44, RampTmp:766.11, TargetTmp:1185.00,
                       Output:55.70, CycleOnSec:16.71, RemainTime:2:00:44
                    
2022-01-19 16:30:17,524 - root - DEBUG - ==>Relay On
2022-01-19 16:30:34,240 - root - DEBUG - ==>Relay Off
2022-01-19 16:30:34,242 - root - DEBUG - Writing stats to Firing DB table...
2022-01-19 16:30:34,276 - root - INFO - database writing complete1
2022-01-19 16:30:34,277 - root - INFO - RunState end: Ramp
2022-01-19 16:30:47,524 - root - DEBUG - Entering PID update with parameters SetPoint:767.53, ProcValue:768.15, IMax:100.00, IMin:0.00,
2022-01-19 16:30:47,524 - root - DEBUG -   Window:30, Kp: 30.000, Ki: 1.000, Kd: 0.600
2022-01-19 16:30:47,524 - root - DEBUG - Exiting PID update with parameters Error:-0.62, ITerm:66.55, DInput:1.71, Output:46.85
2022-01-19 16:30:47,524 - root - DEBUG - RunID 58, Segment 1 (loop 460) - RunState:Ramp,
                       ReadTmp:768.15, RampTmp:767.53, TargetTmp:1185.00,
                       Output:46.85, CycleOnSec:14.05, RemainTime:2:00:14
                    
2022-01-19 16:30:47,524 - root - DEBUG - ==>Relay On
2022-01-19 16:31:01,593 - root - DEBUG - ==>Relay Off
2022-01-19 16:31:01,595 - root - DEBUG - Writing stats to Firing DB table...
2022-01-19 16:31:01,610 - root - INFO - database writing complete1
2022-01-19 16:31:01,610 - root - INFO - RunState end: Ramp
2022-01-19 16:31:17,524 - root - DEBUG - Entering PID update with parameters SetPoint:768.94, ProcValue:767.26, IMax:100.00, IMin:0.00,
2022-01-19 16:31:17,524 - root - DEBUG -   Window:30, Kp: 30.000, Ki: 1.000, Kd: 0.600
2022-01-19 16:31:17,524 - root - DEBUG - Exiting PID update with parameters Error:1.68, ITerm:68.23, DInput:-0.89, Output:100.00
2022-01-19 16:31:17,524 - root - DEBUG - RunID 58, Segment 1 (loop 461) - RunState:Ramp,
                       ReadTmp:767.26, RampTmp:768.94, TargetTmp:1185.00,
                       Output:100.00, CycleOnSec:30.00, RemainTime:1:59:44
                    
2022-01-19 16:31:17,525 - root - DEBUG - ==>Relay On
2022-01-19 16:31:47,556 - root - DEBUG - Writing stats to Firing DB table...
2022-01-19 16:31:47,571 - root - INFO - database writing complete1
2022-01-19 16:31:47,572 - root - INFO - RunState end: Ramp
2022-01-19 16:31:48,087 - root - DEBUG - Entering PID update with parameters SetPoint:770.36, ProcValue:769.65, IMax:100.00, IMin:0.00,
2022-01-19 16:31:48,088 - root - DEBUG -   Window:30, Kp: 30.000, Ki: 1.000, Kd: 0.600
2022-01-19 16:31:48,088 - root - DEBUG - Exiting PID update with parameters Error:0.71, ITerm:68.94, DInput:2.39, Output:88.84
2022-01-19 16:31:48,088 - root - DEBUG - RunID 58, Segment 1 (loop 462) - RunState:Ramp,
                       ReadTmp:769.65, RampTmp:770.36, TargetTmp:1185.00,
                       Output:88.84, CycleOnSec:26.65, RemainTime:1:59:13
                    
2022-01-19 16:31:48,089 - root - DEBUG - ==>Relay On
2022-01-19 16:32:14,767 - root - DEBUG - ==>Relay Off
2022-01-19 16:32:14,768 - root - DEBUG - Writing stats to Firing DB table...
2022-01-19 16:32:14,784 - root - INFO - database writing complete1
2022-01-19 16:32:14,785 - root - INFO - RunState end: Ramp
2022-01-19 16:32:18,079 - root - DEBUG - Entering PID update with parameters SetPoint:771.78, ProcValue:774.59, IMax:100.00, IMin:0.00,
2022-01-19 16:32:18,080 - root - DEBUG -   Window:30, Kp: 30.000, Ki: 1.000, Kd: 0.600
2022-01-19 16:32:18,080 - root - DEBUG - Exiting PID update with parameters Error:-2.81, ITerm:66.13, DInput:4.94, Output:0.00
2022-01-19 16:32:18,080 - root - DEBUG - RunID 58, Segment 1 (loop 463) - RunState:Ramp,
                       ReadTmp:774.59, RampTmp:771.78, TargetTmp:1185.00,
                       Output:0.00, CycleOnSec:0.00, RemainTime:1:58:43
                    
2022-01-19 16:32:18,080 - root - DEBUG - ==>Relay Off
2022-01-19 16:32:18,080 - root - DEBUG - Writing stats to Firing DB table...
2022-01-19 16:32:18,098 - root - INFO - database writing complete1
2022-01-19 16:32:18,098 - root - INFO - RunState end: Ramp
2022-01-19 16:32:48,079 - root - DEBUG - Entering PID update with parameters SetPoint:773.19, ProcValue:769.62, IMax:100.00, IMin:0.00,
2022-01-19 16:32:48,079 - root - DEBUG -   Window:30, Kp: 30.000, Ki: 1.000, Kd: 0.600
2022-01-19 16:32:48,080 - root - DEBUG - Exiting PID update with parameters Error:3.57, ITerm:69.70, DInput:-4.96, Output:100.00
2022-01-19 16:32:48,080 - root - DEBUG - RunID 58, Segment 1 (loop 464) - RunState:Ramp,
                       ReadTmp:769.62, RampTmp:773.19, TargetTmp:1185.00,
                       Output:100.00, CycleOnSec:30.00, RemainTime:1:58:13
                    
2022-01-19 16:32:48,080 - root - DEBUG - ==>Relay On
2022-01-19 16:33:18,111 - root - DEBUG - Writing stats to Firing DB table...
2022-01-19 16:33:18,130 - root - INFO - database writing complete1
2022-01-19 16:33:18,130 - root - INFO - RunState end: Ramp
2022-01-19 16:33:18,645 - root - DEBUG - Entering PID update with parameters SetPoint:774.61, ProcValue:771.58, IMax:100.00, IMin:0.00,
2022-01-19 16:33:18,646 - root - DEBUG -   Window:30, Kp: 30.000, Ki: 1.000, Kd: 0.600
2022-01-19 16:33:18,646 - root - DEBUG - Exiting PID update with parameters Error:3.03, ITerm:72.73, DInput:1.95, Output:100.00
2022-01-19 16:33:18,647 - root - DEBUG - RunID 58, Segment 1 (loop 465) - RunState:Ramp,
                       ReadTmp:771.58, RampTmp:774.61, TargetTmp:1185.00,
                       Output:100.00, CycleOnSec:30.00, RemainTime:1:57:43
                    
2022-01-19 16:33:18,647 - root - DEBUG - ==>Relay On
2022-01-19 16:33:48,678 - root - DEBUG - Writing stats to Firing DB table...
2022-01-19 16:33:48,698 - root - INFO - database writing complete1
2022-01-19 16:33:48,698 - root - INFO - RunState end: Ramp
2022-01-19 16:33:49,214 - root - DEBUG - Entering PID update with parameters SetPoint:776.03, ProcValue:776.83, IMax:100.00, IMin:0.00,
2022-01-19 16:33:49,214 - root - DEBUG -   Window:30, Kp: 30.000, Ki: 1.000, Kd: 0.600
2022-01-19 16:33:49,215 - root - DEBUG - Exiting PID update with parameters Error:-0.80, ITerm:71.93, DInput:5.25, Output:44.72
2022-01-19 16:33:49,215 - root - DEBUG - RunID 58, Segment 1 (loop 466) - RunState:Ramp,
                       ReadTmp:776.83, RampTmp:776.03, TargetTmp:1185.00,
                       Output:44.72, CycleOnSec:13.42, RemainTime:1:57:12
                    
2022-01-19 16:33:49,219 - root - DEBUG - ==>Relay On
2022-01-19 16:34:02,645 - root - DEBUG - ==>Relay Off
2022-01-19 16:34:02,645 - root - DEBUG - Writing stats to Firing DB table...
2022-01-19 16:34:02,672 - root - INFO - database writing complete1
2022-01-19 16:34:02,673 - root - INFO - RunState end: Ramp
2022-01-19 16:34:19,206 - root - DEBUG - Entering PID update with parameters SetPoint:777.44, ProcValue:777.87, IMax:100.00, IMin:0.00,
2022-01-19 16:34:19,206 - root - DEBUG -   Window:30, Kp: 30.000, Ki: 1.000, Kd: 0.600
2022-01-19 16:34:19,206 - root - DEBUG - Exiting PID update with parameters Error:-0.42, ITerm:71.51, DInput:1.04, Output:58.15
2022-01-19 16:34:19,206 - root - DEBUG - RunID 58, Segment 1 (loop 467) - RunState:Ramp,
                       ReadTmp:777.87, RampTmp:777.44, TargetTmp:1185.00,
                       Output:58.15, CycleOnSec:17.44, RemainTime:1:56:42
                    
2022-01-19 16:34:19,206 - root - DEBUG - ==>Relay On
2022-01-19 16:34:36,661 - root - DEBUG - ==>Relay Off
2022-01-19 16:34:36,662 - root - DEBUG - Writing stats to Firing DB table...
2022-01-19 16:34:36,677 - root - INFO - database writing complete1
2022-01-19 16:34:36,678 - root - INFO - RunState end: Ramp
2022-01-19 16:34:49,206 - root - DEBUG - Entering PID update with parameters SetPoint:778.86, ProcValue:777.77, IMax:100.00, IMin:0.00,
2022-01-19 16:34:49,206 - root - DEBUG -   Window:30, Kp: 30.000, Ki: 1.000, Kd: 0.600
2022-01-19 16:34:49,206 - root - DEBUG - Exiting PID update with parameters Error:1.09, ITerm:72.59, DInput:-0.09, Output:100.00
2022-01-19 16:34:49,206 - root - DEBUG - RunID 58, Segment 1 (loop 468) - RunState:Ramp,
                       ReadTmp:777.77, RampTmp:778.86, TargetTmp:1185.00,
                       Output:100.00, CycleOnSec:30.00, RemainTime:1:56:12
                    
2022-01-19 16:34:49,206 - root - DEBUG - ==>Relay On
2022-01-19 16:35:19,237 - root - DEBUG - Writing stats to Firing DB table...
2022-01-19 16:35:19,258 - root - INFO - database writing complete1
2022-01-19 16:35:19,259 - root - INFO - RunState end: Ramp
2022-01-19 16:35:19,774 - root - DEBUG - Entering PID update with parameters SetPoint:780.28, ProcValue:780.36, IMax:100.00, IMin:0.00,
2022-01-19 16:35:19,774 - root - DEBUG -   Window:30, Kp: 30.000, Ki: 1.000, Kd: 0.600
2022-01-19 16:35:19,774 - root - DEBUG - Exiting PID update with parameters Error:-0.08, ITerm:72.51, DInput:2.59, Output:68.46
2022-01-19 16:35:19,775 - root - DEBUG - RunID 58, Segment 1 (loop 469) - RunState:Ramp,
                       ReadTmp:780.36, RampTmp:780.28, TargetTmp:1185.00,
                       Output:68.46, CycleOnSec:20.54, RemainTime:1:55:42
                    
2022-01-19 16:35:19,775 - root - DEBUG - ==>Relay On
2022-01-19 16:35:40,333 - root - DEBUG - ==>Relay Off
2022-01-19 16:35:40,334 - root - DEBUG - Writing stats to Firing DB table...
2022-01-19 16:35:40,349 - root - INFO - database writing complete1
2022-01-19 16:35:40,350 - root - INFO - RunState end: Ramp
2022-01-19 16:35:49,767 - root - DEBUG - Entering PID update with parameters SetPoint:781.69, ProcValue:783.72, IMax:100.00, IMin:0.00,
2022-01-19 16:35:49,767 - root - DEBUG -   Window:30, Kp: 30.000, Ki: 1.000, Kd: 0.600
2022-01-19 16:35:49,767 - root - DEBUG - Exiting PID update with parameters Error:-2.03, ITerm:70.48, DInput:3.36, Output:7.68
2022-01-19 16:35:49,768 - root - DEBUG - RunID 58, Segment 1 (loop 470) - RunState:Ramp,
                       ReadTmp:783.72, RampTmp:781.69, TargetTmp:1185.00,
                       Output:7.68, CycleOnSec:2.31, RemainTime:1:55:12
                    
2022-01-19 16:35:49,768 - root - DEBUG - ==>Relay On
2022-01-19 16:35:52,076 - root - DEBUG - ==>Relay Off
2022-01-19 16:35:52,078 - root - DEBUG - Writing stats to Firing DB table...
2022-01-19 16:35:52,097 - root - INFO - database writing complete1
2022-01-19 16:35:52,097 - root - INFO - RunState end: Ramp
2022-01-19 16:36:19,766 - root - DEBUG - Entering PID update with parameters SetPoint:783.11, ProcValue:778.70, IMax:100.00, IMin:0.00,
2022-01-19 16:36:19,766 - root - DEBUG -   Window:30, Kp: 30.000, Ki: 1.000, Kd: 0.600
2022-01-19 16:36:19,766 - root - DEBUG - Exiting PID update with parameters Error:4.41, ITerm:74.90, DInput:-5.02, Output:100.00
2022-01-19 16:36:19,766 - root - DEBUG - RunID 58, Segment 1 (loop 471) - RunState:Ramp,
                       ReadTmp:778.70, RampTmp:783.11, TargetTmp:1185.00,
                       Output:100.00, CycleOnSec:30.00, RemainTime:1:54:42
                    
2022-01-19 16:36:19,766 - root - DEBUG - ==>Relay On
2022-01-19 16:36:49,797 - root - DEBUG - Writing stats to Firing DB table...
2022-01-19 16:36:49,813 - root - INFO - database writing complete1
2022-01-19 16:36:49,813 - root - INFO - RunState end: Ramp
2022-01-19 16:36:50,322 - root - DEBUG - Entering PID update with parameters SetPoint:784.53, ProcValue:780.56, IMax:100.00, IMin:0.00,
2022-01-19 16:36:50,322 - root - DEBUG -   Window:30, Kp: 30.000, Ki: 1.000, Kd: 0.600
2022-01-19 16:36:50,322 - root - DEBUG - Exiting PID update with parameters Error:3.96, ITerm:78.86, DInput:1.87, Output:100.00
2022-01-19 16:36:50,323 - root - DEBUG - RunID 58, Segment 1 (loop 472) - RunState:Ramp,
                       ReadTmp:780.56, RampTmp:784.53, TargetTmp:1185.00,
                       Output:100.00, CycleOnSec:30.00, RemainTime:1:54:11
                    
2022-01-19 16:36:50,323 - root - DEBUG - ==>Relay On
2022-01-19 16:37:20,354 - root - DEBUG - Writing stats to Firing DB table...
2022-01-19 16:37:20,376 - root - INFO - database writing complete1
2022-01-19 16:37:20,376 - root - INFO - RunState end: Ramp
2022-01-19 16:37:20,888 - root - DEBUG - Entering PID update with parameters SetPoint:785.94, ProcValue:785.61, IMax:100.00, IMin:0.00,
2022-01-19 16:37:20,889 - root - DEBUG -   Window:30, Kp: 30.000, Ki: 1.000, Kd: 0.600
2022-01-19 16:37:20,889 - root - DEBUG - Exiting PID update with parameters Error:0.33, ITerm:79.19, DInput:5.05, Output:86.16
2022-01-19 16:37:20,890 - root - DEBUG - RunID 58, Segment 1 (loop 473) - RunState:Ramp,
                       ReadTmp:785.61, RampTmp:785.94, TargetTmp:1185.00,
                       Output:86.16, CycleOnSec:25.85, RemainTime:1:53:41
                    
2022-01-19 16:37:20,890 - root - DEBUG - ==>Relay On
2022-01-19 16:37:46,765 - root - DEBUG - ==>Relay Off
2022-01-19 16:37:46,766 - root - DEBUG - Writing stats to Firing DB table...
2022-01-19 16:37:46,781 - root - INFO - database writing complete1
2022-01-19 16:37:46,781 - root - INFO - RunState end: Ramp
2022-01-19 16:37:50,883 - root - DEBUG - Entering PID update with parameters SetPoint:787.36, ProcValue:790.33, IMax:100.00, IMin:0.00,
2022-01-19 16:37:50,884 - root - DEBUG -   Window:30, Kp: 30.000, Ki: 1.000, Kd: 0.600
2022-01-19 16:37:50,884 - root - DEBUG - Exiting PID update with parameters Error:-2.97, ITerm:76.22, DInput:4.72, Output:0.00
2022-01-19 16:37:50,884 - root - DEBUG - RunID 58, Segment 1 (loop 474) - RunState:Ramp,
                       ReadTmp:790.33, RampTmp:787.36, TargetTmp:1185.00,
                       Output:0.00, CycleOnSec:0.00, RemainTime:1:53:11
                    
2022-01-19 16:37:50,884 - root - DEBUG - ==>Relay Off
2022-01-19 16:37:50,884 - root - DEBUG - Writing stats to Firing DB table...
2022-01-19 16:37:50,898 - root - INFO - database writing complete1
2022-01-19 16:37:50,898 - root - INFO - RunState end: Ramp
2022-01-19 16:38:20,884 - root - DEBUG - Entering PID update with parameters SetPoint:788.78, ProcValue:784.91, IMax:100.00, IMin:0.00,
2022-01-19 16:38:20,884 - root - DEBUG -   Window:30, Kp: 30.000, Ki: 1.000, Kd: 0.600
2022-01-19 16:38:20,884 - root - DEBUG - Exiting PID update with parameters Error:3.86, ITerm:80.09, DInput:-5.41, Output:100.00
2022-01-19 16:38:20,884 - root - DEBUG - RunID 58, Segment 1 (loop 475) - RunState:Ramp,
                       ReadTmp:784.91, RampTmp:788.78, TargetTmp:1185.00,
                       Output:100.00, CycleOnSec:30.00, RemainTime:1:52:41
                    
2022-01-19 16:38:20,884 - root - DEBUG - ==>Relay On
2022-01-19 16:38:50,885 - root - DEBUG - Writing stats to Firing DB table...
2022-01-19 16:38:50,905 - root - INFO - database writing complete1
2022-01-19 16:38:50,905 - root - INFO - RunState end: Ramp
2022-01-19 16:38:51,414 - root - DEBUG - Entering PID update with parameters SetPoint:790.19, ProcValue:786.76, IMax:100.00, IMin:0.00,
2022-01-19 16:38:51,414 - root - DEBUG -   Window:30, Kp: 30.000, Ki: 1.000, Kd: 0.600
2022-01-19 16:38:51,414 - root - DEBUG - Exiting PID update with parameters Error:3.43, ITerm:83.52, DInput:1.84, Output:100.00
2022-01-19 16:38:51,415 - root - DEBUG - RunID 58, Segment 1 (loop 476) - RunState:Ramp,
                       ReadTmp:786.76, RampTmp:790.19, TargetTmp:1185.00,
                       Output:100.00, CycleOnSec:30.00, RemainTime:1:52:10
                    
2022-01-19 16:38:51,415 - root - DEBUG - ==>Relay On
2022-01-19 16:39:21,421 - root - DEBUG - Writing stats to Firing DB table...
2022-01-19 16:39:21,436 - root - INFO - database writing complete1
2022-01-19 16:39:21,437 - root - INFO - RunState end: Ramp
2022-01-19 16:39:21,945 - root - DEBUG - Entering PID update with parameters SetPoint:791.61, ProcValue:791.91, IMax:100.00, IMin:0.00,
2022-01-19 16:39:21,946 - root - DEBUG -   Window:30, Kp: 30.000, Ki: 1.000, Kd: 0.600
2022-01-19 16:39:21,946 - root - DEBUG - Exiting PID update with parameters Error:-0.30, ITerm:83.22, DInput:5.16, Output:70.98
2022-01-19 16:39:21,947 - root - DEBUG - RunID 58, Segment 1 (loop 477) - RunState:Ramp,
                       ReadTmp:791.91, RampTmp:791.61, TargetTmp:1185.00,
                       Output:70.98, CycleOnSec:21.29, RemainTime:1:51:40
                    
2022-01-19 16:39:21,947 - root - DEBUG - ==>Relay On
2022-01-19 16:39:43,263 - root - DEBUG - ==>Relay Off
2022-01-19 16:39:43,265 - root - DEBUG - Writing stats to Firing DB table...
2022-01-19 16:39:43,317 - root - INFO - database writing complete1
2022-01-19 16:39:43,317 - root - INFO - RunState end: Ramp
2022-01-19 16:39:51,944 - root - DEBUG - Entering PID update with parameters SetPoint:793.03, ProcValue:795.38, IMax:100.00, IMin:0.00,
2022-01-19 16:39:51,945 - root - DEBUG -   Window:30, Kp: 30.000, Ki: 1.000, Kd: 0.600
2022-01-19 16:39:51,945 - root - DEBUG - Exiting PID update with parameters Error:-2.35, ITerm:80.87, DInput:3.46, Output:8.32
2022-01-19 16:39:51,945 - root - DEBUG - RunID 58, Segment 1 (loop 478) - RunState:Ramp,
                       ReadTmp:795.38, RampTmp:793.03, TargetTmp:1185.00,
                       Output:8.32, CycleOnSec:2.50, RemainTime:1:51:10
                    
2022-01-19 16:39:51,945 - root - DEBUG - ==>Relay On
2022-01-19 16:39:54,445 - root - DEBUG - ==>Relay Off
2022-01-19 16:39:54,446 - root - DEBUG - Writing stats to Firing DB table...
2022-01-19 16:39:54,467 - root - INFO - database writing complete1
2022-01-19 16:39:54,468 - root - INFO - RunState end: Ramp
2022-01-19 16:40:21,944 - root - DEBUG - Entering PID update with parameters SetPoint:794.44, ProcValue:790.18, IMax:100.00, IMin:0.00,
2022-01-19 16:40:21,944 - root - DEBUG -   Window:30, Kp: 30.000, Ki: 1.000, Kd: 0.600
2022-01-19 16:40:21,944 - root - DEBUG - Exiting PID update with parameters Error:4.26, ITerm:85.13, DInput:-5.20, Output:100.00
2022-01-19 16:40:21,944 - root - DEBUG - RunID 58, Segment 1 (loop 479) - RunState:Ramp,
                       ReadTmp:790.18, RampTmp:794.44, TargetTmp:1185.00,
                       Output:100.00, CycleOnSec:30.00, RemainTime:1:50:40
                    
2022-01-19 16:40:21,944 - root - DEBUG - ==>Relay On
2022-01-19 16:40:51,975 - root - DEBUG - Writing stats to Firing DB table...
2022-01-19 16:40:51,991 - root - INFO - database writing complete1
2022-01-19 16:40:51,992 - root - INFO - RunState end: Ramp
2022-01-19 16:40:52,506 - root - DEBUG - Entering PID update with parameters SetPoint:795.86, ProcValue:792.07, IMax:100.00, IMin:0.00,
2022-01-19 16:40:52,506 - root - DEBUG -   Window:30, Kp: 30.000, Ki: 1.000, Kd: 0.600
2022-01-19 16:40:52,507 - root - DEBUG - Exiting PID update with parameters Error:3.79, ITerm:88.92, DInput:1.89, Output:100.00
2022-01-19 16:40:52,507 - root - DEBUG - RunID 58, Segment 1 (loop 480) - RunState:Ramp,
                       ReadTmp:792.07, RampTmp:795.86, TargetTmp:1185.00,
                       Output:100.00, CycleOnSec:30.00, RemainTime:1:50:09
                    
2022-01-19 16:40:52,507 - root - DEBUG - ==>Relay On
2022-01-19 16:41:22,539 - root - DEBUG - Writing stats to Firing DB table...
2022-01-19 16:41:22,585 - root - INFO - database writing complete1
2022-01-19 16:41:22,585 - root - INFO - RunState end: Ramp
2022-01-19 16:41:23,100 - root - DEBUG - Entering PID update with parameters SetPoint:797.28, ProcValue:797.18, IMax:100.00, IMin:0.00,
2022-01-19 16:41:23,101 - root - DEBUG -   Window:30, Kp: 30.000, Ki: 1.000, Kd: 0.600
2022-01-19 16:41:23,101 - root - DEBUG - Exiting PID update with parameters Error:0.10, ITerm:89.02, DInput:5.11, Output:88.84
2022-01-19 16:41:23,102 - root - DEBUG - RunID 58, Segment 1 (loop 481) - RunState:Ramp,
                       ReadTmp:797.18, RampTmp:797.28, TargetTmp:1185.00,
                       Output:88.84, CycleOnSec:26.65, RemainTime:1:49:38
                    
2022-01-19 16:41:23,102 - root - DEBUG - ==>Relay On
2022-01-19 16:41:49,781 - root - DEBUG - ==>Relay Off
2022-01-19 16:41:49,783 - root - DEBUG - Writing stats to Firing DB table...
2022-01-19 16:41:49,799 - root - INFO - database writing complete1
2022-01-19 16:41:49,799 - root - INFO - RunState end: Ramp
2022-01-19 16:41:53,092 - root - DEBUG - Entering PID update with parameters SetPoint:798.69, ProcValue:801.95, IMax:100.00, IMin:0.00,
2022-01-19 16:41:53,092 - root - DEBUG -   Window:30, Kp: 30.000, Ki: 1.000, Kd: 0.600
2022-01-19 16:41:53,093 - root - DEBUG - Exiting PID update with parameters Error:-3.25, ITerm:85.76, DInput:4.77, Output:0.00
2022-01-19 16:41:53,093 - root - DEBUG - RunID 58, Segment 1 (loop 482) - RunState:Ramp,
                       ReadTmp:801.95, RampTmp:798.69, TargetTmp:1185.00,
                       Output:0.00, CycleOnSec:0.00, RemainTime:1:49:08
                    
2022-01-19 16:41:53,093 - root - DEBUG - ==>Relay Off
2022-01-19 16:41:53,093 - root - DEBUG - Writing stats to Firing DB table...
2022-01-19 16:41:53,108 - root - INFO - database writing complete1
2022-01-19 16:41:53,108 - root - INFO - RunState end: Ramp
2022-01-19 16:42:23,092 - root - DEBUG - Entering PID update with parameters SetPoint:800.11, ProcValue:796.38, IMax:100.00, IMin:0.00,
2022-01-19 16:42:23,093 - root - DEBUG -   Window:30, Kp: 30.000, Ki: 1.000, Kd: 0.600
2022-01-19 16:42:23,093 - root - DEBUG - Exiting PID update with parameters Error:3.73, ITerm:89.49, DInput:-5.56, Output:100.00
2022-01-19 16:42:23,093 - root - DEBUG - RunID 58, Segment 1 (loop 483) - RunState:Ramp,
                       ReadTmp:796.38, RampTmp:800.11, TargetTmp:1185.00,
                       Output:100.00, CycleOnSec:30.00, RemainTime:1:48:38
                    
2022-01-19 16:42:23,093 - root - DEBUG - ==>Relay On
2022-01-19 16:42:53,109 - root - DEBUG - Writing stats to Firing DB table...
2022-01-19 16:42:53,125 - root - INFO - database writing complete1
2022-01-19 16:42:53,126 - root - INFO - RunState end: Ramp
2022-01-19 16:42:53,641 - root - DEBUG - Entering PID update with parameters SetPoint:801.53, ProcValue:798.28, IMax:100.00, IMin:0.00,
2022-01-19 16:42:53,642 - root - DEBUG -   Window:30, Kp: 30.000, Ki: 1.000, Kd: 0.600
2022-01-19 16:42:53,642 - root - DEBUG - Exiting PID update with parameters Error:3.24, ITerm:92.73, DInput:1.90, Output:100.00
2022-01-19 16:42:53,643 - root - DEBUG - RunID 58, Segment 1 (loop 484) - RunState:Ramp,
                       ReadTmp:798.28, RampTmp:801.53, TargetTmp:1185.00,
                       Output:100.00, CycleOnSec:30.00, RemainTime:1:48:08
                    
2022-01-19 16:42:53,643 - root - DEBUG - ==>Relay On
2022-01-19 16:43:23,674 - root - DEBUG - Writing stats to Firing DB table...
2022-01-19 16:43:23,690 - root - INFO - database writing complete1
2022-01-19 16:43:23,690 - root - INFO - RunState end: Ramp
2022-01-19 16:43:24,205 - root - DEBUG - Entering PID update with parameters SetPoint:802.94, ProcValue:803.27, IMax:100.00, IMin:0.00,
2022-01-19 16:43:24,205 - root - DEBUG -   Window:30, Kp: 30.000, Ki: 1.000, Kd: 0.600
2022-01-19 16:43:24,205 - root - DEBUG - Exiting PID update with parameters Error:-0.33, ITerm:92.40, DInput:4.99, Output:79.49
2022-01-19 16:43:24,206 - root - DEBUG - RunID 58, Segment 1 (loop 485) - RunState:Ramp,
                       ReadTmp:803.27, RampTmp:802.94, TargetTmp:1185.00,
                       Output:79.49, CycleOnSec:23.85, RemainTime:1:47:37
                    
2022-01-19 16:43:24,206 - root - DEBUG - ==>Relay On
2022-01-19 16:43:48,079 - root - DEBUG - ==>Relay Off
2022-01-19 16:43:48,080 - root - DEBUG - Writing stats to Firing DB table...
2022-01-19 16:43:48,099 - root - INFO - database writing complete1
2022-01-19 16:43:48,100 - root - INFO - RunState end: Ramp
2022-01-19 16:43:54,198 - root - DEBUG - Entering PID update with parameters SetPoint:804.36, ProcValue:807.38, IMax:100.00, IMin:0.00,
2022-01-19 16:43:54,198 - root - DEBUG -   Window:30, Kp: 30.000, Ki: 1.000, Kd: 0.600
2022-01-19 16:43:54,199 - root - DEBUG - Exiting PID update with parameters Error:-3.02, ITerm:89.39, DInput:4.10, Output:0.00
2022-01-19 16:43:54,199 - root - DEBUG - RunID 58, Segment 1 (loop 486) - RunState:Ramp,
                       ReadTmp:807.38, RampTmp:804.36, TargetTmp:1185.00,
                       Output:0.00, CycleOnSec:0.00, RemainTime:1:47:07
                    
2022-01-19 16:43:54,199 - root - DEBUG - ==>Relay Off
2022-01-19 16:43:54,199 - root - DEBUG - Writing stats to Firing DB table...
2022-01-19 16:43:54,213 - root - INFO - database writing complete1
2022-01-19 16:43:54,213 - root - INFO - RunState end: Ramp
2022-01-19 16:44:24,197 - root - DEBUG - Entering PID update with parameters SetPoint:805.78, ProcValue:801.22, IMax:100.00, IMin:0.00,
2022-01-19 16:44:24,197 - root - DEBUG -   Window:30, Kp: 30.000, Ki: 1.000, Kd: 0.600
2022-01-19 16:44:24,198 - root - DEBUG - Exiting PID update with parameters Error:4.56, ITerm:93.95, DInput:-6.16, Output:100.00
2022-01-19 16:44:24,198 - root - DEBUG - RunID 58, Segment 1 (loop 487) - RunState:Ramp,
                       ReadTmp:801.22, RampTmp:805.78, TargetTmp:1185.00,
                       Output:100.00, CycleOnSec:30.00, RemainTime:1:46:37
                    
2022-01-19 16:44:24,198 - root - DEBUG - ==>Relay On
2022-01-19 16:44:54,229 - root - DEBUG - Writing stats to Firing DB table...
2022-01-19 16:44:54,245 - root - INFO - database writing complete1
2022-01-19 16:44:54,246 - root - INFO - RunState end: Ramp
2022-01-19 16:44:54,761 - root - DEBUG - Entering PID update with parameters SetPoint:807.19, ProcValue:803.04, IMax:100.00, IMin:0.00,
2022-01-19 16:44:54,761 - root - DEBUG -   Window:30, Kp: 30.000, Ki: 1.000, Kd: 0.600
2022-01-19 16:44:54,762 - root - DEBUG - Exiting PID update with parameters Error:4.15, ITerm:98.10, DInput:1.82, Output:100.00
2022-01-19 16:44:54,762 - root - DEBUG - RunID 58, Segment 1 (loop 488) - RunState:Ramp,
                       ReadTmp:803.04, RampTmp:807.19, TargetTmp:1185.00,
                       Output:100.00, CycleOnSec:30.00, RemainTime:1:46:07
                    
2022-01-19 16:44:54,762 - root - DEBUG - ==>Relay On
2022-01-19 16:45:24,793 - root - DEBUG - Writing stats to Firing DB table...
2022-01-19 16:45:24,819 - root - INFO - database writing complete1
2022-01-19 16:45:24,820 - root - INFO - RunState end: Ramp
2022-01-19 16:45:25,335 - root - DEBUG - Entering PID update with parameters SetPoint:808.61, ProcValue:808.06, IMax:100.00, IMin:0.00,
2022-01-19 16:45:25,335 - root - DEBUG -   Window:30, Kp: 30.000, Ki: 1.000, Kd: 0.600
2022-01-19 16:45:25,336 - root - DEBUG - Exiting PID update with parameters Error:0.55, ITerm:98.65, DInput:5.02, Output:100.00
2022-01-19 16:45:25,336 - root - DEBUG - RunID 58, Segment 1 (loop 489) - RunState:Ramp,
                       ReadTmp:808.06, RampTmp:808.61, TargetTmp:1185.00,
                       Output:100.00, CycleOnSec:30.00, RemainTime:1:45:36
                    
2022-01-19 16:45:25,336 - root - DEBUG - ==>Relay On
2022-01-19 16:45:55,367 - root - DEBUG - Writing stats to Firing DB table...
2022-01-19 16:45:55,386 - root - INFO - database writing complete1
2022-01-19 16:45:55,387 - root - INFO - RunState end: Ramp
2022-01-19 16:45:55,902 - root - DEBUG - Entering PID update with parameters SetPoint:810.03, ProcValue:813.14, IMax:100.00, IMin:0.00,
2022-01-19 16:45:55,902 - root - DEBUG -   Window:30, Kp: 30.000, Ki: 1.000, Kd: 0.600
2022-01-19 16:45:55,903 - root - DEBUG - Exiting PID update with parameters Error:-3.11, ITerm:95.53, DInput:5.08, Output:0.00
2022-01-19 16:45:55,903 - root - DEBUG - RunID 58, Segment 1 (loop 490) - RunState:Ramp,
                       ReadTmp:813.14, RampTmp:810.03, TargetTmp:1185.00,
                       Output:0.00, CycleOnSec:0.00, RemainTime:1:45:06
                    
2022-01-19 16:45:55,903 - root - DEBUG - ==>Relay Off
2022-01-19 16:45:55,904 - root - DEBUG - Writing stats to Firing DB table...
2022-01-19 16:45:55,905 - root - ERROR - DB Update failed1!
2022-01-19 16:45:55,906 - root - INFO - RunState end: Ramp
2022-01-19 16:46:25,894 - root - DEBUG - Entering PID update with parameters SetPoint:811.44, ProcValue:808.43, IMax:100.00, IMin:0.00,
2022-01-19 16:46:25,895 - root - DEBUG -   Window:30, Kp: 30.000, Ki: 1.000, Kd: 0.600
2022-01-19 16:46:25,895 - root - DEBUG - Exiting PID update with parameters Error:3.01, ITerm:98.54, DInput:-4.71, Output:100.00
2022-01-19 16:46:25,895 - root - DEBUG - RunID 58, Segment 1 (loop 491) - RunState:Ramp,
                       ReadTmp:808.43, RampTmp:811.44, TargetTmp:1185.00,
                       Output:100.00, CycleOnSec:30.00, RemainTime:1:44:36
                    
2022-01-19 16:46:25,895 - root - DEBUG - ==>Relay On
2022-01-19 16:46:55,927 - root - DEBUG - Writing stats to Firing DB table...
2022-01-19 16:46:55,949 - root - INFO - database writing complete1
2022-01-19 16:46:55,949 - root - INFO - RunState end: Ramp
2022-01-19 16:46:56,464 - root - DEBUG - Entering PID update with parameters SetPoint:812.86, ProcValue:810.18, IMax:100.00, IMin:0.00,
2022-01-19 16:46:56,464 - root - DEBUG -   Window:30, Kp: 30.000, Ki: 1.000, Kd: 0.600
2022-01-19 16:46:56,464 - root - DEBUG - Exiting PID update with parameters Error:2.68, ITerm:100.00, DInput:1.75, Output:100.00
2022-01-19 16:46:56,464 - root - DEBUG - RunID 58, Segment 1 (loop 492) - RunState:Ramp,
                       ReadTmp:810.18, RampTmp:812.86, TargetTmp:1185.00,
                       Output:100.00, CycleOnSec:30.00, RemainTime:1:44:05
                    
2022-01-19 16:46:56,464 - root - DEBUG - ==>Relay On
2022-01-19 16:47:26,485 - root - DEBUG - Writing stats to Firing DB table...
2022-01-19 16:47:26,503 - root - INFO - database writing complete1
2022-01-19 16:47:26,504 - root - INFO - RunState end: Ramp
2022-01-19 16:47:27,011 - root - DEBUG - Entering PID update with parameters SetPoint:814.28, ProcValue:815.19, IMax:100.00, IMin:0.00,
2022-01-19 16:47:27,011 - root - DEBUG -   Window:30, Kp: 30.000, Ki: 1.000, Kd: 0.600
2022-01-19 16:47:27,012 - root - DEBUG - Exiting PID update with parameters Error:-0.91, ITerm:99.09, DInput:5.01, Output:68.74
2022-01-19 16:47:27,012 - root - DEBUG - RunID 58, Segment 1 (loop 493) - RunState:Ramp,
                       ReadTmp:815.19, RampTmp:814.28, TargetTmp:1185.00,
                       Output:68.74, CycleOnSec:20.62, RemainTime:1:43:34
                    
2022-01-19 16:47:27,012 - root - DEBUG - ==>Relay On
2022-01-19 16:47:47,655 - root - DEBUG - ==>Relay Off
2022-01-19 16:47:47,656 - root - DEBUG - Writing stats to Firing DB table...
2022-01-19 16:47:47,672 - root - INFO - database writing complete1
2022-01-19 16:47:47,673 - root - INFO - RunState end: Ramp
2022-01-19 16:47:57,011 - root - DEBUG - Entering PID update with parameters SetPoint:815.69, ProcValue:818.09, IMax:100.00, IMin:0.00,
2022-01-19 16:47:57,012 - root - DEBUG -   Window:30, Kp: 30.000, Ki: 1.000, Kd: 0.600
2022-01-19 16:47:57,012 - root - DEBUG - Exiting PID update with parameters Error:-2.40, ITerm:96.69, DInput:2.91, Output:22.91
2022-01-19 16:47:57,012 - root - DEBUG - RunID 58, Segment 1 (loop 494) - RunState:Ramp,
                       ReadTmp:818.09, RampTmp:815.69, TargetTmp:1185.00,
                       Output:22.91, CycleOnSec:6.87, RemainTime:1:43:04
                    
2022-01-19 16:47:57,012 - root - DEBUG - ==>Relay On
2022-01-19 16:48:03,893 - root - DEBUG - ==>Relay Off
2022-01-19 16:48:03,894 - root - DEBUG - Writing stats to Firing DB table...
2022-01-19 16:48:03,912 - root - INFO - database writing complete1
2022-01-19 16:48:03,912 - root - INFO - RunState end: Ramp
2022-01-19 16:48:27,011 - root - DEBUG - Entering PID update with parameters SetPoint:817.11, ProcValue:814.08, IMax:100.00, IMin:0.00,
2022-01-19 16:48:27,011 - root - DEBUG -   Window:30, Kp: 30.000, Ki: 1.000, Kd: 0.600
2022-01-19 16:48:27,011 - root - DEBUG - Exiting PID update with parameters Error:3.03, ITerm:99.72, DInput:-4.02, Output:100.00
2022-01-19 16:48:27,012 - root - DEBUG - RunID 58, Segment 1 (loop 495) - RunState:Ramp,
                       ReadTmp:814.08, RampTmp:817.11, TargetTmp:1185.00,
                       Output:100.00, CycleOnSec:30.00, RemainTime:1:42:34
                    
2022-01-19 16:48:27,012 - root - DEBUG - ==>Relay On
2022-01-19 16:48:57,042 - root - DEBUG - Writing stats to Firing DB table...
2022-01-19 16:48:57,056 - root - INFO - database writing complete1
2022-01-19 16:48:57,057 - root - INFO - RunState end: Ramp
2022-01-19 16:48:57,569 - root - DEBUG - Entering PID update with parameters SetPoint:818.53, ProcValue:815.91, IMax:100.00, IMin:0.00,
2022-01-19 16:48:57,569 - root - DEBUG -   Window:30, Kp: 30.000, Ki: 1.000, Kd: 0.600
2022-01-19 16:48:57,569 - root - DEBUG - Exiting PID update with parameters Error:2.61, ITerm:100.00, DInput:1.84, Output:100.00
2022-01-19 16:48:57,570 - root - DEBUG - RunID 58, Segment 1 (loop 496) - RunState:Ramp,
                       ReadTmp:815.91, RampTmp:818.53, TargetTmp:1185.00,
                       Output:100.00, CycleOnSec:30.00, RemainTime:1:42:04
                    
2022-01-19 16:48:57,570 - root - DEBUG - ==>Relay On
2022-01-19 16:49:27,601 - root - DEBUG - Writing stats to Firing DB table...
2022-01-19 16:49:27,622 - root - INFO - database writing complete1
2022-01-19 16:49:27,622 - root - INFO - RunState end: Ramp
2022-01-19 16:49:28,138 - root - DEBUG - Entering PID update with parameters SetPoint:819.94, ProcValue:820.87, IMax:100.00, IMin:0.00,
2022-01-19 16:49:28,138 - root - DEBUG -   Window:30, Kp: 30.000, Ki: 1.000, Kd: 0.600
2022-01-19 16:49:28,139 - root - DEBUG - Exiting PID update with parameters Error:-0.92, ITerm:99.08, DInput:4.95, Output:68.37
2022-01-19 16:49:28,139 - root - DEBUG - RunID 58, Segment 1 (loop 497) - RunState:Ramp,
                       ReadTmp:820.87, RampTmp:819.94, TargetTmp:1185.00,
                       Output:68.37, CycleOnSec:20.51, RemainTime:1:41:33
                    
2022-01-19 16:49:28,139 - root - DEBUG - ==>Relay On
2022-01-19 16:49:48,671 - root - DEBUG - ==>Relay Off
2022-01-19 16:49:48,672 - root - DEBUG - Writing stats to Firing DB table...
2022-01-19 16:49:48,718 - root - INFO - database writing complete1
2022-01-19 16:49:48,719 - root - INFO - RunState end: Ramp
2022-01-19 16:49:58,130 - root - DEBUG - Entering PID update with parameters SetPoint:821.36, ProcValue:823.85, IMax:100.00, IMin:0.00,
2022-01-19 16:49:58,130 - root - DEBUG -   Window:30, Kp: 30.000, Ki: 1.000, Kd: 0.600
2022-01-19 16:49:58,131 - root - DEBUG - Exiting PID update with parameters Error:-2.49, ITerm:96.58, DInput:2.98, Output:20.03
2022-01-19 16:49:58,131 - root - DEBUG - RunID 58, Segment 1 (loop 498) - RunState:Ramp,
                       ReadTmp:823.85, RampTmp:821.36, TargetTmp:1185.00,
                       Output:20.03, CycleOnSec:6.01, RemainTime:1:41:03
                    
2022-01-19 16:49:58,131 - root - DEBUG - ==>Relay On
2022-01-19 16:50:04,145 - root - DEBUG - ==>Relay Off
2022-01-19 16:50:04,146 - root - DEBUG - Writing stats to Firing DB table...
2022-01-19 16:50:04,163 - root - INFO - database writing complete1
2022-01-19 16:50:04,164 - root - INFO - RunState end: Ramp
2022-01-19 16:50:28,129 - root - DEBUG - Entering PID update with parameters SetPoint:822.78, ProcValue:819.21, IMax:100.00, IMin:0.00,
2022-01-19 16:50:28,129 - root - DEBUG -   Window:30, Kp: 30.000, Ki: 1.000, Kd: 0.600
2022-01-19 16:50:28,129 - root - DEBUG - Exiting PID update with parameters Error:3.57, ITerm:100.00, DInput:-4.64, Output:100.00
2022-01-19 16:50:28,130 - root - DEBUG - RunID 58, Segment 1 (loop 499) - RunState:Ramp,
                       ReadTmp:819.21, RampTmp:822.78, TargetTmp:1185.00,
                       Output:100.00, CycleOnSec:30.00, RemainTime:1:40:33
                    
2022-01-19 16:50:28,130 - root - DEBUG - ==>Relay On
2022-01-19 16:50:58,161 - root - DEBUG - Writing stats to Firing DB table...
2022-01-19 16:50:58,178 - root - INFO - database writing complete1
2022-01-19 16:50:58,178 - root - INFO - RunState end: Ramp
2022-01-19 16:50:58,693 - root - DEBUG - Entering PID update with parameters SetPoint:824.19, ProcValue:821.14, IMax:100.00, IMin:0.00,
2022-01-19 16:50:58,694 - root - DEBUG -   Window:30, Kp: 30.000, Ki: 1.000, Kd: 0.600
2022-01-19 16:50:58,694 - root - DEBUG - Exiting PID update with parameters Error:3.05, ITerm:100.00, DInput:1.93, Output:100.00
2022-01-19 16:50:58,695 - root - DEBUG - RunID 58, Segment 1 (loop 500) - RunState:Ramp,
                       ReadTmp:821.14, RampTmp:824.19, TargetTmp:1185.00,
                       Output:100.00, CycleOnSec:30.00, RemainTime:1:40:03
                    
2022-01-19 16:50:58,695 - root - DEBUG - ==>Relay On
2022-01-19 16:51:28,719 - root - DEBUG - Writing stats to Firing DB table...
2022-01-19 16:51:28,735 - root - INFO - database writing complete1
2022-01-19 16:51:28,736 - root - INFO - RunState end: Ramp
2022-01-19 16:51:29,252 - root - DEBUG - Entering PID update with parameters SetPoint:825.61, ProcValue:826.04, IMax:100.00, IMin:0.00,
2022-01-19 16:51:29,252 - root - DEBUG -   Window:30, Kp: 30.000, Ki: 1.000, Kd: 0.600
2022-01-19 16:51:29,252 - root - DEBUG - Exiting PID update with parameters Error:-0.43, ITerm:99.57, DInput:4.90, Output:83.74
2022-01-19 16:51:29,253 - root - DEBUG - RunID 58, Segment 1 (loop 501) - RunState:Ramp,
                       ReadTmp:826.04, RampTmp:825.61, TargetTmp:1185.00,
                       Output:83.74, CycleOnSec:25.12, RemainTime:1:39:32
                    
2022-01-19 16:51:29,253 - root - DEBUG - ==>Relay On
2022-01-19 16:51:54,389 - root - DEBUG - ==>Relay Off
2022-01-19 16:51:54,390 - root - DEBUG - Writing stats to Firing DB table...
2022-01-19 16:51:54,407 - root - INFO - database writing complete1
2022-01-19 16:51:54,408 - root - INFO - RunState end: Ramp
2022-01-19 16:51:59,243 - root - DEBUG - Entering PID update with parameters SetPoint:827.03, ProcValue:830.27, IMax:100.00, IMin:0.00,
2022-01-19 16:51:59,243 - root - DEBUG -   Window:30, Kp: 30.000, Ki: 1.000, Kd: 0.600
2022-01-19 16:51:59,243 - root - DEBUG - Exiting PID update with parameters Error:-3.25, ITerm:96.32, DInput:4.23, Output:0.00
2022-01-19 16:51:59,243 - root - DEBUG - RunID 58, Segment 1 (loop 502) - RunState:Ramp,
                       ReadTmp:830.27, RampTmp:827.03, TargetTmp:1185.00,
                       Output:0.00, CycleOnSec:0.00, RemainTime:1:39:02
                    
2022-01-19 16:51:59,243 - root - DEBUG - ==>Relay Off
2022-01-19 16:51:59,244 - root - DEBUG - Writing stats to Firing DB table...
2022-01-19 16:51:59,264 - root - INFO - database writing complete1
2022-01-19 16:51:59,264 - root - INFO - RunState end: Ramp
2022-01-19 16:52:29,243 - root - DEBUG - Entering PID update with parameters SetPoint:828.44, ProcValue:823.79, IMax:100.00, IMin:0.00,
2022-01-19 16:52:29,243 - root - DEBUG -   Window:30, Kp: 30.000, Ki: 1.000, Kd: 0.600
2022-01-19 16:52:29,243 - root - DEBUG - Exiting PID update with parameters Error:4.65, ITerm:100.00, DInput:-6.48, Output:100.00
2022-01-19 16:52:29,243 - root - DEBUG - RunID 58, Segment 1 (loop 503) - RunState:Ramp,
                       ReadTmp:823.79, RampTmp:828.44, TargetTmp:1185.00,
                       Output:100.00, CycleOnSec:30.00, RemainTime:1:38:32
                    
2022-01-19 16:52:29,243 - root - DEBUG - ==>Relay On
2022-01-19 16:52:59,268 - root - DEBUG - Writing stats to Firing DB table...
2022-01-19 16:52:59,287 - root - INFO - database writing complete1
2022-01-19 16:52:59,287 - root - INFO - RunState end: Ramp
2022-01-19 16:52:59,802 - root - DEBUG - Entering PID update with parameters SetPoint:829.86, ProcValue:825.59, IMax:100.00, IMin:0.00,
2022-01-19 16:52:59,803 - root - DEBUG -   Window:30, Kp: 30.000, Ki: 1.000, Kd: 0.600
2022-01-19 16:52:59,803 - root - DEBUG - Exiting PID update with parameters Error:4.27, ITerm:100.00, DInput:1.80, Output:100.00
2022-01-19 16:52:59,803 - root - DEBUG - RunID 58, Segment 1 (loop 504) - RunState:Ramp,
                       ReadTmp:825.59, RampTmp:829.86, TargetTmp:1185.00,
                       Output:100.00, CycleOnSec:30.00, RemainTime:1:38:02
                    
2022-01-19 16:52:59,804 - root - DEBUG - ==>Relay On
2022-01-19 16:53:29,835 - root - DEBUG - Writing stats to Firing DB table...
2022-01-19 16:53:29,854 - root - INFO - database writing complete1
2022-01-19 16:53:29,855 - root - INFO - RunState end: Ramp
2022-01-19 16:53:30,370 - root - DEBUG - Entering PID update with parameters SetPoint:831.28, ProcValue:830.40, IMax:100.00, IMin:0.00,
2022-01-19 16:53:30,371 - root - DEBUG -   Window:30, Kp: 30.000, Ki: 1.000, Kd: 0.600
2022-01-19 16:53:30,371 - root - DEBUG - Exiting PID update with parameters Error:0.88, ITerm:100.00, DInput:4.81, Output:100.00
2022-01-19 16:53:30,371 - root - DEBUG - RunID 58, Segment 1 (loop 505) - RunState:Ramp,
                       ReadTmp:830.40, RampTmp:831.28, TargetTmp:1185.00,
                       Output:100.00, CycleOnSec:30.00, RemainTime:1:37:31
                    
2022-01-19 16:53:30,372 - root - DEBUG - ==>Relay On
2022-01-19 16:54:00,403 - root - DEBUG - Writing stats to Firing DB table...
2022-01-19 16:54:00,420 - root - INFO - database writing complete1
2022-01-19 16:54:00,421 - root - INFO - RunState end: Ramp
2022-01-19 16:54:00,935 - root - DEBUG - Entering PID update with parameters SetPoint:832.69, ProcValue:835.39, IMax:100.00, IMin:0.00,
2022-01-19 16:54:00,936 - root - DEBUG -   Window:30, Kp: 30.000, Ki: 1.000, Kd: 0.600
2022-01-19 16:54:00,936 - root - DEBUG - Exiting PID update with parameters Error:-2.70, ITerm:97.30, DInput:4.99, Output:13.37
2022-01-19 16:54:00,937 - root - DEBUG - RunID 58, Segment 1 (loop 506) - RunState:Ramp,
                       ReadTmp:835.39, RampTmp:832.69, TargetTmp:1185.00,
                       Output:13.37, CycleOnSec:4.01, RemainTime:1:37:01
                    
2022-01-19 16:54:00,937 - root - DEBUG - ==>Relay On
2022-01-19 16:54:04,952 - root - DEBUG - ==>Relay Off
2022-01-19 16:54:04,953 - root - DEBUG - Writing stats to Firing DB table...
2022-01-19 16:54:04,969 - root - INFO - database writing complete1
2022-01-19 16:54:04,970 - root - INFO - RunState end: Ramp
2022-01-19 16:54:30,927 - root - DEBUG - Entering PID update with parameters SetPoint:834.11, ProcValue:831.78, IMax:100.00, IMin:0.00,
2022-01-19 16:54:30,928 - root - DEBUG -   Window:30, Kp: 30.000, Ki: 1.000, Kd: 0.600
2022-01-19 16:54:30,928 - root - DEBUG - Exiting PID update with parameters Error:2.33, ITerm:99.63, DInput:-3.61, Output:100.00
2022-01-19 16:54:30,928 - root - DEBUG - RunID 58, Segment 1 (loop 507) - RunState:Ramp,
                       ReadTmp:831.78, RampTmp:834.11, TargetTmp:1185.00,
                       Output:100.00, CycleOnSec:30.00, RemainTime:1:36:31
                    
2022-01-19 16:54:30,928 - root - DEBUG - ==>Relay On
2022-01-19 16:55:00,965 - root - DEBUG - Writing stats to Firing DB table...
2022-01-19 16:55:00,990 - root - INFO - database writing complete1
2022-01-19 16:55:00,991 - root - INFO - RunState end: Ramp
2022-01-19 16:55:01,507 - root - DEBUG - Entering PID update with parameters SetPoint:835.53, ProcValue:833.70, IMax:100.00, IMin:0.00,
2022-01-19 16:55:01,507 - root - DEBUG -   Window:30, Kp: 30.000, Ki: 1.000, Kd: 0.600
2022-01-19 16:55:01,507 - root - DEBUG - Exiting PID update with parameters Error:1.83, ITerm:100.00, DInput:1.91, Output:100.00
2022-01-19 16:55:01,508 - root - DEBUG - RunID 58, Segment 1 (loop 508) - RunState:Ramp,
                       ReadTmp:833.70, RampTmp:835.53, TargetTmp:1185.00,
                       Output:100.00, CycleOnSec:30.00, RemainTime:1:36:00
                    
2022-01-19 16:55:01,508 - root - DEBUG - ==>Relay On
2022-01-19 16:55:31,540 - root - DEBUG - Writing stats to Firing DB table...
2022-01-19 16:55:31,555 - root - INFO - database writing complete1
2022-01-19 16:55:31,556 - root - INFO - RunState end: Ramp
2022-01-19 16:55:32,067 - root - DEBUG - Entering PID update with parameters SetPoint:836.94, ProcValue:838.46, IMax:100.00, IMin:0.00,
2022-01-19 16:55:32,067 - root - DEBUG -   Window:30, Kp: 30.000, Ki: 1.000, Kd: 0.600
2022-01-19 16:55:32,068 - root - DEBUG - Exiting PID update with parameters Error:-1.52, ITerm:98.48, DInput:4.77, Output:50.08
2022-01-19 16:55:32,068 - root - DEBUG - RunID 58, Segment 1 (loop 509) - RunState:Ramp,
                       ReadTmp:838.46, RampTmp:836.94, TargetTmp:1185.00,
                       Output:50.08, CycleOnSec:15.02, RemainTime:1:35:29
                    
2022-01-19 16:55:32,068 - root - DEBUG - ==>Relay On
2022-01-19 16:55:47,106 - root - DEBUG - ==>Relay Off
2022-01-19 16:55:47,107 - root - DEBUG - Writing stats to Firing DB table...
2022-01-19 16:55:47,124 - root - INFO - database writing complete1
2022-01-19 16:55:47,125 - root - INFO - RunState end: Ramp
2022-01-19 16:56:02,064 - root - DEBUG - Entering PID update with parameters SetPoint:838.36, ProcValue:839.10, IMax:100.00, IMin:0.00,
2022-01-19 16:56:02,064 - root - DEBUG -   Window:30, Kp: 30.000, Ki: 1.000, Kd: 0.600
2022-01-19 16:56:02,065 - root - DEBUG - Exiting PID update with parameters Error:-0.74, ITerm:97.74, DInput:0.64, Output:75.09
2022-01-19 16:56:02,065 - root - DEBUG - RunID 58, Segment 1 (loop 510) - RunState:Ramp,
                       ReadTmp:839.10, RampTmp:838.36, TargetTmp:1185.00,
                       Output:75.09, CycleOnSec:22.53, RemainTime:1:34:59
                    
2022-01-19 16:56:02,065 - root - DEBUG - ==>Relay On
2022-01-19 16:56:24,615 - root - DEBUG - ==>Relay Off
2022-01-19 16:56:24,616 - root - DEBUG - Writing stats to Firing DB table...
2022-01-19 16:56:24,632 - root - INFO - database writing complete1
2022-01-19 16:56:24,633 - root - INFO - RunState end: Ramp
2022-01-19 16:56:32,064 - root - DEBUG - Entering PID update with parameters SetPoint:839.78, ProcValue:839.90, IMax:100.00, IMin:0.00,
2022-01-19 16:56:32,064 - root - DEBUG -   Window:30, Kp: 30.000, Ki: 1.000, Kd: 0.600
2022-01-19 16:56:32,064 - root - DEBUG - Exiting PID update with parameters Error:-0.12, ITerm:97.62, DInput:0.80, Output:93.47
2022-01-19 16:56:32,064 - root - DEBUG - RunID 58, Segment 1 (loop 511) - RunState:Ramp,
                       ReadTmp:839.90, RampTmp:839.78, TargetTmp:1185.00,
                       Output:93.47, CycleOnSec:28.04, RemainTime:1:34:29
                    
2022-01-19 16:56:32,064 - root - DEBUG - ==>Relay On
2022-01-19 16:57:00,106 - root - DEBUG - ==>Relay Off
2022-01-19 16:57:00,107 - root - DEBUG - Writing stats to Firing DB table...
2022-01-19 16:57:00,123 - root - INFO - database writing complete1
2022-01-19 16:57:00,124 - root - INFO - RunState end: Ramp
2022-01-19 16:57:02,064 - root - DEBUG - Entering PID update with parameters SetPoint:841.19, ProcValue:842.56, IMax:100.00, IMin:0.00,
2022-01-19 16:57:02,064 - root - DEBUG -   Window:30, Kp: 30.000, Ki: 1.000, Kd: 0.600
2022-01-19 16:57:02,064 - root - DEBUG - Exiting PID update with parameters Error:-1.37, ITerm:96.25, DInput:2.66, Output:53.56
2022-01-19 16:57:02,064 - root - DEBUG - RunID 58, Segment 1 (loop 512) - RunState:Ramp,
                       ReadTmp:842.56, RampTmp:841.19, TargetTmp:1185.00,
                       Output:53.56, CycleOnSec:16.07, RemainTime:1:33:59
                    
2022-01-19 16:57:02,064 - root - DEBUG - ==>Relay On
2022-01-19 16:57:18,147 - root - DEBUG - ==>Relay Off
2022-01-19 16:57:18,148 - root - DEBUG - Writing stats to Firing DB table...
2022-01-19 16:57:18,163 - root - INFO - database writing complete1
2022-01-19 16:57:18,163 - root - INFO - RunState end: Ramp
2022-01-19 16:57:32,064 - root - DEBUG - Entering PID update with parameters SetPoint:842.61, ProcValue:842.79, IMax:100.00, IMin:0.00,
2022-01-19 16:57:32,064 - root - DEBUG -   Window:30, Kp: 30.000, Ki: 1.000, Kd: 0.600
2022-01-19 16:57:32,064 - root - DEBUG - Exiting PID update with parameters Error:-0.18, ITerm:96.07, DInput:0.23, Output:90.54
2022-01-19 16:57:32,064 - root - DEBUG - RunID 58, Segment 1 (loop 513) - RunState:Ramp,
                       ReadTmp:842.79, RampTmp:842.61, TargetTmp:1185.00,
                       Output:90.54, CycleOnSec:27.16, RemainTime:1:33:29
                    
2022-01-19 16:57:32,065 - root - DEBUG - ==>Relay On
2022-01-19 16:57:59,255 - root - DEBUG - ==>Relay Off
2022-01-19 16:57:59,256 - root - DEBUG - Writing stats to Firing DB table...
2022-01-19 16:57:59,274 - root - INFO - database writing complete1
2022-01-19 16:57:59,275 - root - INFO - RunState end: Ramp
2022-01-19 16:58:02,064 - root - DEBUG - Entering PID update with parameters SetPoint:844.03, ProcValue:844.68, IMax:100.00, IMin:0.00,
2022-01-19 16:58:02,064 - root - DEBUG -   Window:30, Kp: 30.000, Ki: 1.000, Kd: 0.600
2022-01-19 16:58:02,064 - root - DEBUG - Exiting PID update with parameters Error:-0.65, ITerm:95.41, DInput:1.89, Output:74.67
2022-01-19 16:58:02,065 - root - DEBUG - RunID 58, Segment 1 (loop 514) - RunState:Ramp,
                       ReadTmp:844.68, RampTmp:844.03, TargetTmp:1185.00,
                       Output:74.67, CycleOnSec:22.40, RemainTime:1:32:59
                    
2022-01-19 16:58:02,065 - root - DEBUG - ==>Relay On
2022-01-19 16:58:24,489 - root - DEBUG - ==>Relay Off
2022-01-19 16:58:24,490 - root - DEBUG - Writing stats to Firing DB table...
2022-01-19 16:58:24,515 - root - INFO - database writing complete1
2022-01-19 16:58:24,516 - root - INFO - RunState end: Ramp
2022-01-19 16:58:32,064 - root - DEBUG - Entering PID update with parameters SetPoint:845.44, ProcValue:846.88, IMax:100.00, IMin:0.00,
2022-01-19 16:58:32,064 - root - DEBUG -   Window:30, Kp: 30.000, Ki: 1.000, Kd: 0.600
2022-01-19 16:58:32,065 - root - DEBUG - Exiting PID update with parameters Error:-1.43, ITerm:93.98, DInput:2.20, Output:49.70
2022-01-19 16:58:32,065 - root - DEBUG - RunID 58, Segment 1 (loop 515) - RunState:Ramp,
                       ReadTmp:846.88, RampTmp:845.44, TargetTmp:1185.00,
                       Output:49.70, CycleOnSec:14.91, RemainTime:1:32:29
                    
2022-01-19 16:58:32,065 - root - DEBUG - ==>Relay On
2022-01-19 16:58:46,989 - root - DEBUG - ==>Relay Off
2022-01-19 16:58:46,991 - root - DEBUG - Writing stats to Firing DB table...
2022-01-19 16:58:47,007 - root - INFO - database writing complete1
2022-01-19 16:58:47,008 - root - INFO - RunState end: Ramp
2022-01-19 16:59:02,064 - root - DEBUG - Entering PID update with parameters SetPoint:846.86, ProcValue:845.54, IMax:100.00, IMin:0.00,
2022-01-19 16:59:02,064 - root - DEBUG -   Window:30, Kp: 30.000, Ki: 1.000, Kd: 0.600
2022-01-19 16:59:02,064 - root - DEBUG - Exiting PID update with parameters Error:1.32, ITerm:95.30, DInput:-1.34, Output:100.00
2022-01-19 16:59:02,064 - root - DEBUG - RunID 58, Segment 1 (loop 516) - RunState:Ramp,
                       ReadTmp:845.54, RampTmp:846.86, TargetTmp:1185.00,
                       Output:100.00, CycleOnSec:30.00, RemainTime:1:31:59
                    
2022-01-19 16:59:02,065 - root - DEBUG - ==>Relay On
2022-01-19 16:59:32,070 - root - DEBUG - Writing stats to Firing DB table...
2022-01-19 16:59:32,090 - root - INFO - database writing complete1
2022-01-19 16:59:32,091 - root - INFO - RunState end: Ramp
2022-01-19 16:59:32,600 - root - DEBUG - Entering PID update with parameters SetPoint:848.28, ProcValue:847.62, IMax:100.00, IMin:0.00,
2022-01-19 16:59:32,600 - root - DEBUG -   Window:30, Kp: 30.000, Ki: 1.000, Kd: 0.600
2022-01-19 16:59:32,600 - root - DEBUG - Exiting PID update with parameters Error:0.65, ITerm:95.95, DInput:2.09, Output:100.00
2022-01-19 16:59:32,600 - root - DEBUG - RunID 58, Segment 1 (loop 517) - RunState:Ramp,
                       ReadTmp:847.62, RampTmp:848.28, TargetTmp:1185.00,
                       Output:100.00, CycleOnSec:30.00, RemainTime:1:31:29
                    
2022-01-19 16:59:32,600 - root - DEBUG - ==>Relay On
2022-01-19 17:00:02,615 - root - DEBUG - Writing stats to Firing DB table...
2022-01-19 17:00:02,636 - root - INFO - database writing complete1
2022-01-19 17:00:02,636 - root - INFO - RunState end: Ramp
2022-01-19 17:00:03,145 - root - DEBUG - Entering PID update with parameters SetPoint:849.69, ProcValue:852.38, IMax:100.00, IMin:0.00,
2022-01-19 17:00:03,145 - root - DEBUG -   Window:30, Kp: 30.000, Ki: 1.000, Kd: 0.600
2022-01-19 17:00:03,146 - root - DEBUG - Exiting PID update with parameters Error:-2.69, ITerm:93.26, DInput:4.76, Output:9.71
2022-01-19 17:00:03,146 - root - DEBUG - RunID 58, Segment 1 (loop 518) - RunState:Ramp,
                       ReadTmp:852.38, RampTmp:849.69, TargetTmp:1185.00,
                       Output:9.71, CycleOnSec:2.91, RemainTime:1:30:58
                    
2022-01-19 17:00:03,146 - root - DEBUG - ==>Relay On
2022-01-19 17:00:06,061 - root - DEBUG - ==>Relay Off
2022-01-19 17:00:06,062 - root - DEBUG - Writing stats to Firing DB table...
2022-01-19 17:00:06,079 - root - INFO - database writing complete1
2022-01-19 17:00:06,079 - root - INFO - RunState end: Ramp
2022-01-19 17:00:33,145 - root - DEBUG - Entering PID update with parameters SetPoint:851.11, ProcValue:847.96, IMax:100.00, IMin:0.00,
2022-01-19 17:00:33,145 - root - DEBUG -   Window:30, Kp: 30.000, Ki: 1.000, Kd: 0.600
2022-01-19 17:00:33,146 - root - DEBUG - Exiting PID update with parameters Error:3.15, ITerm:96.41, DInput:-4.42, Output:100.00
2022-01-19 17:00:33,146 - root - DEBUG - RunID 58, Segment 1 (loop 519) - RunState:Ramp,
                       ReadTmp:847.96, RampTmp:851.11, TargetTmp:1185.00,
                       Output:100.00, CycleOnSec:30.00, RemainTime:1:30:28
                    
2022-01-19 17:00:33,146 - root - DEBUG - ==>Relay On
2022-01-19 17:01:03,185 - root - DEBUG - Writing stats to Firing DB table...
2022-01-19 17:01:03,201 - root - INFO - database writing complete1
2022-01-19 17:01:03,202 - root - INFO - RunState end: Ramp
2022-01-19 17:01:03,709 - root - DEBUG - Entering PID update with parameters SetPoint:852.53, ProcValue:849.76, IMax:100.00, IMin:0.00,
2022-01-19 17:01:03,710 - root - DEBUG -   Window:30, Kp: 30.000, Ki: 1.000, Kd: 0.600
2022-01-19 17:01:03,710 - root - DEBUG - Exiting PID update with parameters Error:2.77, ITerm:99.18, DInput:1.80, Output:100.00
2022-01-19 17:01:03,710 - root - DEBUG - RunID 58, Segment 1 (loop 520) - RunState:Ramp,
                       ReadTmp:849.76, RampTmp:852.53, TargetTmp:1185.00,
                       Output:100.00, CycleOnSec:30.00, RemainTime:1:29:58
                    
2022-01-19 17:01:03,710 - root - DEBUG - ==>Relay On
2022-01-19 17:01:33,741 - root - DEBUG - Writing stats to Firing DB table...
2022-01-19 17:01:33,762 - root - INFO - database writing complete1
2022-01-19 17:01:33,762 - root - INFO - RunState end: Ramp
2022-01-19 17:01:34,272 - root - DEBUG - Entering PID update with parameters SetPoint:853.94, ProcValue:854.46, IMax:100.00, IMin:0.00,
2022-01-19 17:01:34,273 - root - DEBUG -   Window:30, Kp: 30.000, Ki: 1.000, Kd: 0.600
2022-01-19 17:01:34,273 - root - DEBUG - Exiting PID update with parameters Error:-0.52, ITerm:98.66, DInput:4.70, Output:80.29
2022-01-19 17:01:34,274 - root - DEBUG - RunID 58, Segment 1 (loop 521) - RunState:Ramp,
                       ReadTmp:854.46, RampTmp:853.94, TargetTmp:1185.00,
                       Output:80.29, CycleOnSec:24.09, RemainTime:1:29:27
                    
2022-01-19 17:01:34,274 - root - DEBUG - ==>Relay On
2022-01-19 17:01:58,386 - root - DEBUG - ==>Relay Off
2022-01-19 17:01:58,387 - root - DEBUG - Writing stats to Firing DB table...
2022-01-19 17:01:58,407 - root - INFO - database writing complete1
2022-01-19 17:01:58,407 - root - INFO - RunState end: Ramp
2022-01-19 17:02:04,269 - root - DEBUG - Entering PID update with parameters SetPoint:855.36, ProcValue:858.09, IMax:100.00, IMin:0.00,
2022-01-19 17:02:04,270 - root - DEBUG -   Window:30, Kp: 30.000, Ki: 1.000, Kd: 0.600
2022-01-19 17:02:04,270 - root - DEBUG - Exiting PID update with parameters Error:-2.73, ITerm:95.93, DInput:3.62, Output:11.96
2022-01-19 17:02:04,270 - root - DEBUG - RunID 58, Segment 1 (loop 522) - RunState:Ramp,
                       ReadTmp:858.09, RampTmp:855.36, TargetTmp:1185.00,
                       Output:11.96, CycleOnSec:3.59, RemainTime:1:28:57
                    
2022-01-19 17:02:04,270 - root - DEBUG - ==>Relay On
2022-01-19 17:02:07,863 - root - DEBUG - ==>Relay Off
2022-01-19 17:02:07,864 - root - DEBUG - Writing stats to Firing DB table...
2022-01-19 17:02:07,879 - root - INFO - database writing complete1
2022-01-19 17:02:07,880 - root - INFO - RunState end: Ramp
2022-01-19 17:02:34,270 - root - DEBUG - Entering PID update with parameters SetPoint:856.78, ProcValue:852.51, IMax:100.00, IMin:0.00,
2022-01-19 17:02:34,270 - root - DEBUG -   Window:30, Kp: 30.000, Ki: 1.000, Kd: 0.600
2022-01-19 17:02:34,271 - root - DEBUG - Exiting PID update with parameters Error:4.27, ITerm:100.00, DInput:-5.58, Output:100.00
2022-01-19 17:02:34,271 - root - DEBUG - RunID 58, Segment 1 (loop 523) - RunState:Ramp,
                       ReadTmp:852.51, RampTmp:856.78, TargetTmp:1185.00,
                       Output:100.00, CycleOnSec:30.00, RemainTime:1:28:27
                    
2022-01-19 17:02:34,271 - root - DEBUG - ==>Relay On
2022-01-19 17:03:04,302 - root - DEBUG - Writing stats to Firing DB table...
2022-01-19 17:03:04,326 - root - INFO - database writing complete1
2022-01-19 17:03:04,327 - root - INFO - RunState end: Ramp
2022-01-19 17:03:04,841 - root - DEBUG - Entering PID update with parameters SetPoint:858.19, ProcValue:854.00, IMax:100.00, IMin:0.00,
2022-01-19 17:03:04,841 - root - DEBUG -   Window:30, Kp: 30.000, Ki: 1.000, Kd: 0.600
2022-01-19 17:03:04,842 - root - DEBUG - Exiting PID update with parameters Error:4.19, ITerm:100.00, DInput:1.49, Output:100.00
2022-01-19 17:03:04,842 - root - DEBUG - RunID 58, Segment 1 (loop 524) - RunState:Ramp,
                       ReadTmp:854.00, RampTmp:858.19, TargetTmp:1185.00,
                       Output:100.00, CycleOnSec:30.00, RemainTime:1:27:57
                    
2022-01-19 17:03:04,842 - root - DEBUG - ==>Relay On
2022-01-19 17:03:34,873 - root - DEBUG - Writing stats to Firing DB table...
2022-01-19 17:03:34,888 - root - INFO - database writing complete1
2022-01-19 17:03:34,888 - root - INFO - RunState end: Ramp
2022-01-19 17:03:35,395 - root - DEBUG - Entering PID update with parameters SetPoint:859.61, ProcValue:858.82, IMax:100.00, IMin:0.00,
2022-01-19 17:03:35,396 - root - DEBUG -   Window:30, Kp: 30.000, Ki: 1.000, Kd: 0.600
2022-01-19 17:03:35,396 - root - DEBUG - Exiting PID update with parameters Error:0.79, ITerm:100.00, DInput:4.82, Output:100.00
2022-01-19 17:03:35,396 - root - DEBUG - RunID 58, Segment 1 (loop 525) - RunState:Ramp,
                       ReadTmp:858.82, RampTmp:859.61, TargetTmp:1185.00,
                       Output:100.00, CycleOnSec:30.00, RemainTime:1:27:26
                    
2022-01-19 17:03:35,396 - root - DEBUG - ==>Relay On
2022-01-19 17:04:05,427 - root - DEBUG - Writing stats to Firing DB table...
2022-01-19 17:04:05,461 - root - INFO - database writing complete1
2022-01-19 17:04:05,462 - root - INFO - RunState end: Ramp
2022-01-19 17:04:05,977 - root - DEBUG - Entering PID update with parameters SetPoint:861.03, ProcValue:863.64, IMax:100.00, IMin:0.00,
2022-01-19 17:04:05,977 - root - DEBUG -   Window:30, Kp: 30.000, Ki: 1.000, Kd: 0.600
2022-01-19 17:04:05,978 - root - DEBUG - Exiting PID update with parameters Error:-2.61, ITerm:97.39, DInput:4.82, Output:16.06
2022-01-19 17:04:05,978 - root - DEBUG - RunID 58, Segment 1 (loop 526) - RunState:Ramp,
                       ReadTmp:863.64, RampTmp:861.03, TargetTmp:1185.00,
                       Output:16.06, CycleOnSec:4.82, RemainTime:1:26:56
                    
2022-01-19 17:04:05,978 - root - DEBUG - ==>Relay On
2022-01-19 17:04:10,800 - root - DEBUG - ==>Relay Off
2022-01-19 17:04:10,801 - root - DEBUG - Writing stats to Firing DB table...
2022-01-19 17:04:10,822 - root - INFO - database writing complete1
2022-01-19 17:04:10,822 - root - INFO - RunState end: Ramp
2022-01-19 17:04:35,969 - root - DEBUG - Entering PID update with parameters SetPoint:862.44, ProcValue:859.79, IMax:100.00, IMin:0.00,
2022-01-19 17:04:35,970 - root - DEBUG -   Window:30, Kp: 30.000, Ki: 1.000, Kd: 0.600
2022-01-19 17:04:35,970 - root - DEBUG - Exiting PID update with parameters Error:2.65, ITerm:100.00, DInput:-3.85, Output:100.00
2022-01-19 17:04:35,970 - root - DEBUG - RunID 58, Segment 1 (loop 527) - RunState:Ramp,
                       ReadTmp:859.79, RampTmp:862.44, TargetTmp:1185.00,
                       Output:100.00, CycleOnSec:30.00, RemainTime:1:26:26
                    
2022-01-19 17:04:35,971 - root - DEBUG - ==>Relay On
2022-01-19 17:05:06,002 - root - DEBUG - Writing stats to Firing DB table...
2022-01-19 17:05:06,018 - root - INFO - database writing complete1
2022-01-19 17:05:06,019 - root - INFO - RunState end: Ramp
2022-01-19 17:05:06,533 - root - DEBUG - Entering PID update with parameters SetPoint:863.86, ProcValue:861.41, IMax:100.00, IMin:0.00,
2022-01-19 17:05:06,534 - root - DEBUG -   Window:30, Kp: 30.000, Ki: 1.000, Kd: 0.600
2022-01-19 17:05:06,534 - root - DEBUG - Exiting PID update with parameters Error:2.45, ITerm:100.00, DInput:1.62, Output:100.00
2022-01-19 17:05:06,534 - root - DEBUG - RunID 58, Segment 1 (loop 528) - RunState:Ramp,
                       ReadTmp:861.41, RampTmp:863.86, TargetTmp:1185.00,
                       Output:100.00, CycleOnSec:30.00, RemainTime:1:25:55
                    
2022-01-19 17:05:06,535 - root - DEBUG - ==>Relay On
2022-01-19 17:05:36,546 - root - DEBUG - Writing stats to Firing DB table...
2022-01-19 17:05:36,561 - root - INFO - database writing complete1
2022-01-19 17:05:36,562 - root - INFO - RunState end: Ramp
2022-01-19 17:05:37,078 - root - DEBUG - Entering PID update with parameters SetPoint:865.28, ProcValue:866.02, IMax:100.00, IMin:0.00,
2022-01-19 17:05:37,078 - root - DEBUG -   Window:30, Kp: 30.000, Ki: 1.000, Kd: 0.600
2022-01-19 17:05:37,078 - root - DEBUG - Exiting PID update with parameters Error:-0.74, ITerm:99.26, DInput:4.61, Output:74.31
2022-01-19 17:05:37,079 - root - DEBUG - RunID 58, Segment 1 (loop 529) - RunState:Ramp,
                       ReadTmp:866.02, RampTmp:865.28, TargetTmp:1185.00,
                       Output:74.31, CycleOnSec:22.29, RemainTime:1:25:24
                    
2022-01-19 17:05:37,079 - root - DEBUG - ==>Relay On
2022-01-19 17:05:59,385 - root - DEBUG - ==>Relay Off
2022-01-19 17:05:59,386 - root - DEBUG - Writing stats to Firing DB table...
2022-01-19 17:05:59,401 - root - INFO - database writing complete1
2022-01-19 17:05:59,402 - root - INFO - RunState end: Ramp
2022-01-19 17:06:07,069 - root - DEBUG - Entering PID update with parameters SetPoint:866.69, ProcValue:869.05, IMax:100.00, IMin:0.00,
2022-01-19 17:06:07,069 - root - DEBUG -   Window:30, Kp: 30.000, Ki: 1.000, Kd: 0.600
2022-01-19 17:06:07,070 - root - DEBUG - Exiting PID update with parameters Error:-2.36, ITerm:96.90, DInput:3.04, Output:24.22
2022-01-19 17:06:07,070 - root - DEBUG - RunID 58, Segment 1 (loop 530) - RunState:Ramp,
                       ReadTmp:869.05, RampTmp:866.69, TargetTmp:1185.00,
                       Output:24.22, CycleOnSec:7.26, RemainTime:1:24:54
                    
2022-01-19 17:06:07,070 - root - DEBUG - ==>Relay On
2022-01-19 17:06:14,342 - root - DEBUG - ==>Relay Off
2022-01-19 17:06:14,343 - root - DEBUG - Writing stats to Firing DB table...
2022-01-19 17:06:14,362 - root - INFO - database writing complete1
2022-01-19 17:06:14,362 - root - INFO - RunState end: Ramp
2022-01-19 17:06:37,069 - root - DEBUG - Entering PID update with parameters SetPoint:868.11, ProcValue:864.27, IMax:100.00, IMin:0.00,
2022-01-19 17:06:37,069 - root - DEBUG -   Window:30, Kp: 30.000, Ki: 1.000, Kd: 0.600
2022-01-19 17:06:37,069 - root - DEBUG - Exiting PID update with parameters Error:3.84, ITerm:100.00, DInput:-4.79, Output:100.00
2022-01-19 17:06:37,070 - root - DEBUG - RunID 58, Segment 1 (loop 531) - RunState:Ramp,
                       ReadTmp:864.27, RampTmp:868.11, TargetTmp:1185.00,
                       Output:100.00, CycleOnSec:30.00, RemainTime:1:24:24
                    
2022-01-19 17:06:37,070 - root - DEBUG - ==>Relay On
2022-01-19 17:07:07,101 - root - DEBUG - Writing stats to Firing DB table...
2022-01-19 17:07:07,123 - root - INFO - database writing complete1
2022-01-19 17:07:07,123 - root - INFO - RunState end: Ramp
2022-01-19 17:07:07,638 - root - DEBUG - Entering PID update with parameters SetPoint:869.53, ProcValue:865.93, IMax:100.00, IMin:0.00,
2022-01-19 17:07:07,639 - root - DEBUG -   Window:30, Kp: 30.000, Ki: 1.000, Kd: 0.600
2022-01-19 17:07:07,639 - root - DEBUG - Exiting PID update with parameters Error:3.60, ITerm:100.00, DInput:1.66, Output:100.00
2022-01-19 17:07:07,640 - root - DEBUG - RunID 58, Segment 1 (loop 532) - RunState:Ramp,
                       ReadTmp:865.93, RampTmp:869.53, TargetTmp:1185.00,
                       Output:100.00, CycleOnSec:30.00, RemainTime:1:23:54
                    
2022-01-19 17:07:07,640 - root - DEBUG - ==>Relay On
2022-01-19 17:07:37,658 - root - DEBUG - Writing stats to Firing DB table...
2022-01-19 17:07:37,673 - root - INFO - database writing complete1
2022-01-19 17:07:37,674 - root - INFO - RunState end: Ramp
2022-01-19 17:07:38,189 - root - DEBUG - Entering PID update with parameters SetPoint:870.94, ProcValue:870.57, IMax:100.00, IMin:0.00,
2022-01-19 17:07:38,189 - root - DEBUG -   Window:30, Kp: 30.000, Ki: 1.000, Kd: 0.600
2022-01-19 17:07:38,190 - root - DEBUG - Exiting PID update with parameters Error:0.37, ITerm:100.00, DInput:4.64, Output:100.00
2022-01-19 17:07:38,190 - root - DEBUG - RunID 58, Segment 1 (loop 533) - RunState:Ramp,
                       ReadTmp:870.57, RampTmp:870.94, TargetTmp:1185.00,
                       Output:100.00, CycleOnSec:30.00, RemainTime:1:23:23
                    
2022-01-19 17:07:38,190 - root - DEBUG - ==>Relay On
2022-01-19 17:08:08,222 - root - DEBUG - Writing stats to Firing DB table...
2022-01-19 17:08:08,239 - root - INFO - database writing complete1
2022-01-19 17:08:08,240 - root - INFO - RunState end: Ramp
2022-01-19 17:08:08,754 - root - DEBUG - Entering PID update with parameters SetPoint:872.36, ProcValue:875.09, IMax:100.00, IMin:0.00,
2022-01-19 17:08:08,754 - root - DEBUG -   Window:30, Kp: 30.000, Ki: 1.000, Kd: 0.600
2022-01-19 17:08:08,754 - root - DEBUG - Exiting PID update with parameters Error:-2.73, ITerm:97.27, DInput:4.52, Output:12.77
2022-01-19 17:08:08,755 - root - DEBUG - RunID 58, Segment 1 (loop 534) - RunState:Ramp,
                       ReadTmp:875.09, RampTmp:872.36, TargetTmp:1185.00,
                       Output:12.77, CycleOnSec:3.83, RemainTime:1:22:53
                    
2022-01-19 17:08:08,755 - root - DEBUG - ==>Relay On
2022-01-19 17:08:12,589 - root - DEBUG - ==>Relay Off
2022-01-19 17:08:12,590 - root - DEBUG - Writing stats to Firing DB table...
2022-01-19 17:08:12,620 - root - INFO - database writing complete1
2022-01-19 17:08:12,621 - root - INFO - RunState end: Ramp
2022-01-19 17:08:38,748 - root - DEBUG - Entering PID update with parameters SetPoint:873.78, ProcValue:870.86, IMax:100.00, IMin:0.00,
2022-01-19 17:08:38,748 - root - DEBUG -   Window:30, Kp: 30.000, Ki: 1.000, Kd: 0.600
2022-01-19 17:08:38,748 - root - DEBUG - Exiting PID update with parameters Error:2.92, ITerm:100.00, DInput:-4.23, Output:100.00
2022-01-19 17:08:38,748 - root - DEBUG - RunID 58, Segment 1 (loop 535) - RunState:Ramp,
                       ReadTmp:870.86, RampTmp:873.78, TargetTmp:1185.00,
                       Output:100.00, CycleOnSec:30.00, RemainTime:1:22:23
                    
2022-01-19 17:08:38,748 - root - DEBUG - ==>Relay On
2022-01-19 17:09:08,775 - root - DEBUG - Writing stats to Firing DB table...
2022-01-19 17:09:08,792 - root - INFO - database writing complete1
2022-01-19 17:09:08,793 - root - INFO - RunState end: Ramp
2022-01-19 17:09:09,299 - root - DEBUG - Entering PID update with parameters SetPoint:875.19, ProcValue:872.37, IMax:100.00, IMin:0.00,
2022-01-19 17:09:09,300 - root - DEBUG -   Window:30, Kp: 30.000, Ki: 1.000, Kd: 0.600
2022-01-19 17:09:09,300 - root - DEBUG - Exiting PID update with parameters Error:2.83, ITerm:100.00, DInput:1.51, Output:100.00
2022-01-19 17:09:09,300 - root - DEBUG - RunID 58, Segment 1 (loop 536) - RunState:Ramp,
                       ReadTmp:872.37, RampTmp:875.19, TargetTmp:1185.00,
                       Output:100.00, CycleOnSec:30.00, RemainTime:1:21:52
                    
2022-01-19 17:09:09,300 - root - DEBUG - ==>Relay On
2022-01-19 17:09:39,331 - root - DEBUG - Writing stats to Firing DB table...
2022-01-19 17:09:39,350 - root - INFO - database writing complete1
2022-01-19 17:09:39,350 - root - INFO - RunState end: Ramp
2022-01-19 17:09:39,864 - root - DEBUG - Entering PID update with parameters SetPoint:876.61, ProcValue:876.82, IMax:100.00, IMin:0.00,
2022-01-19 17:09:39,864 - root - DEBUG -   Window:30, Kp: 30.000, Ki: 1.000, Kd: 0.600
2022-01-19 17:09:39,865 - root - DEBUG - Exiting PID update with parameters Error:-0.21, ITerm:99.79, DInput:4.45, Output:90.79
2022-01-19 17:09:39,865 - root - DEBUG - RunID 58, Segment 1 (loop 537) - RunState:Ramp,
                       ReadTmp:876.82, RampTmp:876.61, TargetTmp:1185.00,
                       Output:90.79, CycleOnSec:27.24, RemainTime:1:21:22
                    
2022-01-19 17:09:39,865 - root - DEBUG - ==>Relay On
2022-01-19 17:10:07,129 - root - DEBUG - ==>Relay Off
2022-01-19 17:10:07,131 - root - DEBUG - Writing stats to Firing DB table...
2022-01-19 17:10:07,147 - root - INFO - database writing complete1
2022-01-19 17:10:07,148 - root - INFO - RunState end: Ramp
2022-01-19 17:10:09,857 - root - DEBUG - Entering PID update with parameters SetPoint:878.03, ProcValue:880.95, IMax:100.00, IMin:0.00,
2022-01-19 17:10:09,857 - root - DEBUG -   Window:30, Kp: 30.000, Ki: 1.000, Kd: 0.600
2022-01-19 17:10:09,857 - root - DEBUG - Exiting PID update with parameters Error:-2.92, ITerm:96.87, DInput:4.12, Output:6.82
2022-01-19 17:10:09,858 - root - DEBUG - RunID 58, Segment 1 (loop 538) - RunState:Ramp,
                       ReadTmp:880.95, RampTmp:878.03, TargetTmp:1185.00,
                       Output:6.82, CycleOnSec:2.04, RemainTime:1:20:52
                    
2022-01-19 17:10:09,858 - root - DEBUG - ==>Relay On
2022-01-19 17:10:11,905 - root - DEBUG - ==>Relay Off
2022-01-19 17:10:11,906 - root - DEBUG - Writing stats to Firing DB table...
2022-01-19 17:10:11,924 - root - INFO - database writing complete1
2022-01-19 17:10:11,925 - root - INFO - RunState end: Ramp
2022-01-19 17:10:39,858 - root - DEBUG - Entering PID update with parameters SetPoint:879.44, ProcValue:874.96, IMax:100.00, IMin:0.00,
2022-01-19 17:10:39,859 - root - DEBUG -   Window:30, Kp: 30.000, Ki: 1.000, Kd: 0.600
2022-01-19 17:10:39,859 - root - DEBUG - Exiting PID update with parameters Error:4.48, ITerm:100.00, DInput:-5.98, Output:100.00
2022-01-19 17:10:39,859 - root - DEBUG - RunID 58, Segment 1 (loop 539) - RunState:Ramp,
                       ReadTmp:874.96, RampTmp:879.44, TargetTmp:1185.00,
                       Output:100.00, CycleOnSec:30.00, RemainTime:1:20:22
                    
2022-01-19 17:10:39,860 - root - DEBUG - ==>Relay On
2022-01-19 17:11:09,891 - root - DEBUG - Writing stats to Firing DB table...
2022-01-19 17:11:09,907 - root - INFO - database writing complete1
2022-01-19 17:11:09,907 - root - INFO - RunState end: Ramp
2022-01-19 17:11:10,422 - root - DEBUG - Entering PID update with parameters SetPoint:880.86, ProcValue:876.40, IMax:100.00, IMin:0.00,
2022-01-19 17:11:10,423 - root - DEBUG -   Window:30, Kp: 30.000, Ki: 1.000, Kd: 0.600
2022-01-19 17:11:10,423 - root - DEBUG - Exiting PID update with parameters Error:4.46, ITerm:100.00, DInput:1.44, Output:100.00
2022-01-19 17:11:10,423 - root - DEBUG - RunID 58, Segment 1 (loop 540) - RunState:Ramp,
                       ReadTmp:876.40, RampTmp:880.86, TargetTmp:1185.00,
                       Output:100.00, CycleOnSec:30.00, RemainTime:1:19:51
                    
2022-01-19 17:11:10,424 - root - DEBUG - ==>Relay On
2022-01-19 17:11:40,455 - root - DEBUG - Writing stats to Firing DB table...
2022-01-19 17:11:40,475 - root - INFO - database writing complete1
2022-01-19 17:11:40,476 - root - INFO - RunState end: Ramp
2022-01-19 17:11:40,991 - root - DEBUG - Entering PID update with parameters SetPoint:882.28, ProcValue:880.99, IMax:100.00, IMin:0.00,
2022-01-19 17:11:40,991 - root - DEBUG -   Window:30, Kp: 30.000, Ki: 1.000, Kd: 0.600
2022-01-19 17:11:40,992 - root - DEBUG - Exiting PID update with parameters Error:1.28, ITerm:100.00, DInput:4.59, Output:100.00
2022-01-19 17:11:40,992 - root - DEBUG - RunID 58, Segment 1 (loop 541) - RunState:Ramp,
                       ReadTmp:880.99, RampTmp:882.28, TargetTmp:1185.00,
                       Output:100.00, CycleOnSec:30.00, RemainTime:1:19:21
                    
2022-01-19 17:11:40,992 - root - DEBUG - ==>Relay On
2022-01-19 17:12:11,024 - root - DEBUG - Writing stats to Firing DB table...
2022-01-19 17:12:11,039 - root - INFO - database writing complete1
2022-01-19 17:12:11,039 - root - INFO - RunState end: Ramp
2022-01-19 17:12:11,554 - root - DEBUG - Entering PID update with parameters SetPoint:883.69, ProcValue:885.47, IMax:100.00, IMin:0.00,
2022-01-19 17:12:11,555 - root - DEBUG -   Window:30, Kp: 30.000, Ki: 1.000, Kd: 0.600
2022-01-19 17:12:11,555 - root - DEBUG - Exiting PID update with parameters Error:-1.78, ITerm:98.22, DInput:4.48, Output:42.26
2022-01-19 17:12:11,556 - root - DEBUG - RunID 58, Segment 1 (loop 542) - RunState:Ramp,
                       ReadTmp:885.47, RampTmp:883.69, TargetTmp:1185.00,
                       Output:42.26, CycleOnSec:12.68, RemainTime:1:18:50
                    
2022-01-19 17:12:11,557 - root - DEBUG - ==>Relay On
2022-01-19 17:12:24,247 - root - DEBUG - ==>Relay Off
2022-01-19 17:12:24,248 - root - DEBUG - Writing stats to Firing DB table...
2022-01-19 17:12:24,264 - root - INFO - database writing complete1
2022-01-19 17:12:24,265 - root - INFO - RunState end: Ramp
2022-01-19 17:12:41,547 - root - DEBUG - Entering PID update with parameters SetPoint:885.11, ProcValue:884.78, IMax:100.00, IMin:0.00,
2022-01-19 17:12:41,547 - root - DEBUG -   Window:30, Kp: 30.000, Ki: 1.000, Kd: 0.600
2022-01-19 17:12:41,547 - root - DEBUG - Exiting PID update with parameters Error:0.33, ITerm:98.55, DInput:-0.69, Output:100.00
2022-01-19 17:12:41,547 - root - DEBUG - RunID 58, Segment 1 (loop 543) - RunState:Ramp,
                       ReadTmp:884.78, RampTmp:885.11, TargetTmp:1185.00,
                       Output:100.00, CycleOnSec:30.00, RemainTime:1:18:20
                    
2022-01-19 17:12:41,547 - root - DEBUG - ==>Relay On
2022-01-19 17:13:11,579 - root - DEBUG - Writing stats to Firing DB table...
2022-01-19 17:13:11,593 - root - INFO - database writing complete1
2022-01-19 17:13:11,594 - root - INFO - RunState end: Ramp
2022-01-19 17:13:12,109 - root - DEBUG - Entering PID update with parameters SetPoint:886.53, ProcValue:886.29, IMax:100.00, IMin:0.00,
2022-01-19 17:13:12,110 - root - DEBUG -   Window:30, Kp: 30.000, Ki: 1.000, Kd: 0.600
2022-01-19 17:13:12,110 - root - DEBUG - Exiting PID update with parameters Error:0.24, ITerm:98.79, DInput:1.51, Output:100.00
2022-01-19 17:13:12,110 - root - DEBUG - RunID 58, Segment 1 (loop 544) - RunState:Ramp,
                       ReadTmp:886.29, RampTmp:886.53, TargetTmp:1185.00,
                       Output:100.00, CycleOnSec:30.00, RemainTime:1:17:49
                    
2022-01-19 17:13:12,111 - root - DEBUG - ==>Relay On
2022-01-19 17:13:42,142 - root - DEBUG - Writing stats to Firing DB table...
2022-01-19 17:13:42,166 - root - INFO - database writing complete1
2022-01-19 17:13:42,167 - root - INFO - RunState end: Ramp
2022-01-19 17:13:42,682 - root - DEBUG - Entering PID update with parameters SetPoint:887.94, ProcValue:890.70, IMax:100.00, IMin:0.00,
2022-01-19 17:13:42,683 - root - DEBUG -   Window:30, Kp: 30.000, Ki: 1.000, Kd: 0.600
2022-01-19 17:13:42,683 - root - DEBUG - Exiting PID update with parameters Error:-2.76, ITerm:96.03, DInput:4.41, Output:10.57
2022-01-19 17:13:42,683 - root - DEBUG - RunID 58, Segment 1 (loop 545) - RunState:Ramp,
                       ReadTmp:890.70, RampTmp:887.94, TargetTmp:1185.00,
                       Output:10.57, CycleOnSec:3.17, RemainTime:1:17:19
                    
2022-01-19 17:13:42,684 - root - DEBUG - ==>Relay On
2022-01-19 17:13:45,858 - root - DEBUG - ==>Relay Off
2022-01-19 17:13:45,859 - root - DEBUG - Writing stats to Firing DB table...
2022-01-19 17:13:45,874 - root - INFO - database writing complete1
2022-01-19 17:13:45,875 - root - INFO - RunState end: Ramp
2022-01-19 17:14:12,674 - root - DEBUG - Entering PID update with parameters SetPoint:889.36, ProcValue:885.84, IMax:100.00, IMin:0.00,
2022-01-19 17:14:12,674 - root - DEBUG -   Window:30, Kp: 30.000, Ki: 1.000, Kd: 0.600
2022-01-19 17:14:12,674 - root - DEBUG - Exiting PID update with parameters Error:3.52, ITerm:99.54, DInput:-4.86, Output:100.00
2022-01-19 17:14:12,674 - root - DEBUG - RunID 58, Segment 1 (loop 546) - RunState:Ramp,
                       ReadTmp:885.84, RampTmp:889.36, TargetTmp:1185.00,
                       Output:100.00, CycleOnSec:30.00, RemainTime:1:16:49
                    
2022-01-19 17:14:12,675 - root - DEBUG - ==>Relay On
2022-01-19 17:14:42,705 - root - DEBUG - Writing stats to Firing DB table...
2022-01-19 17:14:42,720 - root - INFO - database writing complete1
2022-01-19 17:14:42,721 - root - INFO - RunState end: Ramp
2022-01-19 17:14:43,236 - root - DEBUG - Entering PID update with parameters SetPoint:890.78, ProcValue:887.25, IMax:100.00, IMin:0.00,
2022-01-19 17:14:43,236 - root - DEBUG -   Window:30, Kp: 30.000, Ki: 1.000, Kd: 0.600
2022-01-19 17:14:43,237 - root - DEBUG - Exiting PID update with parameters Error:3.53, ITerm:100.00, DInput:1.41, Output:100.00
2022-01-19 17:14:43,237 - root - DEBUG - RunID 58, Segment 1 (loop 547) - RunState:Ramp,
                       ReadTmp:887.25, RampTmp:890.78, TargetTmp:1185.00,
                       Output:100.00, CycleOnSec:30.00, RemainTime:1:16:18
                    
2022-01-19 17:14:43,237 - root - DEBUG - ==>Relay On
2022-01-19 17:15:13,669 - root - DEBUG - Writing stats to Firing DB table...
2022-01-19 17:15:13,685 - root - INFO - database writing complete1
2022-01-19 17:15:13,686 - root - INFO - RunState end: Ramp
2022-01-19 17:15:14,202 - root - DEBUG - Entering PID update with parameters SetPoint:892.19, ProcValue:891.48, IMax:100.00, IMin:0.00,
2022-01-19 17:15:14,203 - root - DEBUG -   Window:30, Kp: 30.000, Ki: 1.000, Kd: 0.600
2022-01-19 17:15:14,203 - root - DEBUG - Exiting PID update with parameters Error:0.72, ITerm:100.00, DInput:4.23, Output:100.00
2022-01-19 17:15:14,204 - root - DEBUG - RunID 58, Segment 1 (loop 548) - RunState:Ramp,
                       ReadTmp:891.48, RampTmp:892.19, TargetTmp:1185.00,
                       Output:100.00, CycleOnSec:30.00, RemainTime:1:15:47
                    
2022-01-19 17:15:14,204 - root - DEBUG - ==>Relay On
2022-01-19 17:15:44,226 - root - DEBUG - Writing stats to Firing DB table...
2022-01-19 17:15:44,370 - root - INFO - database writing complete1
2022-01-19 17:15:44,371 - root - INFO - RunState end: Ramp
2022-01-19 17:15:44,878 - root - DEBUG - Entering PID update with parameters SetPoint:893.61, ProcValue:895.87, IMax:100.00, IMin:0.00,
2022-01-19 17:15:44,878 - root - DEBUG -   Window:30, Kp: 30.000, Ki: 1.000, Kd: 0.600
2022-01-19 17:15:44,878 - root - DEBUG - Exiting PID update with parameters Error:-2.26, ITerm:97.74, DInput:4.39, Output:27.37
2022-01-19 17:15:44,878 - root - DEBUG - RunID 58, Segment 1 (loop 549) - RunState:Ramp,
                       ReadTmp:895.87, RampTmp:893.61, TargetTmp:1185.00,
                       Output:27.37, CycleOnSec:8.21, RemainTime:1:15:17
                    
2022-01-19 17:15:44,879 - root - DEBUG - ==>Relay On
2022-01-19 17:15:53,093 - root - DEBUG - ==>Relay Off
2022-01-19 17:15:53,095 - root - DEBUG - Writing stats to Firing DB table...
2022-01-19 17:15:53,106 - root - INFO - database writing complete1
2022-01-19 17:15:53,107 - root - INFO - RunState end: Ramp
2022-01-19 17:16:14,879 - root - DEBUG - Entering PID update with parameters SetPoint:895.03, ProcValue:892.98, IMax:100.00, IMin:0.00,
2022-01-19 17:16:14,879 - root - DEBUG -   Window:30, Kp: 30.000, Ki: 1.000, Kd: 0.600
2022-01-19 17:16:14,879 - root - DEBUG - Exiting PID update with parameters Error:2.05, ITerm:99.79, DInput:-2.89, Output:100.00
2022-01-19 17:16:14,879 - root - DEBUG - RunID 58, Segment 1 (loop 550) - RunState:Ramp,
                       ReadTmp:892.98, RampTmp:895.03, TargetTmp:1185.00,
                       Output:100.00, CycleOnSec:30.00, RemainTime:1:14:47
                    
2022-01-19 17:16:14,879 - root - DEBUG - ==>Relay On
2022-01-19 17:16:44,903 - root - DEBUG - Writing stats to Firing DB table...
2022-01-19 17:16:44,917 - root - INFO - database writing complete1
2022-01-19 17:16:44,918 - root - INFO - RunState end: Ramp
2022-01-19 17:16:45,429 - root - DEBUG - Entering PID update with parameters SetPoint:896.44, ProcValue:894.63, IMax:100.00, IMin:0.00,
2022-01-19 17:16:45,429 - root - DEBUG -   Window:30, Kp: 30.000, Ki: 1.000, Kd: 0.600
2022-01-19 17:16:45,429 - root - DEBUG - Exiting PID update with parameters Error:1.81, ITerm:100.00, DInput:1.66, Output:100.00
2022-01-19 17:16:45,430 - root - DEBUG - RunID 58, Segment 1 (loop 551) - RunState:Ramp,
                       ReadTmp:894.63, RampTmp:896.44, TargetTmp:1185.00,
                       Output:100.00, CycleOnSec:30.00, RemainTime:1:14:16
                    
2022-01-19 17:16:45,430 - root - DEBUG - ==>Relay On
2022-01-19 17:17:15,462 - root - DEBUG - Writing stats to Firing DB table...
2022-01-19 17:17:15,477 - root - INFO - database writing complete1
2022-01-19 17:17:15,478 - root - INFO - RunState end: Ramp
2022-01-19 17:17:15,993 - root - DEBUG - Entering PID update with parameters SetPoint:897.86, ProcValue:898.75, IMax:100.00, IMin:0.00,
2022-01-19 17:17:15,994 - root - DEBUG -   Window:30, Kp: 30.000, Ki: 1.000, Kd: 0.600
2022-01-19 17:17:15,994 - root - DEBUG - Exiting PID update with parameters Error:-0.89, ITerm:99.11, DInput:4.12, Output:69.92
2022-01-19 17:17:15,994 - root - DEBUG - RunID 58, Segment 1 (loop 552) - RunState:Ramp,
                       ReadTmp:898.75, RampTmp:897.86, TargetTmp:1185.00,
                       Output:69.92, CycleOnSec:20.98, RemainTime:1:13:46
                    
2022-01-19 17:17:15,995 - root - DEBUG - ==>Relay On
2022-01-19 17:17:36,992 - root - DEBUG - ==>Relay Off
2022-01-19 17:17:36,994 - root - DEBUG - Writing stats to Firing DB table...
2022-01-19 17:17:37,019 - root - INFO - database writing complete1
2022-01-19 17:17:37,019 - root - INFO - RunState end: Ramp
2022-01-19 17:17:45,985 - root - DEBUG - Entering PID update with parameters SetPoint:899.28, ProcValue:900.91, IMax:100.00, IMin:0.00,
2022-01-19 17:17:45,985 - root - DEBUG -   Window:30, Kp: 30.000, Ki: 1.000, Kd: 0.600
2022-01-19 17:17:45,985 - root - DEBUG - Exiting PID update with parameters Error:-1.64, ITerm:97.47, DInput:2.16, Output:47.03
2022-01-19 17:17:45,985 - root - DEBUG - RunID 58, Segment 1 (loop 553) - RunState:Ramp,
                       ReadTmp:900.91, RampTmp:899.28, TargetTmp:1185.00,
                       Output:47.03, CycleOnSec:14.11, RemainTime:1:13:16
                    
2022-01-19 17:17:45,985 - root - DEBUG - ==>Relay On
2022-01-19 17:18:00,109 - root - DEBUG - ==>Relay Off
2022-01-19 17:18:00,110 - root - DEBUG - Writing stats to Firing DB table...
2022-01-19 17:18:00,141 - root - INFO - database writing complete1
2022-01-19 17:18:00,141 - root - INFO - RunState end: Ramp
2022-01-19 17:18:15,985 - root - DEBUG - Entering PID update with parameters SetPoint:900.69, ProcValue:898.39, IMax:100.00, IMin:0.00,
2022-01-19 17:18:15,985 - root - DEBUG -   Window:30, Kp: 30.000, Ki: 1.000, Kd: 0.600
2022-01-19 17:18:15,985 - root - DEBUG - Exiting PID update with parameters Error:2.30, ITerm:99.77, DInput:-2.52, Output:100.00
2022-01-19 17:18:15,985 - root - DEBUG - RunID 58, Segment 1 (loop 554) - RunState:Ramp,
                       ReadTmp:898.39, RampTmp:900.69, TargetTmp:1185.00,
                       Output:100.00, CycleOnSec:30.00, RemainTime:1:12:46
                    
2022-01-19 17:18:15,985 - root - DEBUG - ==>Relay On
2022-01-19 17:18:46,016 - root - DEBUG - Writing stats to Firing DB table...
2022-01-19 17:18:46,040 - root - INFO - database writing complete1
2022-01-19 17:18:46,041 - root - INFO - RunState end: Ramp
2022-01-19 17:18:46,556 - root - DEBUG - Entering PID update with parameters SetPoint:902.11, ProcValue:899.88, IMax:100.00, IMin:0.00,
2022-01-19 17:18:46,556 - root - DEBUG -   Window:30, Kp: 30.000, Ki: 1.000, Kd: 0.600
2022-01-19 17:18:46,557 - root - DEBUG - Exiting PID update with parameters Error:2.23, ITerm:100.00, DInput:1.48, Output:100.00
2022-01-19 17:18:46,557 - root - DEBUG - RunID 58, Segment 1 (loop 555) - RunState:Ramp,
                       ReadTmp:899.88, RampTmp:902.11, TargetTmp:1185.00,
                       Output:100.00, CycleOnSec:30.00, RemainTime:1:12:15
                    
2022-01-19 17:18:46,557 - root - DEBUG - ==>Relay On
2022-01-19 17:19:16,560 - root - DEBUG - Writing stats to Firing DB table...
2022-01-19 17:19:16,576 - root - INFO - database writing complete1
2022-01-19 17:19:16,576 - root - INFO - RunState end: Ramp
2022-01-19 17:19:17,091 - root - DEBUG - Entering PID update with parameters SetPoint:903.53, ProcValue:903.98, IMax:100.00, IMin:0.00,
2022-01-19 17:19:17,092 - root - DEBUG -   Window:30, Kp: 30.000, Ki: 1.000, Kd: 0.600
2022-01-19 17:19:17,092 - root - DEBUG - Exiting PID update with parameters Error:-0.45, ITerm:99.55, DInput:4.10, Output:83.57
2022-01-19 17:19:17,092 - root - DEBUG - RunID 58, Segment 1 (loop 556) - RunState:Ramp,
                       ReadTmp:903.98, RampTmp:903.53, TargetTmp:1185.00,
                       Output:83.57, CycleOnSec:25.07, RemainTime:1:11:44
                    
2022-01-19 17:19:17,093 - root - DEBUG - ==>Relay On
2022-01-19 17:19:42,191 - root - DEBUG - ==>Relay Off
2022-01-19 17:19:42,192 - root - DEBUG - Writing stats to Firing DB table...
2022-01-19 17:19:42,207 - root - INFO - database writing complete1
2022-01-19 17:19:42,208 - root - INFO - RunState end: Ramp
2022-01-19 17:19:47,083 - root - DEBUG - Entering PID update with parameters SetPoint:904.94, ProcValue:907.37, IMax:100.00, IMin:0.00,
2022-01-19 17:19:47,084 - root - DEBUG -   Window:30, Kp: 30.000, Ki: 1.000, Kd: 0.600
2022-01-19 17:19:47,084 - root - DEBUG - Exiting PID update with parameters Error:-2.42, ITerm:97.12, DInput:3.39, Output:22.36
2022-01-19 17:19:47,084 - root - DEBUG - RunID 58, Segment 1 (loop 557) - RunState:Ramp,
                       ReadTmp:907.37, RampTmp:904.94, TargetTmp:1185.00,
                       Output:22.36, CycleOnSec:6.71, RemainTime:1:11:14
                    
2022-01-19 17:19:47,084 - root - DEBUG - ==>Relay On
2022-01-19 17:19:53,798 - root - DEBUG - ==>Relay Off
2022-01-19 17:19:53,799 - root - DEBUG - Writing stats to Firing DB table...
2022-01-19 17:19:53,832 - root - INFO - database writing complete1
2022-01-19 17:19:53,832 - root - INFO - RunState end: Ramp
2022-01-19 17:20:17,083 - root - DEBUG - Entering PID update with parameters SetPoint:906.36, ProcValue:902.33, IMax:100.00, IMin:0.00,
2022-01-19 17:20:17,084 - root - DEBUG -   Window:30, Kp: 30.000, Ki: 1.000, Kd: 0.600
2022-01-19 17:20:17,084 - root - DEBUG - Exiting PID update with parameters Error:4.03, ITerm:100.00, DInput:-5.04, Output:100.00
2022-01-19 17:20:17,084 - root - DEBUG - RunID 58, Segment 1 (loop 558) - RunState:Ramp,
                       ReadTmp:902.33, RampTmp:906.36, TargetTmp:1185.00,
                       Output:100.00, CycleOnSec:30.00, RemainTime:1:10:44
                    
2022-01-19 17:20:17,084 - root - DEBUG - ==>Relay On
2022-01-19 17:20:47,115 - root - DEBUG - Writing stats to Firing DB table...
2022-01-19 17:20:47,130 - root - INFO - database writing complete1
2022-01-19 17:20:47,131 - root - INFO - RunState end: Ramp
2022-01-19 17:20:47,646 - root - DEBUG - Entering PID update with parameters SetPoint:907.78, ProcValue:903.65, IMax:100.00, IMin:0.00,
2022-01-19 17:20:47,646 - root - DEBUG -   Window:30, Kp: 30.000, Ki: 1.000, Kd: 0.600
2022-01-19 17:20:47,646 - root - DEBUG - Exiting PID update with parameters Error:4.13, ITerm:100.00, DInput:1.32, Output:100.00
2022-01-19 17:20:47,647 - root - DEBUG - RunID 58, Segment 1 (loop 559) - RunState:Ramp,
                       ReadTmp:903.65, RampTmp:907.78, TargetTmp:1185.00,
                       Output:100.00, CycleOnSec:30.00, RemainTime:1:10:14
                    
2022-01-19 17:20:47,647 - root - DEBUG - ==>Relay On
2022-01-19 17:21:17,678 - root - DEBUG - Writing stats to Firing DB table...
2022-01-19 17:21:17,693 - root - INFO - database writing complete1
2022-01-19 17:21:17,694 - root - INFO - RunState end: Ramp
2022-01-19 17:21:18,209 - root - DEBUG - Entering PID update with parameters SetPoint:909.19, ProcValue:907.91, IMax:100.00, IMin:0.00,
2022-01-19 17:21:18,209 - root - DEBUG -   Window:30, Kp: 30.000, Ki: 1.000, Kd: 0.600
2022-01-19 17:21:18,210 - root - DEBUG - Exiting PID update with parameters Error:1.28, ITerm:100.00, DInput:4.27, Output:100.00
2022-01-19 17:21:18,210 - root - DEBUG - RunID 58, Segment 1 (loop 560) - RunState:Ramp,
                       ReadTmp:907.91, RampTmp:909.19, TargetTmp:1185.00,
                       Output:100.00, CycleOnSec:30.00, RemainTime:1:09:43
                    
2022-01-19 17:21:18,210 - root - DEBUG - ==>Relay On
2022-01-19 17:21:48,242 - root - DEBUG - Writing stats to Firing DB table...
2022-01-19 17:21:48,259 - root - INFO - database writing complete1
2022-01-19 17:21:48,260 - root - INFO - RunState end: Ramp
2022-01-19 17:21:48,775 - root - DEBUG - Entering PID update with parameters SetPoint:910.61, ProcValue:911.99, IMax:100.00, IMin:0.00,
2022-01-19 17:21:48,776 - root - DEBUG -   Window:30, Kp: 30.000, Ki: 1.000, Kd: 0.600
2022-01-19 17:21:48,776 - root - DEBUG - Exiting PID update with parameters Error:-1.38, ITerm:98.62, DInput:4.08, Output:54.69
2022-01-19 17:21:48,776 - root - DEBUG - RunID 58, Segment 1 (loop 561) - RunState:Ramp,
                       ReadTmp:911.99, RampTmp:910.61, TargetTmp:1185.00,
                       Output:54.69, CycleOnSec:16.41, RemainTime:1:09:13
                    
2022-01-19 17:21:48,777 - root - DEBUG - ==>Relay On
2022-01-19 17:22:05,193 - root - DEBUG - ==>Relay Off
2022-01-19 17:22:05,193 - root - DEBUG - Writing stats to Firing DB table...
2022-01-19 17:22:05,207 - root - INFO - database writing complete1
2022-01-19 17:22:05,208 - root - INFO - RunState end: Ramp
2022-01-19 17:22:18,767 - root - DEBUG - Entering PID update with parameters SetPoint:912.03, ProcValue:912.20, IMax:100.00, IMin:0.00,
2022-01-19 17:22:18,768 - root - DEBUG -   Window:30, Kp: 30.000, Ki: 1.000, Kd: 0.600
2022-01-19 17:22:18,768 - root - DEBUG - Exiting PID update with parameters Error:-0.18, ITerm:98.44, DInput:0.21, Output:93.00
2022-01-19 17:22:18,768 - root - DEBUG - RunID 58, Segment 1 (loop 562) - RunState:Ramp,
                       ReadTmp:912.20, RampTmp:912.03, TargetTmp:1185.00,
                       Output:93.00, CycleOnSec:27.90, RemainTime:1:08:43
                    
2022-01-19 17:22:18,768 - root - DEBUG - ==>Relay On
2022-01-19 17:22:46,696 - root - DEBUG - ==>Relay Off
2022-01-19 17:22:46,698 - root - DEBUG - Writing stats to Firing DB table...
2022-01-19 17:22:46,717 - root - INFO - database writing complete1
2022-01-19 17:22:46,717 - root - INFO - RunState end: Ramp
2022-01-19 17:22:48,767 - root - DEBUG - Entering PID update with parameters SetPoint:913.44, ProcValue:913.69, IMax:100.00, IMin:0.00,
2022-01-19 17:22:48,767 - root - DEBUG -   Window:30, Kp: 30.000, Ki: 1.000, Kd: 0.600
2022-01-19 17:22:48,768 - root - DEBUG - Exiting PID update with parameters Error:-0.24, ITerm:98.20, DInput:1.48, Output:89.96
2022-01-19 17:22:48,768 - root - DEBUG - RunID 58, Segment 1 (loop 563) - RunState:Ramp,
                       ReadTmp:913.69, RampTmp:913.44, TargetTmp:1185.00,
                       Output:89.96, CycleOnSec:26.99, RemainTime:1:08:13
                    
2022-01-19 17:22:48,768 - root - DEBUG - ==>Relay On
2022-01-19 17:23:15,783 - root - DEBUG - ==>Relay Off
2022-01-19 17:23:15,785 - root - DEBUG - Writing stats to Firing DB table...
2022-01-19 17:23:15,800 - root - INFO - database writing complete1
2022-01-19 17:23:15,801 - root - INFO - RunState end: Ramp
2022-01-19 17:23:18,768 - root - DEBUG - Entering PID update with parameters SetPoint:914.86, ProcValue:916.41, IMax:100.00, IMin:0.00,
2022-01-19 17:23:18,768 - root - DEBUG -   Window:30, Kp: 30.000, Ki: 1.000, Kd: 0.600
2022-01-19 17:23:18,768 - root - DEBUG - Exiting PID update with parameters Error:-1.55, ITerm:96.65, DInput:2.72, Output:48.61
2022-01-19 17:23:18,768 - root - DEBUG - RunID 58, Segment 1 (loop 564) - RunState:Ramp,
                       ReadTmp:916.41, RampTmp:914.86, TargetTmp:1185.00,
                       Output:48.61, CycleOnSec:14.58, RemainTime:1:07:43
                    
2022-01-19 17:23:18,769 - root - DEBUG - ==>Relay On
2022-01-19 17:23:33,364 - root - DEBUG - ==>Relay Off
2022-01-19 17:23:33,365 - root - DEBUG - Writing stats to Firing DB table...
2022-01-19 17:23:33,383 - root - INFO - database writing complete1
2022-01-19 17:23:33,383 - root - INFO - RunState end: Ramp
2022-01-19 17:23:48,767 - root - DEBUG - Entering PID update with parameters SetPoint:916.28, ProcValue:914.79, IMax:100.00, IMin:0.00,
2022-01-19 17:23:48,767 - root - DEBUG -   Window:30, Kp: 30.000, Ki: 1.000, Kd: 0.600
2022-01-19 17:23:48,768 - root - DEBUG - Exiting PID update with parameters Error:1.49, ITerm:98.14, DInput:-1.62, Output:100.00
2022-01-19 17:23:48,768 - root - DEBUG - RunID 58, Segment 1 (loop 565) - RunState:Ramp,
                       ReadTmp:914.79, RampTmp:916.28, TargetTmp:1185.00,
                       Output:100.00, CycleOnSec:30.00, RemainTime:1:07:13
                    
2022-01-19 17:23:48,768 - root - DEBUG - ==>Relay On
2022-01-19 17:24:18,786 - root - DEBUG - Writing stats to Firing DB table...
2022-01-19 17:24:18,804 - root - INFO - database writing complete1
2022-01-19 17:24:18,805 - root - INFO - RunState end: Ramp
2022-01-19 17:24:19,320 - root - DEBUG - Entering PID update with parameters SetPoint:917.69, ProcValue:916.32, IMax:100.00, IMin:0.00,
2022-01-19 17:24:19,320 - root - DEBUG -   Window:30, Kp: 30.000, Ki: 1.000, Kd: 0.600
2022-01-19 17:24:19,321 - root - DEBUG - Exiting PID update with parameters Error:1.37, ITerm:99.51, DInput:1.53, Output:100.00
2022-01-19 17:24:19,321 - root - DEBUG - RunID 58, Segment 1 (loop 566) - RunState:Ramp,
                       ReadTmp:916.32, RampTmp:917.69, TargetTmp:1185.00,
                       Output:100.00, CycleOnSec:30.00, RemainTime:1:06:42
                    
2022-01-19 17:24:19,321 - root - DEBUG - ==>Relay On
2022-01-19 17:24:49,342 - root - DEBUG - Writing stats to Firing DB table...
2022-01-19 17:24:49,358 - root - INFO - database writing complete1
2022-01-19 17:24:49,359 - root - INFO - RunState end: Ramp
2022-01-19 17:24:49,874 - root - DEBUG - Entering PID update with parameters SetPoint:919.11, ProcValue:920.28, IMax:100.00, IMin:0.00,
2022-01-19 17:24:49,874 - root - DEBUG -   Window:30, Kp: 30.000, Ki: 1.000, Kd: 0.600
2022-01-19 17:24:49,874 - root - DEBUG - Exiting PID update with parameters Error:-1.17, ITerm:98.34, DInput:3.96, Output:60.80
2022-01-19 17:24:49,875 - root - DEBUG - RunID 58, Segment 1 (loop 567) - RunState:Ramp,
                       ReadTmp:920.28, RampTmp:919.11, TargetTmp:1185.00,
                       Output:60.80, CycleOnSec:18.24, RemainTime:1:06:12
                    
2022-01-19 17:24:49,875 - root - DEBUG - ==>Relay On
2022-01-19 17:25:08,134 - root - DEBUG - ==>Relay Off
2022-01-19 17:25:08,136 - root - DEBUG - Writing stats to Firing DB table...
2022-01-19 17:25:08,158 - root - INFO - database writing complete1
2022-01-19 17:25:08,158 - root - INFO - RunState end: Ramp
2022-01-19 17:25:19,877 - root - DEBUG - Entering PID update with parameters SetPoint:920.53, ProcValue:921.26, IMax:100.00, IMin:0.00,
2022-01-19 17:25:19,877 - root - DEBUG -   Window:30, Kp: 30.000, Ki: 1.000, Kd: 0.600
2022-01-19 17:25:19,877 - root - DEBUG - Exiting PID update with parameters Error:-0.73, ITerm:97.60, DInput:0.98, Output:75.07
2022-01-19 17:25:19,878 - root - DEBUG - RunID 58, Segment 1 (loop 568) - RunState:Ramp,
                       ReadTmp:921.26, RampTmp:920.53, TargetTmp:1185.00,
                       Output:75.07, CycleOnSec:22.52, RemainTime:1:05:42
                    
2022-01-19 17:25:19,878 - root - DEBUG - ==>Relay On
2022-01-19 17:25:42,420 - root - DEBUG - ==>Relay Off
2022-01-19 17:25:42,421 - root - DEBUG - Writing stats to Firing DB table...
2022-01-19 17:25:42,648 - root - INFO - database writing complete1
2022-01-19 17:25:42,649 - root - INFO - RunState end: Ramp
2022-01-19 17:25:49,868 - root - DEBUG - Entering PID update with parameters SetPoint:921.94, ProcValue:921.25, IMax:100.00, IMin:0.00,
2022-01-19 17:25:49,868 - root - DEBUG -   Window:30, Kp: 30.000, Ki: 1.000, Kd: 0.600
2022-01-19 17:25:49,868 - root - DEBUG - Exiting PID update with parameters Error:0.69, ITerm:98.30, DInput:-0.01, Output:100.00
2022-01-19 17:25:49,868 - root - DEBUG - RunID 58, Segment 1 (loop 569) - RunState:Ramp,
                       ReadTmp:921.25, RampTmp:921.94, TargetTmp:1185.00,
                       Output:100.00, CycleOnSec:30.00, RemainTime:1:05:12
                    
2022-01-19 17:25:49,868 - root - DEBUG - ==>Relay On
2022-01-19 17:26:19,881 - root - DEBUG - Writing stats to Firing DB table...
2022-01-19 17:26:19,912 - root - INFO - database writing complete1
2022-01-19 17:26:19,912 - root - INFO - RunState end: Ramp
2022-01-19 17:26:20,420 - root - DEBUG - Entering PID update with parameters SetPoint:923.36, ProcValue:923.15, IMax:100.00, IMin:0.00,
2022-01-19 17:26:20,420 - root - DEBUG -   Window:30, Kp: 30.000, Ki: 1.000, Kd: 0.600
2022-01-19 17:26:20,420 - root - DEBUG - Exiting PID update with parameters Error:0.21, ITerm:98.51, DInput:1.90, Output:100.00
2022-01-19 17:26:20,420 - root - DEBUG - RunID 58, Segment 1 (loop 570) - RunState:Ramp,
                       ReadTmp:923.15, RampTmp:923.36, TargetTmp:1185.00,
                       Output:100.00, CycleOnSec:30.00, RemainTime:1:04:41
                    
2022-01-19 17:26:20,420 - root - DEBUG - ==>Relay On
2022-01-19 17:26:50,451 - root - DEBUG - Writing stats to Firing DB table...
2022-01-19 17:26:50,470 - root - INFO - database writing complete1
2022-01-19 17:26:50,470 - root - INFO - RunState end: Ramp
2022-01-19 17:26:50,982 - root - DEBUG - Entering PID update with parameters SetPoint:924.78, ProcValue:927.09, IMax:100.00, IMin:0.00,
2022-01-19 17:26:50,982 - root - DEBUG -   Window:30, Kp: 30.000, Ki: 1.000, Kd: 0.600
2022-01-19 17:26:50,983 - root - DEBUG - Exiting PID update with parameters Error:-2.32, ITerm:96.19, DInput:3.95, Output:24.29
2022-01-19 17:26:50,983 - root - DEBUG - RunID 58, Segment 1 (loop 571) - RunState:Ramp,
                       ReadTmp:927.09, RampTmp:924.78, TargetTmp:1185.00,
                       Output:24.29, CycleOnSec:7.29, RemainTime:1:04:11
                    
2022-01-19 17:26:50,983 - root - DEBUG - ==>Relay On
2022-01-19 17:26:58,279 - root - DEBUG - ==>Relay Off
2022-01-19 17:26:58,280 - root - DEBUG - Writing stats to Firing DB table...
2022-01-19 17:26:58,292 - root - INFO - database writing complete1
2022-01-19 17:26:58,292 - root - INFO - RunState end: Ramp
2022-01-19 17:27:20,977 - root - DEBUG - Entering PID update with parameters SetPoint:926.19, ProcValue:923.49, IMax:100.00, IMin:0.00,
2022-01-19 17:27:20,977 - root - DEBUG -   Window:30, Kp: 30.000, Ki: 1.000, Kd: 0.600
2022-01-19 17:27:20,977 - root - DEBUG - Exiting PID update with parameters Error:2.70, ITerm:98.89, DInput:-3.60, Output:100.00
2022-01-19 17:27:20,977 - root - DEBUG - RunID 58, Segment 1 (loop 572) - RunState:Ramp,
                       ReadTmp:923.49, RampTmp:926.19, TargetTmp:1185.00,
                       Output:100.00, CycleOnSec:30.00, RemainTime:1:03:41
                    
2022-01-19 17:27:20,977 - root - DEBUG - ==>Relay On
2022-01-19 17:27:51,005 - root - DEBUG - Writing stats to Firing DB table...
2022-01-19 17:27:51,021 - root - INFO - database writing complete1
2022-01-19 17:27:51,022 - root - INFO - RunState end: Ramp
2022-01-19 17:27:51,537 - root - DEBUG - Entering PID update with parameters SetPoint:927.61, ProcValue:924.59, IMax:100.00, IMin:0.00,
2022-01-19 17:27:51,537 - root - DEBUG -   Window:30, Kp: 30.000, Ki: 1.000, Kd: 0.600
2022-01-19 17:27:51,538 - root - DEBUG - Exiting PID update with parameters Error:3.02, ITerm:100.00, DInput:1.09, Output:100.00
2022-01-19 17:27:51,538 - root - DEBUG - RunID 58, Segment 1 (loop 573) - RunState:Ramp,
                       ReadTmp:924.59, RampTmp:927.61, TargetTmp:1185.00,
                       Output:100.00, CycleOnSec:30.00, RemainTime:1:03:10
                    
2022-01-19 17:27:51,538 - root - DEBUG - ==>Relay On
2022-01-19 17:28:21,569 - root - DEBUG - Writing stats to Firing DB table...
2022-01-19 17:28:21,585 - root - INFO - database writing complete1
2022-01-19 17:28:21,586 - root - INFO - RunState end: Ramp
2022-01-19 17:28:22,101 - root - DEBUG - Entering PID update with parameters SetPoint:929.03, ProcValue:928.49, IMax:100.00, IMin:0.00,
2022-01-19 17:28:22,101 - root - DEBUG -   Window:30, Kp: 30.000, Ki: 1.000, Kd: 0.600
2022-01-19 17:28:22,102 - root - DEBUG - Exiting PID update with parameters Error:0.53, ITerm:100.00, DInput:3.91, Output:100.00
2022-01-19 17:28:22,102 - root - DEBUG - RunID 58, Segment 1 (loop 574) - RunState:Ramp,
                       ReadTmp:928.49, RampTmp:929.03, TargetTmp:1185.00,
                       Output:100.00, CycleOnSec:30.00, RemainTime:1:02:39
                    
2022-01-19 17:28:22,102 - root - DEBUG - ==>Relay On
2022-01-19 17:28:52,134 - root - DEBUG - Writing stats to Firing DB table...
2022-01-19 17:28:52,149 - root - INFO - database writing complete1
2022-01-19 17:28:52,150 - root - INFO - RunState end: Ramp
2022-01-19 17:28:52,664 - root - DEBUG - Entering PID update with parameters SetPoint:930.44, ProcValue:932.42, IMax:100.00, IMin:0.00,
2022-01-19 17:28:52,665 - root - DEBUG -   Window:30, Kp: 30.000, Ki: 1.000, Kd: 0.600
2022-01-19 17:28:52,665 - root - DEBUG - Exiting PID update with parameters Error:-1.98, ITerm:98.02, DInput:3.93, Output:36.29
2022-01-19 17:28:52,665 - root - DEBUG - RunID 58, Segment 1 (loop 575) - RunState:Ramp,
                       ReadTmp:932.42, RampTmp:930.44, TargetTmp:1185.00,
                       Output:36.29, CycleOnSec:10.89, RemainTime:1:02:09
                    
2022-01-19 17:28:52,666 - root - DEBUG - ==>Relay On
2022-01-19 17:29:03,563 - root - DEBUG - ==>Relay Off
2022-01-19 17:29:03,564 - root - DEBUG - Writing stats to Firing DB table...
2022-01-19 17:29:03,583 - root - INFO - database writing complete1
2022-01-19 17:29:03,583 - root - INFO - RunState end: Ramp
2022-01-19 17:29:22,657 - root - DEBUG - Entering PID update with parameters SetPoint:931.86, ProcValue:930.13, IMax:100.00, IMin:0.00,
2022-01-19 17:29:22,657 - root - DEBUG -   Window:30, Kp: 30.000, Ki: 1.000, Kd: 0.600
2022-01-19 17:29:22,657 - root - DEBUG - Exiting PID update with parameters Error:1.73, ITerm:99.75, DInput:-2.29, Output:100.00
2022-01-19 17:29:22,657 - root - DEBUG - RunID 58, Segment 1 (loop 576) - RunState:Ramp,
                       ReadTmp:930.13, RampTmp:931.86, TargetTmp:1185.00,
                       Output:100.00, CycleOnSec:30.00, RemainTime:1:01:39
                    
2022-01-19 17:29:22,657 - root - DEBUG - ==>Relay On
2022-01-19 17:29:52,688 - root - DEBUG - Writing stats to Firing DB table...
2022-01-19 17:29:52,704 - root - INFO - database writing complete1
2022-01-19 17:29:52,705 - root - INFO - RunState end: Ramp
2022-01-19 17:29:53,220 - root - DEBUG - Entering PID update with parameters SetPoint:933.28, ProcValue:931.32, IMax:100.00, IMin:0.00,
2022-01-19 17:29:53,221 - root - DEBUG -   Window:30, Kp: 30.000, Ki: 1.000, Kd: 0.600
2022-01-19 17:29:53,221 - root - DEBUG - Exiting PID update with parameters Error:1.96, ITerm:100.00, DInput:1.19, Output:100.00
2022-01-19 17:29:53,221 - root - DEBUG - RunID 58, Segment 1 (loop 577) - RunState:Ramp,
                       ReadTmp:931.32, RampTmp:933.28, TargetTmp:1185.00,
                       Output:100.00, CycleOnSec:30.00, RemainTime:1:01:08
                    
2022-01-19 17:29:53,222 - root - DEBUG - ==>Relay On
2022-01-19 17:30:23,237 - root - DEBUG - Writing stats to Firing DB table...
2022-01-19 17:30:23,253 - root - INFO - database writing complete1
2022-01-19 17:30:23,254 - root - INFO - RunState end: Ramp
2022-01-19 17:30:23,769 - root - DEBUG - Entering PID update with parameters SetPoint:934.69, ProcValue:935.10, IMax:100.00, IMin:0.00,
2022-01-19 17:30:23,770 - root - DEBUG -   Window:30, Kp: 30.000, Ki: 1.000, Kd: 0.600
2022-01-19 17:30:23,770 - root - DEBUG - Exiting PID update with parameters Error:-0.41, ITerm:99.59, DInput:3.78, Output:85.06
2022-01-19 17:30:23,771 - root - DEBUG - RunID 58, Segment 1 (loop 578) - RunState:Ramp,
                       ReadTmp:935.10, RampTmp:934.69, TargetTmp:1185.00,
                       Output:85.06, CycleOnSec:25.52, RemainTime:1:00:38
                    
2022-01-19 17:30:23,771 - root - DEBUG - ==>Relay On
2022-01-19 17:30:49,314 - root - DEBUG - ==>Relay Off
2022-01-19 17:30:49,315 - root - DEBUG - Writing stats to Firing DB table...
2022-01-19 17:30:49,331 - root - INFO - database writing complete1
2022-01-19 17:30:49,331 - root - INFO - RunState end: Ramp
2022-01-19 17:30:53,761 - root - DEBUG - Entering PID update with parameters SetPoint:936.11, ProcValue:938.16, IMax:100.00, IMin:0.00,
2022-01-19 17:30:53,761 - root - DEBUG -   Window:30, Kp: 30.000, Ki: 1.000, Kd: 0.600
2022-01-19 17:30:53,761 - root - DEBUG - Exiting PID update with parameters Error:-2.05, ITerm:97.54, DInput:3.06, Output:34.06
2022-01-19 17:30:53,762 - root - DEBUG - RunID 58, Segment 1 (loop 579) - RunState:Ramp,
                       ReadTmp:938.16, RampTmp:936.11, TargetTmp:1185.00,
                       Output:34.06, CycleOnSec:10.22, RemainTime:1:00:08
                    
2022-01-19 17:30:53,762 - root - DEBUG - ==>Relay On
2022-01-19 17:31:03,990 - root - DEBUG - ==>Relay Off
2022-01-19 17:31:03,991 - root - DEBUG - Writing stats to Firing DB table...
2022-01-19 17:31:04,020 - root - INFO - database writing complete1
2022-01-19 17:31:04,021 - root - INFO - RunState end: Ramp
2022-01-19 17:31:23,761 - root - DEBUG - Entering PID update with parameters SetPoint:937.53, ProcValue:934.12, IMax:100.00, IMin:0.00,
2022-01-19 17:31:23,761 - root - DEBUG -   Window:30, Kp: 30.000, Ki: 1.000, Kd: 0.600
2022-01-19 17:31:23,761 - root - DEBUG - Exiting PID update with parameters Error:3.40, ITerm:100.00, DInput:-4.04, Output:100.00
2022-01-19 17:31:23,761 - root - DEBUG - RunID 58, Segment 1 (loop 580) - RunState:Ramp,
                       ReadTmp:934.12, RampTmp:937.53, TargetTmp:1185.00,
                       Output:100.00, CycleOnSec:30.00, RemainTime:0:59:38
                    
2022-01-19 17:31:23,761 - root - DEBUG - ==>Relay On
2022-01-19 17:31:53,769 - root - DEBUG - Writing stats to Firing DB table...
2022-01-19 17:31:53,784 - root - INFO - database writing complete1
2022-01-19 17:31:53,785 - root - INFO - RunState end: Ramp
2022-01-19 17:31:54,301 - root - DEBUG - Entering PID update with parameters SetPoint:938.94, ProcValue:935.23, IMax:100.00, IMin:0.00,
2022-01-19 17:31:54,302 - root - DEBUG -   Window:30, Kp: 30.000, Ki: 1.000, Kd: 0.600
2022-01-19 17:31:54,302 - root - DEBUG - Exiting PID update with parameters Error:3.72, ITerm:100.00, DInput:1.10, Output:100.00
2022-01-19 17:31:54,302 - root - DEBUG - RunID 58, Segment 1 (loop 581) - RunState:Ramp,
                       ReadTmp:935.23, RampTmp:938.94, TargetTmp:1185.00,
                       Output:100.00, CycleOnSec:30.00, RemainTime:0:59:07
                    
2022-01-19 17:31:54,303 - root - DEBUG - ==>Relay On
2022-01-19 17:32:24,318 - root - DEBUG - Writing stats to Firing DB table...
2022-01-19 17:32:24,334 - root - INFO - database writing complete1
2022-01-19 17:32:24,334 - root - INFO - RunState end: Ramp
2022-01-19 17:32:24,849 - root - DEBUG - Entering PID update with parameters SetPoint:940.36, ProcValue:939.16, IMax:100.00, IMin:0.00,
2022-01-19 17:32:24,850 - root - DEBUG -   Window:30, Kp: 30.000, Ki: 1.000, Kd: 0.600
2022-01-19 17:32:24,850 - root - DEBUG - Exiting PID update with parameters Error:1.20, ITerm:100.00, DInput:3.94, Output:100.00
2022-01-19 17:32:24,850 - root - DEBUG - RunID 58, Segment 1 (loop 582) - RunState:Ramp,
                       ReadTmp:939.16, RampTmp:940.36, TargetTmp:1185.00,
                       Output:100.00, CycleOnSec:30.00, RemainTime:0:58:37
                    
2022-01-19 17:32:24,851 - root - DEBUG - ==>Relay On
2022-01-19 17:32:54,875 - root - DEBUG - Writing stats to Firing DB table...
2022-01-19 17:32:54,890 - root - INFO - database writing complete1
2022-01-19 17:32:54,891 - root - INFO - RunState end: Ramp
2022-01-19 17:32:55,402 - root - DEBUG - Entering PID update with parameters SetPoint:941.78, ProcValue:943.00, IMax:100.00, IMin:0.00,
2022-01-19 17:32:55,402 - root - DEBUG -   Window:30, Kp: 30.000, Ki: 1.000, Kd: 0.600
2022-01-19 17:32:55,402 - root - DEBUG - Exiting PID update with parameters Error:-1.22, ITerm:98.78, DInput:3.84, Output:59.76
2022-01-19 17:32:55,402 - root - DEBUG - RunID 58, Segment 1 (loop 583) - RunState:Ramp,
                       ReadTmp:943.00, RampTmp:941.78, TargetTmp:1185.00,
                       Output:59.76, CycleOnSec:17.93, RemainTime:0:58:06
                    
2022-01-19 17:32:55,402 - root - DEBUG - ==>Relay On
2022-01-19 17:33:13,347 - root - DEBUG - ==>Relay Off
2022-01-19 17:33:13,348 - root - DEBUG - Writing stats to Firing DB table...
2022-01-19 17:33:13,364 - root - INFO - database writing complete1
2022-01-19 17:33:13,365 - root - INFO - RunState end: Ramp
2022-01-19 17:33:25,400 - root - DEBUG - Entering PID update with parameters SetPoint:943.19, ProcValue:943.38, IMax:100.00, IMin:0.00,
2022-01-19 17:33:25,401 - root - DEBUG -   Window:30, Kp: 30.000, Ki: 1.000, Kd: 0.600
2022-01-19 17:33:25,401 - root - DEBUG - Exiting PID update with parameters Error:-0.19, ITerm:98.59, DInput:0.38, Output:92.65
2022-01-19 17:33:25,401 - root - DEBUG - RunID 58, Segment 1 (loop 584) - RunState:Ramp,
                       ReadTmp:943.38, RampTmp:943.19, TargetTmp:1185.00,
                       Output:92.65, CycleOnSec:27.80, RemainTime:0:57:36
                    
2022-01-19 17:33:25,401 - root - DEBUG - ==>Relay On
2022-01-19 17:33:53,213 - root - DEBUG - ==>Relay Off
2022-01-19 17:33:53,214 - root - DEBUG - Writing stats to Firing DB table...
2022-01-19 17:33:53,235 - root - INFO - database writing complete1
2022-01-19 17:33:53,236 - root - INFO - RunState end: Ramp
2022-01-19 17:33:55,399 - root - DEBUG - Entering PID update with parameters SetPoint:944.61, ProcValue:944.54, IMax:100.00, IMin:0.00,
2022-01-19 17:33:55,399 - root - DEBUG -   Window:30, Kp: 30.000, Ki: 1.000, Kd: 0.600
2022-01-19 17:33:55,399 - root - DEBUG - Exiting PID update with parameters Error:0.07, ITerm:98.66, DInput:1.16, Output:100.00
2022-01-19 17:33:55,399 - root - DEBUG - RunID 58, Segment 1 (loop 585) - RunState:Ramp,
                       ReadTmp:944.54, RampTmp:944.61, TargetTmp:1185.00,
                       Output:100.00, CycleOnSec:30.00, RemainTime:0:57:06
                    
2022-01-19 17:33:55,399 - root - DEBUG - ==>Relay On
2022-01-19 17:34:25,430 - root - DEBUG - Writing stats to Firing DB table...
2022-01-19 17:34:25,444 - root - INFO - database writing complete1
2022-01-19 17:34:25,444 - root - INFO - RunState end: Ramp
2022-01-19 17:34:25,952 - root - DEBUG - Entering PID update with parameters SetPoint:946.03, ProcValue:947.23, IMax:100.00, IMin:0.00,
2022-01-19 17:34:25,952 - root - DEBUG -   Window:30, Kp: 30.000, Ki: 1.000, Kd: 0.600
2022-01-19 17:34:25,953 - root - DEBUG - Exiting PID update with parameters Error:-1.20, ITerm:97.46, DInput:2.69, Output:59.83
2022-01-19 17:34:25,953 - root - DEBUG - RunID 58, Segment 1 (loop 586) - RunState:Ramp,
                       ReadTmp:947.23, RampTmp:946.03, TargetTmp:1185.00,
                       Output:59.83, CycleOnSec:17.95, RemainTime:0:56:36
                    
2022-01-19 17:34:25,953 - root - DEBUG - ==>Relay On
2022-01-19 17:34:43,920 - root - DEBUG - ==>Relay Off
2022-01-19 17:34:43,921 - root - DEBUG - Writing stats to Firing DB table...
2022-01-19 17:34:43,937 - root - INFO - database writing complete1
2022-01-19 17:34:43,937 - root - INFO - RunState end: Ramp
2022-01-19 17:34:55,951 - root - DEBUG - Entering PID update with parameters SetPoint:947.44, ProcValue:947.64, IMax:100.00, IMin:0.00,
2022-01-19 17:34:55,951 - root - DEBUG -   Window:30, Kp: 30.000, Ki: 1.000, Kd: 0.600
2022-01-19 17:34:55,952 - root - DEBUG - Exiting PID update with parameters Error:-0.20, ITerm:97.26, DInput:0.41, Output:91.07
2022-01-19 17:34:55,952 - root - DEBUG - RunID 58, Segment 1 (loop 587) - RunState:Ramp,
                       ReadTmp:947.64, RampTmp:947.44, TargetTmp:1185.00,
                       Output:91.07, CycleOnSec:27.32, RemainTime:0:56:06
                    
2022-01-19 17:34:55,952 - root - DEBUG - ==>Relay On
2022-01-19 17:35:23,301 - root - DEBUG - ==>Relay Off
2022-01-19 17:35:23,302 - root - DEBUG - Writing stats to Firing DB table...
2022-01-19 17:35:23,321 - root - INFO - database writing complete1
2022-01-19 17:35:23,321 - root - INFO - RunState end: Ramp
2022-01-19 17:35:25,951 - root - DEBUG - Entering PID update with parameters SetPoint:948.86, ProcValue:948.62, IMax:100.00, IMin:0.00,
2022-01-19 17:35:25,951 - root - DEBUG -   Window:30, Kp: 30.000, Ki: 1.000, Kd: 0.600
2022-01-19 17:35:25,952 - root - DEBUG - Exiting PID update with parameters Error:0.24, ITerm:97.50, DInput:0.98, Output:100.00
2022-01-19 17:35:25,952 - root - DEBUG - RunID 58, Segment 1 (loop 588) - RunState:Ramp,
                       ReadTmp:948.62, RampTmp:948.86, TargetTmp:1185.00,
                       Output:100.00, CycleOnSec:30.00, RemainTime:0:55:36
                    
2022-01-19 17:35:25,952 - root - DEBUG - ==>Relay On
2022-01-19 17:35:55,983 - root - DEBUG - Writing stats to Firing DB table...
2022-01-19 17:35:56,007 - root - INFO - database writing complete1
2022-01-19 17:35:56,008 - root - INFO - RunState end: Ramp
2022-01-19 17:35:56,518 - root - DEBUG - Entering PID update with parameters SetPoint:950.28, ProcValue:951.16, IMax:100.00, IMin:0.00,
2022-01-19 17:35:56,518 - root - DEBUG -   Window:30, Kp: 30.000, Ki: 1.000, Kd: 0.600
2022-01-19 17:35:56,518 - root - DEBUG - Exiting PID update with parameters Error:-0.88, ITerm:96.62, DInput:2.54, Output:68.69
2022-01-19 17:35:56,519 - root - DEBUG - RunID 58, Segment 1 (loop 589) - RunState:Ramp,
                       ReadTmp:951.16, RampTmp:950.28, TargetTmp:1185.00,
                       Output:68.69, CycleOnSec:20.61, RemainTime:0:55:05
                    
2022-01-19 17:35:56,519 - root - DEBUG - ==>Relay On
2022-01-19 17:36:17,147 - root - DEBUG - ==>Relay Off
2022-01-19 17:36:17,148 - root - DEBUG - Writing stats to Firing DB table...
2022-01-19 17:36:17,166 - root - INFO - database writing complete1
2022-01-19 17:36:17,167 - root - INFO - RunState end: Ramp
2022-01-19 17:36:26,516 - root - DEBUG - Entering PID update with parameters SetPoint:951.69, ProcValue:952.43, IMax:100.00, IMin:0.00,
2022-01-19 17:36:26,516 - root - DEBUG -   Window:30, Kp: 30.000, Ki: 1.000, Kd: 0.600
2022-01-19 17:36:26,516 - root - DEBUG - Exiting PID update with parameters Error:-0.74, ITerm:95.88, DInput:1.27, Output:73.01
2022-01-19 17:36:26,517 - root - DEBUG - RunID 58, Segment 1 (loop 590) - RunState:Ramp,
                       ReadTmp:952.43, RampTmp:951.69, TargetTmp:1185.00,
                       Output:73.01, CycleOnSec:21.90, RemainTime:0:54:35
                    
2022-01-19 17:36:26,517 - root - DEBUG - ==>Relay On
2022-01-19 17:36:48,442 - root - DEBUG - ==>Relay Off
2022-01-19 17:36:48,443 - root - DEBUG - Writing stats to Firing DB table...
2022-01-19 17:36:48,458 - root - INFO - database writing complete1
2022-01-19 17:36:48,458 - root - INFO - RunState end: Ramp
2022-01-19 17:36:56,516 - root - DEBUG - Entering PID update with parameters SetPoint:953.11, ProcValue:952.05, IMax:100.00, IMin:0.00,
2022-01-19 17:36:56,516 - root - DEBUG -   Window:30, Kp: 30.000, Ki: 1.000, Kd: 0.600
2022-01-19 17:36:56,516 - root - DEBUG - Exiting PID update with parameters Error:1.06, ITerm:96.95, DInput:-0.38, Output:100.00
2022-01-19 17:36:56,516 - root - DEBUG - RunID 58, Segment 1 (loop 591) - RunState:Ramp,
                       ReadTmp:952.05, RampTmp:953.11, TargetTmp:1185.00,
                       Output:100.00, CycleOnSec:30.00, RemainTime:0:54:05
                    
2022-01-19 17:36:56,516 - root - DEBUG - ==>Relay On
2022-01-19 17:37:26,547 - root - DEBUG - Writing stats to Firing DB table...
2022-01-19 17:37:26,566 - root - INFO - database writing complete1
2022-01-19 17:37:26,566 - root - INFO - RunState end: Ramp
2022-01-19 17:37:27,081 - root - DEBUG - Entering PID update with parameters SetPoint:954.53, ProcValue:953.68, IMax:100.00, IMin:0.00,
2022-01-19 17:37:27,082 - root - DEBUG -   Window:30, Kp: 30.000, Ki: 1.000, Kd: 0.600
2022-01-19 17:37:27,082 - root - DEBUG - Exiting PID update with parameters Error:0.85, ITerm:97.79, DInput:1.63, Output:100.00
2022-01-19 17:37:27,082 - root - DEBUG - RunID 58, Segment 1 (loop 592) - RunState:Ramp,
                       ReadTmp:953.68, RampTmp:954.53, TargetTmp:1185.00,
                       Output:100.00, CycleOnSec:30.00, RemainTime:0:53:34
                    
2022-01-19 17:37:27,083 - root - DEBUG - ==>Relay On
2022-01-19 17:37:57,114 - root - DEBUG - Writing stats to Firing DB table...
2022-01-19 17:37:57,132 - root - INFO - database writing complete1
2022-01-19 17:37:57,133 - root - INFO - RunState end: Ramp
2022-01-19 17:37:57,648 - root - DEBUG - Entering PID update with parameters SetPoint:955.94, ProcValue:957.29, IMax:100.00, IMin:0.00,
2022-01-19 17:37:57,648 - root - DEBUG -   Window:30, Kp: 30.000, Ki: 1.000, Kd: 0.600
2022-01-19 17:37:57,649 - root - DEBUG - Exiting PID update with parameters Error:-1.35, ITerm:96.45, DInput:3.61, Output:53.89
2022-01-19 17:37:57,649 - root - DEBUG - RunID 58, Segment 1 (loop 593) - RunState:Ramp,
                       ReadTmp:957.29, RampTmp:955.94, TargetTmp:1185.00,
                       Output:53.89, CycleOnSec:16.17, RemainTime:0:53:04
                    
2022-01-19 17:37:57,649 - root - DEBUG - ==>Relay On
2022-01-19 17:38:13,833 - root - DEBUG - ==>Relay Off
2022-01-19 17:38:13,834 - root - DEBUG - Writing stats to Firing DB table...
2022-01-19 17:38:13,848 - root - INFO - database writing complete1
2022-01-19 17:38:13,848 - root - INFO - RunState end: Ramp
2022-01-19 17:38:27,640 - root - DEBUG - Entering PID update with parameters SetPoint:957.36, ProcValue:956.78, IMax:100.00, IMin:0.00,
2022-01-19 17:38:27,640 - root - DEBUG -   Window:30, Kp: 30.000, Ki: 1.000, Kd: 0.600
2022-01-19 17:38:27,640 - root - DEBUG - Exiting PID update with parameters Error:0.58, ITerm:97.02, DInput:-0.51, Output:100.00
2022-01-19 17:38:27,640 - root - DEBUG - RunID 58, Segment 1 (loop 594) - RunState:Ramp,
                       ReadTmp:956.78, RampTmp:957.36, TargetTmp:1185.00,
                       Output:100.00, CycleOnSec:30.00, RemainTime:0:52:34
                    
2022-01-19 17:38:27,641 - root - DEBUG - ==>Relay On
2022-01-19 17:38:57,668 - root - DEBUG - Writing stats to Firing DB table...
2022-01-19 17:38:57,683 - root - INFO - database writing complete1
2022-01-19 17:38:57,684 - root - INFO - RunState end: Ramp
2022-01-19 17:38:58,199 - root - DEBUG - Entering PID update with parameters SetPoint:958.78, ProcValue:957.71, IMax:100.00, IMin:0.00,
2022-01-19 17:38:58,199 - root - DEBUG -   Window:30, Kp: 30.000, Ki: 1.000, Kd: 0.600
2022-01-19 17:38:58,200 - root - DEBUG - Exiting PID update with parameters Error:1.07, ITerm:98.09, DInput:0.93, Output:100.00
2022-01-19 17:38:58,200 - root - DEBUG - RunID 58, Segment 1 (loop 595) - RunState:Ramp,
                       ReadTmp:957.71, RampTmp:958.78, TargetTmp:1185.00,
                       Output:100.00, CycleOnSec:30.00, RemainTime:0:52:03
                    
2022-01-19 17:38:58,200 - root - DEBUG - ==>Relay On
2022-01-19 17:39:28,210 - root - DEBUG - Writing stats to Firing DB table...
2022-01-19 17:39:28,230 - root - INFO - database writing complete1
2022-01-19 17:39:28,231 - root - INFO - RunState end: Ramp
2022-01-19 17:39:28,746 - root - DEBUG - Entering PID update with parameters SetPoint:960.19, ProcValue:961.05, IMax:100.00, IMin:0.00,
2022-01-19 17:39:28,746 - root - DEBUG -   Window:30, Kp: 30.000, Ki: 1.000, Kd: 0.600
2022-01-19 17:39:28,747 - root - DEBUG - Exiting PID update with parameters Error:-0.85, ITerm:97.23, DInput:3.34, Output:69.61
2022-01-19 17:39:28,747 - root - DEBUG - RunID 58, Segment 1 (loop 596) - RunState:Ramp,
                       ReadTmp:961.05, RampTmp:960.19, TargetTmp:1185.00,
                       Output:69.61, CycleOnSec:20.88, RemainTime:0:51:33
                    
2022-01-19 17:39:28,747 - root - DEBUG - ==>Relay On
2022-01-19 17:39:49,644 - root - DEBUG - ==>Relay Off
2022-01-19 17:39:49,645 - root - DEBUG - Writing stats to Firing DB table...
2022-01-19 17:39:49,662 - root - INFO - database writing complete1
2022-01-19 17:39:49,663 - root - INFO - RunState end: Ramp
2022-01-19 17:39:58,738 - root - DEBUG - Entering PID update with parameters SetPoint:961.61, ProcValue:962.41, IMax:100.00, IMin:0.00,
2022-01-19 17:39:58,738 - root - DEBUG -   Window:30, Kp: 30.000, Ki: 1.000, Kd: 0.600
2022-01-19 17:39:58,738 - root - DEBUG - Exiting PID update with parameters Error:-0.80, ITerm:96.44, DInput:1.36, Output:71.72
2022-01-19 17:39:58,738 - root - DEBUG - RunID 58, Segment 1 (loop 597) - RunState:Ramp,
                       ReadTmp:962.41, RampTmp:961.61, TargetTmp:1185.00,
                       Output:71.72, CycleOnSec:21.51, RemainTime:0:51:03
                    
2022-01-19 17:39:58,738 - root - DEBUG - ==>Relay On
2022-01-19 17:40:20,271 - root - DEBUG - ==>Relay Off
2022-01-19 17:40:20,272 - root - DEBUG - Writing stats to Firing DB table...
2022-01-19 17:40:20,288 - root - INFO - database writing complete1
2022-01-19 17:40:20,288 - root - INFO - RunState end: Ramp
2022-01-19 17:40:28,738 - root - DEBUG - Entering PID update with parameters SetPoint:963.03, ProcValue:961.73, IMax:100.00, IMin:0.00,
2022-01-19 17:40:28,738 - root - DEBUG -   Window:30, Kp: 30.000, Ki: 1.000, Kd: 0.600
2022-01-19 17:40:28,738 - root - DEBUG - Exiting PID update with parameters Error:1.30, ITerm:97.74, DInput:-0.68, Output:100.00
2022-01-19 17:40:28,738 - root - DEBUG - RunID 58, Segment 1 (loop 598) - RunState:Ramp,
                       ReadTmp:961.73, RampTmp:963.03, TargetTmp:1185.00,
                       Output:100.00, CycleOnSec:30.00, RemainTime:0:50:33
                    
2022-01-19 17:40:28,738 - root - DEBUG - ==>Relay On
2022-01-19 17:40:58,772 - root - DEBUG - Writing stats to Firing DB table...
2022-01-19 17:40:58,790 - root - INFO - database writing complete1
2022-01-19 17:40:58,791 - root - INFO - RunState end: Ramp
2022-01-19 17:40:59,310 - root - DEBUG - Entering PID update with parameters SetPoint:964.44, ProcValue:963.15, IMax:100.00, IMin:0.00,
2022-01-19 17:40:59,310 - root - DEBUG -   Window:30, Kp: 30.000, Ki: 1.000, Kd: 0.600
2022-01-19 17:40:59,310 - root - DEBUG - Exiting PID update with parameters Error:1.29, ITerm:99.03, DInput:1.42, Output:100.00
2022-01-19 17:40:59,311 - root - DEBUG - RunID 58, Segment 1 (loop 599) - RunState:Ramp,
                       ReadTmp:963.15, RampTmp:964.44, TargetTmp:1185.00,
                       Output:100.00, CycleOnSec:30.00, RemainTime:0:50:02
                    
2022-01-19 17:40:59,311 - root - DEBUG - ==>Relay On
2022-01-19 17:41:29,343 - root - DEBUG - Writing stats to Firing DB table...
2022-01-19 17:41:29,358 - root - INFO - database writing complete1
2022-01-19 17:41:29,359 - root - INFO - RunState end: Ramp
2022-01-19 17:41:29,874 - root - DEBUG - Entering PID update with parameters SetPoint:965.86, ProcValue:966.59, IMax:100.00, IMin:0.00,
2022-01-19 17:41:29,875 - root - DEBUG -   Window:30, Kp: 30.000, Ki: 1.000, Kd: 0.600
2022-01-19 17:41:29,875 - root - DEBUG - Exiting PID update with parameters Error:-0.73, ITerm:98.30, DInput:3.44, Output:74.45
2022-01-19 17:41:29,876 - root - DEBUG - RunID 58, Segment 1 (loop 600) - RunState:Ramp,
                       ReadTmp:966.59, RampTmp:965.86, TargetTmp:1185.00,
                       Output:74.45, CycleOnSec:22.33, RemainTime:0:49:32
                    
2022-01-19 17:41:29,876 - root - DEBUG - ==>Relay On
2022-01-19 17:41:52,232 - root - DEBUG - ==>Relay Off
2022-01-19 17:41:52,234 - root - DEBUG - Writing stats to Firing DB table...
2022-01-19 17:41:52,249 - root - INFO - database writing complete1
2022-01-19 17:41:52,250 - root - INFO - RunState end: Ramp
2022-01-19 17:41:59,866 - root - DEBUG - Entering PID update with parameters SetPoint:967.28, ProcValue:968.37, IMax:100.00, IMin:0.00,
2022-01-19 17:41:59,867 - root - DEBUG -   Window:30, Kp: 30.000, Ki: 1.000, Kd: 0.600
2022-01-19 17:41:59,867 - root - DEBUG - Exiting PID update with parameters Error:-1.09, ITerm:97.21, DInput:1.78, Output:63.41
2022-01-19 17:41:59,867 - root - DEBUG - RunID 58, Segment 1 (loop 601) - RunState:Ramp,
                       ReadTmp:968.37, RampTmp:967.28, TargetTmp:1185.00,
                       Output:63.41, CycleOnSec:19.02, RemainTime:0:49:02
                    
2022-01-19 17:41:59,867 - root - DEBUG - ==>Relay On
2022-01-19 17:42:18,910 - root - DEBUG - ==>Relay Off
2022-01-19 17:42:18,911 - root - DEBUG - Writing stats to Firing DB table...
2022-01-19 17:42:18,936 - root - INFO - database writing complete1
2022-01-19 17:42:18,936 - root - INFO - RunState end: Ramp
2022-01-19 17:42:29,867 - root - DEBUG - Entering PID update with parameters SetPoint:968.69, ProcValue:966.91, IMax:100.00, IMin:0.00,
2022-01-19 17:42:29,868 - root - DEBUG -   Window:30, Kp: 30.000, Ki: 1.000, Kd: 0.600
2022-01-19 17:42:29,868 - root - DEBUG - Exiting PID update with parameters Error:1.78, ITerm:98.99, DInput:-1.45, Output:100.00
2022-01-19 17:42:29,869 - root - DEBUG - RunID 58, Segment 1 (loop 602) - RunState:Ramp,
                       ReadTmp:966.91, RampTmp:968.69, TargetTmp:1185.00,
                       Output:100.00, CycleOnSec:30.00, RemainTime:0:48:32
                    
2022-01-19 17:42:29,869 - root - DEBUG - ==>Relay On
2022-01-19 17:42:59,900 - root - DEBUG - Writing stats to Firing DB table...
2022-01-19 17:43:00,163 - root - INFO - database writing complete1
2022-01-19 17:43:00,164 - root - INFO - RunState end: Ramp
2022-01-19 17:43:00,680 - root - DEBUG - Entering PID update with parameters SetPoint:970.11, ProcValue:967.90, IMax:100.00, IMin:0.00,
2022-01-19 17:43:00,681 - root - DEBUG -   Window:30, Kp: 30.000, Ki: 1.000, Kd: 0.600
2022-01-19 17:43:00,681 - root - DEBUG - Exiting PID update with parameters Error:2.21, ITerm:100.00, DInput:0.98, Output:100.00
2022-01-19 17:43:00,681 - root - DEBUG - RunID 58, Segment 1 (loop 603) - RunState:Ramp,
                       ReadTmp:967.90, RampTmp:970.11, TargetTmp:1185.00,
                       Output:100.00, CycleOnSec:30.00, RemainTime:0:48:01
                    
2022-01-19 17:43:00,681 - root - DEBUG - ==>Relay On
2022-01-19 17:43:30,711 - root - DEBUG - Writing stats to Firing DB table...
2022-01-19 17:43:30,726 - root - INFO - database writing complete1
2022-01-19 17:43:30,726 - root - INFO - RunState end: Ramp
2022-01-19 17:43:31,234 - root - DEBUG - Entering PID update with parameters SetPoint:971.53, ProcValue:971.41, IMax:100.00, IMin:0.00,
2022-01-19 17:43:31,234 - root - DEBUG -   Window:30, Kp: 30.000, Ki: 1.000, Kd: 0.600
2022-01-19 17:43:31,235 - root - DEBUG - Exiting PID update with parameters Error:0.12, ITerm:100.00, DInput:3.51, Output:100.00
2022-01-19 17:43:31,235 - root - DEBUG - RunID 58, Segment 1 (loop 604) - RunState:Ramp,
                       ReadTmp:971.41, RampTmp:971.53, TargetTmp:1185.00,
                       Output:100.00, CycleOnSec:30.00, RemainTime:0:47:30
                    
2022-01-19 17:43:31,235 - root - DEBUG - ==>Relay On
2022-01-19 17:44:01,266 - root - DEBUG - Writing stats to Firing DB table...
2022-01-19 17:44:01,283 - root - INFO - database writing complete1
2022-01-19 17:44:01,284 - root - INFO - RunState end: Ramp
2022-01-19 17:44:01,797 - root - DEBUG - Entering PID update with parameters SetPoint:972.94, ProcValue:974.71, IMax:100.00, IMin:0.00,
2022-01-19 17:44:01,798 - root - DEBUG -   Window:30, Kp: 30.000, Ki: 1.000, Kd: 0.600
2022-01-19 17:44:01,798 - root - DEBUG - Exiting PID update with parameters Error:-1.77, ITerm:98.23, DInput:3.30, Output:43.20
2022-01-19 17:44:01,799 - root - DEBUG - RunID 58, Segment 1 (loop 605) - RunState:Ramp,
                       ReadTmp:974.71, RampTmp:972.94, TargetTmp:1185.00,
                       Output:43.20, CycleOnSec:12.96, RemainTime:0:47:00
                    
2022-01-19 17:44:01,799 - root - DEBUG - ==>Relay On
2022-01-19 17:44:14,773 - root - DEBUG - ==>Relay Off
2022-01-19 17:44:14,774 - root - DEBUG - Writing stats to Firing DB table...
2022-01-19 17:44:14,790 - root - INFO - database writing complete1
2022-01-19 17:44:14,791 - root - INFO - RunState end: Ramp
2022-01-19 17:44:31,791 - root - DEBUG - Entering PID update with parameters SetPoint:974.36, ProcValue:972.73, IMax:100.00, IMin:0.00,
2022-01-19 17:44:31,791 - root - DEBUG -   Window:30, Kp: 30.000, Ki: 1.000, Kd: 0.600
2022-01-19 17:44:31,791 - root - DEBUG - Exiting PID update with parameters Error:1.63, ITerm:99.86, DInput:-1.98, Output:100.00
2022-01-19 17:44:31,791 - root - DEBUG - RunID 58, Segment 1 (loop 606) - RunState:Ramp,
                       ReadTmp:972.73, RampTmp:974.36, TargetTmp:1185.00,
                       Output:100.00, CycleOnSec:30.00, RemainTime:0:46:30
                    
2022-01-19 17:44:31,791 - root - DEBUG - ==>Relay On
2022-01-19 17:45:01,822 - root - DEBUG - Writing stats to Firing DB table...
2022-01-19 17:45:01,841 - root - INFO - database writing complete1
2022-01-19 17:45:01,842 - root - INFO - RunState end: Ramp
2022-01-19 17:45:02,357 - root - DEBUG - Entering PID update with parameters SetPoint:975.78, ProcValue:973.36, IMax:100.00, IMin:0.00,
2022-01-19 17:45:02,357 - root - DEBUG -   Window:30, Kp: 30.000, Ki: 1.000, Kd: 0.600
2022-01-19 17:45:02,358 - root - DEBUG - Exiting PID update with parameters Error:2.42, ITerm:100.00, DInput:0.63, Output:100.00
2022-01-19 17:45:02,358 - root - DEBUG - RunID 58, Segment 1 (loop 607) - RunState:Ramp,
                       ReadTmp:973.36, RampTmp:975.78, TargetTmp:1185.00,
                       Output:100.00, CycleOnSec:30.00, RemainTime:0:45:59
                    
2022-01-19 17:45:02,358 - root - DEBUG - ==>Relay On
2022-01-19 17:45:32,389 - root - DEBUG - Writing stats to Firing DB table...
2022-01-19 17:45:32,411 - root - INFO - database writing complete1
2022-01-19 17:45:32,412 - root - INFO - RunState end: Ramp
2022-01-19 17:45:32,921 - root - DEBUG - Entering PID update with parameters SetPoint:977.19, ProcValue:976.57, IMax:100.00, IMin:0.00,
2022-01-19 17:45:32,921 - root - DEBUG -   Window:30, Kp: 30.000, Ki: 1.000, Kd: 0.600
2022-01-19 17:45:32,921 - root - DEBUG - Exiting PID update with parameters Error:0.62, ITerm:100.00, DInput:3.21, Output:100.00
2022-01-19 17:45:32,921 - root - DEBUG - RunID 58, Segment 1 (loop 608) - RunState:Ramp,
                       ReadTmp:976.57, RampTmp:977.19, TargetTmp:1185.00,
                       Output:100.00, CycleOnSec:30.00, RemainTime:0:45:29
                    
2022-01-19 17:45:32,921 - root - DEBUG - ==>Relay On
2022-01-19 17:46:02,950 - root - DEBUG - Writing stats to Firing DB table...
2022-01-19 17:46:02,984 - root - INFO - database writing complete1
2022-01-19 17:46:02,985 - root - INFO - RunState end: Ramp
2022-01-19 17:46:03,493 - root - DEBUG - Entering PID update with parameters SetPoint:978.61, ProcValue:979.73, IMax:100.00, IMin:0.00,
2022-01-19 17:46:03,493 - root - DEBUG -   Window:30, Kp: 30.000, Ki: 1.000, Kd: 0.600
2022-01-19 17:46:03,494 - root - DEBUG - Exiting PID update with parameters Error:-1.13, ITerm:98.87, DInput:3.16, Output:63.23
2022-01-19 17:46:03,494 - root - DEBUG - RunID 58, Segment 1 (loop 609) - RunState:Ramp,
                       ReadTmp:979.73, RampTmp:978.61, TargetTmp:1185.00,
                       Output:63.23, CycleOnSec:18.97, RemainTime:0:44:58
                    
2022-01-19 17:46:03,494 - root - DEBUG - ==>Relay On
2022-01-19 17:46:22,481 - root - DEBUG - ==>Relay Off
2022-01-19 17:46:22,482 - root - DEBUG - Writing stats to Firing DB table...
2022-01-19 17:46:22,499 - root - INFO - database writing complete1
2022-01-19 17:46:22,499 - root - INFO - RunState end: Ramp
2022-01-19 17:46:33,493 - root - DEBUG - Entering PID update with parameters SetPoint:980.03, ProcValue:980.05, IMax:100.00, IMin:0.00,
2022-01-19 17:46:33,493 - root - DEBUG -   Window:30, Kp: 30.000, Ki: 1.000, Kd: 0.600
2022-01-19 17:46:33,493 - root - DEBUG - Exiting PID update with parameters Error:-0.03, ITerm:98.85, DInput:0.32, Output:97.79
2022-01-19 17:46:33,493 - root - DEBUG - RunID 58, Segment 1 (loop 610) - RunState:Ramp,
                       ReadTmp:980.05, RampTmp:980.03, TargetTmp:1185.00,
                       Output:97.79, CycleOnSec:29.34, RemainTime:0:44:28
                    
2022-01-19 17:46:33,494 - root - DEBUG - ==>Relay On
2022-01-19 17:47:02,855 - root - DEBUG - ==>Relay Off
2022-01-19 17:47:02,856 - root - DEBUG - Writing stats to Firing DB table...
2022-01-19 17:47:02,878 - root - INFO - database writing complete1
2022-01-19 17:47:02,878 - root - INFO - RunState end: Ramp
2022-01-19 17:47:03,494 - root - DEBUG - Entering PID update with parameters SetPoint:981.44, ProcValue:980.95, IMax:100.00, IMin:0.00,
2022-01-19 17:47:03,494 - root - DEBUG -   Window:30, Kp: 30.000, Ki: 1.000, Kd: 0.600
2022-01-19 17:47:03,494 - root - DEBUG - Exiting PID update with parameters Error:0.50, ITerm:99.34, DInput:0.89, Output:100.00
2022-01-19 17:47:03,494 - root - DEBUG - RunID 58, Segment 1 (loop 611) - RunState:Ramp,
                       ReadTmp:980.95, RampTmp:981.44, TargetTmp:1185.00,
                       Output:100.00, CycleOnSec:30.00, RemainTime:0:43:58
                    
2022-01-19 17:47:03,494 - root - DEBUG - ==>Relay On
2022-01-19 17:47:33,509 - root - DEBUG - Writing stats to Firing DB table...
2022-01-19 17:47:33,528 - root - INFO - database writing complete1
2022-01-19 17:47:33,529 - root - INFO - RunState end: Ramp
2022-01-19 17:47:34,037 - root - DEBUG - Entering PID update with parameters SetPoint:982.86, ProcValue:983.58, IMax:100.00, IMin:0.00,
2022-01-19 17:47:34,037 - root - DEBUG -   Window:30, Kp: 30.000, Ki: 1.000, Kd: 0.600
2022-01-19 17:47:34,037 - root - DEBUG - Exiting PID update with parameters Error:-0.72, ITerm:98.62, DInput:2.63, Output:75.48
2022-01-19 17:47:34,038 - root - DEBUG - RunID 58, Segment 1 (loop 612) - RunState:Ramp,
                       ReadTmp:983.58, RampTmp:982.86, TargetTmp:1185.00,
                       Output:75.48, CycleOnSec:22.64, RemainTime:0:43:27
                    
2022-01-19 17:47:34,038 - root - DEBUG - ==>Relay On
2022-01-19 17:47:56,704 - root - DEBUG - ==>Relay Off
2022-01-19 17:47:56,706 - root - DEBUG - Writing stats to Firing DB table...
2022-01-19 17:47:56,724 - root - INFO - database writing complete1
2022-01-19 17:47:56,725 - root - INFO - RunState end: Ramp
2022-01-19 17:48:04,037 - root - DEBUG - Entering PID update with parameters SetPoint:984.28, ProcValue:985.10, IMax:100.00, IMin:0.00,
2022-01-19 17:48:04,037 - root - DEBUG -   Window:30, Kp: 30.000, Ki: 1.000, Kd: 0.600
2022-01-19 17:48:04,037 - root - DEBUG - Exiting PID update with parameters Error:-0.83, ITerm:97.80, DInput:1.52, Output:72.12
2022-01-19 17:48:04,037 - root - DEBUG - RunID 58, Segment 1 (loop 613) - RunState:Ramp,
                       ReadTmp:985.10, RampTmp:984.28, TargetTmp:1185.00,
                       Output:72.12, CycleOnSec:21.64, RemainTime:0:42:57
                    
2022-01-19 17:48:04,037 - root - DEBUG - ==>Relay On
2022-01-19 17:48:25,695 - root - DEBUG - ==>Relay Off
2022-01-19 17:48:25,697 - root - DEBUG - Writing stats to Firing DB table...
2022-01-19 17:48:25,715 - root - INFO - database writing complete1
2022-01-19 17:48:25,716 - root - INFO - RunState end: Ramp
2022-01-19 17:48:34,038 - root - DEBUG - Entering PID update with parameters SetPoint:985.69, ProcValue:984.41, IMax:100.00, IMin:0.00,
2022-01-19 17:48:34,038 - root - DEBUG -   Window:30, Kp: 30.000, Ki: 1.000, Kd: 0.600
2022-01-19 17:48:34,038 - root - DEBUG - Exiting PID update with parameters Error:1.28, ITerm:99.08, DInput:-0.69, Output:100.00
2022-01-19 17:48:34,038 - root - DEBUG - RunID 58, Segment 1 (loop 614) - RunState:Ramp,
                       ReadTmp:984.41, RampTmp:985.69, TargetTmp:1185.00,
                       Output:100.00, CycleOnSec:30.00, RemainTime:0:42:27
                    
2022-01-19 17:48:34,038 - root - DEBUG - ==>Relay On
2022-01-19 17:49:04,069 - root - DEBUG - Writing stats to Firing DB table...
2022-01-19 17:49:04,089 - root - INFO - database writing complete1
2022-01-19 17:49:04,090 - root - INFO - RunState end: Ramp
2022-01-19 17:49:04,597 - root - DEBUG - Entering PID update with parameters SetPoint:987.11, ProcValue:985.40, IMax:100.00, IMin:0.00,
2022-01-19 17:49:04,598 - root - DEBUG -   Window:30, Kp: 30.000, Ki: 1.000, Kd: 0.600
2022-01-19 17:49:04,598 - root - DEBUG - Exiting PID update with parameters Error:1.71, ITerm:100.00, DInput:0.98, Output:100.00
2022-01-19 17:49:04,598 - root - DEBUG - RunID 58, Segment 1 (loop 615) - RunState:Ramp,
                       ReadTmp:985.40, RampTmp:987.11, TargetTmp:1185.00,
                       Output:100.00, CycleOnSec:30.00, RemainTime:0:41:57
                    
2022-01-19 17:49:04,599 - root - DEBUG - ==>Relay On
2022-01-19 17:49:34,630 - root - DEBUG - Writing stats to Firing DB table...
2022-01-19 17:49:34,650 - root - INFO - database writing complete1
2022-01-19 17:49:34,651 - root - INFO - RunState end: Ramp
2022-01-19 17:49:35,166 - root - DEBUG - Entering PID update with parameters SetPoint:988.53, ProcValue:988.55, IMax:100.00, IMin:0.00,
2022-01-19 17:49:35,166 - root - DEBUG -   Window:30, Kp: 30.000, Ki: 1.000, Kd: 0.600
2022-01-19 17:49:35,167 - root - DEBUG - Exiting PID update with parameters Error:-0.02, ITerm:99.98, DInput:3.15, Output:97.47
2022-01-19 17:49:35,167 - root - DEBUG - RunID 58, Segment 1 (loop 616) - RunState:Ramp,
                       ReadTmp:988.55, RampTmp:988.53, TargetTmp:1185.00,
                       Output:97.47, CycleOnSec:29.24, RemainTime:0:41:26
                    
2022-01-19 17:49:35,167 - root - DEBUG - ==>Relay On
2022-01-19 17:50:04,409 - root - DEBUG - ==>Relay Off
2022-01-19 17:50:04,410 - root - DEBUG - Writing stats to Firing DB table...
2022-01-19 17:50:04,427 - root - INFO - database writing complete1
2022-01-19 17:50:04,427 - root - INFO - RunState end: Ramp
2022-01-19 17:50:05,158 - root - DEBUG - Entering PID update with parameters SetPoint:989.94, ProcValue:991.59, IMax:100.00, IMin:0.00,
2022-01-19 17:50:05,158 - root - DEBUG -   Window:30, Kp: 30.000, Ki: 1.000, Kd: 0.600
2022-01-19 17:50:05,158 - root - DEBUG - Exiting PID update with parameters Error:-1.65, ITerm:98.33, DInput:3.05, Output:46.97
2022-01-19 17:50:05,159 - root - DEBUG - RunID 58, Segment 1 (loop 617) - RunState:Ramp,
                       ReadTmp:991.59, RampTmp:989.94, TargetTmp:1185.00,
                       Output:46.97, CycleOnSec:14.09, RemainTime:0:40:56
                    
2022-01-19 17:50:05,159 - root - DEBUG - ==>Relay On
2022-01-19 17:50:19,264 - root - DEBUG - ==>Relay Off
2022-01-19 17:50:19,265 - root - DEBUG - Writing stats to Firing DB table...
2022-01-19 17:50:19,284 - root - INFO - database writing complete1
2022-01-19 17:50:19,285 - root - INFO - RunState end: Ramp
2022-01-19 17:50:35,161 - root - DEBUG - Entering PID update with parameters SetPoint:991.36, ProcValue:989.22, IMax:100.00, IMin:0.00,
2022-01-19 17:50:35,161 - root - DEBUG -   Window:30, Kp: 30.000, Ki: 1.000, Kd: 0.600
2022-01-19 17:50:35,161 - root - DEBUG - Exiting PID update with parameters Error:2.14, ITerm:100.00, DInput:-2.38, Output:100.00
2022-01-19 17:50:35,161 - root - DEBUG - RunID 58, Segment 1 (loop 618) - RunState:Ramp,
                       ReadTmp:989.22, RampTmp:991.36, TargetTmp:1185.00,
                       Output:100.00, CycleOnSec:30.00, RemainTime:0:40:26
                    
2022-01-19 17:50:35,162 - root - DEBUG - ==>Relay On
2022-01-19 17:51:05,185 - root - DEBUG - Writing stats to Firing DB table...
2022-01-19 17:51:05,201 - root - INFO - database writing complete1
2022-01-19 17:51:05,202 - root - INFO - RunState end: Ramp
2022-01-19 17:51:05,717 - root - DEBUG - Entering PID update with parameters SetPoint:992.78, ProcValue:989.77, IMax:100.00, IMin:0.00,
2022-01-19 17:51:05,718 - root - DEBUG -   Window:30, Kp: 30.000, Ki: 1.000, Kd: 0.600
2022-01-19 17:51:05,718 - root - DEBUG - Exiting PID update with parameters Error:3.00, ITerm:100.00, DInput:0.55, Output:100.00
2022-01-19 17:51:05,718 - root - DEBUG - RunID 58, Segment 1 (loop 619) - RunState:Ramp,
                       ReadTmp:989.77, RampTmp:992.78, TargetTmp:1185.00,
                       Output:100.00, CycleOnSec:30.00, RemainTime:0:39:56
                    
2022-01-19 17:51:05,719 - root - DEBUG - ==>Relay On
2022-01-19 17:51:35,750 - root - DEBUG - Writing stats to Firing DB table...
2022-01-19 17:51:35,772 - root - INFO - database writing complete1
2022-01-19 17:51:35,772 - root - INFO - RunState end: Ramp
2022-01-19 17:51:36,284 - root - DEBUG - Entering PID update with parameters SetPoint:994.19, ProcValue:992.88, IMax:100.00, IMin:0.00,
2022-01-19 17:51:36,284 - root - DEBUG -   Window:30, Kp: 30.000, Ki: 1.000, Kd: 0.600
2022-01-19 17:51:36,284 - root - DEBUG - Exiting PID update with parameters Error:1.31, ITerm:100.00, DInput:3.11, Output:100.00
2022-01-19 17:51:36,284 - root - DEBUG - RunID 58, Segment 1 (loop 620) - RunState:Ramp,
                       ReadTmp:992.88, RampTmp:994.19, TargetTmp:1185.00,
                       Output:100.00, CycleOnSec:30.00, RemainTime:0:39:25
                    
2022-01-19 17:51:36,284 - root - DEBUG - ==>Relay On
2022-01-19 17:52:06,311 - root - DEBUG - Writing stats to Firing DB table...
2022-01-19 17:52:06,326 - root - INFO - database writing complete1
2022-01-19 17:52:06,326 - root - INFO - RunState end: Ramp
2022-01-19 17:52:06,834 - root - DEBUG - Entering PID update with parameters SetPoint:995.61, ProcValue:995.82, IMax:100.00, IMin:0.00,
2022-01-19 17:52:06,835 - root - DEBUG -   Window:30, Kp: 30.000, Ki: 1.000, Kd: 0.600
2022-01-19 17:52:06,835 - root - DEBUG - Exiting PID update with parameters Error:-0.21, ITerm:99.79, DInput:2.94, Output:91.70
2022-01-19 17:52:06,835 - root - DEBUG - RunID 58, Segment 1 (loop 621) - RunState:Ramp,
                       ReadTmp:995.82, RampTmp:995.61, TargetTmp:1185.00,
                       Output:91.70, CycleOnSec:27.51, RemainTime:0:38:55
                    
2022-01-19 17:52:06,836 - root - DEBUG - ==>Relay On
2022-01-19 17:52:34,373 - root - DEBUG - ==>Relay Off
2022-01-19 17:52:34,374 - root - DEBUG - Writing stats to Firing DB table...
2022-01-19 17:52:34,398 - root - INFO - database writing complete1
2022-01-19 17:52:34,398 - root - INFO - RunState end: Ramp
2022-01-19 17:52:36,833 - root - DEBUG - Entering PID update with parameters SetPoint:997.03, ProcValue:998.55, IMax:100.00, IMin:0.00,
2022-01-19 17:52:36,834 - root - DEBUG -   Window:30, Kp: 30.000, Ki: 1.000, Kd: 0.600
2022-01-19 17:52:36,834 - root - DEBUG - Exiting PID update with parameters Error:-1.53, ITerm:98.26, DInput:2.73, Output:50.76
2022-01-19 17:52:36,834 - root - DEBUG - RunID 58, Segment 1 (loop 622) - RunState:Ramp,
                       ReadTmp:998.55, RampTmp:997.03, TargetTmp:1185.00,
                       Output:50.76, CycleOnSec:15.23, RemainTime:0:38:25
                    
2022-01-19 17:52:36,834 - root - DEBUG - ==>Relay On
2022-01-19 17:52:52,083 - root - DEBUG - ==>Relay Off
2022-01-19 17:52:52,084 - root - DEBUG - Writing stats to Firing DB table...
2022-01-19 17:52:52,103 - root - INFO - database writing complete1
2022-01-19 17:52:52,103 - root - INFO - RunState end: Ramp
2022-01-19 17:53:06,834 - root - DEBUG - Entering PID update with parameters SetPoint:998.44, ProcValue:995.95, IMax:100.00, IMin:0.00,
2022-01-19 17:53:06,835 - root - DEBUG -   Window:30, Kp: 30.000, Ki: 1.000, Kd: 0.600
2022-01-19 17:53:06,835 - root - DEBUG - Exiting PID update with parameters Error:2.50, ITerm:100.00, DInput:-2.61, Output:100.00
2022-01-19 17:53:06,835 - root - DEBUG - RunID 58, Segment 1 (loop 623) - RunState:Ramp,
                       ReadTmp:995.95, RampTmp:998.44, TargetTmp:1185.00,
                       Output:100.00, CycleOnSec:30.00, RemainTime:0:37:55
                    
2022-01-19 17:53:06,835 - root - DEBUG - ==>Relay On
2022-01-19 17:53:36,865 - root - DEBUG - Writing stats to Firing DB table...
2022-01-19 17:53:36,882 - root - INFO - database writing complete1
2022-01-19 17:53:36,882 - root - INFO - RunState end: Ramp
2022-01-19 17:53:37,398 - root - DEBUG - Entering PID update with parameters SetPoint:999.86, ProcValue:996.52, IMax:100.00, IMin:0.00,
2022-01-19 17:53:37,398 - root - DEBUG -   Window:30, Kp: 30.000, Ki: 1.000, Kd: 0.600
2022-01-19 17:53:37,399 - root - DEBUG - Exiting PID update with parameters Error:3.34, ITerm:100.00, DInput:0.58, Output:100.00
2022-01-19 17:53:37,399 - root - DEBUG - RunID 58, Segment 1 (loop 624) - RunState:Ramp,
                       ReadTmp:996.52, RampTmp:999.86, TargetTmp:1185.00,
                       Output:100.00, CycleOnSec:30.00, RemainTime:0:37:24
                    
2022-01-19 17:53:37,399 - root - DEBUG - ==>Relay On
2022-01-19 17:54:07,430 - root - DEBUG - Writing stats to Firing DB table...
2022-01-19 17:54:07,447 - root - INFO - database writing complete1
2022-01-19 17:54:07,448 - root - INFO - RunState end: Ramp
2022-01-19 17:54:07,963 - root - DEBUG - Entering PID update with parameters SetPoint:1001.28, ProcValue:999.55, IMax:100.00, IMin:0.00,
2022-01-19 17:54:07,964 - root - DEBUG -   Window:30, Kp: 30.000, Ki: 1.000, Kd: 0.600
2022-01-19 17:54:07,964 - root - DEBUG - Exiting PID update with parameters Error:1.72, ITerm:100.00, DInput:3.03, Output:100.00
2022-01-19 17:54:07,965 - root - DEBUG - RunID 58, Segment 1 (loop 625) - RunState:Ramp,
                       ReadTmp:999.55, RampTmp:1001.28, TargetTmp:1185.00,
                       Output:100.00, CycleOnSec:30.00, RemainTime:0:36:54
                    
2022-01-19 17:54:07,965 - root - DEBUG - ==>Relay On
2022-01-19 17:54:37,996 - root - DEBUG - Writing stats to Firing DB table...
2022-01-19 17:54:38,012 - root - INFO - database writing complete1
2022-01-19 17:54:38,013 - root - INFO - RunState end: Ramp
2022-01-19 17:54:38,528 - root - DEBUG - Entering PID update with parameters SetPoint:1002.69, ProcValue:1002.42, IMax:100.00, IMin:0.00,
2022-01-19 17:54:38,528 - root - DEBUG -   Window:30, Kp: 30.000, Ki: 1.000, Kd: 0.600
2022-01-19 17:54:38,528 - root - DEBUG - Exiting PID update with parameters Error:0.27, ITerm:100.00, DInput:2.87, Output:100.00
2022-01-19 17:54:38,529 - root - DEBUG - RunID 58, Segment 1 (loop 626) - RunState:Ramp,
                       ReadTmp:1002.42, RampTmp:1002.69, TargetTmp:1185.00,
                       Output:100.00, CycleOnSec:30.00, RemainTime:0:36:23
                    
2022-01-19 17:54:38,529 - root - DEBUG - ==>Relay On
2022-01-19 17:55:08,560 - root - DEBUG - Writing stats to Firing DB table...
2022-01-19 17:55:08,577 - root - INFO - database writing complete1
2022-01-19 17:55:08,577 - root - INFO - RunState end: Ramp
2022-01-19 17:55:09,092 - root - DEBUG - Entering PID update with parameters SetPoint:1004.11, ProcValue:1005.24, IMax:100.00, IMin:0.00,
2022-01-19 17:55:09,093 - root - DEBUG -   Window:30, Kp: 30.000, Ki: 1.000, Kd: 0.600
2022-01-19 17:55:09,093 - root - DEBUG - Exiting PID update with parameters Error:-1.13, ITerm:98.87, DInput:2.82, Output:63.19
2022-01-19 17:55:09,094 - root - DEBUG - RunID 58, Segment 1 (loop 627) - RunState:Ramp,
                       ReadTmp:1005.24, RampTmp:1004.11, TargetTmp:1185.00,
                       Output:63.19, CycleOnSec:18.96, RemainTime:0:35:52
                    
2022-01-19 17:55:09,094 - root - DEBUG - ==>Relay On
2022-01-19 17:55:28,071 - root - DEBUG - ==>Relay Off
2022-01-19 17:55:28,072 - root - DEBUG - Writing stats to Firing DB table...
2022-01-19 17:55:28,091 - root - INFO - database writing complete1
2022-01-19 17:55:28,092 - root - INFO - RunState end: Ramp
2022-01-19 17:55:39,085 - root - DEBUG - Entering PID update with parameters SetPoint:1005.53, ProcValue:1005.04, IMax:100.00, IMin:0.00,
2022-01-19 17:55:39,085 - root - DEBUG -   Window:30, Kp: 30.000, Ki: 1.000, Kd: 0.600
2022-01-19 17:55:39,085 - root - DEBUG - Exiting PID update with parameters Error:0.49, ITerm:99.35, DInput:-0.20, Output:100.00
2022-01-19 17:55:39,085 - root - DEBUG - RunID 58, Segment 1 (loop 628) - RunState:Ramp,
                       ReadTmp:1005.04, RampTmp:1005.53, TargetTmp:1185.00,
                       Output:100.00, CycleOnSec:30.00, RemainTime:0:35:22
                    
2022-01-19 17:55:39,085 - root - DEBUG - ==>Relay On
2022-01-19 17:56:09,090 - root - DEBUG - Writing stats to Firing DB table...
2022-01-19 17:56:09,108 - root - INFO - database writing complete1
2022-01-19 17:56:09,108 - root - INFO - RunState end: Ramp
2022-01-19 17:56:09,624 - root - DEBUG - Entering PID update with parameters SetPoint:1006.94, ProcValue:1005.45, IMax:100.00, IMin:0.00,
2022-01-19 17:56:09,625 - root - DEBUG -   Window:30, Kp: 30.000, Ki: 1.000, Kd: 0.600
2022-01-19 17:56:09,625 - root - DEBUG - Exiting PID update with parameters Error:1.49, ITerm:100.00, DInput:0.41, Output:100.00
2022-01-19 17:56:09,626 - root - DEBUG - RunID 58, Segment 1 (loop 629) - RunState:Ramp,
                       ReadTmp:1005.45, RampTmp:1006.94, TargetTmp:1185.00,
                       Output:100.00, CycleOnSec:30.00, RemainTime:0:34:52
                    
2022-01-19 17:56:09,626 - root - DEBUG - ==>Relay On
2022-01-19 17:56:39,657 - root - DEBUG - Writing stats to Firing DB table...
2022-01-19 17:56:39,673 - root - INFO - database writing complete1
2022-01-19 17:56:39,674 - root - INFO - RunState end: Ramp
2022-01-19 17:56:40,189 - root - DEBUG - Entering PID update with parameters SetPoint:1008.36, ProcValue:1008.38, IMax:100.00, IMin:0.00,
2022-01-19 17:56:40,189 - root - DEBUG -   Window:30, Kp: 30.000, Ki: 1.000, Kd: 0.600
2022-01-19 17:56:40,190 - root - DEBUG - Exiting PID update with parameters Error:-0.02, ITerm:99.98, DInput:2.93, Output:97.52
2022-01-19 17:56:40,190 - root - DEBUG - RunID 58, Segment 1 (loop 630) - RunState:Ramp,
                       ReadTmp:1008.38, RampTmp:1008.36, TargetTmp:1185.00,
                       Output:97.52, CycleOnSec:29.25, RemainTime:0:34:21
                    
2022-01-19 17:56:40,191 - root - DEBUG - ==>Relay On
2022-01-19 17:57:09,475 - root - DEBUG - ==>Relay Off
2022-01-19 17:57:09,476 - root - DEBUG - Writing stats to Firing DB table...
2022-01-19 17:57:09,497 - root - INFO - database writing complete1
2022-01-19 17:57:09,498 - root - INFO - RunState end: Ramp
2022-01-19 17:57:10,181 - root - DEBUG - Entering PID update with parameters SetPoint:1009.78, ProcValue:1011.28, IMax:100.00, IMin:0.00,
2022-01-19 17:57:10,181 - root - DEBUG -   Window:30, Kp: 30.000, Ki: 1.000, Kd: 0.600
2022-01-19 17:57:10,181 - root - DEBUG - Exiting PID update with parameters Error:-1.51, ITerm:98.47, DInput:2.90, Output:51.58
2022-01-19 17:57:10,181 - root - DEBUG - RunID 58, Segment 1 (loop 631) - RunState:Ramp,
                       ReadTmp:1011.28, RampTmp:1009.78, TargetTmp:1185.00,
                       Output:51.58, CycleOnSec:15.47, RemainTime:0:33:51
                    
2022-01-19 17:57:10,181 - root - DEBUG - ==>Relay On
2022-01-19 17:57:25,670 - root - DEBUG - ==>Relay Off
2022-01-19 17:57:25,671 - root - DEBUG - Writing stats to Firing DB table...
2022-01-19 17:57:25,716 - root - INFO - database writing complete1
2022-01-19 17:57:25,717 - root - INFO - RunState end: Ramp
2022-01-19 17:57:40,181 - root - DEBUG - Entering PID update with parameters SetPoint:1011.19, ProcValue:1009.42, IMax:100.00, IMin:0.00,
2022-01-19 17:57:40,181 - root - DEBUG -   Window:30, Kp: 30.000, Ki: 1.000, Kd: 0.600
2022-01-19 17:57:40,181 - root - DEBUG - Exiting PID update with parameters Error:1.77, ITerm:100.00, DInput:-1.86, Output:100.00
2022-01-19 17:57:40,181 - root - DEBUG - RunID 58, Segment 1 (loop 632) - RunState:Ramp,
                       ReadTmp:1009.42, RampTmp:1011.19, TargetTmp:1185.00,
                       Output:100.00, CycleOnSec:30.00, RemainTime:0:33:21
                    
2022-01-19 17:57:40,181 - root - DEBUG - ==>Relay On
2022-01-19 17:58:10,212 - root - DEBUG - Writing stats to Firing DB table...
2022-01-19 17:58:10,235 - root - INFO - database writing complete1
2022-01-19 17:58:10,236 - root - INFO - RunState end: Ramp
2022-01-19 17:58:10,751 - root - DEBUG - Entering PID update with parameters SetPoint:1012.61, ProcValue:1009.88, IMax:100.00, IMin:0.00,
2022-01-19 17:58:10,752 - root - DEBUG -   Window:30, Kp: 30.000, Ki: 1.000, Kd: 0.600
2022-01-19 17:58:10,752 - root - DEBUG - Exiting PID update with parameters Error:2.73, ITerm:100.00, DInput:0.46, Output:100.00
2022-01-19 17:58:10,752 - root - DEBUG - RunID 58, Segment 1 (loop 633) - RunState:Ramp,
                       ReadTmp:1009.88, RampTmp:1012.61, TargetTmp:1185.00,
                       Output:100.00, CycleOnSec:30.00, RemainTime:0:32:51
                    
2022-01-19 17:58:10,753 - root - DEBUG - ==>Relay On
2022-01-19 17:58:40,784 - root - DEBUG - Writing stats to Firing DB table...
2022-01-19 17:58:40,800 - root - INFO - database writing complete1
2022-01-19 17:58:40,801 - root - INFO - RunState end: Ramp
2022-01-19 17:58:41,315 - root - DEBUG - Entering PID update with parameters SetPoint:1014.03, ProcValue:1012.85, IMax:100.00, IMin:0.00,
2022-01-19 17:58:41,315 - root - DEBUG -   Window:30, Kp: 30.000, Ki: 1.000, Kd: 0.600
2022-01-19 17:58:41,315 - root - DEBUG - Exiting PID update with parameters Error:1.17, ITerm:100.00, DInput:2.97, Output:100.00
2022-01-19 17:58:41,315 - root - DEBUG - RunID 58, Segment 1 (loop 634) - RunState:Ramp,
                       ReadTmp:1012.85, RampTmp:1014.03, TargetTmp:1185.00,
                       Output:100.00, CycleOnSec:30.00, RemainTime:0:32:20
                    
2022-01-19 17:58:41,315 - root - DEBUG - ==>Relay On
2022-01-19 17:59:11,333 - root - DEBUG - Writing stats to Firing DB table...
2022-01-19 17:59:11,349 - root - INFO - database writing complete1
2022-01-19 17:59:11,349 - root - INFO - RunState end: Ramp
2022-01-19 17:59:11,857 - root - DEBUG - Entering PID update with parameters SetPoint:1015.44, ProcValue:1015.70, IMax:100.00, IMin:0.00,
2022-01-19 17:59:11,857 - root - DEBUG -   Window:30, Kp: 30.000, Ki: 1.000, Kd: 0.600
2022-01-19 17:59:11,857 - root - DEBUG - Exiting PID update with parameters Error:-0.26, ITerm:99.74, DInput:2.85, Output:90.22
2022-01-19 17:59:11,857 - root - DEBUG - RunID 58, Segment 1 (loop 635) - RunState:Ramp,
                       ReadTmp:1015.70, RampTmp:1015.44, TargetTmp:1185.00,
                       Output:90.22, CycleOnSec:27.06, RemainTime:0:31:50
                    
2022-01-19 17:59:11,857 - root - DEBUG - ==>Relay On
2022-01-19 17:59:38,931 - root - DEBUG - ==>Relay Off
2022-01-19 17:59:38,933 - root - DEBUG - Writing stats to Firing DB table...
2022-01-19 17:59:38,960 - root - INFO - database writing complete1
2022-01-19 17:59:38,961 - root - INFO - RunState end: Ramp
2022-01-19 17:59:41,856 - root - DEBUG - Entering PID update with parameters SetPoint:1016.86, ProcValue:1018.37, IMax:100.00, IMin:0.00,
2022-01-19 17:59:41,856 - root - DEBUG -   Window:30, Kp: 30.000, Ki: 1.000, Kd: 0.600
2022-01-19 17:59:41,857 - root - DEBUG - Exiting PID update with parameters Error:-1.51, ITerm:98.23, DInput:2.66, Output:51.40
2022-01-19 17:59:41,857 - root - DEBUG - RunID 58, Segment 1 (loop 636) - RunState:Ramp,
                       ReadTmp:1018.37, RampTmp:1016.86, TargetTmp:1185.00,
                       Output:51.40, CycleOnSec:15.42, RemainTime:0:31:20
                    
2022-01-19 17:59:41,857 - root - DEBUG - ==>Relay On
2022-01-19 17:59:57,292 - root - DEBUG - ==>Relay Off
2022-01-19 17:59:57,294 - root - DEBUG - Writing stats to Firing DB table...
2022-01-19 17:59:57,322 - root - INFO - database writing complete1
2022-01-19 17:59:57,323 - root - INFO - RunState end: Ramp
2022-01-19 18:00:11,856 - root - DEBUG - Entering PID update with parameters SetPoint:1018.28, ProcValue:1015.47, IMax:100.00, IMin:0.00,
2022-01-19 18:00:11,857 - root - DEBUG -   Window:30, Kp: 30.000, Ki: 1.000, Kd: 0.600
2022-01-19 18:00:11,857 - root - DEBUG - Exiting PID update with parameters Error:2.81, ITerm:100.00, DInput:-2.90, Output:100.00
2022-01-19 18:00:11,857 - root - DEBUG - RunID 58, Segment 1 (loop 637) - RunState:Ramp,
                       ReadTmp:1015.47, RampTmp:1018.28, TargetTmp:1185.00,
                       Output:100.00, CycleOnSec:30.00, RemainTime:0:30:50
                    
2022-01-19 18:00:11,857 - root - DEBUG - ==>Relay On
2022-01-19 18:00:41,888 - root - DEBUG - Writing stats to Firing DB table...
2022-01-19 18:00:41,908 - root - INFO - database writing complete1
2022-01-19 18:00:41,909 - root - INFO - RunState end: Ramp
2022-01-19 18:00:42,420 - root - DEBUG - Entering PID update with parameters SetPoint:1019.69, ProcValue:1015.85, IMax:100.00, IMin:0.00,
2022-01-19 18:00:42,420 - root - DEBUG -   Window:30, Kp: 30.000, Ki: 1.000, Kd: 0.600
2022-01-19 18:00:42,421 - root - DEBUG - Exiting PID update with parameters Error:3.84, ITerm:100.00, DInput:0.38, Output:100.00
2022-01-19 18:00:42,421 - root - DEBUG - RunID 58, Segment 1 (loop 638) - RunState:Ramp,
                       ReadTmp:1015.85, RampTmp:1019.69, TargetTmp:1185.00,
                       Output:100.00, CycleOnSec:30.00, RemainTime:0:30:19
                    
2022-01-19 18:00:42,421 - root - DEBUG - ==>Relay On
2022-01-19 18:01:12,453 - root - DEBUG - Writing stats to Firing DB table...
2022-01-19 18:01:12,468 - root - INFO - database writing complete1
2022-01-19 18:01:12,469 - root - INFO - RunState end: Ramp
2022-01-19 18:01:12,980 - root - DEBUG - Entering PID update with parameters SetPoint:1021.11, ProcValue:1018.84, IMax:100.00, IMin:0.00,
2022-01-19 18:01:12,980 - root - DEBUG -   Window:30, Kp: 30.000, Ki: 1.000, Kd: 0.600
2022-01-19 18:01:12,980 - root - DEBUG - Exiting PID update with parameters Error:2.27, ITerm:100.00, DInput:2.98, Output:100.00
2022-01-19 18:01:12,981 - root - DEBUG - RunID 58, Segment 1 (loop 639) - RunState:Ramp,
                       ReadTmp:1018.84, RampTmp:1021.11, TargetTmp:1185.00,
                       Output:100.00, CycleOnSec:30.00, RemainTime:0:29:49
                    
2022-01-19 18:01:12,981 - root - DEBUG - ==>Relay On
2022-01-19 18:01:42,991 - root - DEBUG - Writing stats to Firing DB table...
2022-01-19 18:01:43,019 - root - INFO - database writing complete1
2022-01-19 18:01:43,019 - root - INFO - RunState end: Ramp
2022-01-19 18:01:43,534 - root - DEBUG - Entering PID update with parameters SetPoint:1022.53, ProcValue:1021.70, IMax:100.00, IMin:0.00,
2022-01-19 18:01:43,535 - root - DEBUG -   Window:30, Kp: 30.000, Ki: 1.000, Kd: 0.600
2022-01-19 18:01:43,535 - root - DEBUG - Exiting PID update with parameters Error:0.82, ITerm:100.00, DInput:2.87, Output:100.00
2022-01-19 18:01:43,535 - root - DEBUG - RunID 58, Segment 1 (loop 640) - RunState:Ramp,
                       ReadTmp:1021.70, RampTmp:1022.53, TargetTmp:1185.00,
                       Output:100.00, CycleOnSec:30.00, RemainTime:0:29:18
                    
2022-01-19 18:01:43,536 - root - DEBUG - ==>Relay On
2022-01-19 18:02:13,567 - root - DEBUG - Writing stats to Firing DB table...
2022-01-19 18:02:13,586 - root - INFO - database writing complete1
2022-01-19 18:02:13,586 - root - INFO - RunState end: Ramp
2022-01-19 18:02:14,098 - root - DEBUG - Entering PID update with parameters SetPoint:1023.94, ProcValue:1024.47, IMax:100.00, IMin:0.00,
2022-01-19 18:02:14,098 - root - DEBUG -   Window:30, Kp: 30.000, Ki: 1.000, Kd: 0.600
2022-01-19 18:02:14,098 - root - DEBUG - Exiting PID update with parameters Error:-0.53, ITerm:99.47, DInput:2.77, Output:82.03
2022-01-19 18:02:14,099 - root - DEBUG - RunID 58, Segment 1 (loop 641) - RunState:Ramp,
                       ReadTmp:1024.47, RampTmp:1023.94, TargetTmp:1185.00,
                       Output:82.03, CycleOnSec:24.61, RemainTime:0:28:47
                    
2022-01-19 18:02:14,099 - root - DEBUG - ==>Relay On
2022-01-19 18:02:38,734 - root - DEBUG - ==>Relay Off
2022-01-19 18:02:38,735 - root - DEBUG - Writing stats to Firing DB table...
2022-01-19 18:02:38,763 - root - INFO - database writing complete1
2022-01-19 18:02:38,763 - root - INFO - RunState end: Ramp
2022-01-19 18:02:44,094 - root - DEBUG - Entering PID update with parameters SetPoint:1025.36, ProcValue:1026.20, IMax:100.00, IMin:0.00,
2022-01-19 18:02:44,102 - root - DEBUG -   Window:30, Kp: 30.000, Ki: 1.000, Kd: 0.600
2022-01-19 18:02:44,102 - root - DEBUG - Exiting PID update with parameters Error:-0.84, ITerm:98.63, DInput:1.73, Output:72.28
2022-01-19 18:02:44,103 - root - DEBUG - RunID 58, Segment 1 (loop 642) - RunState:Ramp,
                       ReadTmp:1026.20, RampTmp:1025.36, TargetTmp:1185.00,
                       Output:72.28, CycleOnSec:21.68, RemainTime:0:28:17
                    
2022-01-19 18:02:44,103 - root - DEBUG - ==>Relay On
2022-01-19 18:03:05,808 - root - DEBUG - ==>Relay Off
2022-01-19 18:03:05,810 - root - DEBUG - Writing stats to Firing DB table...
2022-01-19 18:03:05,840 - root - INFO - database writing complete1
2022-01-19 18:03:05,841 - root - INFO - RunState end: Ramp
2022-01-19 18:03:14,094 - root - DEBUG - Entering PID update with parameters SetPoint:1026.78, ProcValue:1025.21, IMax:100.00, IMin:0.00,
2022-01-19 18:03:14,095 - root - DEBUG -   Window:30, Kp: 30.000, Ki: 1.000, Kd: 0.600
2022-01-19 18:03:14,095 - root - DEBUG - Exiting PID update with parameters Error:1.57, ITerm:100.00, DInput:-0.99, Output:100.00
2022-01-19 18:03:14,095 - root - DEBUG - RunID 58, Segment 1 (loop 643) - RunState:Ramp,
                       ReadTmp:1025.21, RampTmp:1026.78, TargetTmp:1185.00,
                       Output:100.00, CycleOnSec:30.00, RemainTime:0:27:47
                    
2022-01-19 18:03:14,095 - root - DEBUG - ==>Relay On
2022-01-19 18:03:44,124 - root - DEBUG - Writing stats to Firing DB table...
2022-01-19 18:03:44,141 - root - INFO - database writing complete1
2022-01-19 18:03:44,142 - root - INFO - RunState end: Ramp
2022-01-19 18:03:44,657 - root - DEBUG - Entering PID update with parameters SetPoint:1028.19, ProcValue:1025.80, IMax:100.00, IMin:0.00,
2022-01-19 18:03:44,657 - root - DEBUG -   Window:30, Kp: 30.000, Ki: 1.000, Kd: 0.600
2022-01-19 18:03:44,658 - root - DEBUG - Exiting PID update with parameters Error:2.40, ITerm:100.00, DInput:0.59, Output:100.00
2022-01-19 18:03:44,658 - root - DEBUG - RunID 58, Segment 1 (loop 644) - RunState:Ramp,
                       ReadTmp:1025.80, RampTmp:1028.19, TargetTmp:1185.00,
                       Output:100.00, CycleOnSec:30.00, RemainTime:0:27:17
                    
2022-01-19 18:03:44,658 - root - DEBUG - ==>Relay On
2022-01-19 18:04:14,664 - root - DEBUG - Writing stats to Firing DB table...
2022-01-19 18:04:14,679 - root - INFO - database writing complete1
2022-01-19 18:04:14,680 - root - INFO - RunState end: Ramp
2022-01-19 18:04:15,196 - root - DEBUG - Entering PID update with parameters SetPoint:1029.61, ProcValue:1028.50, IMax:100.00, IMin:0.00,
2022-01-19 18:04:15,196 - root - DEBUG -   Window:30, Kp: 30.000, Ki: 1.000, Kd: 0.600
2022-01-19 18:04:15,196 - root - DEBUG - Exiting PID update with parameters Error:1.11, ITerm:100.00, DInput:2.70, Output:100.00
2022-01-19 18:04:15,197 - root - DEBUG - RunID 58, Segment 1 (loop 645) - RunState:Ramp,
                       ReadTmp:1028.50, RampTmp:1029.61, TargetTmp:1185.00,
                       Output:100.00, CycleOnSec:30.00, RemainTime:0:26:46
                    
2022-01-19 18:04:15,197 - root - DEBUG - ==>Relay On
2022-01-19 18:04:45,224 - root - DEBUG - Writing stats to Firing DB table...
2022-01-19 18:04:45,247 - root - INFO - database writing complete1
2022-01-19 18:04:45,248 - root - INFO - RunState end: Ramp
2022-01-19 18:04:45,758 - root - DEBUG - Entering PID update with parameters SetPoint:1031.03, ProcValue:1031.03, IMax:100.00, IMin:0.00,
2022-01-19 18:04:45,758 - root - DEBUG -   Window:30, Kp: 30.000, Ki: 1.000, Kd: 0.600
2022-01-19 18:04:45,758 - root - DEBUG - Exiting PID update with parameters Error:-0.01, ITerm:99.99, DInput:2.53, Output:98.32
2022-01-19 18:04:45,758 - root - DEBUG - RunID 58, Segment 1 (loop 646) - RunState:Ramp,
                       ReadTmp:1031.03, RampTmp:1031.03, TargetTmp:1185.00,
                       Output:98.32, CycleOnSec:29.50, RemainTime:0:26:16
                    
2022-01-19 18:04:45,758 - root - DEBUG - ==>Relay On
2022-01-19 18:05:15,281 - root - DEBUG - ==>Relay Off
2022-01-19 18:05:15,282 - root - DEBUG - Writing stats to Firing DB table...
2022-01-19 18:05:15,297 - root - INFO - database writing complete1
2022-01-19 18:05:15,298 - root - INFO - RunState end: Ramp
2022-01-19 18:05:15,813 - root - DEBUG - Entering PID update with parameters SetPoint:1032.44, ProcValue:1033.51, IMax:100.00, IMin:0.00,
2022-01-19 18:05:15,814 - root - DEBUG -   Window:30, Kp: 30.000, Ki: 1.000, Kd: 0.600
2022-01-19 18:05:15,814 - root - DEBUG - Exiting PID update with parameters Error:-1.07, ITerm:98.93, DInput:2.48, Output:65.49
2022-01-19 18:05:15,814 - root - DEBUG - RunID 58, Segment 1 (loop 647) - RunState:Ramp,
                       ReadTmp:1033.51, RampTmp:1032.44, TargetTmp:1185.00,
                       Output:65.49, CycleOnSec:19.65, RemainTime:0:25:46
                    
2022-01-19 18:05:15,815 - root - DEBUG - ==>Relay On
2022-01-19 18:05:35,482 - root - DEBUG - ==>Relay Off
2022-01-19 18:05:35,483 - root - DEBUG - Writing stats to Firing DB table...
2022-01-19 18:05:35,505 - root - INFO - database writing complete1
2022-01-19 18:05:35,506 - root - INFO - RunState end: Ramp
2022-01-19 18:05:45,805 - root - DEBUG - Entering PID update with parameters SetPoint:1033.86, ProcValue:1033.21, IMax:100.00, IMin:0.00,
2022-01-19 18:05:45,805 - root - DEBUG -   Window:30, Kp: 30.000, Ki: 1.000, Kd: 0.600
2022-01-19 18:05:45,805 - root - DEBUG - Exiting PID update with parameters Error:0.65, ITerm:99.58, DInput:-0.30, Output:100.00
2022-01-19 18:05:45,805 - root - DEBUG - RunID 58, Segment 1 (loop 648) - RunState:Ramp,
                       ReadTmp:1033.21, RampTmp:1033.86, TargetTmp:1185.00,
                       Output:100.00, CycleOnSec:30.00, RemainTime:0:25:16
                    
2022-01-19 18:05:45,805 - root - DEBUG - ==>Relay On
2022-01-19 18:06:15,837 - root - DEBUG - Writing stats to Firing DB table...
2022-01-19 18:06:15,852 - root - INFO - database writing complete1
2022-01-19 18:06:15,852 - root - INFO - RunState end: Ramp
2022-01-19 18:06:16,368 - root - DEBUG - Entering PID update with parameters SetPoint:1035.28, ProcValue:1033.40, IMax:100.00, IMin:0.00,
2022-01-19 18:06:16,368 - root - DEBUG -   Window:30, Kp: 30.000, Ki: 1.000, Kd: 0.600
2022-01-19 18:06:16,368 - root - DEBUG - Exiting PID update with parameters Error:1.88, ITerm:100.00, DInput:0.19, Output:100.00
2022-01-19 18:06:16,369 - root - DEBUG - RunID 58, Segment 1 (loop 649) - RunState:Ramp,
                       ReadTmp:1033.40, RampTmp:1035.28, TargetTmp:1185.00,
                       Output:100.00, CycleOnSec:30.00, RemainTime:0:24:45
                    
2022-01-19 18:06:16,369 - root - DEBUG - ==>Relay On
2022-01-19 18:06:46,400 - root - DEBUG - Writing stats to Firing DB table...
2022-01-19 18:06:46,421 - root - INFO - database writing complete1
2022-01-19 18:06:46,422 - root - INFO - RunState end: Ramp
2022-01-19 18:06:46,932 - root - DEBUG - Entering PID update with parameters SetPoint:1036.69, ProcValue:1035.98, IMax:100.00, IMin:0.00,
2022-01-19 18:06:46,932 - root - DEBUG -   Window:30, Kp: 30.000, Ki: 1.000, Kd: 0.600
2022-01-19 18:06:46,932 - root - DEBUG - Exiting PID update with parameters Error:0.72, ITerm:100.00, DInput:2.58, Output:100.00
2022-01-19 18:06:46,932 - root - DEBUG - RunID 58, Segment 1 (loop 650) - RunState:Ramp,
                       ReadTmp:1035.98, RampTmp:1036.69, TargetTmp:1185.00,
                       Output:100.00, CycleOnSec:30.00, RemainTime:0:24:15
                    
2022-01-19 18:06:46,933 - root - DEBUG - ==>Relay On
2022-01-19 18:07:16,948 - root - DEBUG - Writing stats to Firing DB table...
2022-01-19 18:07:16,970 - root - INFO - database writing complete1
2022-01-19 18:07:16,970 - root - INFO - RunState end: Ramp
2022-01-19 18:07:17,479 - root - DEBUG - Entering PID update with parameters SetPoint:1038.11, ProcValue:1038.43, IMax:100.00, IMin:0.00,
2022-01-19 18:07:17,480 - root - DEBUG -   Window:30, Kp: 30.000, Ki: 1.000, Kd: 0.600
2022-01-19 18:07:17,480 - root - DEBUG - Exiting PID update with parameters Error:-0.32, ITerm:99.68, DInput:2.45, Output:88.60
2022-01-19 18:07:17,480 - root - DEBUG - RunID 58, Segment 1 (loop 651) - RunState:Ramp,
                       ReadTmp:1038.43, RampTmp:1038.11, TargetTmp:1185.00,
                       Output:88.60, CycleOnSec:26.58, RemainTime:0:23:44
                    
2022-01-19 18:07:17,480 - root - DEBUG - ==>Relay On
2022-01-19 18:07:44,088 - root - DEBUG - ==>Relay Off
2022-01-19 18:07:44,090 - root - DEBUG - Writing stats to Firing DB table...
2022-01-19 18:07:44,106 - root - INFO - database writing complete1
2022-01-19 18:07:44,106 - root - INFO - RunState end: Ramp
2022-01-19 18:07:47,478 - root - DEBUG - Entering PID update with parameters SetPoint:1039.53, ProcValue:1040.39, IMax:100.00, IMin:0.00,
2022-01-19 18:07:47,478 - root - DEBUG -   Window:30, Kp: 30.000, Ki: 1.000, Kd: 0.600
2022-01-19 18:07:47,478 - root - DEBUG - Exiting PID update with parameters Error:-0.86, ITerm:98.82, DInput:1.96, Output:71.70
2022-01-19 18:07:47,479 - root - DEBUG - RunID 58, Segment 1 (loop 652) - RunState:Ramp,
                       ReadTmp:1040.39, RampTmp:1039.53, TargetTmp:1185.00,
                       Output:71.70, CycleOnSec:21.51, RemainTime:0:23:14
                    
2022-01-19 18:07:47,479 - root - DEBUG - ==>Relay On
2022-01-19 18:08:09,011 - root - DEBUG - ==>Relay Off
2022-01-19 18:08:09,013 - root - DEBUG - Writing stats to Firing DB table...
2022-01-19 18:08:09,029 - root - INFO - database writing complete1
2022-01-19 18:08:09,029 - root - INFO - RunState end: Ramp
2022-01-19 18:08:17,478 - root - DEBUG - Entering PID update with parameters SetPoint:1040.94, ProcValue:1039.66, IMax:100.00, IMin:0.00,
2022-01-19 18:08:17,478 - root - DEBUG -   Window:30, Kp: 30.000, Ki: 1.000, Kd: 0.600
2022-01-19 18:08:17,478 - root - DEBUG - Exiting PID update with parameters Error:1.28, ITerm:100.00, DInput:-0.73, Output:100.00
2022-01-19 18:08:17,478 - root - DEBUG - RunID 58, Segment 1 (loop 653) - RunState:Ramp,
                       ReadTmp:1039.66, RampTmp:1040.94, TargetTmp:1185.00,
                       Output:100.00, CycleOnSec:30.00, RemainTime:0:22:44
                    
2022-01-19 18:08:17,478 - root - DEBUG - ==>Relay On
2022-01-19 18:08:47,498 - root - DEBUG - Writing stats to Firing DB table...
2022-01-19 18:08:47,513 - root - INFO - database writing complete1
2022-01-19 18:08:47,514 - root - INFO - RunState end: Ramp
2022-01-19 18:08:48,030 - root - DEBUG - Entering PID update with parameters SetPoint:1042.36, ProcValue:1039.99, IMax:100.00, IMin:0.00,
2022-01-19 18:08:48,030 - root - DEBUG -   Window:30, Kp: 30.000, Ki: 1.000, Kd: 0.600
2022-01-19 18:08:48,030 - root - DEBUG - Exiting PID update with parameters Error:2.37, ITerm:100.00, DInput:0.33, Output:100.00
2022-01-19 18:08:48,031 - root - DEBUG - RunID 58, Segment 1 (loop 654) - RunState:Ramp,
                       ReadTmp:1039.99, RampTmp:1042.36, TargetTmp:1185.00,
                       Output:100.00, CycleOnSec:30.00, RemainTime:0:22:13
                    
2022-01-19 18:08:48,031 - root - DEBUG - ==>Relay On
2022-01-19 18:09:18,046 - root - DEBUG - Writing stats to Firing DB table...
2022-01-19 18:09:18,060 - root - INFO - database writing complete1
2022-01-19 18:09:18,061 - root - INFO - RunState end: Ramp
2022-01-19 18:09:18,569 - root - DEBUG - Entering PID update with parameters SetPoint:1043.78, ProcValue:1042.47, IMax:100.00, IMin:0.00,
2022-01-19 18:09:18,569 - root - DEBUG -   Window:30, Kp: 30.000, Ki: 1.000, Kd: 0.600
2022-01-19 18:09:18,569 - root - DEBUG - Exiting PID update with parameters Error:1.31, ITerm:100.00, DInput:2.48, Output:100.00
2022-01-19 18:09:18,570 - root - DEBUG - RunID 58, Segment 1 (loop 655) - RunState:Ramp,
                       ReadTmp:1042.47, RampTmp:1043.78, TargetTmp:1185.00,
                       Output:100.00, CycleOnSec:30.00, RemainTime:0:21:43
                    
2022-01-19 18:09:18,570 - root - DEBUG - ==>Relay On
2022-01-19 18:09:48,584 - root - DEBUG - Writing stats to Firing DB table...
2022-01-19 18:09:48,598 - root - INFO - database writing complete1
2022-01-19 18:09:48,599 - root - INFO - RunState end: Ramp
2022-01-19 18:09:49,114 - root - DEBUG - Entering PID update with parameters SetPoint:1045.19, ProcValue:1044.98, IMax:100.00, IMin:0.00,
2022-01-19 18:09:49,115 - root - DEBUG -   Window:30, Kp: 30.000, Ki: 1.000, Kd: 0.600
2022-01-19 18:09:49,115 - root - DEBUG - Exiting PID update with parameters Error:0.22, ITerm:100.00, DInput:2.51, Output:100.00
2022-01-19 18:09:49,116 - root - DEBUG - RunID 58, Segment 1 (loop 656) - RunState:Ramp,
                       ReadTmp:1044.98, RampTmp:1045.19, TargetTmp:1185.00,
                       Output:100.00, CycleOnSec:30.00, RemainTime:0:21:12
                    
2022-01-19 18:09:49,116 - root - DEBUG - ==>Relay On
2022-01-19 18:10:19,148 - root - DEBUG - Writing stats to Firing DB table...
2022-01-19 18:10:19,163 - root - INFO - database writing complete1
2022-01-19 18:10:19,163 - root - INFO - RunState end: Ramp
2022-01-19 18:10:19,679 - root - DEBUG - Entering PID update with parameters SetPoint:1046.61, ProcValue:1047.28, IMax:100.00, IMin:0.00,
2022-01-19 18:10:19,680 - root - DEBUG -   Window:30, Kp: 30.000, Ki: 1.000, Kd: 0.600
2022-01-19 18:10:19,680 - root - DEBUG - Exiting PID update with parameters Error:-0.67, ITerm:99.33, DInput:2.30, Output:77.79
2022-01-19 18:10:19,680 - root - DEBUG - RunID 58, Segment 1 (loop 657) - RunState:Ramp,
                       ReadTmp:1047.28, RampTmp:1046.61, TargetTmp:1185.00,
                       Output:77.79, CycleOnSec:23.34, RemainTime:0:20:42
                    
2022-01-19 18:10:19,681 - root - DEBUG - ==>Relay On
2022-01-19 18:10:43,041 - root - DEBUG - ==>Relay Off
2022-01-19 18:10:43,043 - root - DEBUG - Writing stats to Firing DB table...
2022-01-19 18:10:43,058 - root - INFO - database writing complete1
2022-01-19 18:10:43,059 - root - INFO - RunState end: Ramp
2022-01-19 18:10:49,671 - root - DEBUG - Entering PID update with parameters SetPoint:1048.03, ProcValue:1048.20, IMax:100.00, IMin:0.00,
2022-01-19 18:10:49,671 - root - DEBUG -   Window:30, Kp: 30.000, Ki: 1.000, Kd: 0.600
2022-01-19 18:10:49,671 - root - DEBUG - Exiting PID update with parameters Error:-0.17, ITerm:99.16, DInput:0.91, Output:93.53
2022-01-19 18:10:49,671 - root - DEBUG - RunID 58, Segment 1 (loop 658) - RunState:Ramp,
                       ReadTmp:1048.20, RampTmp:1048.03, TargetTmp:1185.00,
                       Output:93.53, CycleOnSec:28.06, RemainTime:0:20:12
                    
2022-01-19 18:10:49,671 - root - DEBUG - ==>Relay On
2022-01-19 18:11:17,753 - root - DEBUG - ==>Relay Off
2022-01-19 18:11:17,755 - root - DEBUG - Writing stats to Firing DB table...
2022-01-19 18:11:17,770 - root - INFO - database writing complete1
2022-01-19 18:11:17,771 - root - INFO - RunState end: Ramp
2022-01-19 18:11:19,671 - root - DEBUG - Entering PID update with parameters SetPoint:1049.44, ProcValue:1048.48, IMax:100.00, IMin:0.00,
2022-01-19 18:11:19,671 - root - DEBUG -   Window:30, Kp: 30.000, Ki: 1.000, Kd: 0.600
2022-01-19 18:11:19,671 - root - DEBUG - Exiting PID update with parameters Error:0.97, ITerm:100.00, DInput:0.28, Output:100.00
2022-01-19 18:11:19,671 - root - DEBUG - RunID 58, Segment 1 (loop 659) - RunState:Ramp,
                       ReadTmp:1048.48, RampTmp:1049.44, TargetTmp:1185.00,
                       Output:100.00, CycleOnSec:30.00, RemainTime:0:19:42
                    
2022-01-19 18:11:19,671 - root - DEBUG - ==>Relay On
2022-01-19 18:11:49,703 - root - DEBUG - Writing stats to Firing DB table...
2022-01-19 18:11:49,718 - root - INFO - database writing complete1
2022-01-19 18:11:49,719 - root - INFO - RunState end: Ramp
2022-01-19 18:11:50,235 - root - DEBUG - Entering PID update with parameters SetPoint:1050.86, ProcValue:1050.08, IMax:100.00, IMin:0.00,
2022-01-19 18:11:50,235 - root - DEBUG -   Window:30, Kp: 30.000, Ki: 1.000, Kd: 0.600
2022-01-19 18:11:50,235 - root - DEBUG - Exiting PID update with parameters Error:0.78, ITerm:100.00, DInput:1.60, Output:100.00
2022-01-19 18:11:50,236 - root - DEBUG - RunID 58, Segment 1 (loop 660) - RunState:Ramp,
                       ReadTmp:1050.08, RampTmp:1050.86, TargetTmp:1185.00,
                       Output:100.00, CycleOnSec:30.00, RemainTime:0:19:11
                    
2022-01-19 18:11:50,236 - root - DEBUG - ==>Relay On
2022-01-19 18:12:20,267 - root - DEBUG - Writing stats to Firing DB table...
2022-01-19 18:12:20,286 - root - INFO - database writing complete1
2022-01-19 18:12:20,286 - root - INFO - RunState end: Ramp
2022-01-19 18:12:20,802 - root - DEBUG - Entering PID update with parameters SetPoint:1052.28, ProcValue:1052.27, IMax:100.00, IMin:0.00,
2022-01-19 18:12:20,802 - root - DEBUG -   Window:30, Kp: 30.000, Ki: 1.000, Kd: 0.600
2022-01-19 18:12:20,802 - root - DEBUG - Exiting PID update with parameters Error:0.01, ITerm:100.00, DInput:2.19, Output:99.00
2022-01-19 18:12:20,803 - root - DEBUG - RunID 58, Segment 1 (loop 661) - RunState:Ramp,
                       ReadTmp:1052.27, RampTmp:1052.28, TargetTmp:1185.00,
                       Output:99.00, CycleOnSec:29.70, RemainTime:0:18:41
                    
2022-01-19 18:12:20,803 - root - DEBUG - ==>Relay On
2022-01-19 18:12:50,519 - root - DEBUG - ==>Relay Off
2022-01-19 18:12:50,520 - root - DEBUG - Writing stats to Firing DB table...
2022-01-19 18:12:50,533 - root - INFO - database writing complete1
2022-01-19 18:12:50,534 - root - INFO - RunState end: Ramp
2022-01-19 18:12:51,049 - root - DEBUG - Entering PID update with parameters SetPoint:1053.69, ProcValue:1054.50, IMax:100.00, IMin:0.00,
2022-01-19 18:12:51,050 - root - DEBUG -   Window:30, Kp: 30.000, Ki: 1.000, Kd: 0.600
2022-01-19 18:12:51,050 - root - DEBUG - Exiting PID update with parameters Error:-0.81, ITerm:99.19, DInput:2.23, Output:73.63
2022-01-19 18:12:51,050 - root - DEBUG - RunID 58, Segment 1 (loop 662) - RunState:Ramp,
                       ReadTmp:1054.50, RampTmp:1053.69, TargetTmp:1185.00,
                       Output:73.63, CycleOnSec:22.09, RemainTime:0:18:10
                    
2022-01-19 18:12:51,050 - root - DEBUG - ==>Relay On
2022-01-19 18:13:13,163 - root - DEBUG - ==>Relay Off
2022-01-19 18:13:13,164 - root - DEBUG - Writing stats to Firing DB table...
2022-01-19 18:13:13,180 - root - INFO - database writing complete1
2022-01-19 18:13:13,180 - root - INFO - RunState end: Ramp
2022-01-19 18:13:21,042 - root - DEBUG - Entering PID update with parameters SetPoint:1055.11, ProcValue:1054.66, IMax:100.00, IMin:0.00,
2022-01-19 18:13:21,042 - root - DEBUG -   Window:30, Kp: 30.000, Ki: 1.000, Kd: 0.600
2022-01-19 18:13:21,042 - root - DEBUG - Exiting PID update with parameters Error:0.45, ITerm:99.64, DInput:0.16, Output:100.00
2022-01-19 18:13:21,042 - root - DEBUG - RunID 58, Segment 1 (loop 663) - RunState:Ramp,
                       ReadTmp:1054.66, RampTmp:1055.11, TargetTmp:1185.00,
                       Output:100.00, CycleOnSec:30.00, RemainTime:0:17:40
                    
2022-01-19 18:13:21,042 - root - DEBUG - ==>Relay On
2022-01-19 18:13:51,066 - root - DEBUG - Writing stats to Firing DB table...
2022-01-19 18:13:51,086 - root - INFO - database writing complete1
2022-01-19 18:13:51,086 - root - INFO - RunState end: Ramp
2022-01-19 18:13:51,600 - root - DEBUG - Entering PID update with parameters SetPoint:1056.53, ProcValue:1054.93, IMax:100.00, IMin:0.00,
2022-01-19 18:13:51,600 - root - DEBUG -   Window:30, Kp: 30.000, Ki: 1.000, Kd: 0.600
2022-01-19 18:13:51,600 - root - DEBUG - Exiting PID update with parameters Error:1.60, ITerm:100.00, DInput:0.27, Output:100.00
2022-01-19 18:13:51,601 - root - DEBUG - RunID 58, Segment 1 (loop 664) - RunState:Ramp,
                       ReadTmp:1054.93, RampTmp:1056.53, TargetTmp:1185.00,
                       Output:100.00, CycleOnSec:30.00, RemainTime:0:17:10
                    
2022-01-19 18:13:51,601 - root - DEBUG - ==>Relay On
2022-01-19 18:14:21,623 - root - DEBUG - Writing stats to Firing DB table...
2022-01-19 18:14:21,639 - root - INFO - database writing complete1
2022-01-19 18:14:21,640 - root - INFO - RunState end: Ramp
2022-01-19 18:14:22,149 - root - DEBUG - Entering PID update with parameters SetPoint:1057.94, ProcValue:1057.09, IMax:100.00, IMin:0.00,
2022-01-19 18:14:22,149 - root - DEBUG -   Window:30, Kp: 30.000, Ki: 1.000, Kd: 0.600
2022-01-19 18:14:22,149 - root - DEBUG - Exiting PID update with parameters Error:0.85, ITerm:100.00, DInput:2.16, Output:100.00
2022-01-19 18:14:22,149 - root - DEBUG - RunID 58, Segment 1 (loop 665) - RunState:Ramp,
                       ReadTmp:1057.09, RampTmp:1057.94, TargetTmp:1185.00,
                       Output:100.00, CycleOnSec:30.00, RemainTime:0:16:39
                    
2022-01-19 18:14:22,149 - root - DEBUG - ==>Relay On
2022-01-19 18:14:52,167 - root - DEBUG - Writing stats to Firing DB table...
2022-01-19 18:14:52,204 - root - INFO - database writing complete1
2022-01-19 18:14:52,205 - root - INFO - RunState end: Ramp
2022-01-19 18:14:52,712 - root - DEBUG - Entering PID update with parameters SetPoint:1059.36, ProcValue:1059.31, IMax:100.00, IMin:0.00,
2022-01-19 18:14:52,712 - root - DEBUG -   Window:30, Kp: 30.000, Ki: 1.000, Kd: 0.600
2022-01-19 18:14:52,712 - root - DEBUG - Exiting PID update with parameters Error:0.05, ITerm:100.00, DInput:2.22, Output:100.00
2022-01-19 18:14:52,712 - root - DEBUG - RunID 58, Segment 1 (loop 666) - RunState:Ramp,
                       ReadTmp:1059.31, RampTmp:1059.36, TargetTmp:1185.00,
                       Output:100.00, CycleOnSec:30.00, RemainTime:0:16:09
                    
2022-01-19 18:14:52,712 - root - DEBUG - ==>Relay On
2022-01-19 18:15:22,723 - root - DEBUG - Writing stats to Firing DB table...
2022-01-19 18:15:22,738 - root - INFO - database writing complete1
2022-01-19 18:15:22,738 - root - INFO - RunState end: Ramp
2022-01-19 18:15:23,250 - root - DEBUG - Entering PID update with parameters SetPoint:1060.78, ProcValue:1061.43, IMax:100.00, IMin:0.00,
2022-01-19 18:15:23,251 - root - DEBUG -   Window:30, Kp: 30.000, Ki: 1.000, Kd: 0.600
2022-01-19 18:15:23,251 - root - DEBUG - Exiting PID update with parameters Error:-0.65, ITerm:99.35, DInput:2.12, Output:78.47
2022-01-19 18:15:23,251 - root - DEBUG - RunID 58, Segment 1 (loop 667) - RunState:Ramp,
                       ReadTmp:1061.43, RampTmp:1060.78, TargetTmp:1185.00,
                       Output:78.47, CycleOnSec:23.54, RemainTime:0:15:38
                    
2022-01-19 18:15:23,252 - root - DEBUG - ==>Relay On
2022-01-19 18:15:46,798 - root - DEBUG - ==>Relay Off
2022-01-19 18:15:46,799 - root - DEBUG - Writing stats to Firing DB table...
2022-01-19 18:15:46,822 - root - INFO - database writing complete1
2022-01-19 18:15:46,823 - root - INFO - RunState end: Ramp
2022-01-19 18:15:53,246 - root - DEBUG - Entering PID update with parameters SetPoint:1062.19, ProcValue:1062.04, IMax:100.00, IMin:0.00,
2022-01-19 18:15:53,246 - root - DEBUG -   Window:30, Kp: 30.000, Ki: 1.000, Kd: 0.600
2022-01-19 18:15:53,247 - root - DEBUG - Exiting PID update with parameters Error:0.15, ITerm:99.50, DInput:0.61, Output:100.00
2022-01-19 18:15:53,247 - root - DEBUG - RunID 58, Segment 1 (loop 668) - RunState:Ramp,
                       ReadTmp:1062.04, RampTmp:1062.19, TargetTmp:1185.00,
                       Output:100.00, CycleOnSec:30.00, RemainTime:0:15:08
                    
2022-01-19 18:15:53,247 - root - DEBUG - ==>Relay On
2022-01-19 18:16:23,274 - root - DEBUG - Writing stats to Firing DB table...
2022-01-19 18:16:23,289 - root - INFO - database writing complete1
2022-01-19 18:16:23,290 - root - INFO - RunState end: Ramp
2022-01-19 18:16:23,805 - root - DEBUG - Entering PID update with parameters SetPoint:1063.61, ProcValue:1062.41, IMax:100.00, IMin:0.00,
2022-01-19 18:16:23,806 - root - DEBUG -   Window:30, Kp: 30.000, Ki: 1.000, Kd: 0.600
2022-01-19 18:16:23,806 - root - DEBUG - Exiting PID update with parameters Error:1.20, ITerm:100.00, DInput:0.38, Output:100.00
2022-01-19 18:16:23,806 - root - DEBUG - RunID 58, Segment 1 (loop 669) - RunState:Ramp,
                       ReadTmp:1062.41, RampTmp:1063.61, TargetTmp:1185.00,
                       Output:100.00, CycleOnSec:30.00, RemainTime:0:14:38
                    
2022-01-19 18:16:23,807 - root - DEBUG - ==>Relay On
2022-01-19 18:16:53,838 - root - DEBUG - Writing stats to Firing DB table...
2022-01-19 18:16:53,854 - root - INFO - database writing complete1
2022-01-19 18:16:53,855 - root - INFO - RunState end: Ramp
2022-01-19 18:16:54,370 - root - DEBUG - Entering PID update with parameters SetPoint:1065.03, ProcValue:1064.48, IMax:100.00, IMin:0.00,
2022-01-19 18:16:54,370 - root - DEBUG -   Window:30, Kp: 30.000, Ki: 1.000, Kd: 0.600
2022-01-19 18:16:54,370 - root - DEBUG - Exiting PID update with parameters Error:0.55, ITerm:100.00, DInput:2.06, Output:100.00
2022-01-19 18:16:54,371 - root - DEBUG - RunID 58, Segment 1 (loop 670) - RunState:Ramp,
                       ReadTmp:1064.48, RampTmp:1065.03, TargetTmp:1185.00,
                       Output:100.00, CycleOnSec:30.00, RemainTime:0:14:07
                    
2022-01-19 18:16:54,371 - root - DEBUG - ==>Relay On
2022-01-19 18:17:24,402 - root - DEBUG - Writing stats to Firing DB table...
2022-01-19 18:17:24,417 - root - INFO - database writing complete1
2022-01-19 18:17:24,418 - root - INFO - RunState end: Ramp
2022-01-19 18:17:24,933 - root - DEBUG - Entering PID update with parameters SetPoint:1066.44, ProcValue:1066.60, IMax:100.00, IMin:0.00,
2022-01-19 18:17:24,933 - root - DEBUG -   Window:30, Kp: 30.000, Ki: 1.000, Kd: 0.600
2022-01-19 18:17:24,934 - root - DEBUG - Exiting PID update with parameters Error:-0.16, ITerm:99.84, DInput:2.12, Output:93.80
2022-01-19 18:17:24,934 - root - DEBUG - RunID 58, Segment 1 (loop 671) - RunState:Ramp,
                       ReadTmp:1066.60, RampTmp:1066.44, TargetTmp:1185.00,
                       Output:93.80, CycleOnSec:28.14, RemainTime:0:13:37
                    
2022-01-19 18:17:24,934 - root - DEBUG - ==>Relay On
2022-01-19 18:17:53,103 - root - DEBUG - ==>Relay Off
2022-01-19 18:17:53,104 - root - DEBUG - Writing stats to Firing DB table...
2022-01-19 18:17:53,120 - root - INFO - database writing complete1
2022-01-19 18:17:53,120 - root - INFO - RunState end: Ramp
2022-01-19 18:17:54,925 - root - DEBUG - Entering PID update with parameters SetPoint:1067.86, ProcValue:1068.40, IMax:100.00, IMin:0.00,
2022-01-19 18:17:54,925 - root - DEBUG -   Window:30, Kp: 30.000, Ki: 1.000, Kd: 0.600
2022-01-19 18:17:54,925 - root - DEBUG - Exiting PID update with parameters Error:-0.54, ITerm:99.30, DInput:1.80, Output:82.05
2022-01-19 18:17:54,925 - root - DEBUG - RunID 58, Segment 1 (loop 672) - RunState:Ramp,
                       ReadTmp:1068.40, RampTmp:1067.86, TargetTmp:1185.00,
                       Output:82.05, CycleOnSec:24.62, RemainTime:0:13:07
                    
2022-01-19 18:17:54,926 - root - DEBUG - ==>Relay On
2022-01-19 18:18:19,563 - root - DEBUG - ==>Relay Off
2022-01-19 18:18:19,564 - root - DEBUG - Writing stats to Firing DB table...
2022-01-19 18:18:19,585 - root - INFO - database writing complete1
2022-01-19 18:18:19,585 - root - INFO - RunState end: Ramp
2022-01-19 18:18:24,925 - root - DEBUG - Entering PID update with parameters SetPoint:1069.28, ProcValue:1068.68, IMax:100.00, IMin:0.00,
2022-01-19 18:18:24,926 - root - DEBUG -   Window:30, Kp: 30.000, Ki: 1.000, Kd: 0.600
2022-01-19 18:18:24,926 - root - DEBUG - Exiting PID update with parameters Error:0.60, ITerm:99.90, DInput:0.28, Output:100.00
2022-01-19 18:18:24,926 - root - DEBUG - RunID 58, Segment 1 (loop 673) - RunState:Ramp,
                       ReadTmp:1068.68, RampTmp:1069.28, TargetTmp:1185.00,
                       Output:100.00, CycleOnSec:30.00, RemainTime:0:12:37
                    
2022-01-19 18:18:24,926 - root - DEBUG - ==>Relay On
2022-01-19 18:18:54,949 - root - DEBUG - Writing stats to Firing DB table...
2022-01-19 18:18:54,964 - root - INFO - database writing complete1
2022-01-19 18:18:54,965 - root - INFO - RunState end: Ramp
2022-01-19 18:18:55,480 - root - DEBUG - Entering PID update with parameters SetPoint:1070.69, ProcValue:1069.18, IMax:100.00, IMin:0.00,
2022-01-19 18:18:55,481 - root - DEBUG -   Window:30, Kp: 30.000, Ki: 1.000, Kd: 0.600
2022-01-19 18:18:55,481 - root - DEBUG - Exiting PID update with parameters Error:1.51, ITerm:100.00, DInput:0.50, Output:100.00
2022-01-19 18:18:55,481 - root - DEBUG - RunID 58, Segment 1 (loop 674) - RunState:Ramp,
                       ReadTmp:1069.18, RampTmp:1070.69, TargetTmp:1185.00,
                       Output:100.00, CycleOnSec:30.00, RemainTime:0:12:06
                    
2022-01-19 18:18:55,482 - root - DEBUG - ==>Relay On
2022-01-19 18:19:25,513 - root - DEBUG - Writing stats to Firing DB table...
2022-01-19 18:19:25,532 - root - INFO - database writing complete1
2022-01-19 18:19:25,532 - root - INFO - RunState end: Ramp
2022-01-19 18:19:26,048 - root - DEBUG - Entering PID update with parameters SetPoint:1072.11, ProcValue:1071.23, IMax:100.00, IMin:0.00,
2022-01-19 18:19:26,048 - root - DEBUG -   Window:30, Kp: 30.000, Ki: 1.000, Kd: 0.600
2022-01-19 18:19:26,048 - root - DEBUG - Exiting PID update with parameters Error:0.88, ITerm:100.00, DInput:2.05, Output:100.00
2022-01-19 18:19:26,049 - root - DEBUG - RunID 58, Segment 1 (loop 675) - RunState:Ramp,
                       ReadTmp:1071.23, RampTmp:1072.11, TargetTmp:1185.00,
                       Output:100.00, CycleOnSec:30.00, RemainTime:0:11:35
                    
2022-01-19 18:19:26,049 - root - DEBUG - ==>Relay On
2022-01-19 18:19:56,080 - root - DEBUG - Writing stats to Firing DB table...
2022-01-19 18:19:56,103 - root - INFO - database writing complete1
2022-01-19 18:19:56,104 - root - INFO - RunState end: Ramp
2022-01-19 18:19:56,619 - root - DEBUG - Entering PID update with parameters SetPoint:1073.53, ProcValue:1073.09, IMax:100.00, IMin:0.00,
2022-01-19 18:19:56,619 - root - DEBUG -   Window:30, Kp: 30.000, Ki: 1.000, Kd: 0.600
2022-01-19 18:19:56,620 - root - DEBUG - Exiting PID update with parameters Error:0.43, ITerm:100.00, DInput:1.87, Output:100.00
2022-01-19 18:19:56,620 - root - DEBUG - RunID 58, Segment 1 (loop 676) - RunState:Ramp,
                       ReadTmp:1073.09, RampTmp:1073.53, TargetTmp:1185.00,
                       Output:100.00, CycleOnSec:30.00, RemainTime:0:11:05
                    
2022-01-19 18:19:56,620 - root - DEBUG - ==>Relay On
2022-01-19 18:20:26,644 - root - DEBUG - Writing stats to Firing DB table...
2022-01-19 18:20:26,659 - root - INFO - database writing complete1
2022-01-19 18:20:26,660 - root - INFO - RunState end: Ramp
2022-01-19 18:20:27,176 - root - DEBUG - Entering PID update with parameters SetPoint:1074.94, ProcValue:1075.20, IMax:100.00, IMin:0.00,
2022-01-19 18:20:27,176 - root - DEBUG -   Window:30, Kp: 30.000, Ki: 1.000, Kd: 0.600
2022-01-19 18:20:27,177 - root - DEBUG - Exiting PID update with parameters Error:-0.26, ITerm:99.74, DInput:2.11, Output:90.66
2022-01-19 18:20:27,177 - root - DEBUG - RunID 58, Segment 1 (loop 677) - RunState:Ramp,
                       ReadTmp:1075.20, RampTmp:1074.94, TargetTmp:1185.00,
                       Output:90.66, CycleOnSec:27.20, RemainTime:0:10:34
                    
2022-01-19 18:20:27,177 - root - DEBUG - ==>Relay On
2022-01-19 18:20:54,396 - root - DEBUG - ==>Relay Off
2022-01-19 18:20:54,398 - root - DEBUG - Writing stats to Firing DB table...
2022-01-19 18:20:54,412 - root - INFO - database writing complete1
2022-01-19 18:20:54,413 - root - INFO - RunState end: Ramp
2022-01-19 18:20:57,167 - root - DEBUG - Entering PID update with parameters SetPoint:1076.36, ProcValue:1076.78, IMax:100.00, IMin:0.00,
2022-01-19 18:20:57,168 - root - DEBUG -   Window:30, Kp: 30.000, Ki: 1.000, Kd: 0.600
2022-01-19 18:20:57,168 - root - DEBUG - Exiting PID update with parameters Error:-0.42, ITerm:99.32, DInput:1.58, Output:85.71
2022-01-19 18:20:57,168 - root - DEBUG - RunID 58, Segment 1 (loop 678) - RunState:Ramp,
                       ReadTmp:1076.78, RampTmp:1076.36, TargetTmp:1185.00,
                       Output:85.71, CycleOnSec:25.71, RemainTime:0:10:04
                    
2022-01-19 18:20:57,168 - root - DEBUG - ==>Relay On
2022-01-19 18:21:22,908 - root - DEBUG - ==>Relay Off
2022-01-19 18:21:22,909 - root - DEBUG - Writing stats to Firing DB table...
2022-01-19 18:21:22,924 - root - INFO - database writing complete1
2022-01-19 18:21:22,925 - root - INFO - RunState end: Ramp
2022-01-19 18:21:27,168 - root - DEBUG - Entering PID update with parameters SetPoint:1077.78, ProcValue:1076.88, IMax:100.00, IMin:0.00,
2022-01-19 18:21:27,168 - root - DEBUG -   Window:30, Kp: 30.000, Ki: 1.000, Kd: 0.600
2022-01-19 18:21:27,168 - root - DEBUG - Exiting PID update with parameters Error:0.89, ITerm:100.00, DInput:0.10, Output:100.00
2022-01-19 18:21:27,168 - root - DEBUG - RunID 58, Segment 1 (loop 679) - RunState:Ramp,
                       ReadTmp:1076.88, RampTmp:1077.78, TargetTmp:1185.00,
                       Output:100.00, CycleOnSec:30.00, RemainTime:0:09:34
                    
2022-01-19 18:21:27,168 - root - DEBUG - ==>Relay On
2022-01-19 18:21:57,199 - root - DEBUG - Writing stats to Firing DB table...
2022-01-19 18:21:57,216 - root - INFO - database writing complete1
2022-01-19 18:21:57,217 - root - INFO - RunState end: Ramp
2022-01-19 18:21:57,731 - root - DEBUG - Entering PID update with parameters SetPoint:1079.19, ProcValue:1077.48, IMax:100.00, IMin:0.00,
2022-01-19 18:21:57,732 - root - DEBUG -   Window:30, Kp: 30.000, Ki: 1.000, Kd: 0.600
2022-01-19 18:21:57,732 - root - DEBUG - Exiting PID update with parameters Error:1.71, ITerm:100.00, DInput:0.60, Output:100.00
2022-01-19 18:21:57,732 - root - DEBUG - RunID 58, Segment 1 (loop 680) - RunState:Ramp,
                       ReadTmp:1077.48, RampTmp:1079.19, TargetTmp:1185.00,
                       Output:100.00, CycleOnSec:30.00, RemainTime:0:09:04
                    
2022-01-19 18:21:57,733 - root - DEBUG - ==>Relay On
2022-01-19 18:22:27,764 - root - DEBUG - Writing stats to Firing DB table...
2022-01-19 18:22:27,779 - root - INFO - database writing complete1
2022-01-19 18:22:27,780 - root - INFO - RunState end: Ramp
2022-01-19 18:22:28,290 - root - DEBUG - Entering PID update with parameters SetPoint:1080.61, ProcValue:1079.37, IMax:100.00, IMin:0.00,
2022-01-19 18:22:28,291 - root - DEBUG -   Window:30, Kp: 30.000, Ki: 1.000, Kd: 0.600
2022-01-19 18:22:28,291 - root - DEBUG - Exiting PID update with parameters Error:1.24, ITerm:100.00, DInput:1.88, Output:100.00
2022-01-19 18:22:28,291 - root - DEBUG - RunID 58, Segment 1 (loop 681) - RunState:Ramp,
                       ReadTmp:1079.37, RampTmp:1080.61, TargetTmp:1185.00,
                       Output:100.00, CycleOnSec:30.00, RemainTime:0:08:33
                    
2022-01-19 18:22:28,291 - root - DEBUG - ==>Relay On
2022-01-19 18:22:58,322 - root - DEBUG - Writing stats to Firing DB table...
2022-01-19 18:22:58,338 - root - INFO - database writing complete1
2022-01-19 18:22:58,338 - root - INFO - RunState end: Ramp
2022-01-19 18:22:58,846 - root - DEBUG - Entering PID update with parameters SetPoint:1082.03, ProcValue:1081.26, IMax:100.00, IMin:0.00,
2022-01-19 18:22:58,846 - root - DEBUG -   Window:30, Kp: 30.000, Ki: 1.000, Kd: 0.600
2022-01-19 18:22:58,846 - root - DEBUG - Exiting PID update with parameters Error:0.77, ITerm:100.00, DInput:1.89, Output:100.00
2022-01-19 18:22:58,846 - root - DEBUG - RunID 58, Segment 1 (loop 682) - RunState:Ramp,
                       ReadTmp:1081.26, RampTmp:1082.03, TargetTmp:1185.00,
                       Output:100.00, CycleOnSec:30.00, RemainTime:0:08:03
                    
2022-01-19 18:22:58,846 - root - DEBUG - ==>Relay On
2022-01-19 18:23:28,877 - root - DEBUG - Writing stats to Firing DB table...
2022-01-19 18:23:28,893 - root - INFO - database writing complete1
2022-01-19 18:23:28,894 - root - INFO - RunState end: Ramp
2022-01-19 18:23:29,406 - root - DEBUG - Entering PID update with parameters SetPoint:1083.44, ProcValue:1083.13, IMax:100.00, IMin:0.00,
2022-01-19 18:23:29,407 - root - DEBUG -   Window:30, Kp: 30.000, Ki: 1.000, Kd: 0.600
2022-01-19 18:23:29,407 - root - DEBUG - Exiting PID update with parameters Error:0.31, ITerm:100.00, DInput:1.88, Output:100.00
2022-01-19 18:23:29,407 - root - DEBUG - RunID 58, Segment 1 (loop 683) - RunState:Ramp,
                       ReadTmp:1083.13, RampTmp:1083.44, TargetTmp:1185.00,
                       Output:100.00, CycleOnSec:30.00, RemainTime:0:07:32
                    
2022-01-19 18:23:29,408 - root - DEBUG - ==>Relay On
2022-01-19 18:23:59,439 - root - DEBUG - Writing stats to Firing DB table...
2022-01-19 18:23:59,454 - root - INFO - database writing complete1
2022-01-19 18:23:59,455 - root - INFO - RunState end: Ramp
2022-01-19 18:23:59,970 - root - DEBUG - Entering PID update with parameters SetPoint:1084.86, ProcValue:1084.96, IMax:100.00, IMin:0.00,
2022-01-19 18:23:59,970 - root - DEBUG -   Window:30, Kp: 30.000, Ki: 1.000, Kd: 0.600
2022-01-19 18:23:59,971 - root - DEBUG - Exiting PID update with parameters Error:-0.10, ITerm:99.90, DInput:1.83, Output:95.75
2022-01-19 18:23:59,971 - root - DEBUG - RunID 58, Segment 1 (loop 684) - RunState:Ramp,
                       ReadTmp:1084.96, RampTmp:1084.86, TargetTmp:1185.00,
                       Output:95.75, CycleOnSec:28.73, RemainTime:0:07:02
                    
2022-01-19 18:23:59,972 - root - DEBUG - ==>Relay On
2022-01-19 18:24:28,727 - root - DEBUG - ==>Relay Off
2022-01-19 18:24:28,728 - root - DEBUG - Writing stats to Firing DB table...
2022-01-19 18:24:28,742 - root - INFO - database writing complete1
2022-01-19 18:24:28,743 - root - INFO - RunState end: Ramp
2022-01-19 18:24:29,962 - root - DEBUG - Entering PID update with parameters SetPoint:1086.28, ProcValue:1086.55, IMax:100.00, IMin:0.00,
2022-01-19 18:24:29,963 - root - DEBUG -   Window:30, Kp: 30.000, Ki: 1.000, Kd: 0.600
2022-01-19 18:24:29,963 - root - DEBUG - Exiting PID update with parameters Error:-0.28, ITerm:99.62, DInput:1.59, Output:90.30
2022-01-19 18:24:29,963 - root - DEBUG - RunID 58, Segment 1 (loop 685) - RunState:Ramp,
                       ReadTmp:1086.55, RampTmp:1086.28, TargetTmp:1185.00,
                       Output:90.30, CycleOnSec:27.09, RemainTime:0:06:32
                    
2022-01-19 18:24:29,963 - root - DEBUG - ==>Relay On
2022-01-19 18:24:57,081 - root - DEBUG - ==>Relay Off
2022-01-19 18:24:57,082 - root - DEBUG - Writing stats to Firing DB table...
2022-01-19 18:24:57,095 - root - INFO - database writing complete1
2022-01-19 18:24:57,096 - root - INFO - RunState end: Ramp
2022-01-19 18:24:59,963 - root - DEBUG - Entering PID update with parameters SetPoint:1087.69, ProcValue:1087.32, IMax:100.00, IMin:0.00,
2022-01-19 18:24:59,963 - root - DEBUG -   Window:30, Kp: 30.000, Ki: 1.000, Kd: 0.600
2022-01-19 18:24:59,963 - root - DEBUG - Exiting PID update with parameters Error:0.37, ITerm:99.99, DInput:0.77, Output:100.00
2022-01-19 18:24:59,963 - root - DEBUG - RunID 58, Segment 1 (loop 686) - RunState:Ramp,
                       ReadTmp:1087.32, RampTmp:1087.69, TargetTmp:1185.00,
                       Output:100.00, CycleOnSec:30.00, RemainTime:0:06:02
                    
2022-01-19 18:24:59,963 - root - DEBUG - ==>Relay On
2022-01-19 18:25:29,995 - root - DEBUG - Writing stats to Firing DB table...
2022-01-19 18:25:30,009 - root - INFO - database writing complete1
2022-01-19 18:25:30,010 - root - INFO - RunState end: Ramp
2022-01-19 18:25:30,525 - root - DEBUG - Entering PID update with parameters SetPoint:1089.11, ProcValue:1087.96, IMax:100.00, IMin:0.00,
2022-01-19 18:25:30,525 - root - DEBUG -   Window:30, Kp: 30.000, Ki: 1.000, Kd: 0.600
2022-01-19 18:25:30,525 - root - DEBUG - Exiting PID update with parameters Error:1.15, ITerm:100.00, DInput:0.64, Output:100.00
2022-01-19 18:25:30,526 - root - DEBUG - RunID 58, Segment 1 (loop 687) - RunState:Ramp,
                       ReadTmp:1087.96, RampTmp:1089.11, TargetTmp:1185.00,
                       Output:100.00, CycleOnSec:30.00, RemainTime:0:05:31
                    
2022-01-19 18:25:30,526 - root - DEBUG - ==>Relay On
2022-01-19 18:26:00,557 - root - DEBUG - Writing stats to Firing DB table...
2022-01-19 18:26:00,581 - root - INFO - database writing complete1
2022-01-19 18:26:00,582 - root - INFO - RunState end: Ramp
2022-01-19 18:26:01,097 - root - DEBUG - Entering PID update with parameters SetPoint:1090.53, ProcValue:1089.62, IMax:100.00, IMin:0.00,
2022-01-19 18:26:01,097 - root - DEBUG -   Window:30, Kp: 30.000, Ki: 1.000, Kd: 0.600
2022-01-19 18:26:01,098 - root - DEBUG - Exiting PID update with parameters Error:0.91, ITerm:100.00, DInput:1.66, Output:100.00
2022-01-19 18:26:01,098 - root - DEBUG - RunID 58, Segment 1 (loop 688) - RunState:Ramp,
                       ReadTmp:1089.62, RampTmp:1090.53, TargetTmp:1185.00,
                       Output:100.00, CycleOnSec:30.00, RemainTime:0:05:00
                    
2022-01-19 18:26:01,098 - root - DEBUG - ==>Relay On
2022-01-19 18:26:31,124 - root - DEBUG - Writing stats to Firing DB table...
2022-01-19 18:26:31,143 - root - INFO - database writing complete1
2022-01-19 18:26:31,144 - root - INFO - RunState end: Ramp
2022-01-19 18:26:31,655 - root - DEBUG - Entering PID update with parameters SetPoint:1091.94, ProcValue:1091.53, IMax:100.00, IMin:0.00,
2022-01-19 18:26:31,655 - root - DEBUG -   Window:30, Kp: 30.000, Ki: 1.000, Kd: 0.600
2022-01-19 18:26:31,655 - root - DEBUG - Exiting PID update with parameters Error:0.41, ITerm:100.00, DInput:1.91, Output:100.00
2022-01-19 18:26:31,655 - root - DEBUG - RunID 58, Segment 1 (loop 689) - RunState:Ramp,
                       ReadTmp:1091.53, RampTmp:1091.94, TargetTmp:1185.00,
                       Output:100.00, CycleOnSec:30.00, RemainTime:0:04:30
                    
2022-01-19 18:26:31,655 - root - DEBUG - ==>Relay On
2022-01-19 18:27:01,686 - root - DEBUG - Writing stats to Firing DB table...
2022-01-19 18:27:01,701 - root - INFO - database writing complete1
2022-01-19 18:27:01,702 - root - INFO - RunState end: Ramp
2022-01-19 18:27:02,215 - root - DEBUG - Entering PID update with parameters SetPoint:1093.36, ProcValue:1093.35, IMax:100.00, IMin:0.00,
2022-01-19 18:27:02,215 - root - DEBUG -   Window:30, Kp: 30.000, Ki: 1.000, Kd: 0.600
2022-01-19 18:27:02,215 - root - DEBUG - Exiting PID update with parameters Error:0.01, ITerm:100.00, DInput:1.82, Output:99.14
2022-01-19 18:27:02,215 - root - DEBUG - RunID 58, Segment 1 (loop 690) - RunState:Ramp,
                       ReadTmp:1093.35, RampTmp:1093.36, TargetTmp:1185.00,
                       Output:99.14, CycleOnSec:29.74, RemainTime:0:03:59
                    
2022-01-19 18:27:02,216 - root - DEBUG - ==>Relay On
2022-01-19 18:27:31,988 - root - DEBUG - ==>Relay Off
2022-01-19 18:27:31,989 - root - DEBUG - Writing stats to Firing DB table...
2022-01-19 18:27:32,005 - root - INFO - database writing complete1
2022-01-19 18:27:32,005 - root - INFO - RunState end: Ramp
2022-01-19 18:27:32,516 - root - DEBUG - Entering PID update with parameters SetPoint:1094.78, ProcValue:1094.63, IMax:100.00, IMin:0.00,
2022-01-19 18:27:32,516 - root - DEBUG -   Window:30, Kp: 30.000, Ki: 1.000, Kd: 0.600
2022-01-19 18:27:32,517 - root - DEBUG - Exiting PID update with parameters Error:0.14, ITerm:100.00, DInput:1.28, Output:100.00
2022-01-19 18:27:32,517 - root - DEBUG - RunID 58, Segment 1 (loop 691) - RunState:Ramp,
                       ReadTmp:1094.63, RampTmp:1094.78, TargetTmp:1185.00,
                       Output:100.00, CycleOnSec:30.00, RemainTime:0:03:29
                    
2022-01-19 18:27:32,517 - root - DEBUG - ==>Relay On
2022-01-19 18:28:02,543 - root - DEBUG - Writing stats to Firing DB table...
2022-01-19 18:28:02,562 - root - INFO - database writing complete1
2022-01-19 18:28:02,562 - root - INFO - RunState end: Ramp
2022-01-19 18:28:03,072 - root - DEBUG - Entering PID update with parameters SetPoint:1096.19, ProcValue:1095.90, IMax:100.00, IMin:0.00,
2022-01-19 18:28:03,073 - root - DEBUG -   Window:30, Kp: 30.000, Ki: 1.000, Kd: 0.600
2022-01-19 18:28:03,073 - root - DEBUG - Exiting PID update with parameters Error:0.29, ITerm:100.00, DInput:1.27, Output:100.00
2022-01-19 18:28:03,073 - root - DEBUG - RunID 58, Segment 1 (loop 692) - RunState:Ramp,
                       ReadTmp:1095.90, RampTmp:1096.19, TargetTmp:1185.00,
                       Output:100.00, CycleOnSec:30.00, RemainTime:0:02:58
                    
2022-01-19 18:28:03,073 - root - DEBUG - ==>Relay On
2022-01-19 18:28:33,103 - root - DEBUG - Writing stats to Firing DB table...
2022-01-19 18:28:33,118 - root - INFO - database writing complete1
2022-01-19 18:28:33,119 - root - INFO - RunState end: Ramp
2022-01-19 18:28:33,627 - root - DEBUG - Entering PID update with parameters SetPoint:1097.61, ProcValue:1097.42, IMax:100.00, IMin:0.00,
2022-01-19 18:28:33,628 - root - DEBUG -   Window:30, Kp: 30.000, Ki: 1.000, Kd: 0.600
2022-01-19 18:28:33,628 - root - DEBUG - Exiting PID update with parameters Error:0.19, ITerm:100.00, DInput:1.52, Output:100.00
2022-01-19 18:28:33,628 - root - DEBUG - RunID 58, Segment 1 (loop 693) - RunState:Ramp,
                       ReadTmp:1097.42, RampTmp:1097.61, TargetTmp:1185.00,
                       Output:100.00, CycleOnSec:30.00, RemainTime:0:02:28
                    
2022-01-19 18:28:33,628 - root - DEBUG - ==>Relay On
2022-01-19 18:29:03,633 - root - DEBUG - Writing stats to Firing DB table...
2022-01-19 18:29:03,652 - root - INFO - database writing complete1
2022-01-19 18:29:03,653 - root - INFO - RunState end: Ramp
2022-01-19 18:29:04,163 - root - DEBUG - Entering PID update with parameters SetPoint:1099.03, ProcValue:1099.09, IMax:100.00, IMin:0.00,
2022-01-19 18:29:04,163 - root - DEBUG -   Window:30, Kp: 30.000, Ki: 1.000, Kd: 0.600
2022-01-19 18:29:04,163 - root - DEBUG - Exiting PID update with parameters Error:-0.06, ITerm:99.94, DInput:1.66, Output:97.14
2022-01-19 18:29:04,163 - root - DEBUG - RunID 58, Segment 1 (loop 694) - RunState:Ramp,
                       ReadTmp:1099.09, RampTmp:1099.03, TargetTmp:1185.00,
                       Output:97.14, CycleOnSec:29.14, RemainTime:0:01:57
                    
2022-01-19 18:29:04,164 - root - DEBUG - ==>Relay On
2022-01-19 18:29:33,333 - root - DEBUG - ==>Relay Off
2022-01-19 18:29:33,333 - root - DEBUG - Writing stats to Firing DB table...
2022-01-19 18:29:33,349 - root - INFO - database writing complete1
2022-01-19 18:29:33,349 - root - INFO - RunState end: Ramp
2022-01-19 18:29:34,161 - root - DEBUG - Entering PID update with parameters SetPoint:1100.44, ProcValue:1100.29, IMax:100.00, IMin:0.00,
2022-01-19 18:29:34,161 - root - DEBUG -   Window:30, Kp: 30.000, Ki: 1.000, Kd: 0.600
2022-01-19 18:29:34,161 - root - DEBUG - Exiting PID update with parameters Error:0.15, ITerm:100.00, DInput:1.20, Output:100.00
2022-01-19 18:29:34,161 - root - DEBUG - RunID 58, Segment 1 (loop 695) - RunState:Ramp,
                       ReadTmp:1100.29, RampTmp:1100.44, TargetTmp:1185.00,
                       Output:100.00, CycleOnSec:30.00, RemainTime:0:01:27
                    
2022-01-19 18:29:34,161 - root - DEBUG - ==>Relay On
2022-01-19 18:30:04,183 - root - DEBUG - Writing stats to Firing DB table...
2022-01-19 18:30:04,199 - root - INFO - database writing complete1
2022-01-19 18:30:04,200 - root - INFO - RunState end: Ramp
2022-01-19 18:30:04,707 - root - DEBUG - Entering PID update with parameters SetPoint:1101.86, ProcValue:1101.51, IMax:100.00, IMin:0.00,
2022-01-19 18:30:04,707 - root - DEBUG -   Window:30, Kp: 30.000, Ki: 1.000, Kd: 0.600
2022-01-19 18:30:04,707 - root - DEBUG - Exiting PID update with parameters Error:0.35, ITerm:100.00, DInput:1.22, Output:100.00
2022-01-19 18:30:04,707 - root - DEBUG - RunID 58, Segment 1 (loop 696) - RunState:Ramp,
                       ReadTmp:1101.51, RampTmp:1101.86, TargetTmp:1185.00,
                       Output:100.00, CycleOnSec:30.00, RemainTime:0:00:57
                    
2022-01-19 18:30:04,707 - root - DEBUG - ==>Relay On
2022-01-19 18:30:34,739 - root - DEBUG - Writing stats to Firing DB table...
2022-01-19 18:30:34,758 - root - INFO - database writing complete1
2022-01-19 18:30:34,759 - root - INFO - RunState end: Ramp
2022-01-19 18:30:35,274 - root - DEBUG - Entering PID update with parameters SetPoint:1103.28, ProcValue:1103.04, IMax:100.00, IMin:0.00,
2022-01-19 18:30:35,274 - root - DEBUG -   Window:30, Kp: 30.000, Ki: 1.000, Kd: 0.600
2022-01-19 18:30:35,275 - root - DEBUG - Exiting PID update with parameters Error:0.24, ITerm:100.00, DInput:1.53, Output:100.00
2022-01-19 18:30:35,275 - root - DEBUG - RunID 58, Segment 1 (loop 697) - RunState:Ramp,
                       ReadTmp:1103.04, RampTmp:1103.28, TargetTmp:1185.00,
                       Output:100.00, CycleOnSec:30.00, RemainTime:0:00:26
                    
2022-01-19 18:30:35,275 - root - DEBUG - ==>Relay On
2022-01-19 18:31:05,291 - root - DEBUG - Writing stats to Firing DB table...
2022-01-19 18:31:05,310 - root - INFO - database writing complete1
2022-01-19 18:31:05,310 - root - INFO - RunState end: Ramp
2022-01-19 18:31:05,826 - root - DEBUG - Entering PID update with parameters SetPoint:1104.69, ProcValue:1104.41, IMax:100.00, IMin:0.00,
2022-01-19 18:31:05,826 - root - DEBUG -   Window:30, Kp: 30.000, Ki: 1.000, Kd: 0.600
2022-01-19 18:31:05,826 - root - DEBUG - Exiting PID update with parameters Error:0.29, ITerm:100.00, DInput:1.37, Output:100.00
2022-01-19 18:31:05,827 - root - DEBUG - RunID 58, Segment 1 (loop 698) - RunState:Ramp,
                       ReadTmp:1104.41, RampTmp:1104.69, TargetTmp:1185.00,
                       Output:100.00, CycleOnSec:30.00, RemainTime:-1:59:56
                    
2022-01-19 18:31:05,827 - root - DEBUG - ==>Relay On
2022-01-19 18:31:35,858 - root - DEBUG - Writing stats to Firing DB table...
2022-01-19 18:31:35,878 - root - INFO - database writing complete1
2022-01-19 18:31:35,879 - root - INFO - RunState end: Ramp
2022-01-19 18:31:36,394 - root - DEBUG - Entering PID update with parameters SetPoint:1106.11, ProcValue:1105.94, IMax:100.00, IMin:0.00,
2022-01-19 18:31:36,394 - root - DEBUG -   Window:30, Kp: 30.000, Ki: 1.000, Kd: 0.600
2022-01-19 18:31:36,395 - root - DEBUG - Exiting PID update with parameters Error:0.17, ITerm:100.00, DInput:1.53, Output:100.00
2022-01-19 18:31:36,395 - root - DEBUG - RunID 58, Segment 1 (loop 699) - RunState:Ramp,
                       ReadTmp:1105.94, RampTmp:1106.11, TargetTmp:1185.00,
                       Output:100.00, CycleOnSec:30.00, RemainTime:-1:59:25
                    
2022-01-19 18:31:36,395 - root - DEBUG - ==>Relay On
2022-01-19 18:32:06,427 - root - DEBUG - Writing stats to Firing DB table...
2022-01-19 18:32:06,441 - root - INFO - database writing complete1
2022-01-19 18:32:06,442 - root - INFO - RunState end: Ramp
2022-01-19 18:32:06,957 - root - DEBUG - Entering PID update with parameters SetPoint:1107.53, ProcValue:1107.23, IMax:100.00, IMin:0.00,
2022-01-19 18:32:06,958 - root - DEBUG -   Window:30, Kp: 30.000, Ki: 1.000, Kd: 0.600
2022-01-19 18:32:06,958 - root - DEBUG - Exiting PID update with parameters Error:0.29, ITerm:100.00, DInput:1.30, Output:100.00
2022-01-19 18:32:06,958 - root - DEBUG - RunID 58, Segment 1 (loop 700) - RunState:Ramp,
                       ReadTmp:1107.23, RampTmp:1107.53, TargetTmp:1185.00,
                       Output:100.00, CycleOnSec:30.00, RemainTime:-1:58:55
                    
2022-01-19 18:32:06,959 - root - DEBUG - ==>Relay On
2022-01-19 18:32:36,991 - root - DEBUG - Writing stats to Firing DB table...
2022-01-19 18:32:37,006 - root - INFO - database writing complete1
2022-01-19 18:32:37,007 - root - INFO - RunState end: Ramp
2022-01-19 18:32:37,524 - root - DEBUG - Entering PID update with parameters SetPoint:1108.94, ProcValue:1108.77, IMax:100.00, IMin:0.00,
2022-01-19 18:32:37,524 - root - DEBUG -   Window:30, Kp: 30.000, Ki: 1.000, Kd: 0.600
2022-01-19 18:32:37,525 - root - DEBUG - Exiting PID update with parameters Error:0.18, ITerm:100.00, DInput:1.53, Output:100.00
2022-01-19 18:32:37,525 - root - DEBUG - RunID 58, Segment 1 (loop 701) - RunState:Ramp,
                       ReadTmp:1108.77, RampTmp:1108.94, TargetTmp:1185.00,
                       Output:100.00, CycleOnSec:30.00, RemainTime:-1:58:24
                    
2022-01-19 18:32:37,525 - root - DEBUG - ==>Relay On
2022-01-19 18:33:07,557 - root - DEBUG - Writing stats to Firing DB table...
2022-01-19 18:33:07,573 - root - INFO - database writing complete1
2022-01-19 18:33:07,573 - root - INFO - RunState end: Ramp
2022-01-19 18:33:08,090 - root - DEBUG - Entering PID update with parameters SetPoint:1110.36, ProcValue:1109.98, IMax:100.00, IMin:0.00,
2022-01-19 18:33:08,090 - root - DEBUG -   Window:30, Kp: 30.000, Ki: 1.000, Kd: 0.600
2022-01-19 18:33:08,091 - root - DEBUG - Exiting PID update with parameters Error:0.37, ITerm:100.00, DInput:1.22, Output:100.00
2022-01-19 18:33:08,091 - root - DEBUG - RunID 58, Segment 1 (loop 702) - RunState:Ramp,
                       ReadTmp:1109.98, RampTmp:1110.36, TargetTmp:1185.00,
                       Output:100.00, CycleOnSec:30.00, RemainTime:-1:57:53
                    
2022-01-19 18:33:08,091 - root - DEBUG - ==>Relay On
2022-01-19 18:33:38,122 - root - DEBUG - Writing stats to Firing DB table...
2022-01-19 18:33:38,137 - root - INFO - database writing complete1
2022-01-19 18:33:38,138 - root - INFO - RunState end: Ramp
2022-01-19 18:33:38,653 - root - DEBUG - Entering PID update with parameters SetPoint:1111.78, ProcValue:1111.48, IMax:100.00, IMin:0.00,
2022-01-19 18:33:38,654 - root - DEBUG -   Window:30, Kp: 30.000, Ki: 1.000, Kd: 0.600
2022-01-19 18:33:38,654 - root - DEBUG - Exiting PID update with parameters Error:0.30, ITerm:100.00, DInput:1.49, Output:100.00
2022-01-19 18:33:38,654 - root - DEBUG - RunID 58, Segment 1 (loop 703) - RunState:Ramp,
                       ReadTmp:1111.48, RampTmp:1111.78, TargetTmp:1185.00,
                       Output:100.00, CycleOnSec:30.00, RemainTime:-1:57:23
                    
2022-01-19 18:33:38,655 - root - DEBUG - ==>Relay On
2022-01-19 18:34:08,686 - root - DEBUG - Writing stats to Firing DB table...
2022-01-19 18:34:08,705 - root - INFO - database writing complete1
2022-01-19 18:34:08,706 - root - INFO - RunState end: Ramp
2022-01-19 18:34:09,221 - root - DEBUG - Entering PID update with parameters SetPoint:1113.19, ProcValue:1112.75, IMax:100.00, IMin:0.00,
2022-01-19 18:34:09,221 - root - DEBUG -   Window:30, Kp: 30.000, Ki: 1.000, Kd: 0.600
2022-01-19 18:34:09,221 - root - DEBUG - Exiting PID update with parameters Error:0.44, ITerm:100.00, DInput:1.27, Output:100.00
2022-01-19 18:34:09,222 - root - DEBUG - RunID 58, Segment 1 (loop 704) - RunState:Ramp,
                       ReadTmp:1112.75, RampTmp:1113.19, TargetTmp:1185.00,
                       Output:100.00, CycleOnSec:30.00, RemainTime:-1:56:52
                    
2022-01-19 18:34:09,222 - root - DEBUG - ==>Relay On
2022-01-19 18:34:39,244 - root - DEBUG - Writing stats to Firing DB table...
2022-01-19 18:34:39,258 - root - INFO - database writing complete1
2022-01-19 18:34:39,259 - root - INFO - RunState end: Ramp
2022-01-19 18:34:39,766 - root - DEBUG - Entering PID update with parameters SetPoint:1114.61, ProcValue:1114.10, IMax:100.00, IMin:0.00,
2022-01-19 18:34:39,767 - root - DEBUG -   Window:30, Kp: 30.000, Ki: 1.000, Kd: 0.600
2022-01-19 18:34:39,767 - root - DEBUG - Exiting PID update with parameters Error:0.51, ITerm:100.00, DInput:1.35, Output:100.00
2022-01-19 18:34:39,767 - root - DEBUG - RunID 58, Segment 1 (loop 705) - RunState:Ramp,
                       ReadTmp:1114.10, RampTmp:1114.61, TargetTmp:1185.00,
                       Output:100.00, CycleOnSec:30.00, RemainTime:-1:56:22
                    
2022-01-19 18:34:39,767 - root - DEBUG - ==>Relay On
2022-01-19 18:35:09,798 - root - DEBUG - Writing stats to Firing DB table...
2022-01-19 18:35:09,815 - root - INFO - database writing complete1
2022-01-19 18:35:09,815 - root - WARNING - Profile no longer in running state - exiting firing
2022-01-19 18:35:09,815 - root - INFO - RunState end: Stopped
2022-01-19 18:35:09,815 - root - DEBUG - Update run id 58,
                                   segment 1 end time to 2022-01-19 18:35:09
                                
2022-01-19 18:35:09,816 - root - DEBUG - Update run id 58,
                                   segment 1 end time to 2022-01-19 18:35:09
                                
2022-01-19 18:35:09,816 - root - INFO - Segment 1 Complete
2022-01-19 18:35:09,829 - root - INFO - SegCompStat 1
2022-01-19 18:35:09,830 - root - INFO - segment is 2 start time is None endtime is None
2022-01-19 18:35:10,554 - root - INFO - Entering Fire function with parameters RunID:58, Seg:2,
              TargetTmp:1285, Rate:60, HoldMin:0, Window:10
           
2022-01-19 18:35:11,328 - root - INFO - First pass of firing loop - TargetTmp:1285.00,
                          StartTmp:1115.40,RampTmp:1115.57, TmpDif:169.60,
                          RampMin:169.60, Steps:1017, StepTmp:0.17,
                          Window:10, StartSec:1642638911, EndSec:1642649087
                       
2022-01-19 18:35:11,328 - root - DEBUG - Entering PID update with parameters SetPoint:1115.57, ProcValue:1115.40, IMax:100.00, IMin:0.00,
2022-01-19 18:35:11,329 - root - DEBUG -   Window:10, Kp: 30.000, Ki: 1.000, Kd: 0.600
2022-01-19 18:35:11,329 - root - DEBUG - Exiting PID update with parameters Error:0.17, ITerm:100.00, DInput:1.30, Output:100.00
2022-01-19 18:35:11,329 - root - DEBUG - RunID 58, Segment 2 (loop 1) - RunState:Ramp,
                       ReadTmp:1115.40, RampTmp:1115.57, TargetTmp:1285.00,
                       Output:100.00, CycleOnSec:10.00, RemainTime:2:49:36
                    
2022-01-19 18:35:11,330 - root - DEBUG - ==>Relay On
2022-01-19 18:35:21,341 - root - DEBUG - Writing stats to Firing DB table...
2022-01-19 18:35:21,362 - root - INFO - database writing complete1
2022-01-19 18:35:21,363 - root - WARNING - Profile no longer in running state - exiting firing
2022-01-19 18:35:21,363 - root - INFO - RunState end: Stopped
2022-01-19 18:35:21,363 - root - DEBUG - Update run id 58,
                                   segment 2 end time to 2022-01-19 18:35:21
                                
2022-01-19 18:35:21,363 - root - DEBUG - Update run id 58,
                                   segment 2 end time to 2022-01-19 18:35:21
                                
2022-01-19 18:35:21,363 - root - INFO - Segment 2 Complete
2022-01-19 18:35:21,372 - root - INFO - SegCompStat 1
2022-01-19 18:35:21,373 - root - INFO - Polling for 'Running' firing profiles...
